{
  "type": "FeatureCollection",
  "features": [
    {
      "type": "Feature",
      "geometry": {
        "type": "LineString",
        "coordinates": [
          [
            40.24543565,
            44.21589734
          ],
          [
            40.24543466,
            44.21589502
          ],
          [
            40.24543333,
            44.21589436
          ],
          [
            40.24543101,
            44.2158937
          ],
          [
            40.245433,
            44.21589137
          ],
          [
            40.245435,
            44.21588938
          ],
          [
            40.24543799,
            44.21588938
          ],
          [
            40.24543965,
            44.21588971
          ],
          [
            40.24543733,
            44.21589137
          ],
          [
            40.24543667,
            44.21589004
          ],
          [
            40.24543435,
            44.21589103
          ],
          [
            40.24543302,
            44.21589103
          ],
          [
            40.24543103,
            44.21589235
          ],
          [
            40.24543269,
            44.21589334
          ],
          [
            40.24543435,
            44.215894
          ],
          [
            40.24543567,
            44.21589566
          ],
          [
            40.24543532,
            44.21589566
          ],
          [
            40.245434,
            44.21589367
          ],
          [
            40.24543003,
            44.215894
          ],
          [
            40.2454287,
            44.21589433
          ],
          [
            40.24542176,
            44.21589335
          ],
          [
            40.24542376,
            44.21589236
          ],
          [
            40.24542675,
            44.21589136
          ],
          [
            40.24542808,
            44.21589004
          ],
          [
            40.24542741,
            44.21588606
          ],
          [
            40.2454294,
            44.21588606
          ],
          [
            40.24543436,
            44.21588375
          ],
          [
            40.24543569,
            44.21588408
          ],
          [
            40.24543603,
            44.21588573
          ],
          [
            40.2454357,
            44.2158864
          ],
          [
            40.2454357,
            44.21588872
          ],
          [
            40.2454337,
            44.21588905
          ],
          [
            40.24543137,
            44.21588938
          ],
          [
            40.24542805,
            44.21588806
          ],
          [
            40.24542606,
            44.21588575
          ],
          [
            40.24542771,
            44.21588676
          ],
          [
            40.2454297,
            44.21588941
          ],
          [
            40.24542837,
            44.21588908
          ],
          [
            40.24542437,
            44.21588775
          ],
          [
            40.24541704,
            44.21588676
          ],
          [
            40.24540804,
            44.21588476
          ],
          [
            40.24539871,
            44.21588276
          ],
          [
            40.24538871,
            44.21588076
          ],
          [
            40.24537838,
            44.21587977
          ],
          [
            40.24536772,
            44.21587911
          ],
          [
            40.24535639,
            44.21587845
          ],
          [
            40.24534573,
            44.21587845
          ],
          [
            40.24533807,
            44.21587978
          ],
          [
            40.24533274,
            44.21587978
          ],
          [
            40.24532908,
            44.21587845
          ],
          [
            40.24532609,
            44.21587645
          ],
          [
            40.24532276,
            44.21587445
          ],
          [
            40.24532043,
            44.21587245
          ],
          [
            40.24531411,
            44.2158678
          ],
          [
            40.24530782,
            44.21586317
          ],
          [
            40.24530582,
            44.21586317
          ],
          [
            40.24530317,
            44.21586449
          ],
          [
            40.24530184,
            44.21586449
          ],
          [
            40.24529918,
            44.21586482
          ],
          [
            40.24529653,
            44.21586416
          ],
          [
            40.2452952,
            44.21586548
          ],
          [
            40.24529387,
            44.21586581
          ],
          [
            40.24528954,
            44.21586482
          ],
          [
            40.24528288,
            44.21586282
          ],
          [
            40.24527389,
            44.21586049
          ],
          [
            40.24526356,
            44.21585816
          ],
          [
            40.24525356,
            44.21585683
          ],
          [
            40.2452429,
            44.21585584
          ],
          [
            40.2452329,
            44.21585551
          ],
          [
            40.24522424,
            44.21585518
          ],
          [
            40.24521591,
            44.21585385
          ],
          [
            40.24520758,
            44.21585219
          ],
          [
            40.24519859,
            44.21585086
          ],
          [
            40.24518926,
            44.21584886
          ],
          [
            40.2451786,
            44.21584787
          ],
          [
            40.2451686,
            44.21584621
          ],
          [
            40.24515794,
            44.21584488
          ],
          [
            40.24514828,
            44.21584355
          ],
          [
            40.24513828,
            44.21584222
          ],
          [
            40.24512829,
            44.21583989
          ],
          [
            40.24511696,
            44.21583789
          ],
          [
            40.24510563,
            44.21583623
          ],
          [
            40.2450933,
            44.21583357
          ],
          [
            40.24508131,
            44.21583224
          ],
          [
            40.24506898,
            44.21583191
          ],
          [
            40.24505598,
            44.21583125
          ],
          [
            40.24504432,
            44.21583059
          ],
          [
            40.24503066,
            44.21583059
          ],
          [
            40.24501767,
            44.21582826
          ],
          [
            40.24500334,
            44.2158256
          ],
          [
            40.24498735,
            44.21582261
          ],
          [
            40.24497302,
            44.21581962
          ],
          [
            40.24495902,
            44.21581629
          ],
          [
            40.24494536,
            44.21581396
          ],
          [
            40.2449327,
            44.2158123
          ],
          [
            40.24491971,
            44.21581097
          ],
          [
            40.24490605,
            44.21580931
          ],
          [
            40.24489239,
            44.21580765
          ],
          [
            40.24487873,
            44.21580599
          ],
          [
            40.2448654,
            44.21580566
          ],
          [
            40.24485174,
            44.21580466
          ],
          [
            40.24483774,
            44.215804
          ],
          [
            40.24482541,
            44.21580234
          ],
          [
            40.24481342,
            44.21580101
          ],
          [
            40.24480076,
            44.21579901
          ],
          [
            40.24478843,
            44.21579967
          ],
          [
            40.24477777,
            44.21579834
          ],
          [
            40.24476677,
            44.21579701
          ],
          [
            40.24475544,
            44.21579501
          ],
          [
            40.24474411,
            44.21579301
          ],
          [
            40.24473311,
            44.21579101
          ],
          [
            40.24472345,
            44.21578868
          ],
          [
            40.24471412,
            44.21578735
          ],
          [
            40.24470579,
            44.21578569
          ],
          [
            40.24469713,
            44.21578469
          ],
          [
            40.2446878,
            44.2157837
          ],
          [
            40.24467781,
            44.21578204
          ],
          [
            40.24466748,
            44.21578071
          ],
          [
            40.24465748,
            44.21577905
          ],
          [
            40.24464582,
            44.21577606
          ],
          [
            40.24463416,
            44.21577307
          ],
          [
            40.24462283,
            44.21577107
          ],
          [
            40.2446105,
            44.21577074
          ],
          [
            40.2446005,
            44.21576975
          ],
          [
            40.24459151,
            44.21576909
          ],
          [
            40.24458385,
            44.21576975
          ],
          [
            40.24457719,
            44.21577041
          ],
          [
            40.24457053,
            44.21577074
          ],
          [
            40.24456453,
            44.21577274
          ],
          [
            40.2445602,
            44.2157744
          ],
          [
            40.24455487,
            44.21577739
          ],
          [
            40.24454888,
            44.21578038
          ],
          [
            40.24454222,
            44.21578371
          ],
          [
            40.24453622,
            44.21578704
          ],
          [
            40.24453123,
            44.21579003
          ],
          [
            40.2445269,
            44.21579403
          ],
          [
            40.24452291,
            44.21579769
          ],
          [
            40.24451858,
            44.21580068
          ],
          [
            40.24451459,
            44.21580434
          ],
          [
            40.24450893,
            44.21580867
          ],
          [
            40.24450327,
            44.21581266
          ],
          [
            40.24449627,
            44.21581565
          ],
          [
            40.24448794,
            44.21581931
          ],
          [
            40.24447761,
            44.21582097
          ],
          [
            40.24446595,
            44.21582263
          ],
          [
            40.24445429,
            44.21582296
          ],
          [
            40.24444496,
            44.2158223
          ],
          [
            40.24443763,
            44.21582329
          ],
          [
            40.24443064,
            44.21582263
          ],
          [
            40.24442331,
            44.21582097
          ],
          [
            40.24441498,
            44.21581864
          ],
          [
            40.24440432,
            44.21581665
          ],
          [
            40.24439399,
            44.21581399
          ],
          [
            40.24438399,
            44.21581166
          ],
          [
            40.24437333,
            44.21580966
          ],
          [
            40.244362,
            44.215808
          ],
          [
            40.24435134,
            44.215806
          ],
          [
            40.24434101,
            44.21580367
          ],
          [
            40.24433001,
            44.21580068
          ],
          [
            40.24431835,
            44.21579802
          ],
          [
            40.24430636,
            44.21579403
          ],
          [
            40.2442947,
            44.2157897
          ],
          [
            40.24428304,
            44.21578537
          ],
          [
            40.24427138,
            44.21578138
          ],
          [
            40.24426038,
            44.21577605
          ],
          [
            40.24425039,
            44.21577105
          ],
          [
            40.24424039,
            44.21576739
          ],
          [
            40.2442304,
            44.2157644
          ],
          [
            40.24421907,
            44.21576074
          ],
          [
            40.24420774,
            44.21575708
          ],
          [
            40.24419541,
            44.21575442
          ],
          [
            40.24418342,
            44.21575209
          ],
          [
            40.24417276,
            44.21575143
          ],
          [
            40.2441651,
            44.21575209
          ],
          [
            40.24415744,
            44.21575275
          ],
          [
            40.24414811,
            44.21575308
          ],
          [
            40.24413778,
            44.21575341
          ],
          [
            40.24412678,
            44.21575275
          ],
          [
            40.24411479,
            44.21575109
          ],
          [
            40.24410113,
            44.2157481
          ],
          [
            40.2440868,
            44.21574544
          ],
          [
            40.2440728,
            44.21574278
          ],
          [
            40.24406114,
            44.21574112
          ],
          [
            40.24404981,
            44.21573946
          ],
          [
            40.24403848,
            44.2157378
          ],
          [
            40.24402715,
            44.21573614
          ],
          [
            40.24401516,
            44.21573381
          ],
          [
            40.2440035,
            44.21573248
          ],
          [
            40.24399151,
            44.21573082
          ],
          [
            40.24397918,
            44.21572916
          ],
          [
            40.24396652,
            44.2157275
          ],
          [
            40.24395352,
            44.21572617
          ],
          [
            40.24394119,
            44.21572518
          ],
          [
            40.24392886,
            44.21572385
          ],
          [
            40.24391753,
            44.21572319
          ],
          [
            40.2439062,
            44.21572186
          ],
          [
            40.2438952,
            44.21572053
          ],
          [
            40.24388421,
            44.2157192
          ],
          [
            40.24387355,
            44.21571687
          ],
          [
            40.24386222,
            44.21571421
          ],
          [
            40.24385022,
            44.21571221
          ],
          [
            40.24383756,
            44.21571022
          ],
          [
            40.24382557,
            44.21570822
          ],
          [
            40.24381357,
            44.21570622
          ],
          [
            40.24380191,
            44.21570323
          ],
          [
            40.24378925,
            44.21570123
          ],
          [
            40.24377726,
            44.21569957
          ],
          [
            40.2437646,
            44.21569791
          ],
          [
            40.2437516,
            44.21569625
          ],
          [
            40.24373794,
            44.21569459
          ],
          [
            40.24372361,
            44.2156936
          ],
          [
            40.24370962,
            44.21569294
          ],
          [
            40.24369629,
            44.21569194
          ],
          [
            40.24368396,
            44.21569061
          ],
          [
            40.2436713,
            44.21568828
          ],
          [
            40.24365864,
            44.21568562
          ],
          [
            40.24364531,
            44.21568429
          ],
          [
            40.24363231,
            44.21568263
          ],
          [
            40.24361898,
            44.2156813
          ],
          [
            40.24360632,
            44.21567864
          ],
          [
            40.24359433,
            44.21567598
          ],
          [
            40.24358233,
            44.21567565
          ],
          [
            40.24357034,
            44.21567499
          ],
          [
            40.24355901,
            44.215674
          ],
          [
            40.24354768,
            44.215672
          ],
          [
            40.24353569,
            44.21567067
          ],
          [
            40.24352303,
            44.21566701
          ],
          [
            40.24350937,
            44.21566435
          ],
          [
            40.24349671,
            44.21566236
          ],
          [
            40.24348371,
            44.21566036
          ],
          [
            40.24347038,
            44.21565903
          ],
          [
            40.24345772,
            44.2156567
          ],
          [
            40.24344573,
            44.21565437
          ],
          [
            40.24343307,
            44.21565204
          ],
          [
            40.24342074,
            44.21565004
          ],
          [
            40.24340808,
            44.21564771
          ],
          [
            40.24339642,
            44.21564605
          ],
          [
            40.24338542,
            44.21564439
          ],
          [
            40.24337509,
            44.21564306
          ],
          [
            40.24336443,
            44.2156424
          ],
          [
            40.24335577,
            44.21564174
          ],
          [
            40.24334711,
            44.21564141
          ],
          [
            40.24333711,
            44.21564274
          ],
          [
            40.24332812,
            44.21564241
          ],
          [
            40.24331779,
            44.21564175
          ],
          [
            40.24330713,
            44.21564076
          ],
          [
            40.24329647,
            44.2156391
          ],
          [
            40.24328847,
            44.21563777
          ],
          [
            40.24328081,
            44.21563744
          ],
          [
            40.24327415,
            44.21563711
          ],
          [
            40.24326816,
            44.21563711
          ],
          [
            40.24326183,
            44.21563711
          ],
          [
            40.24325484,
            44.21563645
          ],
          [
            40.24324918,
            44.21563546
          ],
          [
            40.24324385,
            44.21563346
          ],
          [
            40.24323885,
            44.21563147
          ],
          [
            40.24323385,
            44.21562914
          ],
          [
            40.24322919,
            44.21562648
          ],
          [
            40.24322519,
            44.21562349
          ],
          [
            40.24322086,
            44.21562083
          ],
          [
            40.24321686,
            44.21561883
          ],
          [
            40.2432132,
            44.21561683
          ],
          [
            40.24321021,
            44.2156145
          ],
          [
            40.24320722,
            44.21561151
          ],
          [
            40.24320356,
            44.21560918
          ],
          [
            40.24320023,
            44.21560518
          ],
          [
            40.24319657,
            44.21560119
          ],
          [
            40.24319191,
            44.21559853
          ],
          [
            40.24318692,
            44.2155952
          ],
          [
            40.24318059,
            44.21559187
          ],
          [
            40.2431746,
            44.21558921
          ],
          [
            40.24316927,
            44.21558721
          ],
          [
            40.24316461,
            44.21558521
          ],
          [
            40.24316261,
            44.21558355
          ],
          [
            40.24315995,
            44.21558089
          ],
          [
            40.24315696,
            44.21557823
          ],
          [
            40.24315463,
            44.21557557
          ],
          [
            40.2431533,
            44.21557357
          ],
          [
            40.24315297,
            44.21557191
          ],
          [
            40.2431533,
            44.21557058
          ],
          [
            40.24315463,
            44.21556925
          ],
          [
            40.24315562,
            44.21556693
          ],
          [
            40.24315529,
            44.21556263
          ],
          [
            40.24315363,
            44.21556329
          ],
          [
            40.24315064,
            44.2155623
          ],
          [
            40.24314664,
            44.21556164
          ],
          [
            40.24314198,
            44.21556064
          ],
          [
            40.24313732,
            44.21555998
          ],
          [
            40.24313299,
            44.21556131
          ],
          [
            40.24312833,
            44.2155633
          ],
          [
            40.243124,
            44.2155633
          ],
          [
            40.24311934,
            44.21556297
          ],
          [
            40.24311534,
            44.2155633
          ],
          [
            40.24311168,
            44.2155643
          ],
          [
            40.24310768,
            44.21556496
          ],
          [
            40.24310435,
            44.21556529
          ],
          [
            40.24310302,
            44.21556695
          ],
          [
            40.24310169,
            44.21556761
          ],
          [
            40.24309903,
            44.21556926
          ],
          [
            40.24309704,
            44.21557058
          ],
          [
            40.24309737,
            44.21557291
          ],
          [
            40.24309969,
            44.21557125
          ],
          [
            40.24310168,
            44.21556993
          ],
          [
            40.24310201,
            44.21556827
          ],
          [
            40.24310168,
            44.21556594
          ],
          [
            40.24310002,
            44.21556428
          ],
          [
            40.24309769,
            44.21556328
          ],
          [
            40.24309569,
            44.21556428
          ],
          [
            40.24309136,
            44.21556627
          ],
          [
            40.24308636,
            44.2155686
          ],
          [
            40.2430817,
            44.21557193
          ],
          [
            40.24307604,
            44.21557459
          ],
          [
            40.24307205,
            44.21557859
          ],
          [
            40.24306839,
            44.21558125
          ],
          [
            40.24306273,
            44.21558558
          ],
          [
            40.24305674,
            44.21559024
          ],
          [
            40.24305341,
            44.2155939
          ],
          [
            40.24305042,
            44.21559656
          ],
          [
            40.24304743,
            44.21559955
          ],
          [
            40.24304444,
            44.21560121
          ],
          [
            40.24303911,
            44.21560154
          ],
          [
            40.24303378,
            44.21560253
          ],
          [
            40.24302945,
            44.21560519
          ],
          [
            40.24302479,
            44.21560818
          ],
          [
            40.24302146,
            44.21560984
          ],
          [
            40.2430178,
            44.21561083
          ],
          [
            40.24301348,
            44.21561381
          ],
          [
            40.24301282,
            44.21561581
          ],
          [
            40.24300983,
            44.2156188
          ],
          [
            40.2430075,
            44.2156208
          ],
          [
            40.24300617,
            44.21562346
          ],
          [
            40.24300418,
            44.21562712
          ],
          [
            40.24300252,
            44.21562978
          ],
          [
            40.24299986,
            44.21563211
          ],
          [
            40.2429972,
            44.21563411
          ],
          [
            40.24299487,
            44.2156361
          ],
          [
            40.24299221,
            44.21563776
          ],
          [
            40.24298988,
            44.21564009
          ],
          [
            40.24298622,
            44.21564208
          ],
          [
            40.24298356,
            44.21564408
          ],
          [
            40.24298223,
            44.21564608
          ],
          [
            40.24297924,
            44.21564707
          ],
          [
            40.24297591,
            44.2156484
          ],
          [
            40.24297058,
            44.21565039
          ],
          [
            40.24296558,
            44.21565305
          ],
          [
            40.24296325,
            44.21565471
          ],
          [
            40.2429596,
            44.21565438
          ],
          [
            40.24295694,
            44.21565372
          ],
          [
            40.24295328,
            44.21565372
          ],
          [
            40.24294828,
            44.21565638
          ],
          [
            40.24294428,
            44.21565804
          ],
          [
            40.24294129,
            44.2156597
          ],
          [
            40.2429373,
            44.21566136
          ],
          [
            40.2429323,
            44.21566236
          ],
          [
            40.24292531,
            44.21566402
          ],
          [
            40.24291898,
            44.21566602
          ],
          [
            40.24291332,
            44.21566635
          ],
          [
            40.24290866,
            44.21566668
          ],
          [
            40.24290433,
            44.21566734
          ],
          [
            40.2429,
            44.21566867
          ],
          [
            40.242896,
            44.21567
          ],
          [
            40.24289001,
            44.21567166
          ],
          [
            40.24288602,
            44.21567299
          ],
          [
            40.24288169,
            44.21567532
          ],
          [
            40.24287736,
            44.21567732
          ],
          [
            40.2428737,
            44.21567865
          ],
          [
            40.2428687,
            44.21567998
          ],
          [
            40.24286404,
            44.21568198
          ],
          [
            40.24285971,
            44.21568331
          ],
          [
            40.24285505,
            44.21568531
          ],
          [
            40.24285072,
            44.21568731
          ],
          [
            40.24284572,
            44.2156893
          ],
          [
            40.24284139,
            44.21569096
          ],
          [
            40.24283806,
            44.21569296
          ],
          [
            40.24283406,
            44.21569429
          ],
          [
            40.2428304,
            44.21569528
          ],
          [
            40.24282674,
            44.21569661
          ],
          [
            40.24282341,
            44.21569727
          ],
          [
            40.24281908,
            44.2156976
          ],
          [
            40.24281675,
            44.21569893
          ],
          [
            40.24281475,
            44.21569959
          ],
          [
            40.24281275,
            44.21570058
          ],
          [
            40.24281175,
            44.21570191
          ],
          [
            40.24281175,
            44.21570324
          ],
          [
            40.24281175,
            44.21570524
          ],
          [
            40.24281042,
            44.21570724
          ],
          [
            40.24281009,
            44.21570857
          ],
          [
            40.24281009,
            44.2157099
          ],
          [
            40.24281009,
            44.21571189
          ],
          [
            40.24280943,
            44.21571322
          ],
          [
            40.2428081,
            44.21571555
          ],
          [
            40.24280677,
            44.21571688
          ],
          [
            40.24280611,
            44.21571821
          ],
          [
            40.24280411,
            44.21571954
          ],
          [
            40.24280178,
            44.21571987
          ],
          [
            40.24279978,
            44.21571921
          ],
          [
            40.24279778,
            44.21571921
          ],
          [
            40.24279612,
            44.21571755
          ],
          [
            40.24279279,
            44.21571755
          ],
          [
            40.24279046,
            44.21571788
          ],
          [
            40.24278813,
            44.21571888
          ],
          [
            40.2427868,
            44.21572087
          ],
          [
            40.24278614,
            44.2157232
          ],
          [
            40.24278581,
            44.2157252
          ],
          [
            40.24278548,
            44.21572786
          ],
          [
            40.24278515,
            44.21573019
          ],
          [
            40.24278449,
            44.21573219
          ],
          [
            40.24278416,
            44.21573352
          ],
          [
            40.24278317,
            44.21573485
          ],
          [
            40.24278051,
            44.21573651
          ],
          [
            40.24277818,
            44.21573717
          ],
          [
            40.24277685,
            44.21573917
          ],
          [
            40.24277552,
            44.21574083
          ],
          [
            40.24277519,
            44.21574216
          ],
          [
            40.24277519,
            44.21574349
          ],
          [
            40.2427742,
            44.21574482
          ],
          [
            40.2427732,
            44.21574715
          ],
          [
            40.24277187,
            44.21574981
          ],
          [
            40.24276788,
            44.21575314
          ],
          [
            40.24276388,
            44.21575747
          ],
          [
            40.24275989,
            44.21576113
          ],
          [
            40.24275589,
            44.21576479
          ],
          [
            40.24275223,
            44.21576845
          ],
          [
            40.24274723,
            44.21577245
          ],
          [
            40.24274157,
            44.21577611
          ],
          [
            40.24273558,
            44.21577977
          ],
          [
            40.24272892,
            44.2157831
          ],
          [
            40.24272192,
            44.21578676
          ],
          [
            40.24271526,
            44.21579075
          ],
          [
            40.24270693,
            44.21579575
          ],
          [
            40.24269993,
            44.21580141
          ],
          [
            40.2426926,
            44.21580541
          ],
          [
            40.24268494,
            44.2158094
          ],
          [
            40.24267895,
            44.2158144
          ],
          [
            40.24267029,
            44.21582073
          ],
          [
            40.24266229,
            44.21582706
          ],
          [
            40.24265463,
            44.21583372
          ],
          [
            40.24264764,
            44.21583971
          ],
          [
            40.24264165,
            44.21584504
          ],
          [
            40.24263765,
            44.21584837
          ],
          [
            40.24263466,
            44.21585103
          ],
          [
            40.24263367,
            44.21585402
          ],
          [
            40.24263201,
            44.21585601
          ],
          [
            40.24263068,
            44.215857
          ],
          [
            40.24263167,
            44.21585866
          ],
          [
            40.24263633,
            44.21586132
          ],
          [
            40.24264199,
            44.21586465
          ],
          [
            40.24264598,
            44.21586764
          ],
          [
            40.24264764,
            44.21586997
          ],
          [
            40.24264964,
            44.21587196
          ],
          [
            40.2426533,
            44.21587262
          ],
          [
            40.24265463,
            44.21587295
          ],
          [
            40.24265695,
            44.21587328
          ],
          [
            40.24265861,
            44.21587262
          ],
          [
            40.2426563,
            44.21586997
          ],
          [
            40.24265497,
            44.21586997
          ],
          [
            40.24265298,
            44.21586997
          ],
          [
            40.24265198,
            44.21586997
          ],
          [
            40.24265131,
            44.21587063
          ],
          [
            40.24264998,
            44.21586997
          ],
          [
            40.24264766,
            44.21586997
          ],
          [
            40.24264633,
            44.21587063
          ],
          [
            40.24264799,
            44.21587096
          ],
          [
            40.24265031,
            44.21587294
          ],
          [
            40.2426523,
            44.21587327
          ],
          [
            40.24265463,
            44.21587261
          ],
          [
            40.24265729,
            44.21587228
          ],
          [
            40.24266062,
            44.21587129
          ],
          [
            40.24266361,
            44.21587063
          ],
          [
            40.24266627,
            44.21586997
          ],
          [
            40.24266827,
            44.21586864
          ],
          [
            40.2426696,
            44.21586765
          ],
          [
            40.24267126,
            44.21586732
          ],
          [
            40.24267292,
            44.21586699
          ],
          [
            40.24267126,
            44.21586699
          ],
          [
            40.24266993,
            44.21586566
          ],
          [
            40.24267126,
            44.21586267
          ],
          [
            40.24267425,
            44.21585901
          ],
          [
            40.24267925,
            44.21585335
          ],
          [
            40.24268491,
            44.21584669
          ],
          [
            40.24268957,
            44.2158407
          ],
          [
            40.2426939,
            44.21583371
          ],
          [
            40.2426949,
            44.21582838
          ],
          [
            40.24269623,
            44.21582505
          ],
          [
            40.24269722,
            44.21582239
          ],
          [
            40.24269888,
            44.21582006
          ],
          [
            40.24270054,
            44.21581873
          ],
          [
            40.24270153,
            44.21581674
          ],
          [
            40.24270219,
            44.21581408
          ],
          [
            40.24270385,
            44.21581175
          ],
          [
            40.24270851,
            44.21580975
          ],
          [
            40.24271384,
            44.21580609
          ],
          [
            40.24272084,
            44.21580109
          ],
          [
            40.24272983,
            44.21579676
          ],
          [
            40.24273849,
            44.21579143
          ],
          [
            40.24274715,
            44.2157861
          ],
          [
            40.24275681,
            44.21578311
          ],
          [
            40.2427668,
            44.21578012
          ],
          [
            40.2427748,
            44.21577746
          ],
          [
            40.24278146,
            44.21577646
          ],
          [
            40.24278746,
            44.21577613
          ],
          [
            40.24279379,
            44.21577314
          ],
          [
            40.24279612,
            44.21576781
          ],
          [
            40.24279878,
            44.21576415
          ],
          [
            40.24279977,
            44.21576249
          ],
          [
            40.24280243,
            44.21576016
          ],
          [
            40.24280542,
            44.21575817
          ],
          [
            40.24280641,
            44.21575651
          ],
          [
            40.24280841,
            44.21575585
          ],
          [
            40.24280974,
            44.21575585
          ],
          [
            40.24281107,
            44.21575486
          ],
          [
            40.24280907,
            44.21575353
          ],
          [
            40.24280541,
            44.21575287
          ],
          [
            40.24280108,
            44.21575254
          ],
          [
            40.24279342,
            44.21575353
          ],
          [
            40.24278609,
            44.21575619
          ],
          [
            40.24277743,
            44.21575918
          ],
          [
            40.24276844,
            44.21576351
          ],
          [
            40.24276044,
            44.21577017
          ],
          [
            40.24275011,
            44.21577817
          ],
          [
            40.24273945,
            44.2157855
          ],
          [
            40.24272746,
            44.21579483
          ],
          [
            40.24271646,
            44.21580516
          ],
          [
            40.2427058,
            44.21581382
          ],
          [
            40.24269547,
            44.21582181
          ],
          [
            40.24268648,
            44.21582914
          ],
          [
            40.24267982,
            44.2158368
          ],
          [
            40.24267583,
            44.21584346
          ],
          [
            40.24267484,
            44.21585012
          ],
          [
            40.24267418,
            44.21585545
          ],
          [
            40.24267319,
            44.21585811
          ],
          [
            40.24267186,
            44.21586011
          ],
          [
            40.24266987,
            44.2158611
          ],
          [
            40.24266689,
            44.21586044
          ],
          [
            40.24266456,
            44.21586044
          ],
          [
            40.2426629,
            44.21585945
          ],
          [
            40.24265991,
            44.21585879
          ],
          [
            40.24266157,
            44.21585316
          ],
          [
            40.24265958,
            44.21585283
          ],
          [
            40.24266057,
            44.21585316
          ],
          [
            40.24265991,
            44.2158525
          ],
          [
            40.24265593,
            44.21585151
          ],
          [
            40.24265394,
            44.2158525
          ],
          [
            40.2426546,
            44.21585483
          ],
          [
            40.24265493,
            44.21585616
          ],
          [
            40.24265427,
            44.21585782
          ],
          [
            40.24265163,
            44.21585981
          ],
          [
            40.242647,
            44.21585782
          ],
          [
            40.242643,
            44.21585948
          ],
          [
            40.24263634,
            44.21586181
          ],
          [
            40.24262868,
            44.21586447
          ],
          [
            40.24262002,
            44.21586746
          ],
          [
            40.24261002,
            44.21587045
          ],
          [
            40.24259869,
            44.21587444
          ],
          [
            40.24258803,
            44.2158781
          ],
          [
            40.24257737,
            44.21588243
          ],
          [
            40.24256771,
            44.21588676
          ],
          [
            40.24255805,
            44.21589142
          ],
          [
            40.24254705,
            44.21589642
          ],
          [
            40.24253506,
            44.21590108
          ],
          [
            40.24252307,
            44.21590607
          ],
          [
            40.24251207,
            44.2159104
          ],
          [
            40.24250207,
            44.21591506
          ],
          [
            40.24249241,
            44.21591972
          ],
          [
            40.24248141,
            44.21592338
          ],
          [
            40.24247041,
            44.21592671
          ],
          [
            40.24245975,
            44.21592937
          ],
          [
            40.24244842,
            44.2159337
          ],
          [
            40.24243709,
            44.21593636
          ],
          [
            40.24242643,
            44.21593935
          ],
          [
            40.24241543,
            44.21594301
          ],
          [
            40.24240477,
            44.21594901
          ],
          [
            40.24239744,
            44.215955
          ],
          [
            40.24239411,
            44.21595899
          ],
          [
            40.24239045,
            44.21596198
          ],
          [
            40.24238912,
            44.21596531
          ],
          [
            40.24239011,
            44.21596731
          ],
          [
            40.24238945,
            44.21596964
          ],
          [
            40.24238779,
            44.2159723
          ],
          [
            40.2423848,
            44.21597696
          ],
          [
            40.24237947,
            44.21598162
          ],
          [
            40.24237314,
            44.21598562
          ],
          [
            40.24236615,
            44.21598928
          ],
          [
            40.24235716,
            44.21599227
          ],
          [
            40.24234716,
            44.21599526
          ],
          [
            40.24233716,
            44.21599859
          ],
          [
            40.24232817,
            44.21600225
          ],
          [
            40.24231984,
            44.21600758
          ],
          [
            40.24231051,
            44.21601191
          ],
          [
            40.24229852,
            44.21601657
          ],
          [
            40.24228652,
            44.21602123
          ],
          [
            40.24227552,
            44.21602589
          ],
          [
            40.24226553,
            44.21603089
          ],
          [
            40.2422552,
            44.21603522
          ],
          [
            40.24224521,
            44.21603922
          ],
          [
            40.24223521,
            44.21604321
          ],
          [
            40.24222455,
            44.21604721
          ],
          [
            40.24221289,
            44.21605087
          ],
          [
            40.24220256,
            44.21605587
          ],
          [
            40.2421949,
            44.21606086
          ],
          [
            40.24218624,
            44.21606586
          ],
          [
            40.24217725,
            44.21606952
          ],
          [
            40.24216925,
            44.21607452
          ],
          [
            40.24216159,
            44.21607852
          ],
          [
            40.24215659,
            44.21608318
          ],
          [
            40.24215393,
            44.21608851
          ],
          [
            40.24215127,
            44.21609384
          ],
          [
            40.24214761,
            44.2160995
          ],
          [
            40.24214328,
            44.21610516
          ],
          [
            40.24213962,
            44.21611182
          ],
          [
            40.24213329,
            44.21612081
          ],
          [
            40.24212763,
            44.2161298
          ],
          [
            40.24212197,
            44.21613913
          ],
          [
            40.24211664,
            44.21614812
          ],
          [
            40.24211031,
            44.21615612
          ],
          [
            40.24210365,
            44.21616412
          ],
          [
            40.24209699,
            44.21617245
          ],
          [
            40.242091,
            44.21618144
          ],
          [
            40.24208634,
            44.2161901
          ],
          [
            40.24208035,
            44.21619743
          ],
          [
            40.24207436,
            44.21620509
          ],
          [
            40.24206903,
            44.21621309
          ],
          [
            40.2420627,
            44.21622042
          ],
          [
            40.24205737,
            44.21622742
          ],
          [
            40.24205404,
            44.21623575
          ],
          [
            40.24205105,
            44.21624341
          ],
          [
            40.24204872,
            44.21625141
          ],
          [
            40.24204606,
            44.21625874
          ],
          [
            40.24204307,
            44.21626573
          ],
          [
            40.24203941,
            44.21627339
          ],
          [
            40.24203641,
            44.21628139
          ],
          [
            40.24203342,
            44.21628738
          ],
          [
            40.24203143,
            44.21629238
          ],
          [
            40.2420291,
            44.21629804
          ],
          [
            40.24202644,
            44.21630403
          ],
          [
            40.24202345,
            44.21631036
          ],
          [
            40.24202012,
            44.21631536
          ],
          [
            40.24201579,
            44.21632202
          ],
          [
            40.24201246,
            44.21632902
          ],
          [
            40.24200913,
            44.21633668
          ],
          [
            40.24200647,
            44.21634434
          ],
          [
            40.24200381,
            44.216354
          ],
          [
            40.24200181,
            44.21636299
          ],
          [
            40.24199981,
            44.21637099
          ],
          [
            40.24199815,
            44.21637865
          ],
          [
            40.24199715,
            44.21638565
          ],
          [
            40.24199715,
            44.21639264
          ],
          [
            40.24199715,
            44.21639864
          ],
          [
            40.24199781,
            44.2164043
          ],
          [
            40.24199681,
            44.21641063
          ],
          [
            40.24199515,
            44.21641762
          ],
          [
            40.24199015,
            44.21642528
          ],
          [
            40.24198482,
            44.21643227
          ],
          [
            40.24198116,
            44.21643927
          ],
          [
            40.24197683,
            44.21644626
          ],
          [
            40.2419725,
            44.21645292
          ],
          [
            40.24196784,
            44.21646092
          ],
          [
            40.24196485,
            44.21646925
          ],
          [
            40.24196252,
            44.21647791
          ],
          [
            40.24196019,
            44.2164879
          ],
          [
            40.24195886,
            44.2164979
          ],
          [
            40.24195753,
            44.21650923
          ],
          [
            40.24195654,
            44.21651989
          ],
          [
            40.24195555,
            44.21652922
          ],
          [
            40.24195489,
            44.21653521
          ],
          [
            40.24195323,
            44.21653954
          ],
          [
            40.24195157,
            44.21654353
          ],
          [
            40.24194891,
            44.21654886
          ],
          [
            40.24194492,
            44.21655519
          ],
          [
            40.24194126,
            44.21656219
          ],
          [
            40.24193793,
            44.21656985
          ],
          [
            40.24193427,
            44.21657685
          ],
          [
            40.24193094,
            44.21658384
          ],
          [
            40.24192728,
            44.21659084
          ],
          [
            40.24192462,
            44.21659717
          ],
          [
            40.24192163,
            44.21660316
          ],
          [
            40.2419193,
            44.21660982
          ],
          [
            40.24191631,
            44.21661581
          ],
          [
            40.24191431,
            44.21662247
          ],
          [
            40.24191298,
            44.21662947
          ],
          [
            40.24191198,
            44.21663546
          ],
          [
            40.24191099,
            44.21664245
          ],
          [
            40.241908,
            44.21665011
          ],
          [
            40.24190467,
            44.21665777
          ],
          [
            40.24189967,
            44.2166651
          ],
          [
            40.24189334,
            44.21667176
          ],
          [
            40.24188634,
            44.21667809
          ],
          [
            40.24188001,
            44.21668508
          ],
          [
            40.24187435,
            44.21669308
          ],
          [
            40.24186902,
            44.21670174
          ],
          [
            40.24186436,
            44.2167094
          ],
          [
            40.24185903,
            44.2167174
          ],
          [
            40.24185304,
            44.2167254
          ],
          [
            40.24184605,
            44.21673373
          ],
          [
            40.24184006,
            44.21674173
          ],
          [
            40.24183373,
            44.21675106
          ],
          [
            40.2418284,
            44.21676039
          ],
          [
            40.24182474,
            44.21677072
          ],
          [
            40.24182341,
            44.21678071
          ],
          [
            40.24182241,
            44.21679171
          ],
          [
            40.24182241,
            44.21680204
          ],
          [
            40.24182307,
            44.21681237
          ],
          [
            40.24182473,
            44.21682337
          ],
          [
            40.24182606,
            44.21683303
          ],
          [
            40.24182672,
            44.21684236
          ],
          [
            40.24182805,
            44.21685269
          ],
          [
            40.24183171,
            44.21686202
          ],
          [
            40.24183604,
            44.21687101
          ],
          [
            40.2418427,
            44.21687967
          ],
          [
            40.24184869,
            44.216889
          ],
          [
            40.24185402,
            44.21689766
          ],
          [
            40.24185868,
            44.21690566
          ],
          [
            40.24186434,
            44.21691332
          ],
          [
            40.24187,
            44.21692032
          ],
          [
            40.241877,
            44.21692731
          ],
          [
            40.24188366,
            44.21693364
          ],
          [
            40.24189066,
            44.2169403
          ],
          [
            40.24189799,
            44.2169473
          ],
          [
            40.24190499,
            44.21695396
          ],
          [
            40.24191332,
            44.21696029
          ],
          [
            40.24192165,
            44.21696429
          ],
          [
            40.24192998,
            44.21696828
          ],
          [
            40.24193831,
            44.21697261
          ],
          [
            40.24194597,
            44.2169766
          ],
          [
            40.24195263,
            44.21697993
          ],
          [
            40.24195596,
            44.21698159
          ],
          [
            40.24195862,
            44.21698391
          ],
          [
            40.24196028,
            44.21698524
          ],
          [
            40.24196294,
            44.21698757
          ],
          [
            40.2419656,
            44.2169909
          ],
          [
            40.2419676,
            44.21699556
          ],
          [
            40.24197193,
            44.21700122
          ],
          [
            40.24197726,
            44.21700655
          ],
          [
            40.24198259,
            44.21701288
          ],
          [
            40.24198992,
            44.21701788
          ],
          [
            40.24199758,
            44.21702254
          ],
          [
            40.24200391,
            44.21702587
          ],
          [
            40.24201124,
            44.21702853
          ],
          [
            40.24201824,
            44.21703286
          ],
          [
            40.2420239,
            44.21703685
          ],
          [
            40.24203056,
            44.21704185
          ],
          [
            40.24203722,
            44.21704651
          ],
          [
            40.24204388,
            44.21705184
          ],
          [
            40.24205054,
            44.21705517
          ],
          [
            40.24205587,
            44.21705883
          ],
          [
            40.2420592,
            44.21706383
          ],
          [
            40.24206253,
            44.21706782
          ],
          [
            40.24206619,
            44.21707315
          ],
          [
            40.24207152,
            44.21707815
          ],
          [
            40.24207585,
            44.21708315
          ],
          [
            40.24208118,
            44.21708981
          ],
          [
            40.24208751,
            44.21709614
          ],
          [
            40.24209484,
            44.21710213
          ],
          [
            40.2421005,
            44.21710812
          ],
          [
            40.24210716,
            44.21711312
          ],
          [
            40.24211449,
            44.21711845
          ],
          [
            40.24212115,
            44.21712345
          ],
          [
            40.24212681,
            44.21712778
          ],
          [
            40.24213314,
            44.21713177
          ],
          [
            40.24213947,
            44.2171361
          ],
          [
            40.24214713,
            44.21714076
          ],
          [
            40.24215379,
            44.21714542
          ],
          [
            40.24216112,
            44.21714941
          ],
          [
            40.24216878,
            44.21715341
          ],
          [
            40.24217678,
            44.21715774
          ],
          [
            40.24218478,
            44.21716074
          ],
          [
            40.24219244,
            44.21716407
          ],
          [
            40.24219943,
            44.21716673
          ],
          [
            40.24220743,
            44.21716972
          ],
          [
            40.24221443,
            44.21717205
          ],
          [
            40.24222209,
            44.21717504
          ],
          [
            40.24223142,
            44.2171767
          ],
          [
            40.24224041,
            44.21717903
          ],
          [
            40.24224907,
            44.21718103
          ],
          [
            40.24225573,
            44.21718236
          ],
          [
            40.24226106,
            44.21718302
          ],
          [
            40.24226539,
            44.21718468
          ],
          [
            40.24227005,
            44.21718634
          ],
          [
            40.24227305,
            44.21718867
          ],
          [
            40.24227638,
            44.21719067
          ],
          [
            40.24228138,
            44.217192
          ],
          [
            40.24228771,
            44.21719266
          ],
          [
            40.24229404,
            44.21719332
          ],
          [
            40.2423007,
            44.21719398
          ],
          [
            40.24230836,
            44.21719531
          ],
          [
            40.24231702,
            44.21719697
          ],
          [
            40.24232568,
            44.21719897
          ],
          [
            40.24233434,
            44.2172023
          ],
          [
            40.24234267,
            44.2172063
          ],
          [
            40.24235133,
            44.21721063
          ],
          [
            40.24235933,
            44.21721529
          ],
          [
            40.24236866,
            44.21722095
          ],
          [
            40.24237732,
            44.21722528
          ],
          [
            40.24238598,
            44.21723161
          ],
          [
            40.24239364,
            44.2172376
          ],
          [
            40.24240164,
            44.21724359
          ],
          [
            40.24240697,
            44.21725058
          ],
          [
            40.2424123,
            44.21725658
          ],
          [
            40.24241763,
            44.21726291
          ],
          [
            40.24242396,
            44.21726857
          ],
          [
            40.24242995,
            44.21727456
          ],
          [
            40.24243761,
            44.21728055
          ],
          [
            40.2424466,
            44.21728521
          ],
          [
            40.24245693,
            44.21728854
          ],
          [
            40.24246559,
            44.2172922
          ],
          [
            40.24247425,
            44.21729486
          ],
          [
            40.24248324,
            44.21729952
          ],
          [
            40.2424909,
            44.21730518
          ],
          [
            40.2424979,
            44.21731184
          ],
          [
            40.24250356,
            44.21732017
          ],
          [
            40.24250889,
            44.21732817
          ],
          [
            40.24251489,
            44.21733583
          ],
          [
            40.24252155,
            44.21734316
          ],
          [
            40.24252854,
            44.21735082
          ],
          [
            40.24253854,
            44.21735882
          ],
          [
            40.24254854,
            44.21736682
          ],
          [
            40.24255853,
            44.21737415
          ],
          [
            40.24256786,
            44.21738148
          ],
          [
            40.24257819,
            44.21738848
          ],
          [
            40.24258819,
            44.21739514
          ],
          [
            40.24259785,
            44.21740247
          ],
          [
            40.24260684,
            44.2174098
          ],
          [
            40.2426155,
            44.21741713
          ],
          [
            40.24262416,
            44.21742446
          ],
          [
            40.24263249,
            44.21743146
          ],
          [
            40.24264049,
            44.21743912
          ],
          [
            40.24264849,
            44.21744711
          ],
          [
            40.24265782,
            44.21745444
          ],
          [
            40.24266748,
            44.2174621
          ],
          [
            40.24267714,
            44.21746943
          ],
          [
            40.24268714,
            44.21747743
          ],
          [
            40.24269547,
            44.21748609
          ],
          [
            40.24270413,
            44.21749375
          ],
          [
            40.24271246,
            44.21750041
          ],
          [
            40.24272179,
            44.21750574
          ],
          [
            40.24273312,
            44.21751007
          ],
          [
            40.24274578,
            44.21751507
          ],
          [
            40.24275877,
            44.2175194
          ],
          [
            40.24277143,
            44.21752373
          ],
          [
            40.24278342,
            44.21752706
          ],
          [
            40.24279541,
            44.21753039
          ],
          [
            40.24280807,
            44.21753305
          ],
          [
            40.24282073,
            44.21753671
          ],
          [
            40.24283339,
            44.21754037
          ],
          [
            40.24284672,
            44.21754436
          ],
          [
            40.24285871,
            44.21754869
          ],
          [
            40.24286937,
            44.21755402
          ],
          [
            40.24288103,
            44.21755935
          ],
          [
            40.24289269,
            44.21756435
          ],
          [
            40.24290369,
            44.21756968
          ],
          [
            40.24291402,
            44.21757501
          ],
          [
            40.24292502,
            44.21758067
          ],
          [
            40.24293568,
            44.21758567
          ],
          [
            40.24294568,
            44.21759233
          ],
          [
            40.24295601,
            44.21759899
          ],
          [
            40.24296501,
            44.21760565
          ],
          [
            40.242973,
            44.21761164
          ],
          [
            40.24298233,
            44.21761763
          ],
          [
            40.24299232,
            44.21762362
          ],
          [
            40.24300131,
            44.21762961
          ],
          [
            40.24300997,
            44.2176356
          ],
          [
            40.24301863,
            44.2176416
          ],
          [
            40.24302862,
            44.21764726
          ],
          [
            40.24303895,
            44.21765225
          ],
          [
            40.24305061,
            44.21765758
          ],
          [
            40.24306161,
            44.21766191
          ],
          [
            40.24307294,
            44.2176659
          ],
          [
            40.24308594,
            44.21766889
          ],
          [
            40.2430976,
            44.21767222
          ],
          [
            40.24310926,
            44.21767588
          ],
          [
            40.24312225,
            44.21767987
          ],
          [
            40.24313525,
            44.2176832
          ],
          [
            40.24314858,
            44.21768753
          ],
          [
            40.24316024,
            44.21769052
          ],
          [
            40.24317357,
            44.21769285
          ],
          [
            40.24318556,
            44.21769651
          ],
          [
            40.24319522,
            44.21770017
          ],
          [
            40.24320455,
            44.21770417
          ],
          [
            40.24321288,
            44.21770917
          ],
          [
            40.24322021,
            44.2177145
          ],
          [
            40.24322754,
            44.21771983
          ],
          [
            40.24323453,
            44.21772549
          ],
          [
            40.24324119,
            44.21772982
          ],
          [
            40.24324885,
            44.21773482
          ],
          [
            40.24325585,
            44.21773881
          ],
          [
            40.24326184,
            44.21774347
          ],
          [
            40.24326917,
            44.21774746
          ],
          [
            40.2432775,
            44.21775279
          ],
          [
            40.24328583,
            44.21775745
          ],
          [
            40.24329549,
            44.21776211
          ],
          [
            40.24330582,
            44.21776577
          ],
          [
            40.24331548,
            44.2177701
          ],
          [
            40.24332181,
            44.21777476
          ],
          [
            40.24332714,
            44.21777942
          ],
          [
            40.24333214,
            44.21778375
          ],
          [
            40.2433368,
            44.21778775
          ],
          [
            40.24334279,
            44.21779141
          ],
          [
            40.24334878,
            44.21779474
          ],
          [
            40.24335611,
            44.21779907
          ],
          [
            40.24336477,
            44.21780273
          ],
          [
            40.24337476,
            44.21780773
          ],
          [
            40.24338609,
            44.21781206
          ],
          [
            40.24339909,
            44.21781606
          ],
          [
            40.24341275,
            44.21782005
          ],
          [
            40.24342675,
            44.21782404
          ],
          [
            40.24344075,
            44.21782837
          ],
          [
            40.24345374,
            44.21783236
          ],
          [
            40.24346674,
            44.21783669
          ],
          [
            40.24348007,
            44.21784202
          ],
          [
            40.24349273,
            44.21784635
          ],
          [
            40.24350472,
            44.21784901
          ],
          [
            40.24351672,
            44.21785067
          ],
          [
            40.24352938,
            44.217854
          ],
          [
            40.24354137,
            44.21785766
          ],
          [
            40.2435527,
            44.21786132
          ],
          [
            40.24356303,
            44.21786631
          ],
          [
            40.24357303,
            44.21787097
          ],
          [
            40.24358302,
            44.21787663
          ],
          [
            40.24359368,
            44.21788262
          ],
          [
            40.24360434,
            44.21788861
          ],
          [
            40.24361433,
            44.21789527
          ],
          [
            40.24362466,
            44.21790126
          ],
          [
            40.24363399,
            44.21790859
          ],
          [
            40.24364232,
            44.21791658
          ],
          [
            40.24365065,
            44.21792458
          ],
          [
            40.24365898,
            44.21793191
          ],
          [
            40.24366698,
            44.21794057
          ],
          [
            40.24367531,
            44.2179489
          ],
          [
            40.24368331,
            44.21795723
          ],
          [
            40.24368864,
            44.21796589
          ],
          [
            40.24369163,
            44.21797422
          ],
          [
            40.24369363,
            44.21798288
          ],
          [
            40.24369462,
            44.21799254
          ],
          [
            40.24369662,
            44.2180022
          ],
          [
            40.24369928,
            44.21801053
          ],
          [
            40.24370194,
            44.21801952
          ],
          [
            40.2437046,
            44.21802851
          ],
          [
            40.24370593,
            44.2180375
          ],
          [
            40.24370692,
            44.2180465
          ],
          [
            40.24370725,
            44.21805649
          ],
          [
            40.24370758,
            44.21806582
          ],
          [
            40.24370791,
            44.21807448
          ],
          [
            40.24370857,
            44.21808414
          ],
          [
            40.24370956,
            44.21809313
          ],
          [
            40.24370956,
            44.21810246
          ],
          [
            40.24370956,
            44.21811212
          ],
          [
            40.24370956,
            44.21812245
          ],
          [
            40.24370956,
            44.21813211
          ],
          [
            40.24370956,
            44.21813977
          ],
          [
            40.24370956,
            44.21814777
          ],
          [
            40.24370956,
            44.21815543
          ],
          [
            40.24370956,
            44.21816243
          ],
          [
            40.24371089,
            44.21817076
          ],
          [
            40.24371288,
            44.21818109
          ],
          [
            40.24371621,
            44.21819109
          ],
          [
            40.24371954,
            44.21820275
          ],
          [
            40.24372287,
            44.21821341
          ],
          [
            40.24372686,
            44.21822407
          ],
          [
            40.24373152,
            44.21823573
          ],
          [
            40.24373618,
            44.21824739
          ],
          [
            40.24374151,
            44.21825839
          ],
          [
            40.2437465,
            44.21826972
          ],
          [
            40.24375083,
            44.21828105
          ],
          [
            40.24375349,
            44.21829271
          ],
          [
            40.24375782,
            44.21830337
          ],
          [
            40.24376248,
            44.21831403
          ],
          [
            40.24376547,
            44.21832469
          ],
          [
            40.24376713,
            44.21833602
          ],
          [
            40.24376812,
            44.21834668
          ],
          [
            40.24376812,
            44.21835734
          ],
          [
            40.24376878,
            44.21836767
          ],
          [
            40.24376845,
            44.21837833
          ],
          [
            40.24376878,
            44.21839032
          ],
          [
            40.24376978,
            44.21840132
          ],
          [
            40.24376978,
            44.21841131
          ],
          [
            40.24377044,
            44.21842064
          ],
          [
            40.24377077,
            44.2184303
          ],
          [
            40.2437711,
            44.21843863
          ],
          [
            40.24377243,
            44.21844696
          ],
          [
            40.24377442,
            44.21845529
          ],
          [
            40.24377575,
            44.21846362
          ],
          [
            40.24377542,
            44.21847295
          ],
          [
            40.24377376,
            44.21848295
          ],
          [
            40.24377277,
            44.21849361
          ],
          [
            40.24377144,
            44.21850394
          ],
          [
            40.24377078,
            44.21851494
          ],
          [
            40.24377045,
            44.2185256
          ],
          [
            40.24377078,
            44.2185366
          ],
          [
            40.24377078,
            44.21854826
          ],
          [
            40.24377045,
            44.21855959
          ],
          [
            40.24376946,
            44.21857225
          ],
          [
            40.24376746,
            44.21858391
          ],
          [
            40.24376346,
            44.21859491
          ],
          [
            40.24375913,
            44.21860624
          ],
          [
            40.24375614,
            44.21861757
          ],
          [
            40.24375481,
            44.2186289
          ],
          [
            40.24375581,
            44.2186399
          ],
          [
            40.24375747,
            44.21865056
          ],
          [
            40.2437598,
            44.21866122
          ],
          [
            40.24376246,
            44.21867188
          ],
          [
            40.24376646,
            44.21868187
          ],
          [
            40.24377312,
            44.2186902
          ],
          [
            40.24377978,
            44.21869886
          ],
          [
            40.24378511,
            44.21870719
          ],
          [
            40.24379077,
            44.21871485
          ],
          [
            40.2437961,
            44.21872285
          ],
          [
            40.24380209,
            44.21873085
          ],
          [
            40.24380709,
            44.21873918
          ],
          [
            40.24381008,
            44.21874784
          ],
          [
            40.24381374,
            44.2187565
          ],
          [
            40.2438164,
            44.21876483
          ],
          [
            40.24381973,
            44.21877283
          ],
          [
            40.24382273,
            44.21878016
          ],
          [
            40.24382472,
            44.21878916
          ],
          [
            40.24382738,
            44.21879849
          ],
          [
            40.24383104,
            44.21880748
          ],
          [
            40.24383303,
            44.21881714
          ],
          [
            40.24383636,
            44.21882613
          ],
          [
            40.24383902,
            44.21883346
          ],
          [
            40.24384235,
            44.21884179
          ],
          [
            40.24384701,
            44.21884979
          ],
          [
            40.24385201,
            44.21885645
          ],
          [
            40.24385701,
            44.21886378
          ],
          [
            40.24386201,
            44.21886944
          ],
          [
            40.243867,
            44.21887477
          ],
          [
            40.24387066,
            44.21887943
          ],
          [
            40.24387565,
            44.21888342
          ],
          [
            40.24388165,
            44.21888708
          ],
          [
            40.24388831,
            44.21889274
          ],
          [
            40.24389597,
            44.21889807
          ],
          [
            40.24390463,
            44.2189034
          ],
          [
            40.24391329,
            44.21890906
          ],
          [
            40.24392228,
            44.21891505
          ],
          [
            40.24393261,
            44.21892071
          ],
          [
            40.24394194,
            44.21892704
          ],
          [
            40.2439496,
            44.2189327
          ],
          [
            40.24395693,
            44.21893803
          ],
          [
            40.24396359,
            44.21894402
          ],
          [
            40.24397125,
            44.21894968
          ],
          [
            40.24397791,
            44.21895567
          ],
          [
            40.2439839,
            44.21896166
          ],
          [
            40.24398923,
            44.21896799
          ],
          [
            40.24399589,
            44.21897465
          ],
          [
            40.24400322,
            44.21898064
          ],
          [
            40.24401088,
            44.21898597
          ],
          [
            40.24402021,
            44.2189913
          ],
          [
            40.24402987,
            44.2189973
          ],
          [
            40.24403886,
            44.21900263
          ],
          [
            40.24404852,
            44.21900929
          ],
          [
            40.24405885,
            44.21901528
          ],
          [
            40.24406818,
            44.21902094
          ],
          [
            40.24407651,
            44.21902627
          ],
          [
            40.24408417,
            44.2190316
          ],
          [
            40.24409283,
            44.21903726
          ],
          [
            40.24410149,
            44.21904292
          ],
          [
            40.24411115,
            44.21904758
          ],
          [
            40.24411981,
            44.21905158
          ],
          [
            40.24412814,
            44.21905591
          ],
          [
            40.24413614,
            44.21906057
          ],
          [
            40.24414313,
            44.2190649
          ],
          [
            40.24414979,
            44.21906989
          ],
          [
            40.24415812,
            44.21907389
          ],
          [
            40.24416578,
            44.21907722
          ],
          [
            40.24417244,
            44.21908288
          ],
          [
            40.24417977,
            44.21908754
          ],
          [
            40.2441871,
            44.21909153
          ],
          [
            40.24419576,
            44.21909586
          ],
          [
            40.24420509,
            44.21909919
          ],
          [
            40.24421408,
            44.21910385
          ],
          [
            40.24422341,
            44.21910718
          ],
          [
            40.2442324,
            44.21911084
          ],
          [
            40.2442404,
            44.21911417
          ],
          [
            40.24424873,
            44.21911683
          ],
          [
            40.24425673,
            44.21912049
          ],
          [
            40.24426506,
            44.21912215
          ],
          [
            40.24427472,
            44.21912415
          ],
          [
            40.24428505,
            44.21912548
          ],
          [
            40.24429538,
            44.21912748
          ],
          [
            40.24430504,
            44.21912948
          ],
          [
            40.24431337,
            44.21913214
          ],
          [
            40.24432137,
            44.2191348
          ],
          [
            40.24433003,
            44.21913679
          ],
          [
            40.24433902,
            44.21913879
          ],
          [
            40.24434902,
            44.21914079
          ],
          [
            40.24435835,
            44.21914478
          ],
          [
            40.24436801,
            44.21914978
          ],
          [
            40.24437767,
            44.21915344
          ],
          [
            40.244387,
            44.21915844
          ],
          [
            40.24439666,
            44.21916277
          ],
          [
            40.24440532,
            44.21916543
          ],
          [
            40.24441598,
            44.21916776
          ],
          [
            40.24442731,
            44.21917109
          ],
          [
            40.24443864,
            44.21917408
          ],
          [
            40.24444897,
            44.21917674
          ],
          [
            40.24445897,
            44.21917974
          ],
          [
            40.24446963,
            44.21918207
          ],
          [
            40.24447996,
            44.21918373
          ],
          [
            40.24449029,
            44.21918506
          ],
          [
            40.24450062,
            44.21918672
          ],
          [
            40.24451195,
            44.21918971
          ],
          [
            40.24452328,
            44.2191927
          ],
          [
            40.24453428,
            44.21919603
          ],
          [
            40.24454561,
            44.21920003
          ],
          [
            40.24455627,
            44.21920302
          ],
          [
            40.24456727,
            44.21920601
          ],
          [
            40.2445786,
            44.21921
          ],
          [
            40.24459093,
            44.21921433
          ],
          [
            40.24460292,
            44.21921799
          ],
          [
            40.24461458,
            44.21922165
          ],
          [
            40.24462591,
            44.21922531
          ],
          [
            40.24463757,
            44.21922864
          ],
          [
            40.24464957,
            44.21923263
          ],
          [
            40.2446599,
            44.21923663
          ],
          [
            40.24466956,
            44.21924296
          ],
          [
            40.24467955,
            44.21924862
          ],
          [
            40.24468921,
            44.21925395
          ],
          [
            40.24470054,
            44.21925928
          ],
          [
            40.2447132,
            44.21926527
          ],
          [
            40.2447262,
            44.2192716
          ],
          [
            40.24473853,
            44.21927626
          ],
          [
            40.24475186,
            44.21928159
          ],
          [
            40.24476452,
            44.21928659
          ],
          [
            40.24477685,
            44.21929225
          ],
          [
            40.24478984,
            44.21929891
          ],
          [
            40.24480284,
            44.2193049
          ],
          [
            40.2448145,
            44.21930956
          ],
          [
            40.24482616,
            44.21931355
          ],
          [
            40.24483949,
            44.21931688
          ],
          [
            40.24485115,
            44.21932121
          ],
          [
            40.24486215,
            44.21932554
          ],
          [
            40.24487481,
            44.2193302
          ],
          [
            40.24488647,
            44.21933453
          ],
          [
            40.24489646,
            44.21933952
          ],
          [
            40.24490679,
            44.21934452
          ],
          [
            40.24491779,
            44.21934885
          ],
          [
            40.24492812,
            44.21935351
          ],
          [
            40.24493845,
            44.21935917
          ],
          [
            40.24494778,
            44.2193645
          ],
          [
            40.24495844,
            44.21936883
          ],
          [
            40.2449691,
            44.21937282
          ],
          [
            40.24497976,
            44.21937715
          ],
          [
            40.24499076,
            44.21938048
          ],
          [
            40.24500142,
            44.21938447
          ],
          [
            40.24501208,
            44.21938847
          ],
          [
            40.24502341,
            44.21939246
          ],
          [
            40.24503441,
            44.21939779
          ],
          [
            40.24504407,
            44.21940279
          ],
          [
            40.2450534,
            44.21940845
          ],
          [
            40.24506073,
            44.21941411
          ],
          [
            40.24506606,
            44.21941844
          ],
          [
            40.24506839,
            44.21942344
          ],
          [
            40.24506972,
            44.21942744
          ],
          [
            40.24507138,
            44.2194321
          ],
          [
            40.24507238,
            44.2194361
          ],
          [
            40.24507438,
            44.21943876
          ],
          [
            40.24507604,
            44.21944209
          ],
          [
            40.24507737,
            44.21944275
          ],
          [
            40.24507935,
            44.21944904
          ],
          [
            40.24508035,
            44.21945037
          ],
          [
            40.24508301,
            44.2194537
          ],
          [
            40.24508667,
            44.21945769
          ],
          [
            40.245093,
            44.21946269
          ],
          [
            40.2451,
            44.21946769
          ],
          [
            40.24510799,
            44.21947468
          ],
          [
            40.24511699,
            44.21948168
          ],
          [
            40.24512698,
            44.21949067
          ],
          [
            40.24513631,
            44.21949933
          ],
          [
            40.24514397,
            44.21950699
          ],
          [
            40.2451513,
            44.21951499
          ],
          [
            40.24516096,
            44.21952232
          ],
          [
            40.24516929,
            44.21952898
          ],
          [
            40.24517828,
            44.21953531
          ],
          [
            40.24518728,
            44.2195413
          ],
          [
            40.24519594,
            44.21954763
          ],
          [
            40.2452056,
            44.21955396
          ],
          [
            40.24521626,
            44.21955929
          ],
          [
            40.24522559,
            44.21956495
          ],
          [
            40.24523625,
            44.21957128
          ],
          [
            40.24524658,
            44.21957561
          ],
          [
            40.24525624,
            44.21958027
          ],
          [
            40.2452639,
            44.21958493
          ],
          [
            40.2452689,
            44.21959026
          ],
          [
            40.24527289,
            44.21959692
          ],
          [
            40.24527789,
            44.21960425
          ],
          [
            40.24528355,
            44.21961058
          ],
          [
            40.24529021,
            44.21961724
          ],
          [
            40.24529754,
            44.2196239
          ],
          [
            40.24530554,
            44.21963123
          ],
          [
            40.24531354,
            44.21963856
          ],
          [
            40.24532287,
            44.21964589
          ],
          [
            40.24533453,
            44.21965322
          ],
          [
            40.24534486,
            44.21966055
          ],
          [
            40.24535552,
            44.21966788
          ],
          [
            40.24536618,
            44.21967687
          ],
          [
            40.24537651,
            44.21968553
          ],
          [
            40.24538884,
            44.21969486
          ],
          [
            40.2453995,
            44.21970452
          ],
          [
            40.24540883,
            44.21971252
          ],
          [
            40.24541749,
            44.21972052
          ],
          [
            40.24542582,
            44.21972818
          ],
          [
            40.24543415,
            44.21973617
          ],
          [
            40.24544248,
            44.21974517
          ],
          [
            40.24545148,
            44.2197545
          ],
          [
            40.24546181,
            44.21976349
          ],
          [
            40.24547114,
            44.21977215
          ],
          [
            40.2454788,
            44.21978081
          ],
          [
            40.24548413,
            44.21978914
          ],
          [
            40.24548646,
            44.2197988
          ],
          [
            40.24549012,
            44.21980946
          ],
          [
            40.24549345,
            44.21982046
          ],
          [
            40.24549811,
            44.21983079
          ],
          [
            40.24550377,
            44.21984145
          ],
          [
            40.24551043,
            44.21985078
          ],
          [
            40.24551809,
            44.21986044
          ],
          [
            40.24552642,
            44.2198691
          ],
          [
            40.24553508,
            44.21987676
          ],
          [
            40.24554374,
            44.21988276
          ],
          [
            40.2455524,
            44.21988709
          ],
          [
            40.24555939,
            44.21989108
          ],
          [
            40.24556505,
            44.21989408
          ],
          [
            40.24556971,
            44.21989707
          ],
          [
            40.24557304,
            44.21990006
          ],
          [
            40.24557603,
            44.21990339
          ],
          [
            40.24557969,
            44.21990738
          ],
          [
            40.24558435,
            44.21991104
          ],
          [
            40.24559068,
            44.21991537
          ],
          [
            40.24559701,
            44.21992003
          ],
          [
            40.24560367,
            44.21992469
          ],
          [
            40.245609,
            44.21992835
          ],
          [
            40.24561133,
            44.21993101
          ],
          [
            40.24561199,
            44.21993267
          ],
          [
            40.24561133,
            44.21993433
          ],
          [
            40.24561266,
            44.21993532
          ],
          [
            40.24561531,
            44.21993598
          ],
          [
            40.2456193,
            44.21993898
          ],
          [
            40.2456243,
            44.21994264
          ],
          [
            40.2456313,
            44.2199483
          ],
          [
            40.24563929,
            44.21995429
          ],
          [
            40.24564829,
            44.21996062
          ],
          [
            40.24565695,
            44.21996661
          ],
          [
            40.24566194,
            44.21997061
          ],
          [
            40.24566527,
            44.2199736
          ],
          [
            40.24566693,
            44.21997626
          ],
          [
            40.24566793,
            44.21997826
          ],
          [
            40.24567189,
            44.21998257
          ],
          [
            40.24567522,
            44.21998356
          ],
          [
            40.24568088,
            44.21998522
          ],
          [
            40.24568788,
            44.21998855
          ],
          [
            40.24569721,
            44.21999055
          ],
          [
            40.24570754,
            44.21999221
          ],
          [
            40.24571787,
            44.21999387
          ],
          [
            40.24572887,
            44.21999387
          ],
          [
            40.2457392,
            44.21999221
          ],
          [
            40.2457502,
            44.21999055
          ],
          [
            40.24576153,
            44.21998756
          ],
          [
            40.24577219,
            44.21998457
          ],
          [
            40.24578185,
            44.21998124
          ],
          [
            40.24579251,
            44.21997791
          ],
          [
            40.24580284,
            44.21997425
          ],
          [
            40.24581283,
            44.21997059
          ],
          [
            40.24582316,
            44.21996693
          ],
          [
            40.24583182,
            44.21996293
          ],
          [
            40.24583915,
            44.21995827
          ],
          [
            40.24584748,
            44.21995428
          ],
          [
            40.24585581,
            44.21994995
          ],
          [
            40.24586281,
            44.21994529
          ],
          [
            40.24586814,
            44.21993996
          ],
          [
            40.24587347,
            44.2199353
          ],
          [
            40.24587913,
            44.21993231
          ],
          [
            40.24588412,
            44.21993065
          ],
          [
            40.24588845,
            44.21992965
          ],
          [
            40.24589544,
            44.21992799
          ],
          [
            40.24590577,
            44.21992666
          ],
          [
            40.24591543,
            44.21992533
          ],
          [
            40.24592442,
            44.21992467
          ],
          [
            40.24593108,
            44.21992101
          ],
          [
            40.24593741,
            44.21991668
          ],
          [
            40.24594107,
            44.21991402
          ],
          [
            40.24594406,
            44.21991036
          ],
          [
            40.24594639,
            44.2199067
          ],
          [
            40.24594905,
            44.21990337
          ],
          [
            40.24595271,
            44.21989871
          ],
          [
            40.24595604,
            44.21989338
          ],
          [
            40.24595637,
            44.21988872
          ],
          [
            40.24595637,
            44.21988372
          ],
          [
            40.24595437,
            44.21988106
          ],
          [
            40.24595271,
            44.21987906
          ],
          [
            40.24595071,
            44.2198774
          ],
          [
            40.24595104,
            44.2198764
          ],
          [
            40.24595504,
            44.2198774
          ],
          [
            40.24596037,
            44.21987707
          ],
          [
            40.2459647,
            44.21987607
          ],
          [
            40.2459667,
            44.21987574
          ],
          [
            40.24596903,
            44.21987574
          ],
          [
            40.24596341,
            44.21987244
          ],
          [
            40.2459664,
            44.21987211
          ],
          [
            40.24597368,
            44.21986452
          ],
          [
            40.24597069,
            44.21986485
          ],
          [
            40.24596569,
            44.21986584
          ],
          [
            40.24595936,
            44.21986817
          ],
          [
            40.24595303,
            44.2198715
          ],
          [
            40.2459457,
            44.21987649
          ],
          [
            40.24593937,
            44.21988115
          ],
          [
            40.24593271,
            44.21988681
          ],
          [
            40.24592538,
            44.21989147
          ],
          [
            40.24591872,
            44.21989646
          ],
          [
            40.24591306,
            44.21990046
          ],
          [
            40.24590506,
            44.21990445
          ],
          [
            40.24589706,
            44.21990811
          ],
          [
            40.24588873,
            44.2199121
          ],
          [
            40.24587874,
            44.21991609
          ],
          [
            40.24586641,
            44.21992075
          ],
          [
            40.24585642,
            44.21992708
          ],
          [
            40.24584709,
            44.21993374
          ],
          [
            40.24583776,
            44.21994007
          ],
          [
            40.24582643,
            44.21994606
          ],
          [
            40.24581444,
            44.21995172
          ],
          [
            40.24580144,
            44.21995638
          ],
          [
            40.24578478,
            44.21995971
          ],
          [
            40.24576812,
            44.21996404
          ],
          [
            40.24575213,
            44.21996837
          ],
          [
            40.2457338,
            44.21996771
          ],
          [
            40.24571847,
            44.21996605
          ],
          [
            40.24570447,
            44.21996372
          ],
          [
            40.24568914,
            44.21996106
          ],
          [
            40.24567348,
            44.21995807
          ],
          [
            40.24565815,
            44.21995541
          ],
          [
            40.24564215,
            44.21995275
          ],
          [
            40.24562782,
            44.21994842
          ],
          [
            40.24561616,
            44.21994309
          ],
          [
            40.2456095,
            44.21993943
          ],
          [
            40.24561116,
            44.2199381
          ],
          [
            40.24561582,
            44.21994076
          ],
          [
            40.24562282,
            44.21994509
          ],
          [
            40.24563281,
            44.21994975
          ],
          [
            40.24564581,
            44.21995574
          ],
          [
            40.24565947,
            44.21996274
          ],
          [
            40.24567413,
            44.2199704
          ],
          [
            40.24568912,
            44.2199784
          ],
          [
            40.24570478,
            44.21998573
          ],
          [
            40.24572011,
            44.21999339
          ],
          [
            40.24573377,
            44.22000139
          ],
          [
            40.2457471,
            44.22001038
          ],
          [
            40.24575943,
            44.22001838
          ],
          [
            40.24577309,
            44.22002638
          ],
          [
            40.24578642,
            44.22003504
          ],
          [
            40.24579908,
            44.2200437
          ],
          [
            40.24581208,
            44.22005369
          ],
          [
            40.24582241,
            44.22006235
          ],
          [
            40.2458234,
            44.22006801
          ],
          [
            40.24582007,
            44.22006867
          ],
          [
            40.24581408,
            44.22006801
          ],
          [
            40.24580508,
            44.22006602
          ],
          [
            40.24579575,
            44.22006236
          ],
          [
            40.24578676,
            44.22005603
          ],
          [
            40.2457791,
            44.2200497
          ],
          [
            40.24577277,
            44.22004237
          ],
          [
            40.24576911,
            44.22003437
          ],
          [
            40.24576678,
            44.22002504
          ],
          [
            40.24576478,
            44.22001505
          ],
          [
            40.24576478,
            44.22000439
          ],
          [
            40.24576544,
            44.21999473
          ],
          [
            40.2457721,
            44.21998274
          ],
          [
            40.24577909,
            44.21997174
          ],
          [
            40.24578609,
            44.21996175
          ],
          [
            40.24579275,
            44.21995309
          ],
          [
            40.24579908,
            44.21994543
          ],
          [
            40.24580541,
            44.2199381
          ],
          [
            40.24581307,
            44.21993144
          ],
          [
            40.24582373,
            44.21992644
          ],
          [
            40.24583539,
            44.21992245
          ],
          [
            40.24584705,
            44.21991946
          ],
          [
            40.24585905,
            44.21991713
          ],
          [
            40.24586938,
            44.21991513
          ],
          [
            40.24587804,
            44.21991313
          ],
          [
            40.24588604,
            44.21991114
          ],
          [
            40.24589503,
            44.21991014
          ],
          [
            40.24590503,
            44.21990881
          ],
          [
            40.24591469,
            44.21990815
          ],
          [
            40.24592535,
            44.21990615
          ],
          [
            40.24593568,
            44.21990449
          ],
          [
            40.24594601,
            44.21990283
          ],
          [
            40.245957,
            44.2199005
          ],
          [
            40.24596533,
            44.21989984
          ],
          [
            40.24597166,
            44.21989984
          ],
          [
            40.24597632,
            44.21990017
          ],
          [
            40.24597898,
            44.21990216
          ],
          [
            40.24598064,
            44.21990316
          ],
          [
            40.24598163,
            44.21990482
          ],
          [
            40.24598229,
            44.21990682
          ],
          [
            40.24598163,
            44.21990815
          ],
          [
            40.24597437,
            44.21991047
          ],
          [
            40.24597271,
            44.2199128
          ],
          [
            40.24596872,
            44.21991579
          ],
          [
            40.24596372,
            44.21991878
          ],
          [
            40.24595839,
            44.21992211
          ],
          [
            40.2459524,
            44.21992677
          ],
          [
            40.24594607,
            44.21993143
          ],
          [
            40.24593941,
            44.21993576
          ],
          [
            40.24593275,
            44.21993942
          ],
          [
            40.24592509,
            44.21994308
          ],
          [
            40.24591743,
            44.21994641
          ],
          [
            40.24590977,
            44.21995007
          ],
          [
            40.24590111,
            44.2199534
          ],
          [
            40.24589278,
            44.21995673
          ],
          [
            40.24588412,
            44.21996006
          ],
          [
            40.24587579,
            44.21996272
          ],
          [
            40.24586679,
            44.21996571
          ],
          [
            40.24585579,
            44.2199687
          ],
          [
            40.24584479,
            44.21997136
          ],
          [
            40.24583346,
            44.21997336
          ],
          [
            40.2458208,
            44.21997336
          ],
          [
            40.24580847,
            44.21997336
          ],
          [
            40.24579647,
            44.21997535
          ],
          [
            40.24578714,
            44.21997801
          ],
          [
            40.24577948,
            44.21998201
          ],
          [
            40.24577482,
            44.21998701
          ],
          [
            40.24577216,
            44.219993
          ],
          [
            40.24576917,
            44.21999999
          ],
          [
            40.24576817,
            44.22000799
          ],
          [
            40.24576883,
            44.22001599
          ],
          [
            40.24577183,
            44.22002498
          ],
          [
            40.24577649,
            44.22003364
          ],
          [
            40.24578182,
            44.2200423
          ],
          [
            40.24578815,
            44.22005129
          ],
          [
            40.24579681,
            44.22006029
          ],
          [
            40.24580747,
            44.22006728
          ],
          [
            40.2458178,
            44.22007428
          ],
          [
            40.24582613,
            44.22008194
          ],
          [
            40.24583346,
            44.2200896
          ],
          [
            40.24584012,
            44.22009726
          ],
          [
            40.24584678,
            44.22010559
          ],
          [
            40.24585478,
            44.22011458
          ],
          [
            40.24586344,
            44.22012391
          ],
          [
            40.2458721,
            44.22013391
          ],
          [
            40.24588043,
            44.22014357
          ],
          [
            40.24588909,
            44.22015357
          ],
          [
            40.24589808,
            44.22016356
          ],
          [
            40.24590674,
            44.22017289
          ],
          [
            40.24591673,
            44.22018155
          ],
          [
            40.24592673,
            44.22018955
          ],
          [
            40.24593606,
            44.22019788
          ],
          [
            40.24594539,
            44.22020554
          ],
          [
            40.24595372,
            44.2202132
          ],
          [
            40.24596238,
            44.2202212
          ],
          [
            40.24597138,
            44.22022886
          ],
          [
            40.24598004,
            44.22023652
          ],
          [
            40.24598803,
            44.22024652
          ],
          [
            40.24599469,
            44.22025651
          ],
          [
            40.24600202,
            44.22026651
          ],
          [
            40.24600902,
            44.22027584
          ],
          [
            40.24601668,
            44.2202855
          ],
          [
            40.24602401,
            44.22029449
          ],
          [
            40.24603067,
            44.22030315
          ],
          [
            40.24603833,
            44.22031181
          ],
          [
            40.24604766,
            44.22032047
          ],
          [
            40.24605499,
            44.22032946
          ],
          [
            40.24606032,
            44.22033912
          ],
          [
            40.24606465,
            44.22034778
          ],
          [
            40.24606998,
            44.22035711
          ],
          [
            40.24607797,
            44.22036544
          ],
          [
            40.24608663,
            44.22037477
          ],
          [
            40.24609596,
            44.22038277
          ],
          [
            40.24610396,
            44.22039077
          ],
          [
            40.24611229,
            44.2203991
          ],
          [
            40.24611995,
            44.22040809
          ],
          [
            40.24612761,
            44.22041675
          ],
          [
            40.24613561,
            44.22042441
          ],
          [
            40.24614327,
            44.22043207
          ],
          [
            40.2461516,
            44.22043906
          ],
          [
            40.24616093,
            44.22044606
          ],
          [
            40.24616926,
            44.22045372
          ],
          [
            40.24617659,
            44.22046138
          ],
          [
            40.24618425,
            44.22046938
          ],
          [
            40.24619291,
            44.22047738
          ],
          [
            40.24620157,
            44.22048637
          ],
          [
            40.24620957,
            44.2204957
          ],
          [
            40.24621757,
            44.2205047
          ],
          [
            40.24622557,
            44.22051336
          ],
          [
            40.2462339,
            44.22052169
          ],
          [
            40.24624223,
            44.22053102
          ],
          [
            40.24625256,
            44.22053902
          ],
          [
            40.24626189,
            44.22054668
          ],
          [
            40.24627188,
            44.22055367
          ],
          [
            40.24628154,
            44.22056067
          ],
          [
            40.24628987,
            44.220567
          ],
          [
            40.24629653,
            44.22057166
          ],
          [
            40.24630119,
            44.22057366
          ],
          [
            40.24630286,
            44.22057631
          ],
          [
            40.24630486,
            44.22057897
          ],
          [
            40.24630885,
            44.2205833
          ],
          [
            40.24631385,
            44.22058929
          ],
          [
            40.24631984,
            44.22059595
          ],
          [
            40.2463245,
            44.22060395
          ],
          [
            40.24632783,
            44.22061294
          ],
          [
            40.24633183,
            44.22062227
          ],
          [
            40.24633749,
            44.22063193
          ],
          [
            40.24634482,
            44.22064092
          ],
          [
            40.24635348,
            44.22065025
          ],
          [
            40.24636181,
            44.22066025
          ],
          [
            40.24637081,
            44.22066924
          ],
          [
            40.2463798,
            44.2206789
          ],
          [
            40.24638879,
            44.22068756
          ],
          [
            40.24639778,
            44.22069622
          ],
          [
            40.24640578,
            44.22070488
          ],
          [
            40.24641411,
            44.22071354
          ],
          [
            40.24642277,
            44.22072187
          ],
          [
            40.2464321,
            44.22073053
          ],
          [
            40.2464411,
            44.22073919
          ],
          [
            40.24644909,
            44.22074785
          ],
          [
            40.24645809,
            44.22075718
          ],
          [
            40.24646642,
            44.22076618
          ],
          [
            40.24647575,
            44.22077484
          ],
          [
            40.24648408,
            44.2207835
          ],
          [
            40.24649141,
            44.22079249
          ],
          [
            40.24649941,
            44.22080148
          ],
          [
            40.24650674,
            44.22080948
          ],
          [
            40.24651474,
            44.22081748
          ],
          [
            40.24652274,
            44.22082581
          ],
          [
            40.24653007,
            44.22083381
          ],
          [
            40.24653707,
            44.22084214
          ],
          [
            40.24654406,
            44.2208498
          ],
          [
            40.24655072,
            44.22085713
          ],
          [
            40.24655838,
            44.22086412
          ],
          [
            40.24656471,
            44.22087178
          ],
          [
            40.24657204,
            44.22087944
          ],
          [
            40.2465797,
            44.22088744
          ],
          [
            40.24658736,
            44.22089643
          ],
          [
            40.24659569,
            44.22090509
          ],
          [
            40.24660235,
            44.22091342
          ],
          [
            40.24660934,
            44.22092175
          ],
          [
            40.24661667,
            44.22093008
          ],
          [
            40.24662566,
            44.22093774
          ],
          [
            40.24663432,
            44.22094573
          ],
          [
            40.24664298,
            44.22095406
          ],
          [
            40.24665098,
            44.22096206
          ],
          [
            40.24665898,
            44.22097105
          ],
          [
            40.24666631,
            44.22097971
          ],
          [
            40.24667297,
            44.22098837
          ],
          [
            40.2466803,
            44.2209967
          ],
          [
            40.24668796,
            44.22100503
          ],
          [
            40.24669562,
            44.22101302
          ],
          [
            40.24670328,
            44.22102068
          ],
          [
            40.24671027,
            44.22102868
          ],
          [
            40.24671727,
            44.22103701
          ],
          [
            40.24672426,
            44.22104534
          ],
          [
            40.24673159,
            44.221053
          ],
          [
            40.24673925,
            44.22106099
          ],
          [
            40.24674658,
            44.22106965
          ],
          [
            40.24675458,
            44.22107831
          ],
          [
            40.24676157,
            44.2210873
          ],
          [
            40.24676923,
            44.22109563
          ],
          [
            40.24677589,
            44.22110496
          ],
          [
            40.24678388,
            44.22111329
          ],
          [
            40.24679288,
            44.22112162
          ],
          [
            40.24680154,
            44.22113028
          ],
          [
            40.24680987,
            44.22113927
          ],
          [
            40.24681753,
            44.2211486
          ],
          [
            40.24682686,
            44.22115693
          ],
          [
            40.24683585,
            44.22116459
          ],
          [
            40.24684451,
            44.22117259
          ],
          [
            40.24685384,
            44.22117992
          ],
          [
            40.24686317,
            44.22118758
          ],
          [
            40.24687383,
            44.22119558
          ],
          [
            40.24688383,
            44.22120458
          ],
          [
            40.24689316,
            44.22121291
          ],
          [
            40.24690249,
            44.22122157
          ],
          [
            40.24691115,
            44.2212299
          ],
          [
            40.24692081,
            44.22123789
          ],
          [
            40.24693014,
            44.22124655
          ],
          [
            40.24693847,
            44.22125488
          ],
          [
            40.2469468,
            44.22126388
          ],
          [
            40.24695513,
            44.22127254
          ],
          [
            40.24696279,
            44.22128054
          ],
          [
            40.24697079,
            44.22128853
          ],
          [
            40.24697945,
            44.22129686
          ],
          [
            40.24698911,
            44.22130586
          ],
          [
            40.24699911,
            44.22131519
          ],
          [
            40.24700844,
            44.22132485
          ],
          [
            40.2470181,
            44.22133451
          ],
          [
            40.24702709,
            44.22134317
          ],
          [
            40.24703742,
            44.22135083
          ],
          [
            40.24704808,
            44.22135749
          ],
          [
            40.24705774,
            44.22136415
          ],
          [
            40.24706574,
            44.22137148
          ],
          [
            40.24707373,
            44.22137948
          ],
          [
            40.24708406,
            44.22138681
          ],
          [
            40.24709406,
            44.22139481
          ],
          [
            40.24710405,
            44.22140347
          ],
          [
            40.24711338,
            44.22141113
          ],
          [
            40.24712171,
            44.22141846
          ],
          [
            40.24712871,
            44.22142612
          ],
          [
            40.24713537,
            44.22143345
          ],
          [
            40.2471437,
            44.22144111
          ],
          [
            40.24715103,
            44.22144844
          ],
          [
            40.24715836,
            44.22145544
          ],
          [
            40.24716602,
            44.2214621
          ],
          [
            40.24717402,
            44.2214671
          ],
          [
            40.24718468,
            44.22147176
          ],
          [
            40.24719501,
            44.22147609
          ],
          [
            40.247206,
            44.22147975
          ],
          [
            40.24721733,
            44.22148475
          ],
          [
            40.24722799,
            44.22149041
          ],
          [
            40.24723965,
            44.22149674
          ],
          [
            40.24725165,
            44.22150307
          ],
          [
            40.24726298,
            44.22150873
          ],
          [
            40.24727497,
            44.22151406
          ],
          [
            40.2472863,
            44.22152005
          ],
          [
            40.24729663,
            44.22152638
          ],
          [
            40.24730696,
            44.22153304
          ],
          [
            40.24731696,
            44.22153804
          ],
          [
            40.24732729,
            44.22154304
          ],
          [
            40.24733795,
            44.2215497
          ],
          [
            40.24734895,
            44.22155603
          ],
          [
            40.24735961,
            44.22156269
          ],
          [
            40.24736961,
            44.22156935
          ],
          [
            40.2473786,
            44.22157601
          ],
          [
            40.24738693,
            44.22158267
          ],
          [
            40.24739493,
            44.22158833
          ],
          [
            40.24740326,
            44.22159532
          ],
          [
            40.24741225,
            44.22160265
          ],
          [
            40.24742091,
            44.22161131
          ],
          [
            40.24742924,
            44.22161897
          ],
          [
            40.24743724,
            44.22162697
          ],
          [
            40.2474459,
            44.2216353
          ],
          [
            40.24745456,
            44.22164363
          ],
          [
            40.24746355,
            44.22165229
          ],
          [
            40.24747254,
            44.22166095
          ],
          [
            40.24748054,
            44.22166961
          ],
          [
            40.24748787,
            44.22167794
          ],
          [
            40.24749286,
            44.22168727
          ],
          [
            40.24749786,
            44.22169527
          ],
          [
            40.24750019,
            44.22170126
          ],
          [
            40.24750152,
            44.22170425
          ],
          [
            40.24750185,
            44.22170558
          ],
          [
            40.24750052,
            44.22170624
          ],
          [
            40.24749688,
            44.22170624
          ],
          [
            40.24749754,
            44.22170957
          ],
          [
            40.24749987,
            44.2217139
          ],
          [
            40.24750487,
            44.22172056
          ],
          [
            40.24751053,
            44.22172789
          ],
          [
            40.24751652,
            44.22173655
          ],
          [
            40.24752218,
            44.22174521
          ],
          [
            40.24752817,
            44.22175487
          ],
          [
            40.24753516,
            44.2217652
          ],
          [
            40.24754082,
            44.22177486
          ],
          [
            40.24754482,
            44.22178219
          ],
          [
            40.24754648,
            44.22178685
          ],
          [
            40.24754549,
            44.22178951
          ],
          [
            40.24754416,
            44.22179217
          ],
          [
            40.2475425,
            44.22179417
          ],
          [
            40.2475405,
            44.22179284
          ],
          [
            40.24753517,
            44.22178918
          ],
          [
            40.24752884,
            44.22178319
          ],
          [
            40.24752285,
            44.2217762
          ],
          [
            40.24751652,
            44.22176787
          ],
          [
            40.24751086,
            44.22175888
          ],
          [
            40.24750553,
            44.22175022
          ],
          [
            40.2475002,
            44.22173989
          ],
          [
            40.2474952,
            44.22172956
          ],
          [
            40.24748921,
            44.22171923
          ],
          [
            40.24748522,
            44.22171057
          ],
          [
            40.24748289,
            44.22170324
          ],
          [
            40.2474819,
            44.22169824
          ],
          [
            40.24748223,
            44.2216936
          ],
          [
            40.24749017,
            44.22169392
          ],
          [
            40.24749513,
            44.22169524
          ],
          [
            40.24749844,
            44.22169524
          ],
          [
            40.24749511,
            44.22169358
          ],
          [
            40.24749011,
            44.22168992
          ],
          [
            40.24748212,
            44.22168393
          ],
          [
            40.24747212,
            44.22167727
          ],
          [
            40.24746213,
            44.22166994
          ],
          [
            40.24745147,
            44.22166161
          ],
          [
            40.24743981,
            44.22165328
          ],
          [
            40.24742815,
            44.22164495
          ],
          [
            40.24741516,
            44.22163596
          ],
          [
            40.24740216,
            44.2216263
          ],
          [
            40.24739017,
            44.22161764
          ],
          [
            40.24737818,
            44.22160931
          ],
          [
            40.24736718,
            44.22160132
          ],
          [
            40.24735519,
            44.22159299
          ],
          [
            40.24734286,
            44.22158499
          ],
          [
            40.2473292,
            44.22157733
          ],
          [
            40.24731654,
            44.22157
          ],
          [
            40.24730821,
            44.22156634
          ],
          [
            40.24730388,
            44.22156468
          ],
          [
            40.24729789,
            44.22156302
          ],
          [
            40.24729423,
            44.22156335
          ],
          [
            40.24729556,
            44.22156501
          ],
          [
            40.24729956,
            44.22156867
          ],
          [
            40.24730655,
            44.221573
          ],
          [
            40.24731755,
            44.22157533
          ],
          [
            40.24732821,
            44.22158033
          ],
          [
            40.24733854,
            44.22158566
          ],
          [
            40.2473492,
            44.22159032
          ],
          [
            40.24735853,
            44.22159598
          ],
          [
            40.24736852,
            44.22160097
          ],
          [
            40.24737952,
            44.2216063
          ],
          [
            40.24739052,
            44.2216113
          ],
          [
            40.24740185,
            44.22161596
          ],
          [
            40.24741251,
            44.22162096
          ],
          [
            40.24742117,
            44.22162729
          ],
          [
            40.2474295,
            44.22163462
          ],
          [
            40.24743716,
            44.22164228
          ],
          [
            40.24744449,
            44.22164961
          ],
          [
            40.24745115,
            44.22165727
          ],
          [
            40.24745748,
            44.22166593
          ],
          [
            40.24746481,
            44.22167526
          ],
          [
            40.24747381,
            44.22168459
          ],
          [
            40.24748181,
            44.22168992
          ],
          [
            40.24748814,
            44.22169158
          ],
          [
            40.2474918,
            44.22169191
          ],
          [
            40.24749413,
            44.22169257
          ],
          [
            40.24749776,
            44.22169092
          ],
          [
            40.24749743,
            44.22169258
          ],
          [
            40.24750209,
            44.22169458
          ],
          [
            40.24750608,
            44.22169824
          ],
          [
            40.24750841,
            44.2217039
          ],
          [
            40.2475114,
            44.22170989
          ],
          [
            40.24751439,
            44.22171489
          ],
          [
            40.24751538,
            44.22171855
          ],
          [
            40.24751604,
            44.22172088
          ],
          [
            40.2475167,
            44.22172421
          ],
          [
            40.24751736,
            44.22172821
          ],
          [
            40.24751936,
            44.22173387
          ],
          [
            40.24752302,
            44.2217412
          ],
          [
            40.24752668,
            44.22174953
          ],
          [
            40.24753067,
            44.22175852
          ],
          [
            40.24753666,
            44.22176818
          ],
          [
            40.24754232,
            44.22177751
          ],
          [
            40.24754565,
            44.22178684
          ],
          [
            40.24754898,
            44.22179617
          ],
          [
            40.24755131,
            44.22180616
          ],
          [
            40.24755364,
            44.22181649
          ],
          [
            40.2475563,
            44.22182682
          ],
          [
            40.24755929,
            44.22183715
          ],
          [
            40.24756228,
            44.22184715
          ],
          [
            40.24756628,
            44.22185715
          ],
          [
            40.24756994,
            44.22186714
          ],
          [
            40.2475736,
            44.22187647
          ],
          [
            40.24757626,
            44.22188513
          ],
          [
            40.24757925,
            44.22189479
          ],
          [
            40.24758224,
            44.22190378
          ],
          [
            40.24758624,
            44.22191311
          ],
          [
            40.2475899,
            44.22192277
          ],
          [
            40.24759356,
            44.22193243
          ],
          [
            40.24759622,
            44.22194243
          ],
          [
            40.24759921,
            44.22195409
          ],
          [
            40.24760021,
            44.22196575
          ],
          [
            40.24759955,
            44.22197641
          ],
          [
            40.24760055,
            44.22198741
          ],
          [
            40.24760088,
            44.22199874
          ],
          [
            40.24760354,
            44.22201073
          ],
          [
            40.2476062,
            44.22202239
          ],
          [
            40.24761053,
            44.22203305
          ],
          [
            40.24761386,
            44.22204405
          ],
          [
            40.24761785,
            44.22205538
          ],
          [
            40.24762218,
            44.22206604
          ],
          [
            40.24762751,
            44.2220757
          ],
          [
            40.24763184,
            44.22208503
          ],
          [
            40.2476365,
            44.22209469
          ],
          [
            40.24764149,
            44.22210368
          ],
          [
            40.24764682,
            44.22211234
          ],
          [
            40.24765281,
            44.22212167
          ],
          [
            40.24766047,
            44.22213033
          ],
          [
            40.24766646,
            44.22213766
          ],
          [
            40.24766912,
            44.22214299
          ],
          [
            40.24767078,
            44.22214632
          ],
          [
            40.24767111,
            44.22214865
          ],
          [
            40.24767144,
            44.22214998
          ],
          [
            40.24767573,
            44.22215296
          ],
          [
            40.24767739,
            44.22215595
          ],
          [
            40.24768105,
            44.22216161
          ],
          [
            40.24768605,
            44.2221686
          ],
          [
            40.24769038,
            44.22217593
          ],
          [
            40.24769504,
            44.22218426
          ],
          [
            40.24770037,
            44.22219259
          ],
          [
            40.24770503,
            44.22220092
          ],
          [
            40.24770902,
            44.22220991
          ],
          [
            40.24771268,
            44.2222189
          ],
          [
            40.24771767,
            44.22222756
          ],
          [
            40.247722,
            44.22223522
          ],
          [
            40.24772599,
            44.22224188
          ],
          [
            40.24772899,
            44.22224521
          ],
          [
            40.24773065,
            44.2222472
          ],
          [
            40.24773198,
            44.2222482
          ],
          [
            40.24773264,
            44.22225151
          ],
          [
            40.24773297,
            44.22225317
          ],
          [
            40.24773497,
            44.22225717
          ],
          [
            40.2477383,
            44.22226316
          ],
          [
            40.24774229,
            44.22227049
          ],
          [
            40.24774662,
            44.22227982
          ],
          [
            40.24775061,
            44.22228915
          ],
          [
            40.24775627,
            44.22229848
          ],
          [
            40.24776226,
            44.22230714
          ],
          [
            40.24776792,
            44.2223158
          ],
          [
            40.24777358,
            44.22232479
          ],
          [
            40.24777824,
            44.22233345
          ],
          [
            40.24778223,
            44.22234211
          ],
          [
            40.24778589,
            44.22235144
          ],
          [
            40.24778955,
            44.2223601
          ],
          [
            40.24779388,
            44.22236876
          ],
          [
            40.24779821,
            44.22237742
          ],
          [
            40.24780221,
            44.22238641
          ],
          [
            40.24780654,
            44.2223954
          ],
          [
            40.2478112,
            44.22240406
          ],
          [
            40.24781586,
            44.22241172
          ],
          [
            40.24782152,
            44.22242038
          ],
          [
            40.24782752,
            44.22242971
          ],
          [
            40.24783318,
            44.22243837
          ],
          [
            40.24783917,
            44.22244637
          ],
          [
            40.24784483,
            44.22245503
          ],
          [
            40.24785016,
            44.22246436
          ],
          [
            40.24785615,
            44.22247336
          ],
          [
            40.24786214,
            44.22248269
          ],
          [
            40.24786847,
            44.22249168
          ],
          [
            40.24787446,
            44.22250168
          ],
          [
            40.24787979,
            44.22251167
          ],
          [
            40.24788445,
            44.222521
          ],
          [
            40.24788945,
            44.22252999
          ],
          [
            40.24789411,
            44.22253799
          ],
          [
            40.24789911,
            44.22254632
          ],
          [
            40.24790377,
            44.22255498
          ],
          [
            40.2479091,
            44.22256431
          ],
          [
            40.24791309,
            44.22257397
          ],
          [
            40.24791908,
            44.22258297
          ],
          [
            40.24792541,
            44.22259263
          ],
          [
            40.24793074,
            44.22260196
          ],
          [
            40.24793574,
            44.22261262
          ],
          [
            40.24793907,
            44.22262161
          ],
          [
            40.24794407,
            44.22263094
          ],
          [
            40.2479504,
            44.2226406
          ],
          [
            40.24795673,
            44.22265093
          ],
          [
            40.24796272,
            44.22266193
          ],
          [
            40.24796671,
            44.22267359
          ],
          [
            40.24797071,
            44.22268492
          ],
          [
            40.24797337,
            44.22269691
          ],
          [
            40.24797603,
            44.2227089
          ],
          [
            40.24797769,
            44.22272056
          ],
          [
            40.24797902,
            44.22273222
          ],
          [
            40.24797935,
            44.22274421
          ],
          [
            40.24797869,
            44.22275554
          ],
          [
            40.24797636,
            44.2227672
          ],
          [
            40.24797436,
            44.22277853
          ],
          [
            40.24797203,
            44.22278986
          ],
          [
            40.2479697,
            44.22280119
          ],
          [
            40.24796704,
            44.22281185
          ],
          [
            40.24796405,
            44.22282351
          ],
          [
            40.24796106,
            44.2228355
          ],
          [
            40.2479594,
            44.22284716
          ],
          [
            40.24795741,
            44.22285815
          ],
          [
            40.24795508,
            44.22286881
          ],
          [
            40.24795308,
            44.22288014
          ],
          [
            40.24795109,
            44.22289147
          ],
          [
            40.24794909,
            44.2229028
          ],
          [
            40.24794676,
            44.2229138
          ],
          [
            40.2479441,
            44.2229248
          ],
          [
            40.24794111,
            44.22293546
          ],
          [
            40.24793845,
            44.22294679
          ],
          [
            40.24793579,
            44.22295812
          ],
          [
            40.24793213,
            44.22296945
          ],
          [
            40.2479278,
            44.22298078
          ],
          [
            40.24792447,
            44.22299244
          ],
          [
            40.24792247,
            44.22300377
          ],
          [
            40.24792148,
            44.22301643
          ],
          [
            40.24792082,
            44.22302909
          ],
          [
            40.24792082,
            44.22304142
          ],
          [
            40.24792049,
            44.22305275
          ],
          [
            40.24792016,
            44.22306408
          ],
          [
            40.24791883,
            44.22307574
          ],
          [
            40.24791916,
            44.22308674
          ],
          [
            40.24792082,
            44.22309807
          ],
          [
            40.24792381,
            44.2231094
          ],
          [
            40.24792747,
            44.22312106
          ],
          [
            40.2479318,
            44.22313172
          ],
          [
            40.24793579,
            44.22314238
          ],
          [
            40.24794012,
            44.22315271
          ],
          [
            40.24794411,
            44.22316237
          ],
          [
            40.24794744,
            44.2231717
          ],
          [
            40.2479511,
            44.22318169
          ],
          [
            40.24795543,
            44.22319135
          ],
          [
            40.24796043,
            44.22320068
          ],
          [
            40.24796543,
            44.22321034
          ],
          [
            40.24797042,
            44.22322
          ],
          [
            40.24797408,
            44.22322933
          ],
          [
            40.24797841,
            44.22323733
          ],
          [
            40.24798174,
            44.22324766
          ],
          [
            40.24798473,
            44.22325765
          ],
          [
            40.24798739,
            44.22326831
          ],
          [
            40.24799039,
            44.22327964
          ],
          [
            40.24799272,
            44.22328964
          ],
          [
            40.24799405,
            44.22329963
          ],
          [
            40.24799571,
            44.22330896
          ],
          [
            40.24799737,
            44.22331929
          ],
          [
            40.2479997,
            44.22332929
          ],
          [
            40.24800103,
            44.22333962
          ],
          [
            40.24800336,
            44.22334895
          ],
          [
            40.24800602,
            44.22335728
          ],
          [
            40.24800935,
            44.22336561
          ],
          [
            40.24801234,
            44.22337527
          ],
          [
            40.248015,
            44.22338493
          ],
          [
            40.24801833,
            44.22339626
          ],
          [
            40.24802099,
            44.22340625
          ],
          [
            40.24802332,
            44.22341558
          ],
          [
            40.24802532,
            44.22342524
          ],
          [
            40.24802831,
            44.22343357
          ],
          [
            40.24803097,
            44.2234429
          ],
          [
            40.24803363,
            44.22345156
          ],
          [
            40.24803529,
            44.22346156
          ],
          [
            40.24803629,
            44.22347189
          ],
          [
            40.24803762,
            44.22348388
          ],
          [
            40.24803928,
            44.22349554
          ],
          [
            40.24803928,
            44.22350787
          ],
          [
            40.24803862,
            44.2235192
          ],
          [
            40.24803729,
            44.2235312
          ],
          [
            40.24803696,
            44.22354319
          ],
          [
            40.24803597,
            44.22355552
          ],
          [
            40.24803331,
            44.22356918
          ],
          [
            40.24803131,
            44.22358251
          ],
          [
            40.24802998,
            44.22359517
          ],
          [
            40.24802932,
            44.22360783
          ],
          [
            40.24802932,
            44.22362049
          ],
          [
            40.24802899,
            44.22363282
          ],
          [
            40.24802666,
            44.22364548
          ],
          [
            40.24802367,
            44.22365714
          ],
          [
            40.24802034,
            44.22367014
          ],
          [
            40.24801668,
            44.22368314
          ],
          [
            40.24801468,
            44.22369647
          ],
          [
            40.24801335,
            44.2237098
          ],
          [
            40.24801135,
            44.2237228
          ],
          [
            40.24800935,
            44.22373613
          ],
          [
            40.24800836,
            44.22375013
          ],
          [
            40.2480077,
            44.22376379
          ],
          [
            40.24800704,
            44.22377612
          ],
          [
            40.24800704,
            44.22378811
          ],
          [
            40.24800605,
            44.22379944
          ],
          [
            40.24800472,
            44.22381143
          ],
          [
            40.24800339,
            44.22382409
          ],
          [
            40.24800139,
            44.22383742
          ],
          [
            40.24799873,
            44.22385008
          ],
          [
            40.24799607,
            44.22386274
          ],
          [
            40.24799207,
            44.22387407
          ],
          [
            40.24798874,
            44.22388573
          ],
          [
            40.24798508,
            44.22389706
          ],
          [
            40.24798209,
            44.22390872
          ],
          [
            40.24797943,
            44.22392038
          ],
          [
            40.24797677,
            44.22393138
          ],
          [
            40.24797344,
            44.22394337
          ],
          [
            40.24796911,
            44.22395503
          ],
          [
            40.24796545,
            44.22396736
          ],
          [
            40.24796212,
            44.22398035
          ],
          [
            40.24795979,
            44.22399235
          ],
          [
            40.24795646,
            44.22400468
          ],
          [
            40.24795313,
            44.22401601
          ],
          [
            40.24795047,
            44.224028
          ],
          [
            40.24794781,
            44.22404
          ],
          [
            40.24794582,
            44.22405033
          ],
          [
            40.24794283,
            44.22406199
          ],
          [
            40.24793983,
            44.22407365
          ],
          [
            40.2479365,
            44.22408531
          ],
          [
            40.24793384,
            44.22409631
          ],
          [
            40.24793118,
            44.22410764
          ],
          [
            40.24792785,
            44.22411963
          ],
          [
            40.24792419,
            44.22413129
          ],
          [
            40.2479212,
            44.22414328
          ],
          [
            40.24791887,
            44.22415428
          ],
          [
            40.24791721,
            44.22416494
          ],
          [
            40.24791422,
            44.22417594
          ],
          [
            40.24791123,
            44.22418793
          ],
          [
            40.2479089,
            44.22419992
          ],
          [
            40.24790791,
            44.22421025
          ],
          [
            40.24790658,
            44.22421858
          ],
          [
            40.24790658,
            44.22422358
          ],
          [
            40.24790724,
            44.22422657
          ],
          [
            40.2479079,
            44.22422823
          ],
          [
            40.24791153,
            44.22423022
          ],
          [
            40.24791153,
            44.22423155
          ],
          [
            40.24791153,
            44.22423554
          ],
          [
            40.24791153,
            44.22423887
          ],
          [
            40.24791153,
            44.22424287
          ],
          [
            40.24791153,
            44.22424553
          ],
          [
            40.24790954,
            44.22424785
          ],
          [
            40.24790821,
            44.22424818
          ],
          [
            40.24790589,
            44.2242495
          ],
          [
            40.24790423,
            44.22425283
          ],
          [
            40.24790157,
            44.22425949
          ],
          [
            40.24789891,
            44.22426715
          ],
          [
            40.24789592,
            44.22427615
          ],
          [
            40.24789293,
            44.22428614
          ],
          [
            40.24788994,
            44.2242958
          ],
          [
            40.24788728,
            44.22430646
          ],
          [
            40.24788429,
            44.22431679
          ],
          [
            40.2478813,
            44.22432645
          ],
          [
            40.24787831,
            44.22433611
          ],
          [
            40.24787631,
            44.2243461
          ],
          [
            40.24787465,
            44.2243571
          ],
          [
            40.24787332,
            44.2243681
          ],
          [
            40.24787266,
            44.2243791
          ],
          [
            40.247871,
            44.22438976
          ],
          [
            40.24786867,
            44.22440076
          ],
          [
            40.24786601,
            44.22441142
          ],
          [
            40.24786235,
            44.22442341
          ],
          [
            40.24785936,
            44.22443374
          ],
          [
            40.2478577,
            44.22444507
          ],
          [
            40.24785604,
            44.22445673
          ],
          [
            40.24785338,
            44.22446839
          ],
          [
            40.24785138,
            44.22447939
          ],
          [
            40.24784905,
            44.22449072
          ],
          [
            40.24784672,
            44.22450138
          ],
          [
            40.24784473,
            44.22451171
          ],
          [
            40.2478444,
            44.22452204
          ],
          [
            40.24784407,
            44.2245337
          ],
          [
            40.24784573,
            44.22454436
          ],
          [
            40.24784573,
            44.22455502
          ],
          [
            40.24784274,
            44.22456535
          ],
          [
            40.24783841,
            44.22457601
          ],
          [
            40.24783442,
            44.22458667
          ],
          [
            40.24783076,
            44.22459767
          ],
          [
            40.2478271,
            44.224609
          ],
          [
            40.24782377,
            44.22462033
          ],
          [
            40.24782111,
            44.22463199
          ],
          [
            40.24781945,
            44.22464265
          ],
          [
            40.24781845,
            44.22465331
          ],
          [
            40.24781978,
            44.22466364
          ],
          [
            40.24782311,
            44.22467397
          ],
          [
            40.2478301,
            44.2246833
          ],
          [
            40.24783543,
            44.2246903
          ],
          [
            40.24783976,
            44.22469463
          ],
          [
            40.24784342,
            44.22469696
          ],
          [
            40.24784475,
            44.22469862
          ],
          [
            40.24784572,
            44.22469862
          ],
          [
            40.2478487,
            44.22470027
          ],
          [
            40.24785235,
            44.22470325
          ],
          [
            40.24785037,
            44.22470425
          ],
          [
            40.24784871,
            44.22470359
          ],
          [
            40.24784772,
            44.22470159
          ],
          [
            40.24784805,
            44.22470059
          ],
          [
            40.24784838,
            44.22469926
          ],
          [
            40.24785302,
            44.22469992
          ],
          [
            40.24784608,
            44.22469727
          ],
          [
            40.24784542,
            44.22470058
          ],
          [
            40.24784409,
            44.22470058
          ],
          [
            40.2478411,
            44.22470124
          ],
          [
            40.24783677,
            44.2247039
          ],
          [
            40.24783211,
            44.22470789
          ],
          [
            40.24782812,
            44.22471355
          ],
          [
            40.24782412,
            44.22472055
          ],
          [
            40.24781979,
            44.22472788
          ],
          [
            40.24781479,
            44.22473554
          ],
          [
            40.2478108,
            44.22474354
          ],
          [
            40.2478078,
            44.22475187
          ],
          [
            40.24780614,
            44.22476053
          ],
          [
            40.24780448,
            44.22477052
          ],
          [
            40.24780282,
            44.22478118
          ],
          [
            40.24780116,
            44.22479284
          ],
          [
            40.24780017,
            44.22480517
          ],
          [
            40.24780017,
            44.22481816
          ],
          [
            40.24779951,
            44.22483049
          ],
          [
            40.24779918,
            44.22484248
          ],
          [
            40.24779852,
            44.22485414
          ],
          [
            40.24779852,
            44.2248668
          ],
          [
            40.24779918,
            44.22487979
          ],
          [
            40.24780018,
            44.22489178
          ],
          [
            40.24780084,
            44.22490344
          ],
          [
            40.24780018,
            44.22491543
          ],
          [
            40.24779818,
            44.22492742
          ],
          [
            40.24779685,
            44.22493941
          ],
          [
            40.24779685,
            44.22495041
          ],
          [
            40.24779685,
            44.22496107
          ],
          [
            40.24779685,
            44.22497207
          ],
          [
            40.24779685,
            44.2249834
          ],
          [
            40.24779751,
            44.2249944
          ],
          [
            40.24779884,
            44.22500406
          ],
          [
            40.24779818,
            44.22501339
          ],
          [
            40.24779752,
            44.22502272
          ],
          [
            40.24779652,
            44.22503272
          ],
          [
            40.24779586,
            44.22504305
          ],
          [
            40.24779652,
            44.22505405
          ],
          [
            40.24779718,
            44.22506571
          ],
          [
            40.24779784,
            44.22507704
          ],
          [
            40.24779751,
            44.22508837
          ],
          [
            40.24779651,
            44.22510003
          ],
          [
            40.24779585,
            44.22511136
          ],
          [
            40.24779486,
            44.22512302
          ],
          [
            40.24779486,
            44.22513468
          ],
          [
            40.24779387,
            44.22514634
          ],
          [
            40.24779254,
            44.22515767
          ],
          [
            40.24779088,
            44.225169
          ],
          [
            40.24778889,
            44.22517933
          ],
          [
            40.24778889,
            44.22519166
          ],
          [
            40.24779055,
            44.22520432
          ],
          [
            40.24779221,
            44.22521765
          ],
          [
            40.24779287,
            44.22522998
          ],
          [
            40.24779254,
            44.22524264
          ],
          [
            40.24779221,
            44.2252553
          ],
          [
            40.24779287,
            44.22526863
          ],
          [
            40.24779287,
            44.22528196
          ],
          [
            40.24779387,
            44.22529462
          ],
          [
            40.24779586,
            44.22530695
          ],
          [
            40.24779619,
            44.22531828
          ],
          [
            40.2477952,
            44.22532994
          ],
          [
            40.24779387,
            44.2253406
          ],
          [
            40.24779254,
            44.22535193
          ],
          [
            40.24778955,
            44.22536259
          ],
          [
            40.24778789,
            44.22537392
          ],
          [
            40.24778623,
            44.22538525
          ],
          [
            40.24778523,
            44.22539658
          ],
          [
            40.24778457,
            44.22540824
          ],
          [
            40.24778358,
            44.22541957
          ],
          [
            40.24778358,
            44.22543123
          ],
          [
            40.24778225,
            44.22544356
          ],
          [
            40.24778092,
            44.22545555
          ],
          [
            40.24777859,
            44.22546788
          ],
          [
            40.24777726,
            44.22548021
          ],
          [
            40.24777526,
            44.22549154
          ],
          [
            40.24777393,
            44.22550254
          ],
          [
            40.2477726,
            44.22551287
          ],
          [
            40.24777094,
            44.22552387
          ],
          [
            40.24777061,
            44.22553586
          ],
          [
            40.24777061,
            44.22554752
          ],
          [
            40.24776995,
            44.22555851
          ],
          [
            40.24776896,
            44.22556917
          ],
          [
            40.24776663,
            44.22558017
          ],
          [
            40.2477653,
            44.22559216
          ],
          [
            40.24776397,
            44.22560416
          ],
          [
            40.24776264,
            44.22561516
          ],
          [
            40.24776098,
            44.22562649
          ],
          [
            40.24775898,
            44.22563848
          ],
          [
            40.24775898,
            44.22565047
          ],
          [
            40.24775765,
            44.2256618
          ],
          [
            40.24775665,
            44.22567113
          ],
          [
            40.24775532,
            44.22567946
          ],
          [
            40.24775532,
            44.22568646
          ],
          [
            40.24775532,
            44.22569379
          ],
          [
            40.24775532,
            44.22570178
          ],
          [
            40.24775532,
            44.22571111
          ],
          [
            40.24775598,
            44.22572144
          ],
          [
            40.24775631,
            44.22573244
          ],
          [
            40.24775598,
            44.22574344
          ],
          [
            40.24775432,
            44.22575543
          ],
          [
            40.24775333,
            44.22576876
          ],
          [
            40.24775333,
            44.22578176
          ],
          [
            40.24775466,
            44.22579442
          ],
          [
            40.24775499,
            44.22580808
          ],
          [
            40.24775532,
            44.22582108
          ],
          [
            40.24775466,
            44.22583307
          ],
          [
            40.24775333,
            44.2258454
          ],
          [
            40.247751,
            44.22585773
          ],
          [
            40.24774934,
            44.22587006
          ],
          [
            40.24774868,
            44.22588272
          ],
          [
            40.24774735,
            44.22589571
          ],
          [
            40.24774868,
            44.22590971
          ],
          [
            40.24775001,
            44.22592304
          ],
          [
            40.24775067,
            44.22593637
          ],
          [
            40.247751,
            44.22595003
          ],
          [
            40.247752,
            44.22596269
          ],
          [
            40.24775399,
            44.22597502
          ],
          [
            40.24775732,
            44.22598768
          ],
          [
            40.24775965,
            44.22600001
          ],
          [
            40.24775932,
            44.22601267
          ],
          [
            40.24775833,
            44.22602633
          ],
          [
            40.24775633,
            44.22603966
          ],
          [
            40.24775467,
            44.22605332
          ],
          [
            40.24775334,
            44.22606598
          ],
          [
            40.24775235,
            44.22607897
          ],
          [
            40.24775169,
            44.22609197
          ],
          [
            40.24775169,
            44.2261053
          ],
          [
            40.24775136,
            44.22611829
          ],
          [
            40.24775103,
            44.22613095
          ],
          [
            40.24775004,
            44.22614461
          ],
          [
            40.24775137,
            44.2261566
          ],
          [
            40.24775303,
            44.22616926
          ],
          [
            40.24775469,
            44.22618159
          ],
          [
            40.24775535,
            44.22619425
          ],
          [
            40.24775601,
            44.22620658
          ],
          [
            40.247757,
            44.22621857
          ],
          [
            40.24775634,
            44.22623056
          ],
          [
            40.24775601,
            44.22624222
          ],
          [
            40.24775435,
            44.22625388
          ],
          [
            40.24775336,
            44.22626554
          ],
          [
            40.24775237,
            44.2262772
          ],
          [
            40.24775171,
            44.22628986
          ],
          [
            40.24775171,
            44.22630252
          ],
          [
            40.24775171,
            44.22631552
          ],
          [
            40.24775337,
            44.22632785
          ],
          [
            40.2477547,
            44.22633918
          ],
          [
            40.24775437,
            44.22635084
          ],
          [
            40.24775271,
            44.2263625
          ],
          [
            40.24775105,
            44.22637416
          ],
          [
            40.24774939,
            44.22638482
          ],
          [
            40.24774739,
            44.22639748
          ],
          [
            40.24774673,
            44.22641114
          ],
          [
            40.2477454,
            44.22642413
          ],
          [
            40.24774274,
            44.22643713
          ],
          [
            40.24773975,
            44.22644946
          ],
          [
            40.24773876,
            44.22646212
          ],
          [
            40.24773743,
            44.22647545
          ],
          [
            40.24773544,
            44.22648845
          ],
          [
            40.24773278,
            44.22650178
          ],
          [
            40.24772979,
            44.22651444
          ],
          [
            40.24772746,
            44.22652777
          ],
          [
            40.24772546,
            44.22654043
          ],
          [
            40.24772413,
            44.22655443
          ],
          [
            40.24772247,
            44.22656776
          ],
          [
            40.24772047,
            44.22658142
          ],
          [
            40.24771848,
            44.22659408
          ],
          [
            40.24771582,
            44.22660707
          ],
          [
            40.24771316,
            44.2266194
          ],
          [
            40.24771083,
            44.22663139
          ],
          [
            40.24770817,
            44.22664405
          ],
          [
            40.24770584,
            44.22665705
          ],
          [
            40.24770318,
            44.22666971
          ],
          [
            40.24770052,
            44.22668171
          ],
          [
            40.24769786,
            44.2266937
          ],
          [
            40.2476942,
            44.22670536
          ],
          [
            40.24769154,
            44.22671702
          ],
          [
            40.24768921,
            44.22672968
          ],
          [
            40.24768788,
            44.22674167
          ],
          [
            40.24768688,
            44.22675366
          ],
          [
            40.24768455,
            44.22676532
          ],
          [
            40.24768222,
            44.22677765
          ],
          [
            40.24767889,
            44.22679098
          ],
          [
            40.24767623,
            44.22680464
          ],
          [
            40.2476739,
            44.2268173
          ],
          [
            40.2476719,
            44.22682929
          ],
          [
            40.24767091,
            44.22684162
          ],
          [
            40.24766925,
            44.22685328
          ],
          [
            40.24766792,
            44.22686527
          ],
          [
            40.24766626,
            44.22687627
          ],
          [
            40.24766327,
            44.2268876
          ],
          [
            40.24766094,
            44.2268986
          ],
          [
            40.24765861,
            44.22691026
          ],
          [
            40.24765728,
            44.22692292
          ],
          [
            40.24765595,
            44.22693492
          ],
          [
            40.24765462,
            44.22694758
          ],
          [
            40.24765229,
            44.22695957
          ],
          [
            40.24765029,
            44.22697223
          ],
          [
            40.24764796,
            44.22698523
          ],
          [
            40.24764763,
            44.22699689
          ],
          [
            40.2476463,
            44.22700888
          ],
          [
            40.24764531,
            44.22702021
          ],
          [
            40.24764431,
            44.2270322
          ],
          [
            40.24764265,
            44.22704453
          ],
          [
            40.24764265,
            44.22705652
          ],
          [
            40.24764099,
            44.22706885
          ],
          [
            40.24764033,
            44.22708185
          ],
          [
            40.24763833,
            44.22709418
          ],
          [
            40.24763734,
            44.22710651
          ],
          [
            40.24763601,
            44.22711784
          ],
          [
            40.24763335,
            44.2271285
          ],
          [
            40.24763036,
            44.22713949
          ],
          [
            40.24762703,
            44.22715082
          ],
          [
            40.24762337,
            44.22716182
          ],
          [
            40.24761871,
            44.22717282
          ],
          [
            40.24761538,
            44.22718415
          ],
          [
            40.24761305,
            44.22719515
          ],
          [
            40.24761006,
            44.22720615
          ],
          [
            40.24760773,
            44.22721748
          ],
          [
            40.2476054,
            44.22722881
          ],
          [
            40.24760374,
            44.22724114
          ],
          [
            40.24760241,
            44.2272538
          ],
          [
            40.24760175,
            44.2272668
          ],
          [
            40.24760142,
            44.22727913
          ],
          [
            40.24759976,
            44.22729213
          ],
          [
            40.24759843,
            44.22730512
          ],
          [
            40.24759677,
            44.22731812
          ],
          [
            40.24759444,
            44.22733212
          ],
          [
            40.24759211,
            44.22734512
          ],
          [
            40.24758978,
            44.22735745
          ],
          [
            40.24758812,
            44.22737078
          ],
          [
            40.24758612,
            44.22738377
          ],
          [
            40.24758379,
            44.2273961
          ],
          [
            40.24758246,
            44.22740809
          ],
          [
            40.2475818,
            44.22742075
          ],
          [
            40.24758081,
            44.22743275
          ],
          [
            40.24757948,
            44.22744474
          ],
          [
            40.24757748,
            44.22745673
          ],
          [
            40.24757549,
            44.22746906
          ],
          [
            40.24757349,
            44.22748139
          ],
          [
            40.24757183,
            44.22749305
          ],
          [
            40.24756917,
            44.22750571
          ],
          [
            40.24756651,
            44.22751837
          ],
          [
            40.24756452,
            44.2275307
          ],
          [
            40.24756086,
            44.22754269
          ],
          [
            40.24755687,
            44.22755402
          ],
          [
            40.24755254,
            44.22756635
          ],
          [
            40.24754854,
            44.22757834
          ],
          [
            40.24754488,
            44.22759
          ],
          [
            40.24754222,
            44.22760233
          ],
          [
            40.24753956,
            44.22761466
          ],
          [
            40.24753823,
            44.22762632
          ],
          [
            40.24753724,
            44.22763898
          ],
          [
            40.24753757,
            44.22765231
          ],
          [
            40.24753823,
            44.2276653
          ],
          [
            40.24753856,
            44.2276773
          ],
          [
            40.24753889,
            44.22768929
          ],
          [
            40.24754055,
            44.22770062
          ],
          [
            40.24754055,
            44.22771295
          ],
          [
            40.24754055,
            44.22772561
          ],
          [
            40.24754055,
            44.2277376
          ],
          [
            40.24753956,
            44.22774959
          ],
          [
            40.24753756,
            44.22776025
          ],
          [
            40.24753556,
            44.22777191
          ],
          [
            40.24753423,
            44.22778291
          ],
          [
            40.2475329,
            44.2277949
          ],
          [
            40.24753157,
            44.2278059
          ],
          [
            40.24752924,
            44.22781723
          ],
          [
            40.24752658,
            44.22782923
          ],
          [
            40.24752459,
            44.22784122
          ],
          [
            40.24752326,
            44.22785321
          ],
          [
            40.24752093,
            44.22786487
          ],
          [
            40.24751827,
            44.22787787
          ],
          [
            40.24751528,
            44.2278912
          ],
          [
            40.24751162,
            44.22790453
          ],
          [
            40.24750796,
            44.22791786
          ],
          [
            40.24750596,
            44.22792985
          ],
          [
            40.2475033,
            44.22794151
          ],
          [
            40.24750031,
            44.2279545
          ],
          [
            40.24749665,
            44.22796783
          ],
          [
            40.24749232,
            44.22798049
          ],
          [
            40.24748799,
            44.22799249
          ],
          [
            40.24748399,
            44.22800448
          ],
          [
            40.24748133,
            44.22801714
          ],
          [
            40.24747933,
            44.2280288
          ],
          [
            40.24747734,
            44.22804013
          ],
          [
            40.24747468,
            44.22805113
          ],
          [
            40.24747202,
            44.22806312
          ],
          [
            40.24746903,
            44.22807412
          ],
          [
            40.24746437,
            44.22808611
          ],
          [
            40.24745904,
            44.22809744
          ],
          [
            40.24745404,
            44.22810877
          ],
          [
            40.24744938,
            44.22811977
          ],
          [
            40.24744672,
            44.22813143
          ],
          [
            40.24744373,
            44.22814243
          ],
          [
            40.2474414,
            44.22815376
          ],
          [
            40.2474394,
            44.22816642
          ],
          [
            40.24743807,
            44.22817975
          ],
          [
            40.24743741,
            44.22819141
          ],
          [
            40.24743708,
            44.22820307
          ],
          [
            40.24743542,
            44.22821406
          ],
          [
            40.24743176,
            44.22822539
          ],
          [
            40.24742676,
            44.22823772
          ],
          [
            40.24742176,
            44.22824805
          ],
          [
            40.24741843,
            44.22825871
          ],
          [
            40.24741544,
            44.22826871
          ],
          [
            40.24741245,
            44.22827904
          ],
          [
            40.24740779,
            44.2282897
          ],
          [
            40.24740313,
            44.22830003
          ],
          [
            40.24739847,
            44.22830969
          ],
          [
            40.24739414,
            44.22831869
          ],
          [
            40.24738815,
            44.22832668
          ],
          [
            40.24737949,
            44.22833368
          ],
          [
            40.24737016,
            44.22834067
          ],
          [
            40.2473605,
            44.228348
          ],
          [
            40.24735017,
            44.22835433
          ],
          [
            40.24734051,
            44.22835966
          ],
          [
            40.24733218,
            44.22836466
          ],
          [
            40.24732785,
            44.22836932
          ],
          [
            40.24732585,
            44.22837198
          ],
          [
            40.24732419,
            44.22837429
          ],
          [
            40.24732353,
            44.22837562
          ],
          [
            40.24732553,
            44.22837961
          ],
          [
            40.24732852,
            44.22838594
          ],
          [
            40.24733085,
            44.22839327
          ],
          [
            40.24733052,
            44.22840226
          ],
          [
            40.24732819,
            44.22841226
          ],
          [
            40.24732419,
            44.22842225
          ],
          [
            40.24731886,
            44.22843291
          ],
          [
            40.24731253,
            44.22844457
          ],
          [
            40.24730554,
            44.2284559
          ],
          [
            40.24729788,
            44.2284679
          ],
          [
            40.24729122,
            44.22847956
          ],
          [
            40.24728522,
            44.22849056
          ],
          [
            40.24727956,
            44.22850189
          ],
          [
            40.24727357,
            44.22851355
          ],
          [
            40.24726791,
            44.22852554
          ],
          [
            40.24726192,
            44.22853687
          ],
          [
            40.24725559,
            44.2285482
          ],
          [
            40.24724993,
            44.2285592
          ],
          [
            40.24724394,
            44.22857053
          ],
          [
            40.24723894,
            44.22858319
          ],
          [
            40.24723328,
            44.22859419
          ],
          [
            40.24722662,
            44.22860552
          ],
          [
            40.24722129,
            44.22861618
          ],
          [
            40.24721663,
            44.22862651
          ],
          [
            40.2472123,
            44.22863751
          ],
          [
            40.24720864,
            44.22864784
          ],
          [
            40.24720364,
            44.22865884
          ],
          [
            40.24719998,
            44.22867017
          ],
          [
            40.24719665,
            44.2286815
          ],
          [
            40.24719366,
            44.22869383
          ],
          [
            40.24719166,
            44.22870582
          ],
          [
            40.24718966,
            44.22871915
          ],
          [
            40.24718767,
            44.22873148
          ],
          [
            40.24718601,
            44.22874448
          ],
          [
            40.24718401,
            44.22875714
          ],
          [
            40.24718168,
            44.22876914
          ],
          [
            40.24717902,
            44.22878113
          ],
          [
            40.24717603,
            44.22879213
          ],
          [
            40.24717437,
            44.22880346
          ],
          [
            40.24717304,
            44.22881512
          ],
          [
            40.24717105,
            44.22882645
          ],
          [
            40.24716939,
            44.22883745
          ],
          [
            40.24716739,
            44.22884778
          ],
          [
            40.24716573,
            44.22885878
          ],
          [
            40.24716407,
            44.22887011
          ],
          [
            40.24716274,
            44.22888177
          ],
          [
            40.24716108,
            44.2288931
          ],
          [
            40.24715909,
            44.2289041
          ],
          [
            40.24715809,
            44.22891609
          ],
          [
            40.24715743,
            44.22892709
          ],
          [
            40.24715577,
            44.22893775
          ],
          [
            40.24715444,
            44.22894875
          ],
          [
            40.24715378,
            44.22895941
          ],
          [
            40.24715411,
            44.22897041
          ],
          [
            40.24715577,
            44.22897974
          ],
          [
            40.24715876,
            44.2289894
          ],
          [
            40.24716175,
            44.22899973
          ],
          [
            40.24716508,
            44.22901006
          ],
          [
            40.24716907,
            44.22902072
          ],
          [
            40.2471714,
            44.22903138
          ],
          [
            40.2471714,
            44.22904238
          ],
          [
            40.24716874,
            44.22905437
          ],
          [
            40.24716641,
            44.22906603
          ],
          [
            40.24716375,
            44.22907836
          ],
          [
            40.24716242,
            44.22909135
          ],
          [
            40.24716242,
            44.22910268
          ],
          [
            40.24716076,
            44.22911401
          ],
          [
            40.24716109,
            44.22912434
          ],
          [
            40.24716242,
            44.22913633
          ],
          [
            40.24716408,
            44.22914799
          ],
          [
            40.24716641,
            44.22915899
          ],
          [
            40.24716907,
            44.22916932
          ],
          [
            40.24717273,
            44.22918065
          ],
          [
            40.24717506,
            44.22919231
          ],
          [
            40.24717839,
            44.22920464
          ],
          [
            40.24718172,
            44.22921697
          ],
          [
            40.24718705,
            44.2292283
          ],
          [
            40.24719338,
            44.2292383
          ],
          [
            40.24719937,
            44.22924763
          ],
          [
            40.24720437,
            44.22925829
          ],
          [
            40.24720836,
            44.22926828
          ],
          [
            40.24721202,
            44.22927794
          ],
          [
            40.24721735,
            44.22928827
          ],
          [
            40.24722168,
            44.22929893
          ],
          [
            40.24722434,
            44.22931026
          ],
          [
            40.247227,
            44.22932092
          ],
          [
            40.24723233,
            44.22933192
          ],
          [
            40.24723832,
            44.22934258
          ],
          [
            40.24724565,
            44.22935291
          ],
          [
            40.24725131,
            44.22936324
          ],
          [
            40.24725464,
            44.22937424
          ],
          [
            40.2472553,
            44.22938457
          ],
          [
            40.24725297,
            44.22939623
          ],
          [
            40.24725097,
            44.22940789
          ],
          [
            40.24724964,
            44.22942055
          ],
          [
            40.24724964,
            44.22943321
          ],
          [
            40.2472503,
            44.2294452
          ],
          [
            40.24725063,
            44.22945719
          ],
          [
            40.24725162,
            44.22946852
          ],
          [
            40.24725129,
            44.22948118
          ],
          [
            40.24725262,
            44.22949351
          ],
          [
            40.24725361,
            44.22950551
          ],
          [
            40.24725594,
            44.22951817
          ],
          [
            40.24725893,
            44.2295295
          ],
          [
            40.24726059,
            44.2295405
          ],
          [
            40.24726158,
            44.22955183
          ],
          [
            40.24726291,
            44.22956316
          ],
          [
            40.24726291,
            44.22957482
          ],
          [
            40.24726291,
            44.22958681
          ],
          [
            40.24726424,
            44.22959881
          ],
          [
            40.2472649,
            44.2296108
          ],
          [
            40.24726523,
            44.22962246
          ],
          [
            40.24726723,
            44.22963479
          ],
          [
            40.24726856,
            44.22964679
          ],
          [
            40.24727056,
            44.22965812
          ],
          [
            40.24727056,
            44.22966978
          ],
          [
            40.24727156,
            44.22968144
          ],
          [
            40.24727222,
            44.2296921
          ],
          [
            40.24727321,
            44.22970343
          ],
          [
            40.24727521,
            44.22971409
          ],
          [
            40.2472762,
            44.22972509
          ],
          [
            40.24727886,
            44.22973575
          ],
          [
            40.24728119,
            44.22974675
          ],
          [
            40.24728319,
            44.22975808
          ],
          [
            40.24728652,
            44.22976941
          ],
          [
            40.24729051,
            44.22978041
          ],
          [
            40.24729517,
            44.22979074
          ],
          [
            40.24730116,
            44.2298014
          ],
          [
            40.24730582,
            44.22981206
          ],
          [
            40.24730915,
            44.22982339
          ],
          [
            40.24731181,
            44.22983472
          ],
          [
            40.24731514,
            44.22984538
          ],
          [
            40.2473168,
            44.22985704
          ],
          [
            40.24731879,
            44.22986904
          ],
          [
            40.24732012,
            44.22988004
          ],
          [
            40.24732278,
            44.22989203
          ],
          [
            40.24732611,
            44.22990336
          ],
          [
            40.24732877,
            44.22991469
          ],
          [
            40.2473311,
            44.22992635
          ],
          [
            40.24733309,
            44.22993834
          ],
          [
            40.24733509,
            44.22995167
          ],
          [
            40.24733675,
            44.229965
          ],
          [
            40.24733841,
            44.22997766
          ],
          [
            40.24733907,
            44.22998932
          ],
          [
            40.24733841,
            44.23000098
          ],
          [
            40.24733708,
            44.23001198
          ],
          [
            40.24733409,
            44.23002397
          ],
          [
            40.24733076,
            44.23003563
          ],
          [
            40.2473271,
            44.23004729
          ],
          [
            40.24732211,
            44.23005962
          ],
          [
            40.24731645,
            44.23007195
          ],
          [
            40.24730912,
            44.23008295
          ],
          [
            40.24730246,
            44.23009528
          ],
          [
            40.24729646,
            44.23010727
          ],
          [
            40.2472898,
            44.23011893
          ],
          [
            40.24728347,
            44.23012992
          ],
          [
            40.24727847,
            44.23014192
          ],
          [
            40.24727347,
            44.23015458
          ],
          [
            40.24726781,
            44.23016591
          ],
          [
            40.24726115,
            44.23017691
          ],
          [
            40.24725449,
            44.23018691
          ],
          [
            40.24724583,
            44.23019557
          ],
          [
            40.24723617,
            44.23020456
          ],
          [
            40.24722684,
            44.23021322
          ],
          [
            40.24721718,
            44.23022188
          ],
          [
            40.24721019,
            44.23023054
          ],
          [
            40.24720253,
            44.2302402
          ],
          [
            40.2471962,
            44.23025086
          ],
          [
            40.2471882,
            44.23026119
          ],
          [
            40.24717787,
            44.23027018
          ],
          [
            40.24716721,
            44.23027884
          ],
          [
            40.24715622,
            44.23028784
          ],
          [
            40.24714556,
            44.23029717
          ],
          [
            40.24713456,
            44.23030683
          ],
          [
            40.2471239,
            44.23031683
          ],
          [
            40.24711357,
            44.23032582
          ],
          [
            40.24710324,
            44.23033548
          ],
          [
            40.24709291,
            44.23034447
          ],
          [
            40.24708425,
            44.23035346
          ],
          [
            40.24707526,
            44.23036279
          ],
          [
            40.2470656,
            44.23037145
          ],
          [
            40.24705594,
            44.23038078
          ],
          [
            40.24704628,
            44.23038977
          ],
          [
            40.24703629,
            44.23039843
          ],
          [
            40.24702563,
            44.23040709
          ],
          [
            40.24701397,
            44.23041542
          ],
          [
            40.24700231,
            44.23042375
          ],
          [
            40.24699065,
            44.23043175
          ],
          [
            40.24697765,
            44.23043941
          ],
          [
            40.24696532,
            44.23044774
          ],
          [
            40.24695299,
            44.23045507
          ],
          [
            40.24694433,
            44.2304594
          ],
          [
            40.24693767,
            44.23046306
          ],
          [
            40.24693134,
            44.23046772
          ],
          [
            40.24692401,
            44.23047305
          ],
          [
            40.24691568,
            44.23047905
          ],
          [
            40.24690602,
            44.23048538
          ],
          [
            40.24689536,
            44.23049271
          ],
          [
            40.2468847,
            44.23050004
          ],
          [
            40.24687204,
            44.2305067
          ],
          [
            40.24685838,
            44.23051336
          ],
          [
            40.24684572,
            44.23051902
          ],
          [
            40.24683406,
            44.23052668
          ],
          [
            40.24682507,
            44.23053667
          ],
          [
            40.24681707,
            44.23054667
          ],
          [
            40.24680674,
            44.23055633
          ],
          [
            40.24679608,
            44.23056499
          ],
          [
            40.24678475,
            44.23057365
          ],
          [
            40.24677342,
            44.23058065
          ],
          [
            40.24676176,
            44.23058898
          ],
          [
            40.24675043,
            44.23059664
          ],
          [
            40.24673744,
            44.23060397
          ],
          [
            40.24672444,
            44.23061097
          ],
          [
            40.24671344,
            44.23061796
          ],
          [
            40.24670345,
            44.23062529
          ],
          [
            40.24669412,
            44.23063295
          ],
          [
            40.24668413,
            44.23064161
          ],
          [
            40.2466738,
            44.23064994
          ],
          [
            40.2466628,
            44.2306586
          ],
          [
            40.24665081,
            44.23066693
          ],
          [
            40.24663981,
            44.23067559
          ],
          [
            40.24662782,
            44.23068392
          ],
          [
            40.24661516,
            44.23069225
          ],
          [
            40.24660383,
            44.23070125
          ],
          [
            40.24659417,
            44.23071058
          ],
          [
            40.24658451,
            44.23071957
          ],
          [
            40.24657685,
            44.23072957
          ],
          [
            40.24657019,
            44.23074023
          ],
          [
            40.24656453,
            44.23075056
          ],
          [
            40.24656054,
            44.23076156
          ],
          [
            40.24655821,
            44.23077189
          ],
          [
            40.24655688,
            44.23078322
          ],
          [
            40.24655821,
            44.23079455
          ],
          [
            40.24656021,
            44.23080588
          ],
          [
            40.24656354,
            44.23081787
          ],
          [
            40.2465662,
            44.2308292
          ],
          [
            40.24656686,
            44.23083986
          ],
          [
            40.24656686,
            44.23085119
          ],
          [
            40.2465652,
            44.23086185
          ],
          [
            40.24656454,
            44.23087285
          ],
          [
            40.24656255,
            44.23088418
          ],
          [
            40.24656022,
            44.23089651
          ],
          [
            40.24655756,
            44.23090784
          ],
          [
            40.24655356,
            44.2309185
          ],
          [
            40.2465489,
            44.23092883
          ],
          [
            40.24654324,
            44.23093849
          ],
          [
            40.24653858,
            44.23094882
          ],
          [
            40.24653525,
            44.23095982
          ],
          [
            40.24653226,
            44.23096948
          ],
          [
            40.2465296,
            44.23097948
          ],
          [
            40.2465256,
            44.23098881
          ],
          [
            40.24651994,
            44.23099847
          ],
          [
            40.24651395,
            44.23100746
          ],
          [
            40.24650662,
            44.23101612
          ],
          [
            40.24649796,
            44.23102478
          ],
          [
            40.24648963,
            44.23103277
          ],
          [
            40.24648163,
            44.23104077
          ],
          [
            40.24647297,
            44.23104743
          ],
          [
            40.24646331,
            44.23105376
          ],
          [
            40.24645332,
            44.23105975
          ],
          [
            40.24644266,
            44.23106641
          ],
          [
            40.24643233,
            44.23107341
          ],
          [
            40.246422,
            44.2310824
          ],
          [
            40.24641534,
            44.23109006
          ],
          [
            40.24640801,
            44.23109972
          ],
          [
            40.24640201,
            44.23111038
          ],
          [
            40.24639735,
            44.23112071
          ],
          [
            40.24639169,
            44.2311307
          ],
          [
            40.24638769,
            44.23114036
          ],
          [
            40.24638403,
            44.23115002
          ],
          [
            40.24638203,
            44.23115968
          ],
          [
            40.24638104,
            44.23116901
          ],
          [
            40.24637938,
            44.23117834
          ],
          [
            40.24637839,
            44.231188
          ],
          [
            40.24637639,
            44.23119799
          ],
          [
            40.2463754,
            44.23120932
          ],
          [
            40.24637474,
            44.23121932
          ],
          [
            40.24637474,
            44.23122998
          ],
          [
            40.2463764,
            44.23124031
          ],
          [
            40.2463784,
            44.23125064
          ],
          [
            40.24638106,
            44.2312613
          ],
          [
            40.24638472,
            44.23127129
          ],
          [
            40.24638605,
            44.23128129
          ],
          [
            40.24638838,
            44.23129195
          ],
          [
            40.24639037,
            44.23130228
          ],
          [
            40.24639237,
            44.23131294
          ],
          [
            40.24639536,
            44.2313226
          ],
          [
            40.24639802,
            44.23133259
          ],
          [
            40.24640135,
            44.23134192
          ],
          [
            40.24640368,
            44.23135158
          ],
          [
            40.24640269,
            44.23136258
          ],
          [
            40.24640302,
            44.23137257
          ],
          [
            40.24640236,
            44.23138323
          ],
          [
            40.24640269,
            44.23139489
          ],
          [
            40.24640236,
            44.23140655
          ],
          [
            40.2464007,
            44.23141688
          ],
          [
            40.24639937,
            44.23142721
          ],
          [
            40.24639704,
            44.23143754
          ],
          [
            40.24639638,
            44.2314482
          ],
          [
            40.24639638,
            44.23145853
          ],
          [
            40.24639738,
            44.23146819
          ],
          [
            40.24639771,
            44.23147718
          ],
          [
            40.24639804,
            44.23148618
          ],
          [
            40.24639903,
            44.23149584
          ],
          [
            40.24640202,
            44.2315045
          ],
          [
            40.24640268,
            44.23151516
          ],
          [
            40.24640102,
            44.23152549
          ],
          [
            40.24639636,
            44.23153482
          ],
          [
            40.2463897,
            44.23154415
          ],
          [
            40.2463847,
            44.23155281
          ],
          [
            40.24637771,
            44.23156247
          ],
          [
            40.24637005,
            44.2315718
          ],
          [
            40.24636139,
            44.23158079
          ],
          [
            40.24635439,
            44.23159012
          ],
          [
            40.24634873,
            44.23160045
          ],
          [
            40.2463434,
            44.23161078
          ],
          [
            40.24633674,
            44.23162078
          ],
          [
            40.24633008,
            44.23162944
          ],
          [
            40.24632142,
            44.2316381
          ],
          [
            40.24631376,
            44.23164709
          ],
          [
            40.24630677,
            44.23165442
          ],
          [
            40.24630277,
            44.23165842
          ],
          [
            40.24630044,
            44.23166075
          ],
          [
            40.24630472,
            44.23166407
          ],
          [
            40.24630306,
            44.23166607
          ],
          [
            40.24630107,
            44.23167006
          ],
          [
            40.24629941,
            44.23167572
          ],
          [
            40.24629741,
            44.23168105
          ],
          [
            40.24629542,
            44.23168671
          ],
          [
            40.24629309,
            44.23169304
          ],
          [
            40.2462901,
            44.23169937
          ],
          [
            40.2462861,
            44.2317067
          ],
          [
            40.24628177,
            44.2317137
          ],
          [
            40.24627777,
            44.23172103
          ],
          [
            40.24627411,
            44.23172836
          ],
          [
            40.24627112,
            44.23173535
          ],
          [
            40.24626813,
            44.23174235
          ],
          [
            40.2462648,
            44.23174968
          ],
          [
            40.2462608,
            44.23175668
          ],
          [
            40.24625747,
            44.23176501
          ],
          [
            40.24625448,
            44.23177334
          ],
          [
            40.24625215,
            44.231781
          ],
          [
            40.24624882,
            44.23178866
          ],
          [
            40.24624516,
            44.23179699
          ],
          [
            40.24624183,
            44.23180365
          ],
          [
            40.24623917,
            44.23181064
          ],
          [
            40.24623684,
            44.23181663
          ],
          [
            40.24623484,
            44.23182029
          ],
          [
            40.24623418,
            44.23182262
          ],
          [
            40.24623319,
            44.23182395
          ],
          [
            40.24623253,
            44.23182528
          ],
          [
            40.24623154,
            44.23182861
          ],
          [
            40.24622988,
            44.23183394
          ],
          [
            40.24622788,
            44.23183993
          ],
          [
            40.24622555,
            44.23184693
          ],
          [
            40.24622289,
            44.23185292
          ],
          [
            40.2462199,
            44.23185992
          ],
          [
            40.2462179,
            44.23186758
          ],
          [
            40.24621557,
            44.23187424
          ],
          [
            40.24621291,
            44.2318829
          ],
          [
            40.24621058,
            44.23189056
          ],
          [
            40.24620992,
            44.23189789
          ],
          [
            40.24620859,
            44.23190522
          ],
          [
            40.24620793,
            44.23191188
          ],
          [
            40.2462056,
            44.23191854
          ],
          [
            40.24620427,
            44.23192454
          ],
          [
            40.24620328,
            44.23193153
          ],
          [
            40.24620361,
            44.23193853
          ],
          [
            40.24620361,
            44.23194452
          ],
          [
            40.24620361,
            44.23195051
          ],
          [
            40.24620361,
            44.2319545
          ],
          [
            40.24620361,
            44.23195749
          ],
          [
            40.24620295,
            44.23195949
          ],
          [
            40.24620195,
            44.23196182
          ],
          [
            40.24620062,
            44.23196548
          ],
          [
            40.24619796,
            44.23197147
          ],
          [
            40.24619497,
            44.23197713
          ],
          [
            40.24619198,
            44.23198246
          ],
          [
            40.24618932,
            44.23198912
          ],
          [
            40.24618633,
            44.23199645
          ],
          [
            40.24618334,
            44.23200345
          ],
          [
            40.24618068,
            44.23201078
          ],
          [
            40.24617902,
            44.23201744
          ],
          [
            40.24617769,
            44.23202477
          ],
          [
            40.24617603,
            44.23203243
          ],
          [
            40.24617337,
            44.23204043
          ],
          [
            40.24617071,
            44.23204843
          ],
          [
            40.24616805,
            44.23205609
          ],
          [
            40.24616506,
            44.23206375
          ],
          [
            40.2461624,
            44.23207108
          ],
          [
            40.24615974,
            44.23207841
          ],
          [
            40.24615575,
            44.23208574
          ],
          [
            40.24615309,
            44.23209374
          ],
          [
            40.24615043,
            44.23210174
          ],
          [
            40.24614843,
            44.23210973
          ],
          [
            40.24614477,
            44.23211739
          ],
          [
            40.24614044,
            44.23212505
          ],
          [
            40.24613711,
            44.23213238
          ],
          [
            40.24613378,
            44.23213904
          ],
          [
            40.24613045,
            44.2321457
          ],
          [
            40.24612712,
            44.23215169
          ],
          [
            40.24612246,
            44.23215835
          ],
          [
            40.24611813,
            44.23216534
          ],
          [
            40.24611447,
            44.23217133
          ],
          [
            40.24611014,
            44.23217833
          ],
          [
            40.24610514,
            44.23218499
          ],
          [
            40.24609981,
            44.23219065
          ],
          [
            40.24609481,
            44.23219598
          ],
          [
            40.24609048,
            44.23220098
          ],
          [
            40.24608715,
            44.23220598
          ],
          [
            40.24608316,
            44.23221097
          ],
          [
            40.24607816,
            44.2322153
          ],
          [
            40.24607283,
            44.23221996
          ],
          [
            40.24606884,
            44.23222495
          ],
          [
            40.24606484,
            44.23222961
          ],
          [
            40.24606051,
            44.23223461
          ],
          [
            40.24605651,
            44.23223994
          ],
          [
            40.24605285,
            44.2322446
          ],
          [
            40.24604785,
            44.23225026
          ],
          [
            40.24604519,
            44.23225625
          ],
          [
            40.2460412,
            44.23226125
          ],
          [
            40.24603721,
            44.23226558
          ],
          [
            40.24603321,
            44.23227024
          ],
          [
            40.24602888,
            44.23227624
          ],
          [
            40.24602555,
            44.23228323
          ],
          [
            40.24602222,
            44.23228922
          ],
          [
            40.24601956,
            44.23229655
          ],
          [
            40.2460169,
            44.23230388
          ],
          [
            40.24601424,
            44.23231054
          ],
          [
            40.24601158,
            44.23231687
          ],
          [
            40.24600859,
            44.23232286
          ],
          [
            40.24600493,
            44.23232852
          ],
          [
            40.24600094,
            44.23233385
          ],
          [
            40.24599828,
            44.23233885
          ],
          [
            40.24599595,
            44.23234418
          ],
          [
            40.24599462,
            44.23234984
          ],
          [
            40.24599495,
            44.23235517
          ],
          [
            40.24599395,
            44.23235983
          ],
          [
            40.24599195,
            44.23236483
          ],
          [
            40.24598962,
            44.23236949
          ],
          [
            40.24598663,
            44.23237449
          ],
          [
            40.24598297,
            44.23238015
          ],
          [
            40.24597931,
            44.23238614
          ],
          [
            40.24597598,
            44.23239113
          ],
          [
            40.24597232,
            44.23239679
          ],
          [
            40.24596899,
            44.23240212
          ],
          [
            40.24596633,
            44.23240612
          ],
          [
            40.24596367,
            44.23241112
          ],
          [
            40.24595901,
            44.23241678
          ],
          [
            40.24595368,
            44.23242211
          ],
          [
            40.24594868,
            44.23242744
          ],
          [
            40.24594335,
            44.23243244
          ],
          [
            40.24593902,
            44.23243744
          ],
          [
            40.24593436,
            44.23244244
          ],
          [
            40.24593037,
            44.23244777
          ],
          [
            40.24592637,
            44.23245176
          ],
          [
            40.24592171,
            44.23245642
          ],
          [
            40.24591672,
            44.23246008
          ],
          [
            40.24591106,
            44.23246208
          ],
          [
            40.24590373,
            44.23246374
          ],
          [
            40.2458964,
            44.23246574
          ],
          [
            40.24588941,
            44.2324694
          ],
          [
            40.24588408,
            44.23247306
          ],
          [
            40.24587809,
            44.23247639
          ],
          [
            40.2458741,
            44.23248005
          ],
          [
            40.24586944,
            44.23248405
          ],
          [
            40.24586511,
            44.23248838
          ],
          [
            40.24586078,
            44.23249171
          ],
          [
            40.24585678,
            44.23249504
          ],
          [
            40.24585245,
            44.23249904
          ],
          [
            40.24584912,
            44.23250337
          ],
          [
            40.24584579,
            44.23250737
          ],
          [
            40.24584246,
            44.23251136
          ],
          [
            40.24583913,
            44.23251536
          ],
          [
            40.2458358,
            44.23251935
          ],
          [
            40.24583181,
            44.23252368
          ],
          [
            40.24582748,
            44.23252701
          ],
          [
            40.24582282,
            44.232531
          ],
          [
            40.24581883,
            44.23253533
          ],
          [
            40.2458155,
            44.23253999
          ],
          [
            40.24581184,
            44.23254465
          ],
          [
            40.24580818,
            44.23254931
          ],
          [
            40.24580452,
            44.23255364
          ],
          [
            40.24580119,
            44.23255797
          ],
          [
            40.24579786,
            44.23256297
          ],
          [
            40.2457952,
            44.23256696
          ],
          [
            40.24579054,
            44.23257162
          ],
          [
            40.24578755,
            44.23257561
          ],
          [
            40.24578355,
            44.23257994
          ],
          [
            40.24577922,
            44.23258393
          ],
          [
            40.24577522,
            44.23258826
          ],
          [
            40.24577089,
            44.23259225
          ],
          [
            40.24576623,
            44.23259658
          ],
          [
            40.2457609,
            44.23260057
          ],
          [
            40.24575491,
            44.23260456
          ],
          [
            40.24574858,
            44.23260789
          ],
          [
            40.24574358,
            44.23261122
          ],
          [
            40.24573858,
            44.23261555
          ],
          [
            40.24573492,
            44.23262055
          ],
          [
            40.24573126,
            44.23262588
          ],
          [
            40.24572793,
            44.23263154
          ],
          [
            40.24572593,
            44.23263687
          ],
          [
            40.2457246,
            44.23264153
          ],
          [
            40.24572394,
            44.23264619
          ],
          [
            40.24572394,
            44.23265185
          ],
          [
            40.24572527,
            44.23265718
          ],
          [
            40.24572626,
            44.23266151
          ],
          [
            40.24572493,
            44.2326655
          ],
          [
            40.24572194,
            44.23267016
          ],
          [
            40.24571895,
            44.23267415
          ],
          [
            40.24571496,
            44.23267848
          ],
          [
            40.24571097,
            44.23268347
          ],
          [
            40.24570631,
            44.23268813
          ],
          [
            40.24570165,
            44.23269346
          ],
          [
            40.24569665,
            44.23269846
          ],
          [
            40.24569299,
            44.23270379
          ],
          [
            40.24569033,
            44.23270878
          ],
          [
            40.245688,
            44.23271478
          ],
          [
            40.24568567,
            44.23272011
          ],
          [
            40.24568401,
            44.23272544
          ],
          [
            40.24568168,
            44.23273044
          ],
          [
            40.24567802,
            44.23273544
          ],
          [
            40.24567402,
            44.23274044
          ],
          [
            40.24567003,
            44.23274577
          ],
          [
            40.24566704,
            44.23275143
          ],
          [
            40.24566405,
            44.23275609
          ],
          [
            40.24566005,
            44.23276042
          ],
          [
            40.24565472,
            44.23276408
          ],
          [
            40.24564939,
            44.23276574
          ],
          [
            40.24564406,
            44.23276673
          ],
          [
            40.24563773,
            44.23276739
          ],
          [
            40.2456324,
            44.23276772
          ],
          [
            40.2456284,
            44.23276805
          ],
          [
            40.24562607,
            44.23276739
          ],
          [
            40.24562705,
            44.23276343
          ],
          [
            40.24562339,
            44.23276409
          ],
          [
            40.24561973,
            44.23276708
          ],
          [
            40.24561574,
            44.23277141
          ],
          [
            40.24561208,
            44.23277674
          ],
          [
            40.24560742,
            44.2327834
          ],
          [
            40.24560443,
            44.23279073
          ],
          [
            40.24560177,
            44.23279806
          ],
          [
            40.24560011,
            44.23280606
          ],
          [
            40.24559978,
            44.23281339
          ],
          [
            40.24560111,
            44.23282138
          ],
          [
            40.24560377,
            44.23282938
          ],
          [
            40.2456081,
            44.23283604
          ],
          [
            40.24561109,
            44.23284303
          ],
          [
            40.24561375,
            44.23284969
          ],
          [
            40.24561541,
            44.23285568
          ],
          [
            40.24561574,
            44.23286267
          ],
          [
            40.24561574,
            44.23287033
          ],
          [
            40.24561541,
            44.23287799
          ],
          [
            40.24561508,
            44.23288665
          ],
          [
            40.24561541,
            44.23289498
          ],
          [
            40.24561574,
            44.23290364
          ],
          [
            40.24561707,
            44.23291197
          ],
          [
            40.24562006,
            44.2329213
          ],
          [
            40.24562206,
            44.23292996
          ],
          [
            40.24562305,
            44.23293895
          ],
          [
            40.24562371,
            44.23294728
          ],
          [
            40.24562537,
            44.23295594
          ],
          [
            40.24562836,
            44.23296427
          ],
          [
            40.24563135,
            44.23297327
          ],
          [
            40.24563468,
            44.23298193
          ],
          [
            40.24563868,
            44.23298959
          ],
          [
            40.24564368,
            44.23299692
          ],
          [
            40.24565067,
            44.23300325
          ],
          [
            40.24565833,
            44.23301025
          ],
          [
            40.24566532,
            44.23301758
          ],
          [
            40.24567298,
            44.23302424
          ],
          [
            40.24568098,
            44.23303323
          ],
          [
            40.24568764,
            44.23304256
          ],
          [
            40.24569297,
            44.23305122
          ],
          [
            40.2456963,
            44.23306055
          ],
          [
            40.24569963,
            44.23306954
          ],
          [
            40.24570296,
            44.23307887
          ],
          [
            40.24570629,
            44.23308853
          ],
          [
            40.24571162,
            44.23309619
          ],
          [
            40.24571528,
            44.23310485
          ],
          [
            40.24571761,
            44.23311351
          ],
          [
            40.24571827,
            44.23312184
          ],
          [
            40.24571827,
            44.23313184
          ],
          [
            40.2457206,
            44.2331395
          ],
          [
            40.24572326,
            44.23314816
          ],
          [
            40.24572625,
            44.23315649
          ],
          [
            40.24572891,
            44.23316382
          ],
          [
            40.2457319,
            44.23317148
          ],
          [
            40.24573556,
            44.23317881
          ],
          [
            40.24574089,
            44.2331858
          ],
          [
            40.24574822,
            44.23319213
          ],
          [
            40.24575655,
            44.23319713
          ],
          [
            40.24576455,
            44.23320279
          ],
          [
            40.24577088,
            44.23320878
          ],
          [
            40.24577687,
            44.23321578
          ],
          [
            40.24578187,
            44.23322177
          ],
          [
            40.24578553,
            44.2332291
          ],
          [
            40.24578786,
            44.2332371
          ],
          [
            40.24578986,
            44.23324476
          ],
          [
            40.24579152,
            44.23325276
          ],
          [
            40.24579451,
            44.23326076
          ],
          [
            40.24579817,
            44.23326842
          ],
          [
            40.24580283,
            44.23327542
          ],
          [
            40.24580716,
            44.23328175
          ],
          [
            40.24581082,
            44.23328941
          ],
          [
            40.24581415,
            44.23329741
          ],
          [
            40.24581748,
            44.23330507
          ],
          [
            40.24582081,
            44.23331207
          ],
          [
            40.24582347,
            44.2333204
          ],
          [
            40.2458258,
            44.23332873
          ],
          [
            40.2458278,
            44.23333706
          ],
          [
            40.24583046,
            44.23334605
          ],
          [
            40.24583412,
            44.23335405
          ],
          [
            40.24583678,
            44.23336238
          ],
          [
            40.24583977,
            44.23337038
          ],
          [
            40.24584276,
            44.23337804
          ],
          [
            40.24584442,
            44.2333867
          ],
          [
            40.24584575,
            44.23339503
          ],
          [
            40.24584509,
            44.23340369
          ],
          [
            40.24584542,
            44.23341268
          ],
          [
            40.24584742,
            44.23342001
          ],
          [
            40.24585008,
            44.23342767
          ],
          [
            40.24585174,
            44.23343567
          ],
          [
            40.2458524,
            44.23344367
          ],
          [
            40.24585373,
            44.23345266
          ],
          [
            40.24585539,
            44.23346132
          ],
          [
            40.24585605,
            44.23346798
          ],
          [
            40.24585671,
            44.23347131
          ],
          [
            40.24585704,
            44.23347397
          ],
          [
            40.24585737,
            44.23347893
          ],
          [
            40.24585803,
            44.23348226
          ],
          [
            40.24585902,
            44.23348692
          ],
          [
            40.24586035,
            44.23349325
          ],
          [
            40.24586134,
            44.23350025
          ],
          [
            40.24586167,
            44.23350791
          ],
          [
            40.245862,
            44.2335159
          ],
          [
            40.24586233,
            44.2335239
          ],
          [
            40.24586299,
            44.2335319
          ],
          [
            40.24586465,
            44.23354023
          ],
          [
            40.24586731,
            44.23354856
          ],
          [
            40.24586997,
            44.23355656
          ],
          [
            40.2458713,
            44.23356456
          ],
          [
            40.2458713,
            44.23357256
          ],
          [
            40.24586897,
            44.23358122
          ],
          [
            40.24586631,
            44.23358988
          ],
          [
            40.24586565,
            44.23359754
          ],
          [
            40.24586499,
            44.23360554
          ],
          [
            40.24586333,
            44.23361387
          ],
          [
            40.245861,
            44.23362187
          ],
          [
            40.24585801,
            44.23362887
          ],
          [
            40.24585468,
            44.23363686
          ],
          [
            40.24585102,
            44.23364452
          ],
          [
            40.24584836,
            44.23365218
          ],
          [
            40.24584503,
            44.23365984
          ],
          [
            40.24584204,
            44.23366617
          ],
          [
            40.24583805,
            44.23367283
          ],
          [
            40.24583539,
            44.23368016
          ],
          [
            40.24583339,
            44.23368715
          ],
          [
            40.24583306,
            44.23369448
          ],
          [
            40.24583339,
            44.23370181
          ],
          [
            40.24583372,
            44.23370747
          ],
          [
            40.24583039,
            44.2337128
          ],
          [
            40.24582606,
            44.23371813
          ],
          [
            40.24582006,
            44.23372246
          ],
          [
            40.2458144,
            44.23372845
          ],
          [
            40.24580907,
            44.23373544
          ],
          [
            40.24580308,
            44.23374177
          ],
          [
            40.24579675,
            44.2337481
          ],
          [
            40.24579042,
            44.23375376
          ],
          [
            40.24578409,
            44.23375942
          ],
          [
            40.24577809,
            44.23376308
          ],
          [
            40.24577376,
            44.23376674
          ],
          [
            40.24577077,
            44.23376973
          ],
          [
            40.24576811,
            44.23377172
          ],
          [
            40.24576645,
            44.23377205
          ],
          [
            40.24576512,
            44.23377139
          ],
          [
            40.24576247,
            44.23376444
          ],
          [
            40.24575817,
            44.23375915
          ],
          [
            40.24575451,
            44.23375981
          ],
          [
            40.24575052,
            44.23376081
          ],
          [
            40.24574587,
            44.23376576
          ],
          [
            40.2457472,
            44.23376642
          ],
          [
            40.2457482,
            44.23376642
          ],
          [
            40.2457472,
            44.23376708
          ],
          [
            40.24574754,
            44.23376939
          ],
          [
            40.24574421,
            44.23377072
          ],
          [
            40.24574022,
            44.23377338
          ],
          [
            40.24573456,
            44.23377704
          ],
          [
            40.2457299,
            44.23378137
          ],
          [
            40.24572557,
            44.2337857
          ],
          [
            40.24572191,
            44.2337897
          ],
          [
            40.24571758,
            44.2337947
          ],
          [
            40.24571358,
            44.23380003
          ],
          [
            40.24570925,
            44.23380503
          ],
          [
            40.24570459,
            44.23380936
          ],
          [
            40.24569993,
            44.23381402
          ],
          [
            40.24569493,
            44.23381802
          ],
          [
            40.24568993,
            44.23382168
          ],
          [
            40.24568427,
            44.23382601
          ],
          [
            40.24567828,
            44.23383067
          ],
          [
            40.24567195,
            44.23383533
          ],
          [
            40.24566562,
            44.23384099
          ],
          [
            40.24565863,
            44.23384599
          ],
          [
            40.24565163,
            44.23385065
          ],
          [
            40.2456453,
            44.23385598
          ],
          [
            40.24563964,
            44.23386098
          ],
          [
            40.24563431,
            44.23386631
          ],
          [
            40.24562898,
            44.23387197
          ],
          [
            40.24562365,
            44.2338773
          ],
          [
            40.24561866,
            44.23388263
          ],
          [
            40.24561366,
            44.23388796
          ],
          [
            40.24561,
            44.23389229
          ],
          [
            40.24560701,
            44.23389562
          ],
          [
            40.24560468,
            44.23389695
          ],
          [
            40.24560302,
            44.23389828
          ],
          [
            40.24560236,
            44.23389928
          ],
          [
            40.24560004,
            44.23390028
          ],
          [
            40.24559705,
            44.23390361
          ],
          [
            40.24559272,
            44.23390794
          ],
          [
            40.24558806,
            44.23391227
          ],
          [
            40.24558273,
            44.2339176
          ],
          [
            40.2455774,
            44.23392293
          ],
          [
            40.24557207,
            44.23392793
          ],
          [
            40.24556707,
            44.23393226
          ],
          [
            40.24556241,
            44.23393692
          ],
          [
            40.24555808,
            44.23394258
          ],
          [
            40.24555475,
            44.23394824
          ],
          [
            40.24555209,
            44.23395457
          ],
          [
            40.24554943,
            44.23395957
          ],
          [
            40.2455461,
            44.23396457
          ],
          [
            40.2455421,
            44.23396957
          ],
          [
            40.24553777,
            44.2339749
          ],
          [
            40.24553178,
            44.23397889
          ],
          [
            40.24552545,
            44.23398289
          ],
          [
            40.24551912,
            44.23398722
          ],
          [
            40.24551246,
            44.23399188
          ],
          [
            40.24550613,
            44.23399621
          ],
          [
            40.24550014,
            44.23399987
          ],
          [
            40.24549314,
            44.23400353
          ],
          [
            40.24548648,
            44.23400752
          ],
          [
            40.24548015,
            44.23401152
          ],
          [
            40.24547416,
            44.23401651
          ],
          [
            40.2454675,
            44.23402184
          ],
          [
            40.2454605,
            44.23402684
          ],
          [
            40.24545284,
            44.2340315
          ],
          [
            40.24544418,
            44.2340365
          ],
          [
            40.24543452,
            44.23404149
          ],
          [
            40.24542519,
            44.23404715
          ],
          [
            40.24541686,
            44.23405314
          ],
          [
            40.24540986,
            44.23405947
          ],
          [
            40.24540387,
            44.23406513
          ],
          [
            40.24539821,
            44.23407146
          ],
          [
            40.24539288,
            44.23407679
          ],
          [
            40.24538689,
            44.23408212
          ],
          [
            40.24538056,
            44.23408745
          ],
          [
            40.2453749,
            44.23409278
          ],
          [
            40.24536957,
            44.23409777
          ],
          [
            40.24536424,
            44.23410343
          ],
          [
            40.24535825,
            44.23410843
          ],
          [
            40.24535159,
            44.23411309
          ],
          [
            40.2453456,
            44.23411875
          ],
          [
            40.2453406,
            44.23412408
          ],
          [
            40.2453356,
            44.23413074
          ],
          [
            40.2453306,
            44.2341374
          ],
          [
            40.2453256,
            44.2341424
          ],
          [
            40.24532127,
            44.23414839
          ],
          [
            40.24531728,
            44.23415505
          ],
          [
            40.24531428,
            44.23416038
          ],
          [
            40.24531095,
            44.23416571
          ],
          [
            40.24530796,
            44.23417137
          ],
          [
            40.24530463,
            44.23417703
          ],
          [
            40.24530064,
            44.23418236
          ],
          [
            40.24529698,
            44.23418802
          ],
          [
            40.24529399,
            44.23419435
          ],
          [
            40.24529166,
            44.23420001
          ],
          [
            40.24528967,
            44.23420567
          ],
          [
            40.24528767,
            44.23420966
          ],
          [
            40.24528503,
            44.23421099
          ],
          [
            40.24528569,
            44.23421465
          ],
          [
            40.24528669,
            44.23422031
          ],
          [
            40.24528735,
            44.2342263
          ],
          [
            40.24528768,
            44.23423296
          ],
          [
            40.24528768,
            44.23424062
          ],
          [
            40.24528801,
            44.23424795
          ],
          [
            40.24528801,
            44.23425561
          ],
          [
            40.24528867,
            44.23426294
          ],
          [
            40.245289,
            44.23427127
          ],
          [
            40.24528867,
            44.23428026
          ],
          [
            40.245289,
            44.23428826
          ],
          [
            40.24528933,
            44.23429626
          ],
          [
            40.24528933,
            44.23430459
          ],
          [
            40.24528833,
            44.23431158
          ],
          [
            40.245286,
            44.23431824
          ],
          [
            40.24528334,
            44.23432523
          ],
          [
            40.24528334,
            44.23433189
          ],
          [
            40.24528301,
            44.23433855
          ],
          [
            40.24528501,
            44.23434588
          ],
          [
            40.24528834,
            44.23435221
          ],
          [
            40.245293,
            44.23435887
          ],
          [
            40.24529899,
            44.23436486
          ],
          [
            40.24530465,
            44.23437019
          ],
          [
            40.24530931,
            44.23437552
          ],
          [
            40.2453133,
            44.23438151
          ],
          [
            40.24531663,
            44.23438817
          ],
          [
            40.24532129,
            44.2343955
          ],
          [
            40.24532662,
            44.23440283
          ],
          [
            40.24533162,
            44.23441016
          ],
          [
            40.24533695,
            44.23441816
          ],
          [
            40.24534328,
            44.23442549
          ],
          [
            40.24534927,
            44.23443349
          ],
          [
            40.2453546,
            44.23444149
          ],
          [
            40.24535993,
            44.23444982
          ],
          [
            40.24536659,
            44.23445715
          ],
          [
            40.24537392,
            44.23446448
          ],
          [
            40.24538025,
            44.23447147
          ],
          [
            40.24538724,
            44.23447813
          ],
          [
            40.2453949,
            44.23448446
          ],
          [
            40.2454029,
            44.23449145
          ],
          [
            40.24541023,
            44.23449744
          ],
          [
            40.24541656,
            44.23450477
          ],
          [
            40.24542322,
            44.2345121
          ],
          [
            40.24543122,
            44.23451876
          ],
          [
            40.24543988,
            44.23452509
          ],
          [
            40.24544921,
            44.23453108
          ],
          [
            40.24545787,
            44.23453741
          ],
          [
            40.2454672,
            44.23454307
          ],
          [
            40.24547686,
            44.2345494
          ],
          [
            40.24548652,
            44.23455473
          ],
          [
            40.24549785,
            44.23456072
          ],
          [
            40.24550918,
            44.23456671
          ],
          [
            40.24552217,
            44.23457204
          ],
          [
            40.24553517,
            44.2345767
          ],
          [
            40.24554883,
            44.23458003
          ],
          [
            40.24556316,
            44.23458336
          ],
          [
            40.24557682,
            44.23458735
          ],
          [
            40.24559082,
            44.23459235
          ],
          [
            40.24560348,
            44.23459735
          ],
          [
            40.24561781,
            44.23460235
          ],
          [
            40.24563314,
            44.23460735
          ],
          [
            40.24564913,
            44.23461168
          ],
          [
            40.24566513,
            44.23461701
          ],
          [
            40.24568046,
            44.234621
          ],
          [
            40.24569612,
            44.23462533
          ],
          [
            40.24571145,
            44.23462999
          ],
          [
            40.24572744,
            44.23463398
          ],
          [
            40.24574377,
            44.23463831
          ],
          [
            40.24575943,
            44.2346423
          ],
          [
            40.24577409,
            44.23464629
          ],
          [
            40.24578842,
            44.23464962
          ],
          [
            40.24580142,
            44.23465361
          ],
          [
            40.24581408,
            44.23465827
          ],
          [
            40.24582607,
            44.2346636
          ],
          [
            40.24583673,
            44.23466959
          ],
          [
            40.24584673,
            44.23467558
          ],
          [
            40.24585639,
            44.23468257
          ],
          [
            40.24586639,
            44.23468957
          ],
          [
            40.24587638,
            44.23469723
          ],
          [
            40.24588838,
            44.23470356
          ],
          [
            40.24590004,
            44.23470822
          ],
          [
            40.24591203,
            44.23471288
          ],
          [
            40.24592369,
            44.23471854
          ],
          [
            40.24593502,
            44.23472387
          ],
          [
            40.24594635,
            44.23472953
          ],
          [
            40.24595668,
            44.23473552
          ],
          [
            40.24596801,
            44.23474218
          ],
          [
            40.245978,
            44.23474717
          ],
          [
            40.24598666,
            44.2347535
          ],
          [
            40.24599366,
            44.23476149
          ],
          [
            40.24599999,
            44.23476949
          ],
          [
            40.24600632,
            44.23477749
          ],
          [
            40.24601365,
            44.23478449
          ],
          [
            40.24602131,
            44.23479048
          ],
          [
            40.24602931,
            44.23479647
          ],
          [
            40.2460353,
            44.2348018
          ],
          [
            40.24603963,
            44.23480846
          ],
          [
            40.24604562,
            44.23481445
          ],
          [
            40.24605028,
            44.23482044
          ],
          [
            40.24605594,
            44.2348271
          ],
          [
            40.2460606,
            44.23483276
          ],
          [
            40.24606459,
            44.23483975
          ],
          [
            40.24606992,
            44.23484708
          ],
          [
            40.24607492,
            44.23485407
          ],
          [
            40.24608025,
            44.23486173
          ],
          [
            40.24608458,
            44.23487039
          ],
          [
            40.24608858,
            44.23487805
          ],
          [
            40.24609157,
            44.23488671
          ],
          [
            40.24609456,
            44.2348957
          ],
          [
            40.24609822,
            44.23490336
          ],
          [
            40.24610055,
            44.23491269
          ],
          [
            40.24610188,
            44.23492135
          ],
          [
            40.24610089,
            44.23493068
          ],
          [
            40.24609889,
            44.23493967
          ],
          [
            40.2460979,
            44.23494767
          ],
          [
            40.2460959,
            44.234956
          ],
          [
            40.24609257,
            44.23496466
          ],
          [
            40.24608924,
            44.23497199
          ],
          [
            40.24608458,
            44.23497899
          ],
          [
            40.24607859,
            44.23498598
          ],
          [
            40.24607226,
            44.23499331
          ],
          [
            40.24606593,
            44.23500097
          ],
          [
            40.24605793,
            44.23500863
          ],
          [
            40.24604927,
            44.23501563
          ],
          [
            40.24603927,
            44.23502262
          ],
          [
            40.24602928,
            44.23502895
          ],
          [
            40.24601862,
            44.23503594
          ],
          [
            40.24600829,
            44.23504327
          ],
          [
            40.24599796,
            44.23505126
          ],
          [
            40.2459873,
            44.23505792
          ],
          [
            40.2459773,
            44.23506458
          ],
          [
            40.24596697,
            44.23507191
          ],
          [
            40.24595598,
            44.23507991
          ],
          [
            40.24594398,
            44.23508724
          ],
          [
            40.24593265,
            44.2350939
          ],
          [
            40.24592266,
            44.23510156
          ],
          [
            40.24591066,
            44.23510822
          ],
          [
            40.245898,
            44.23511455
          ],
          [
            40.24588534,
            44.23512188
          ],
          [
            40.24587235,
            44.23512887
          ],
          [
            40.24585969,
            44.23513653
          ],
          [
            40.24584703,
            44.23514352
          ],
          [
            40.24583403,
            44.23515052
          ],
          [
            40.24581937,
            44.23515685
          ],
          [
            40.24580471,
            44.23516318
          ],
          [
            40.24579038,
            44.23517051
          ],
          [
            40.24577738,
            44.23517817
          ],
          [
            40.24576505,
            44.23518616
          ],
          [
            40.24575205,
            44.23519349
          ],
          [
            40.24573905,
            44.23520115
          ],
          [
            40.24572572,
            44.23520915
          ],
          [
            40.24571139,
            44.23521681
          ],
          [
            40.24569573,
            44.23522381
          ],
          [
            40.24567907,
            44.23522947
          ],
          [
            40.24566274,
            44.23523413
          ],
          [
            40.24564541,
            44.23523846
          ],
          [
            40.24562842,
            44.23524279
          ],
          [
            40.24561143,
            44.23524678
          ],
          [
            40.24559477,
            44.23525111
          ],
          [
            40.24557878,
            44.23525444
          ],
          [
            40.24556245,
            44.23525777
          ],
          [
            40.24554612,
            44.23526043
          ],
          [
            40.24552946,
            44.23526342
          ],
          [
            40.2455128,
            44.23526675
          ],
          [
            40.2454968,
            44.23526974
          ],
          [
            40.24548047,
            44.2352724
          ],
          [
            40.24546547,
            44.23527506
          ],
          [
            40.24545114,
            44.23527839
          ],
          [
            40.24543581,
            44.23528072
          ],
          [
            40.24542081,
            44.23528338
          ],
          [
            40.24540482,
            44.23528571
          ],
          [
            40.24538949,
            44.23528804
          ],
          [
            40.24537416,
            44.2352897
          ],
          [
            40.24535816,
            44.2352917
          ],
          [
            40.24534283,
            44.23529269
          ],
          [
            40.24532683,
            44.23529402
          ],
          [
            40.24531117,
            44.23529568
          ],
          [
            40.24529651,
            44.23529701
          ],
          [
            40.24528185,
            44.235298
          ],
          [
            40.24526686,
            44.235298
          ],
          [
            40.2452522,
            44.23529866
          ],
          [
            40.24523787,
            44.23530032
          ],
          [
            40.24522387,
            44.23530198
          ],
          [
            40.24521088,
            44.23530231
          ],
          [
            40.24519822,
            44.23530231
          ],
          [
            40.24518489,
            44.23530297
          ],
          [
            40.24517223,
            44.2353043
          ],
          [
            40.2451589,
            44.23530563
          ],
          [
            40.24514524,
            44.23530729
          ],
          [
            40.24513158,
            44.23530795
          ],
          [
            40.24511692,
            44.23530861
          ],
          [
            40.24510259,
            44.23531027
          ],
          [
            40.24508859,
            44.23531093
          ],
          [
            40.24507493,
            44.23531293
          ],
          [
            40.24506093,
            44.23531426
          ],
          [
            40.24504627,
            44.23531626
          ],
          [
            40.24503227,
            44.23531825
          ],
          [
            40.24501928,
            44.23531925
          ],
          [
            40.24500662,
            44.23532058
          ],
          [
            40.24499396,
            44.23532158
          ],
          [
            40.24498096,
            44.23532257
          ],
          [
            40.24496796,
            44.2353239
          ],
          [
            40.24495396,
            44.2353249
          ],
          [
            40.2449403,
            44.23532656
          ],
          [
            40.2449253,
            44.23532822
          ],
          [
            40.24491031,
            44.23533022
          ],
          [
            40.24489598,
            44.23533188
          ],
          [
            40.24488232,
            44.23533288
          ],
          [
            40.24486832,
            44.23533387
          ],
          [
            40.24485432,
            44.23533453
          ],
          [
            40.24483899,
            44.23533519
          ],
          [
            40.24482399,
            44.23533685
          ],
          [
            40.244809,
            44.23533818
          ],
          [
            40.24479401,
            44.23534017
          ],
          [
            40.24478035,
            44.2353415
          ],
          [
            40.24476669,
            44.23534416
          ],
          [
            40.24475403,
            44.23534549
          ],
          [
            40.24474037,
            44.23534682
          ],
          [
            40.24472604,
            44.23534915
          ],
          [
            40.24471171,
            44.23535181
          ],
          [
            40.24469605,
            44.23535414
          ],
          [
            40.24468172,
            44.2353568
          ],
          [
            40.24466672,
            44.23535913
          ],
          [
            40.24465272,
            44.23536179
          ],
          [
            40.24463806,
            44.23536412
          ],
          [
            40.2446234,
            44.23536612
          ],
          [
            40.24460907,
            44.23536878
          ],
          [
            40.24459408,
            44.23537144
          ],
          [
            40.24457975,
            44.23537443
          ],
          [
            40.24456509,
            44.23537843
          ],
          [
            40.24455043,
            44.23538209
          ],
          [
            40.24453677,
            44.23538542
          ],
          [
            40.24452277,
            44.23538975
          ],
          [
            40.24450911,
            44.23539341
          ],
          [
            40.24449545,
            44.23539707
          ],
          [
            40.24448179,
            44.23540106
          ],
          [
            40.24446813,
            44.23540505
          ],
          [
            40.24445413,
            44.23540871
          ],
          [
            40.24444113,
            44.23541137
          ],
          [
            40.2444278,
            44.23541503
          ],
          [
            40.24441481,
            44.23541936
          ],
          [
            40.24440282,
            44.23542336
          ],
          [
            40.24439116,
            44.23542702
          ],
          [
            40.24437917,
            44.23542968
          ],
          [
            40.24436684,
            44.23543101
          ],
          [
            40.24435351,
            44.235432
          ],
          [
            40.24434051,
            44.23543433
          ],
          [
            40.24432918,
            44.23543933
          ],
          [
            40.24431885,
            44.23544599
          ],
          [
            40.24430919,
            44.23545232
          ],
          [
            40.2443002,
            44.23545965
          ],
          [
            40.24429187,
            44.23546664
          ],
          [
            40.24428521,
            44.2354743
          ],
          [
            40.24427788,
            44.23548063
          ],
          [
            40.24426922,
            44.23548662
          ],
          [
            40.24426089,
            44.23549162
          ],
          [
            40.24425156,
            44.23549595
          ],
          [
            40.2442409,
            44.23549928
          ],
          [
            40.24423057,
            44.23550294
          ],
          [
            40.24422224,
            44.23550694
          ],
          [
            40.24421758,
            44.23550893
          ],
          [
            40.24421459,
            44.23551026
          ],
          [
            40.24421193,
            44.23551059
          ],
          [
            40.24420993,
            44.23551059
          ],
          [
            40.24420927,
            44.23551059
          ],
          [
            40.24421424,
            44.23551224
          ],
          [
            40.24421788,
            44.23551092
          ],
          [
            40.24421588,
            44.23551092
          ],
          [
            40.24421222,
            44.23551158
          ],
          [
            40.24420722,
            44.23551457
          ],
          [
            40.24420222,
            44.2355189
          ],
          [
            40.24419722,
            44.23552423
          ],
          [
            40.24419256,
            44.23552923
          ],
          [
            40.24418623,
            44.23553522
          ],
          [
            40.24417957,
            44.23554088
          ],
          [
            40.24417191,
            44.23554587
          ],
          [
            40.24416392,
            44.2355512
          ],
          [
            40.24415559,
            44.23555553
          ],
          [
            40.24414593,
            44.23555952
          ],
          [
            40.24413694,
            44.23556318
          ],
          [
            40.24412761,
            44.23556684
          ],
          [
            40.24411861,
            44.23557117
          ],
          [
            40.24410962,
            44.23557483
          ],
          [
            40.24410096,
            44.23557916
          ],
          [
            40.24409263,
            44.23558282
          ],
          [
            40.24408497,
            44.23558748
          ],
          [
            40.24407697,
            44.23559214
          ],
          [
            40.24406897,
            44.23559613
          ],
          [
            40.24406064,
            44.23560046
          ],
          [
            40.24405231,
            44.23560512
          ],
          [
            40.24404465,
            44.23560945
          ],
          [
            40.24403699,
            44.23561378
          ],
          [
            40.24402866,
            44.23561844
          ],
          [
            40.24402066,
            44.23562277
          ],
          [
            40.244013,
            44.2356271
          ],
          [
            40.244006,
            44.23563176
          ],
          [
            40.24399901,
            44.23563642
          ],
          [
            40.24399201,
            44.23564075
          ],
          [
            40.24398535,
            44.23564408
          ],
          [
            40.24397869,
            44.23564808
          ],
          [
            40.2439727,
            44.23565207
          ],
          [
            40.24396604,
            44.23565673
          ],
          [
            40.24395971,
            44.23566206
          ],
          [
            40.24395238,
            44.23566605
          ],
          [
            40.24394572,
            44.23567038
          ],
          [
            40.24393939,
            44.23567571
          ],
          [
            40.24393373,
            44.2356817
          ],
          [
            40.2439284,
            44.23568603
          ],
          [
            40.24392241,
            44.23569036
          ],
          [
            40.24391608,
            44.23569435
          ],
          [
            40.24390975,
            44.23569868
          ],
          [
            40.24390509,
            44.23570201
          ],
          [
            40.24390243,
            44.23570734
          ],
          [
            40.2439001,
            44.23571267
          ],
          [
            40.2438981,
            44.235717
          ],
          [
            40.24389577,
            44.23572233
          ],
          [
            40.24389211,
            44.23572766
          ],
          [
            40.24389011,
            44.23573266
          ],
          [
            40.24388878,
            44.23573766
          ],
          [
            40.24388812,
            44.23574265
          ],
          [
            40.24388679,
            44.23574798
          ],
          [
            40.24388479,
            44.23575298
          ],
          [
            40.24388246,
            44.23575731
          ],
          [
            40.24388013,
            44.2357623
          ],
          [
            40.2438788,
            44.2357683
          ],
          [
            40.24387814,
            44.23577363
          ],
          [
            40.24387781,
            44.23577963
          ],
          [
            40.24387748,
            44.23578596
          ],
          [
            40.24387715,
            44.23579195
          ],
          [
            40.24387781,
            44.23579728
          ],
          [
            40.2438788,
            44.23580327
          ],
          [
            40.2438798,
            44.23580793
          ],
          [
            40.24388179,
            44.23581359
          ],
          [
            40.24388379,
            44.23581825
          ],
          [
            40.24388579,
            44.23582325
          ],
          [
            40.24388812,
            44.23582791
          ],
          [
            40.24388978,
            44.23583291
          ],
          [
            40.24389211,
            44.23583857
          ],
          [
            40.24389377,
            44.2358439
          ],
          [
            40.2438961,
            44.2358499
          ],
          [
            40.24389843,
            44.23585589
          ],
          [
            40.24390243,
            44.23586155
          ],
          [
            40.24390842,
            44.23586588
          ],
          [
            40.24391308,
            44.23587021
          ],
          [
            40.24391808,
            44.23587554
          ],
          [
            40.24392274,
            44.23587953
          ],
          [
            40.24392774,
            44.23588519
          ],
          [
            40.24393207,
            44.23589118
          ],
          [
            40.24393673,
            44.23589618
          ],
          [
            40.24394139,
            44.23590118
          ],
          [
            40.24394572,
            44.23590517
          ],
          [
            40.24395005,
            44.2359105
          ],
          [
            40.24395604,
            44.23591516
          ],
          [
            40.24396237,
            44.23591982
          ],
          [
            40.24396936,
            44.23592415
          ],
          [
            40.24397702,
            44.23592781
          ],
          [
            40.24398435,
            44.23593214
          ],
          [
            40.24399134,
            44.2359368
          ],
          [
            40.24399667,
            44.23594079
          ],
          [
            40.24400266,
            44.23594579
          ],
          [
            40.24400899,
            44.23595178
          ],
          [
            40.24401598,
            44.23595644
          ],
          [
            40.24402364,
            44.2359611
          ],
          [
            40.24403297,
            44.23596476
          ],
          [
            40.2440423,
            44.23596742
          ],
          [
            40.24405263,
            44.23597075
          ],
          [
            40.24406429,
            44.23597374
          ],
          [
            40.24407662,
            44.2359764
          ],
          [
            40.24408861,
            44.23597906
          ],
          [
            40.24409927,
            44.23598305
          ],
          [
            40.24410826,
            44.23598638
          ],
          [
            40.24411492,
            44.23598838
          ],
          [
            40.24411892,
            44.23598971
          ],
          [
            40.24412125,
            44.23599037
          ],
          [
            40.24412325,
            44.2359907
          ],
          [
            40.24412525,
            44.23599103
          ],
          [
            40.24411602,
            44.2360006
          ],
          [
            40.24411569,
            44.2360016
          ],
          [
            40.24411802,
            44.23600293
          ],
          [
            40.24412435,
            44.23600426
          ],
          [
            40.24413134,
            44.23600592
          ],
          [
            40.24413867,
            44.23600891
          ],
          [
            40.244148,
            44.23601124
          ],
          [
            40.24415699,
            44.2360149
          ],
          [
            40.24416598,
            44.23601956
          ],
          [
            40.24417564,
            44.23602422
          ],
          [
            40.24418463,
            44.23602921
          ],
          [
            40.24419496,
            44.23603354
          ],
          [
            40.24420495,
            44.23603753
          ],
          [
            40.24421428,
            44.23604186
          ],
          [
            40.24422328,
            44.23604619
          ],
          [
            40.24423261,
            44.23605052
          ],
          [
            40.24424027,
            44.23605418
          ],
          [
            40.2442466,
            44.23605717
          ],
          [
            40.24425393,
            44.23606016
          ],
          [
            40.24426159,
            44.23606249
          ],
          [
            40.24426825,
            44.23606615
          ],
          [
            40.24427558,
            44.23607114
          ],
          [
            40.24428424,
            44.2360758
          ],
          [
            40.24429224,
            44.23608146
          ],
          [
            40.24430157,
            44.23608812
          ],
          [
            40.2443109,
            44.23609412
          ],
          [
            40.2443219,
            44.23609978
          ],
          [
            40.2443329,
            44.23610511
          ],
          [
            40.24434323,
            44.23610944
          ],
          [
            40.24435256,
            44.2361141
          ],
          [
            40.24436155,
            44.23611976
          ],
          [
            40.24437021,
            44.23612509
          ],
          [
            40.24437954,
            44.23613108
          ],
          [
            40.24438954,
            44.23613741
          ],
          [
            40.2443992,
            44.23614274
          ],
          [
            40.24440553,
            44.23614807
          ],
          [
            40.24440919,
            44.2361514
          ],
          [
            40.24441152,
            44.2361534
          ],
          [
            40.24441516,
            44.23615571
          ],
          [
            40.24441982,
            44.23615737
          ],
          [
            40.24442715,
            44.23616003
          ],
          [
            40.24443614,
            44.23616336
          ],
          [
            40.24444614,
            44.23616702
          ],
          [
            40.2444568,
            44.23617168
          ],
          [
            40.24446813,
            44.23617634
          ],
          [
            40.24447879,
            44.23618167
          ],
          [
            40.24449012,
            44.23618666
          ],
          [
            40.24449945,
            44.23619266
          ],
          [
            40.24450745,
            44.23619999
          ],
          [
            40.24451644,
            44.23620732
          ],
          [
            40.24452577,
            44.23621465
          ],
          [
            40.2445361,
            44.23622198
          ],
          [
            40.24454543,
            44.23623031
          ],
          [
            40.24455442,
            44.23623964
          ],
          [
            40.24456442,
            44.2362483
          ],
          [
            40.24457341,
            44.23625663
          ],
          [
            40.24458207,
            44.23626496
          ],
          [
            40.24459106,
            44.23627296
          ],
          [
            40.24459906,
            44.23628029
          ],
          [
            40.24460606,
            44.23628795
          ],
          [
            40.24461239,
            44.23629528
          ],
          [
            40.24461872,
            44.23630228
          ],
          [
            40.24462372,
            44.23630994
          ],
          [
            40.24462938,
            44.23631727
          ],
          [
            40.24463504,
            44.23632426
          ],
          [
            40.24463937,
            44.23633159
          ],
          [
            40.24464503,
            44.23633959
          ],
          [
            40.24465002,
            44.23634825
          ],
          [
            40.24465535,
            44.23635758
          ],
          [
            40.24465968,
            44.23636624
          ],
          [
            40.24466434,
            44.23637557
          ],
          [
            40.24466967,
            44.23638523
          ],
          [
            40.24467567,
            44.23639356
          ],
          [
            40.24467933,
            44.23640356
          ],
          [
            40.24468199,
            44.23641255
          ],
          [
            40.24468532,
            44.23642188
          ],
          [
            40.24468698,
            44.23643254
          ],
          [
            40.24468897,
            44.23644187
          ],
          [
            40.24469063,
            44.23645086
          ],
          [
            40.24469229,
            44.23646052
          ],
          [
            40.24469429,
            44.23646885
          ],
          [
            40.24469562,
            44.23647718
          ],
          [
            40.24469661,
            44.23648551
          ],
          [
            40.24469794,
            44.23649317
          ],
          [
            40.24469794,
            44.23650017
          ],
          [
            40.24469728,
            44.2365075
          ],
          [
            40.24469695,
            44.23651283
          ],
          [
            40.24469596,
            44.23651883
          ],
          [
            40.24469496,
            44.23652516
          ],
          [
            40.24469363,
            44.23653082
          ],
          [
            40.2446913,
            44.23653781
          ],
          [
            40.24468797,
            44.2365438
          ],
          [
            40.24468397,
            44.2365488
          ],
          [
            40.24467964,
            44.23655246
          ],
          [
            40.24467631,
            44.23655645
          ],
          [
            40.24467365,
            44.23656044
          ],
          [
            40.24467066,
            44.23656544
          ],
          [
            40.24466767,
            44.2365701
          ],
          [
            40.24466367,
            44.23657543
          ],
          [
            40.24466068,
            44.23658042
          ],
          [
            40.24465635,
            44.23658442
          ],
          [
            40.24465036,
            44.23658841
          ],
          [
            40.24464203,
            44.2365914
          ],
          [
            40.24463403,
            44.23659406
          ],
          [
            40.24462537,
            44.23659572
          ],
          [
            40.24461637,
            44.23659772
          ],
          [
            40.24460904,
            44.23659971
          ],
          [
            40.24460204,
            44.23660237
          ],
          [
            40.24459605,
            44.2366037
          ],
          [
            40.24458872,
            44.23660603
          ],
          [
            40.24458139,
            44.23660736
          ],
          [
            40.24457406,
            44.23660736
          ],
          [
            40.24456707,
            44.23660769
          ],
          [
            40.24456007,
            44.23660703
          ],
          [
            40.24455341,
            44.23660537
          ],
          [
            40.24454675,
            44.23660304
          ],
          [
            40.24453875,
            44.23660171
          ],
          [
            40.24453109,
            44.23660138
          ],
          [
            40.24452343,
            44.23660072
          ],
          [
            40.24451577,
            44.23659939
          ],
          [
            40.24450744,
            44.23659806
          ],
          [
            40.24449978,
            44.2365974
          ],
          [
            40.24449312,
            44.23659707
          ],
          [
            40.24448579,
            44.23659574
          ],
          [
            40.24447813,
            44.23659475
          ],
          [
            40.24447013,
            44.23659409
          ],
          [
            40.24446147,
            44.23659343
          ],
          [
            40.24445281,
            44.23659376
          ],
          [
            40.24444415,
            44.23659343
          ],
          [
            40.24443582,
            44.23659244
          ],
          [
            40.24442816,
            44.23659144
          ],
          [
            40.24442016,
            44.23659011
          ],
          [
            40.24441083,
            44.23658978
          ],
          [
            40.2444015,
            44.23659011
          ],
          [
            40.24439217,
            44.23659044
          ],
          [
            40.24438251,
            44.23659077
          ],
          [
            40.24437352,
            44.23659077
          ],
          [
            40.24436486,
            44.2365921
          ],
          [
            40.2443562,
            44.23659309
          ],
          [
            40.24434754,
            44.23659309
          ],
          [
            40.24433788,
            44.23659309
          ],
          [
            40.24432789,
            44.23659342
          ],
          [
            40.24431823,
            44.23659309
          ],
          [
            40.24430757,
            44.23659309
          ],
          [
            40.24429724,
            44.23659309
          ],
          [
            40.24428624,
            44.23659509
          ],
          [
            40.24427591,
            44.23659675
          ],
          [
            40.24426625,
            44.23659841
          ],
          [
            40.24425759,
            44.2365994
          ],
          [
            40.24424993,
            44.23659807
          ],
          [
            40.2442426,
            44.23659474
          ],
          [
            40.2442356,
            44.23659108
          ],
          [
            40.24422927,
            44.23658842
          ],
          [
            40.24422494,
            44.23658709
          ],
          [
            40.24422161,
            44.23658609
          ],
          [
            40.24421928,
            44.23658444
          ],
          [
            40.24421962,
            44.23658179
          ],
          [
            40.24421629,
            44.23658179
          ],
          [
            40.24421063,
            44.23658212
          ],
          [
            40.24420364,
            44.23658511
          ],
          [
            40.24419698,
            44.23659011
          ],
          [
            40.24419065,
            44.2365941
          ],
          [
            40.24418265,
            44.23659676
          ],
          [
            40.24417366,
            44.23659776
          ],
          [
            40.244165,
            44.23659842
          ],
          [
            40.244155,
            44.23659941
          ],
          [
            40.24414434,
            44.23660007
          ],
          [
            40.24413468,
            44.2366004
          ],
          [
            40.24412469,
            44.23660073
          ],
          [
            40.24411569,
            44.23660073
          ],
          [
            40.2441047,
            44.23660172
          ],
          [
            40.24409337,
            44.23660139
          ],
          [
            40.24408271,
            44.23660106
          ],
          [
            40.24407238,
            44.23660106
          ],
          [
            40.24406138,
            44.2366004
          ],
          [
            40.24405172,
            44.23660007
          ],
          [
            40.24404172,
            44.2366004
          ],
          [
            40.24403173,
            44.23660139
          ],
          [
            40.24402107,
            44.23660205
          ],
          [
            40.24401074,
            44.23660238
          ],
          [
            40.24399974,
            44.23660338
          ],
          [
            40.24398941,
            44.23660437
          ],
          [
            40.24397975,
            44.23660503
          ],
          [
            40.24396909,
            44.23660536
          ],
          [
            40.2439591,
            44.23660503
          ],
          [
            40.24394877,
            44.23660337
          ],
          [
            40.24393878,
            44.23660171
          ],
          [
            40.24392745,
            44.23660337
          ],
          [
            40.24391712,
            44.2366057
          ],
          [
            40.24390846,
            44.23660903
          ],
          [
            40.24389913,
            44.23661202
          ],
          [
            40.24389014,
            44.23661535
          ],
          [
            40.24388148,
            44.23661901
          ],
          [
            40.24387249,
            44.236622
          ],
          [
            40.24386416,
            44.23662466
          ],
          [
            40.24385616,
            44.23662866
          ],
          [
            40.24384783,
            44.23663099
          ],
          [
            40.24383983,
            44.23663299
          ],
          [
            40.24383184,
            44.23663565
          ],
          [
            40.24382384,
            44.23663831
          ],
          [
            40.24381718,
            44.23664331
          ],
          [
            40.24381119,
            44.2366493
          ],
          [
            40.24380886,
            44.23665596
          ],
          [
            40.24380787,
            44.23666195
          ],
          [
            40.24380754,
            44.23666628
          ],
          [
            40.24380655,
            44.23666994
          ],
          [
            40.24380622,
            44.23667327
          ],
          [
            40.24380523,
            44.23667493
          ],
          [
            40.2438039,
            44.23667626
          ],
          [
            40.24380291,
            44.23667924
          ],
          [
            40.24380158,
            44.2366799
          ],
          [
            40.24380191,
            44.23668289
          ],
          [
            40.24380058,
            44.23668755
          ],
          [
            40.24379925,
            44.23669354
          ],
          [
            40.24379826,
            44.23670053
          ],
          [
            40.2437966,
            44.23670652
          ],
          [
            40.24379327,
            44.23671218
          ],
          [
            40.24378894,
            44.23671818
          ],
          [
            40.24378361,
            44.23672417
          ],
          [
            40.24377828,
            44.2367295
          ],
          [
            40.24377295,
            44.23673549
          ],
          [
            40.24376729,
            44.23674082
          ],
          [
            40.24376129,
            44.23674548
          ],
          [
            40.24375463,
            44.23674948
          ],
          [
            40.24374764,
            44.23675481
          ],
          [
            40.24374064,
            44.2367598
          ],
          [
            40.24373465,
            44.23676513
          ],
          [
            40.24372832,
            44.23676879
          ],
          [
            40.24372132,
            44.23677345
          ],
          [
            40.24371332,
            44.23677845
          ],
          [
            40.24370566,
            44.23678278
          ],
          [
            40.24369833,
            44.23678544
          ],
          [
            40.24369033,
            44.23678677
          ],
          [
            40.24368167,
            44.23678776
          ],
          [
            40.24367268,
            44.23678842
          ],
          [
            40.24366369,
            44.23678942
          ],
          [
            40.24365636,
            44.23679108
          ],
          [
            40.2436487,
            44.23679374
          ],
          [
            40.24364137,
            44.23679607
          ],
          [
            40.24363304,
            44.2367984
          ],
          [
            40.24362538,
            44.23680073
          ],
          [
            40.24361738,
            44.23680339
          ],
          [
            40.24361072,
            44.23680572
          ],
          [
            40.24360239,
            44.23680705
          ],
          [
            40.24359439,
            44.23680938
          ],
          [
            40.2435874,
            44.23681204
          ],
          [
            40.2435814,
            44.2368147
          ],
          [
            40.24357574,
            44.23681769
          ],
          [
            40.24356975,
            44.23682035
          ],
          [
            40.24356309,
            44.23682334
          ],
          [
            40.24355743,
            44.236827
          ],
          [
            40.2435521,
            44.236831
          ],
          [
            40.24354611,
            44.23683433
          ],
          [
            40.24354111,
            44.23683699
          ],
          [
            40.24353545,
            44.23683899
          ],
          [
            40.24353012,
            44.23684098
          ],
          [
            40.24352446,
            44.23684298
          ],
          [
            40.24351813,
            44.23684597
          ],
          [
            40.24351113,
            44.2368493
          ],
          [
            40.24350347,
            44.23685196
          ],
          [
            40.24349514,
            44.23685529
          ],
          [
            40.24348781,
            44.23685962
          ],
          [
            40.24348015,
            44.23686261
          ],
          [
            40.24347316,
            44.23686594
          ],
          [
            40.24346616,
            44.23686927
          ],
          [
            40.24345917,
            44.23687393
          ],
          [
            40.24345318,
            44.23687992
          ],
          [
            40.24344952,
            44.23688758
          ],
          [
            40.24344452,
            44.23689457
          ],
          [
            40.24343952,
            44.23690257
          ],
          [
            40.24343252,
            44.23690823
          ],
          [
            40.24342419,
            44.23691389
          ],
          [
            40.24341553,
            44.23691988
          ],
          [
            40.24340554,
            44.23692488
          ],
          [
            40.24339554,
            44.23692954
          ],
          [
            40.24338555,
            44.2369352
          ],
          [
            40.24337689,
            44.23694153
          ],
          [
            40.24336889,
            44.23694786
          ],
          [
            40.24336156,
            44.23695419
          ],
          [
            40.24335457,
            44.23696019
          ],
          [
            40.24334757,
            44.23696618
          ],
          [
            40.24333991,
            44.23697284
          ],
          [
            40.24333291,
            44.23697917
          ],
          [
            40.24332592,
            44.2369855
          ],
          [
            40.24331926,
            44.23699283
          ],
          [
            40.24331126,
            44.23700049
          ],
          [
            40.24330293,
            44.23700849
          ],
          [
            40.24329527,
            44.23701582
          ],
          [
            40.24328827,
            44.23702382
          ],
          [
            40.24328061,
            44.23703182
          ],
          [
            40.24327195,
            44.23703915
          ],
          [
            40.24326362,
            44.23704648
          ],
          [
            40.24325496,
            44.23705314
          ],
          [
            40.2432473,
            44.23706013
          ],
          [
            40.24323864,
            44.23706713
          ],
          [
            40.24322931,
            44.23707379
          ],
          [
            40.24322131,
            44.23708112
          ],
          [
            40.24321298,
            44.23708811
          ],
          [
            40.24320499,
            44.23709511
          ],
          [
            40.24319733,
            44.2371021
          ],
          [
            40.24318933,
            44.23710876
          ],
          [
            40.243182,
            44.23711609
          ],
          [
            40.24317701,
            44.23712309
          ],
          [
            40.24317102,
            44.23712942
          ],
          [
            40.24316502,
            44.23713508
          ],
          [
            40.24315936,
            44.23714141
          ],
          [
            40.2431537,
            44.23714774
          ],
          [
            40.24314804,
            44.23715474
          ],
          [
            40.24314238,
            44.2371604
          ],
          [
            40.24313772,
            44.23716573
          ],
          [
            40.24313439,
            44.23717172
          ],
          [
            40.2431324,
            44.23717705
          ],
          [
            40.24313174,
            44.23718238
          ],
          [
            40.2431334,
            44.23718804
          ],
          [
            40.24313573,
            44.23719437
          ],
          [
            40.24313773,
            44.23720103
          ],
          [
            40.24313872,
            44.23720736
          ],
          [
            40.24314038,
            44.23721235
          ],
          [
            40.24314237,
            44.23721701
          ],
          [
            40.24314503,
            44.23722234
          ],
          [
            40.24314802,
            44.23722767
          ],
          [
            40.24315235,
            44.23723133
          ],
          [
            40.24315701,
            44.23723699
          ],
          [
            40.243162,
            44.23724232
          ],
          [
            40.24316666,
            44.23724631
          ],
          [
            40.24317166,
            44.23725031
          ],
          [
            40.24317666,
            44.2372543
          ],
          [
            40.24318299,
            44.23725729
          ],
          [
            40.24318932,
            44.23726129
          ],
          [
            40.24319531,
            44.23726562
          ],
          [
            40.24319997,
            44.23727028
          ],
          [
            40.24320563,
            44.23727427
          ],
          [
            40.24321296,
            44.23727793
          ],
          [
            40.24322329,
            44.23727959
          ],
          [
            40.24323295,
            44.23728125
          ],
          [
            40.24324328,
            44.23728291
          ],
          [
            40.24325361,
            44.23728424
          ],
          [
            40.24326394,
            44.2372859
          ],
          [
            40.2432746,
            44.2372879
          ],
          [
            40.24328426,
            44.23728724
          ],
          [
            40.24329625,
            44.23728724
          ],
          [
            40.24330791,
            44.23728691
          ],
          [
            40.24331957,
            44.23728625
          ],
          [
            40.2433319,
            44.23728592
          ],
          [
            40.24334489,
            44.23728592
          ],
          [
            40.24335655,
            44.23728625
          ],
          [
            40.24336888,
            44.23728791
          ],
          [
            40.24338087,
            44.23728957
          ],
          [
            40.24339387,
            44.23729123
          ],
          [
            40.24340787,
            44.23729223
          ],
          [
            40.24342253,
            44.23729289
          ],
          [
            40.24343719,
            44.23729322
          ],
          [
            40.24345185,
            44.23729289
          ],
          [
            40.24346551,
            44.2372919
          ],
          [
            40.24347817,
            44.2372919
          ],
          [
            40.2434905,
            44.23729323
          ],
          [
            40.24350116,
            44.23729589
          ],
          [
            40.24351149,
            44.23729888
          ],
          [
            40.24351982,
            44.23730354
          ],
          [
            40.24352681,
            44.2373102
          ],
          [
            40.24353114,
            44.23731686
          ],
          [
            40.24353347,
            44.23732352
          ],
          [
            40.24353547,
            44.23733018
          ],
          [
            40.2435368,
            44.23733684
          ],
          [
            40.24353514,
            44.2373435
          ],
          [
            40.24353248,
            44.23734949
          ],
          [
            40.24352915,
            44.23735515
          ],
          [
            40.24352515,
            44.23736114
          ],
          [
            40.24351982,
            44.2373668
          ],
          [
            40.24351482,
            44.23737213
          ],
          [
            40.24351183,
            44.23737713
          ],
          [
            40.2435085,
            44.23738312
          ],
          [
            40.24350617,
            44.23738878
          ],
          [
            40.24350251,
            44.23739344
          ],
          [
            40.24349985,
            44.23739677
          ],
          [
            40.24349652,
            44.23740143
          ],
          [
            40.24349419,
            44.23740676
          ],
          [
            40.24349086,
            44.23741276
          ],
          [
            40.24348887,
            44.23741975
          ],
          [
            40.24348754,
            44.23742641
          ],
          [
            40.24348887,
            44.23743474
          ],
          [
            40.24349153,
            44.23744274
          ],
          [
            40.24349586,
            44.23745173
          ],
          [
            40.24350019,
            44.23746039
          ],
          [
            40.24350518,
            44.23746905
          ],
          [
            40.24351117,
            44.23747804
          ],
          [
            40.24352083,
            44.23748403
          ],
          [
            40.24353216,
            44.23749002
          ],
          [
            40.24354415,
            44.23749601
          ],
          [
            40.24355748,
            44.23750167
          ],
          [
            40.24357014,
            44.23750833
          ],
          [
            40.24358147,
            44.23751499
          ],
          [
            40.2435918,
            44.23752299
          ],
          [
            40.24360113,
            44.23753265
          ],
          [
            40.24361179,
            44.23754198
          ],
          [
            40.24362312,
            44.23755131
          ],
          [
            40.24363545,
            44.23755864
          ],
          [
            40.24364611,
            44.23756664
          ],
          [
            40.24365644,
            44.23757397
          ],
          [
            40.24366744,
            44.2375813
          ],
          [
            40.24367877,
            44.23758796
          ],
          [
            40.24368877,
            44.23759395
          ],
          [
            40.24369543,
            44.23759761
          ],
          [
            40.24369942,
            44.23759927
          ],
          [
            40.24370207,
            44.23760126
          ],
          [
            40.24370407,
            44.23760292
          ],
          [
            40.24370673,
            44.23760425
          ],
          [
            40.24371072,
            44.23760724
          ],
          [
            40.24371605,
            44.23761157
          ],
          [
            40.24372171,
            44.2376169
          ],
          [
            40.24372804,
            44.23762256
          ],
          [
            40.2437347,
            44.23762956
          ],
          [
            40.24374236,
            44.23763756
          ],
          [
            40.24374969,
            44.23764722
          ],
          [
            40.24375669,
            44.23765755
          ],
          [
            40.24376435,
            44.23766855
          ],
          [
            40.24377201,
            44.23767988
          ],
          [
            40.24378001,
            44.23769187
          ],
          [
            40.243789,
            44.23770453
          ],
          [
            40.24379833,
            44.23771653
          ],
          [
            40.24380632,
            44.23772919
          ],
          [
            40.24381398,
            44.23774285
          ],
          [
            40.24382198,
            44.23775618
          ],
          [
            40.24382998,
            44.23776917
          ],
          [
            40.24383831,
            44.23778217
          ],
          [
            40.24384631,
            44.23779517
          ],
          [
            40.24385597,
            44.23780783
          ],
          [
            40.2438663,
            44.23782016
          ],
          [
            40.24387929,
            44.23783082
          ],
          [
            40.24389162,
            44.23784215
          ],
          [
            40.24390328,
            44.23785381
          ],
          [
            40.24391394,
            44.23786647
          ],
          [
            40.2439246,
            44.2378778
          ],
          [
            40.24393493,
            44.23788846
          ],
          [
            40.24394726,
            44.23789845
          ],
          [
            40.24396159,
            44.23790611
          ],
          [
            40.24397792,
            44.23791244
          ],
          [
            40.24399425,
            44.23791677
          ],
          [
            40.24400991,
            44.2379201
          ],
          [
            40.24402457,
            44.23792409
          ],
          [
            40.24404023,
            44.23792909
          ],
          [
            40.24405689,
            44.23793342
          ],
          [
            40.24407089,
            44.23793841
          ],
          [
            40.24408522,
            44.23794307
          ],
          [
            40.24409921,
            44.23794707
          ],
          [
            40.24411121,
            44.2379514
          ],
          [
            40.24412187,
            44.23795673
          ],
          [
            40.24413253,
            44.23796272
          ],
          [
            40.24414286,
            44.23796838
          ],
          [
            40.24415319,
            44.23797437
          ],
          [
            40.24416385,
            44.23798036
          ],
          [
            40.24417518,
            44.23798536
          ],
          [
            40.24418784,
            44.23798769
          ],
          [
            40.2441995,
            44.23799135
          ],
          [
            40.24421116,
            44.23799601
          ],
          [
            40.24422182,
            44.23800267
          ],
          [
            40.24423315,
            44.23801
          ],
          [
            40.24424481,
            44.23801733
          ],
          [
            40.24425481,
            44.23802566
          ],
          [
            40.24426581,
            44.23803299
          ],
          [
            40.24427814,
            44.23804099
          ],
          [
            40.24429013,
            44.23805065
          ],
          [
            40.24430279,
            44.23805965
          ],
          [
            40.24431512,
            44.23806831
          ],
          [
            40.24432645,
            44.23807764
          ],
          [
            40.24433778,
            44.23808697
          ],
          [
            40.24434944,
            44.23809663
          ],
          [
            40.24435977,
            44.23810662
          ],
          [
            40.2443701,
            44.23811662
          ],
          [
            40.24438143,
            44.23812528
          ],
          [
            40.24439276,
            44.23813294
          ],
          [
            40.24440509,
            44.23814093
          ],
          [
            40.24441642,
            44.23814959
          ],
          [
            40.24442575,
            44.23815958
          ],
          [
            40.24443408,
            44.23817024
          ],
          [
            40.24444174,
            44.23818124
          ],
          [
            40.24444907,
            44.2381919
          ],
          [
            40.24445707,
            44.23820223
          ],
          [
            40.24446507,
            44.23821256
          ],
          [
            40.24447306,
            44.23822322
          ],
          [
            40.24448239,
            44.23823321
          ],
          [
            40.24449105,
            44.23824421
          ],
          [
            40.24449804,
            44.23825521
          ],
          [
            40.2445047,
            44.23826621
          ],
          [
            40.24451169,
            44.2382782
          ],
          [
            40.24451902,
            44.2382902
          ],
          [
            40.24452801,
            44.23830186
          ],
          [
            40.24453734,
            44.23831385
          ],
          [
            40.24454734,
            44.23832485
          ],
          [
            40.24455767,
            44.23833518
          ],
          [
            40.244568,
            44.23834651
          ],
          [
            40.24457766,
            44.23835784
          ],
          [
            40.24458732,
            44.2383685
          ],
          [
            40.24459631,
            44.23837883
          ],
          [
            40.24460697,
            44.23838782
          ],
          [
            40.2446183,
            44.23839782
          ],
          [
            40.24463029,
            44.23840715
          ],
          [
            40.24464362,
            44.23841748
          ],
          [
            40.24465628,
            44.23842747
          ],
          [
            40.24466827,
            44.2384378
          ],
          [
            40.24468093,
            44.23844713
          ],
          [
            40.24469393,
            44.23845679
          ],
          [
            40.24470626,
            44.23846645
          ],
          [
            40.24471926,
            44.23847578
          ],
          [
            40.24473292,
            44.23848477
          ],
          [
            40.24474591,
            44.23849376
          ],
          [
            40.24475891,
            44.23850409
          ],
          [
            40.24477324,
            44.23851442
          ],
          [
            40.2447879,
            44.23852375
          ],
          [
            40.24480223,
            44.23853341
          ],
          [
            40.24481856,
            44.23854174
          ],
          [
            40.24483522,
            44.23855007
          ],
          [
            40.24485055,
            44.2385584
          ],
          [
            40.24486488,
            44.23856706
          ],
          [
            40.24488021,
            44.23857605
          ],
          [
            40.24489687,
            44.23858405
          ],
          [
            40.24491287,
            44.23859105
          ],
          [
            40.24492886,
            44.23859638
          ],
          [
            40.24494552,
            44.23860171
          ],
          [
            40.24496251,
            44.23860604
          ],
          [
            40.24497784,
            44.2386107
          ],
          [
            40.24499417,
            44.2386147
          ],
          [
            40.24500983,
            44.23861869
          ],
          [
            40.24502449,
            44.23862302
          ],
          [
            40.24503949,
            44.23862668
          ],
          [
            40.24505482,
            44.23863001
          ],
          [
            40.24507082,
            44.238633
          ],
          [
            40.24508648,
            44.23863633
          ],
          [
            40.24510181,
            44.23863932
          ],
          [
            40.24511614,
            44.23864398
          ],
          [
            40.24513113,
            44.23864831
          ],
          [
            40.24514646,
            44.2386513
          ],
          [
            40.24516312,
            44.23865529
          ],
          [
            40.24517978,
            44.23865895
          ],
          [
            40.24519711,
            44.23866294
          ],
          [
            40.2452141,
            44.23866694
          ],
          [
            40.24523109,
            44.23867027
          ],
          [
            40.24524775,
            44.2386746
          ],
          [
            40.24526608,
            44.2386796
          ],
          [
            40.24528374,
            44.23868426
          ],
          [
            40.24530073,
            44.23868959
          ],
          [
            40.24531772,
            44.23869492
          ],
          [
            40.24533471,
            44.23870058
          ],
          [
            40.24535137,
            44.23870691
          ],
          [
            40.24536803,
            44.23871324
          ],
          [
            40.24538402,
            44.23871824
          ],
          [
            40.24540035,
            44.2387229
          ],
          [
            40.24541668,
            44.23872656
          ],
          [
            40.24543268,
            44.23872955
          ],
          [
            40.24544801,
            44.23873421
          ],
          [
            40.24546467,
            44.23873954
          ],
          [
            40.245482,
            44.23874553
          ],
          [
            40.24549966,
            44.23875019
          ],
          [
            40.24551699,
            44.23875585
          ],
          [
            40.24553399,
            44.23876118
          ],
          [
            40.24555098,
            44.23876584
          ],
          [
            40.24556764,
            44.2387705
          ],
          [
            40.2455833,
            44.2387745
          ],
          [
            40.24559796,
            44.23877983
          ],
          [
            40.24561262,
            44.23878549
          ],
          [
            40.24562662,
            44.23879215
          ],
          [
            40.24564062,
            44.23879881
          ],
          [
            40.24565428,
            44.23880614
          ],
          [
            40.24566561,
            44.2388148
          ],
          [
            40.24567661,
            44.23882446
          ],
          [
            40.24568394,
            44.23883579
          ],
          [
            40.24569093,
            44.23884645
          ],
          [
            40.24569793,
            44.23885745
          ],
          [
            40.24570459,
            44.23886945
          ],
          [
            40.24571192,
            44.23887944
          ],
          [
            40.24571891,
            44.23888877
          ],
          [
            40.24572391,
            44.23889777
          ],
          [
            40.24572957,
            44.2389051
          ],
          [
            40.24573356,
            44.23891343
          ],
          [
            40.24573722,
            44.23892309
          ],
          [
            40.24574021,
            44.23893342
          ],
          [
            40.2457412,
            44.23894442
          ],
          [
            40.24574253,
            44.23895442
          ],
          [
            40.24574253,
            44.23896575
          ],
          [
            40.2457422,
            44.23897641
          ],
          [
            40.24574187,
            44.23898474
          ],
          [
            40.24574088,
            44.2389934
          ],
          [
            40.24574022,
            44.23900239
          ],
          [
            40.24573989,
            44.23900972
          ],
          [
            40.24573923,
            44.23901672
          ],
          [
            40.2457389,
            44.23902238
          ],
          [
            40.24573724,
            44.23902771
          ],
          [
            40.24573491,
            44.23903304
          ],
          [
            40.24573158,
            44.2390387
          ],
          [
            40.24572758,
            44.23904469
          ],
          [
            40.24572359,
            44.23904969
          ],
          [
            40.24571826,
            44.23905468
          ],
          [
            40.24571293,
            44.23905934
          ],
          [
            40.2457096,
            44.23906134
          ],
          [
            40.24570661,
            44.23906233
          ],
          [
            40.24570562,
            44.23906001
          ],
          [
            40.24570462,
            44.23905968
          ],
          [
            40.24570129,
            44.23906134
          ],
          [
            40.24569596,
            44.239065
          ],
          [
            40.24569163,
            44.23906933
          ],
          [
            40.2456863,
            44.23907399
          ],
          [
            40.24568031,
            44.23907799
          ],
          [
            40.24567531,
            44.23908165
          ],
          [
            40.24566798,
            44.23908531
          ],
          [
            40.24565932,
            44.2390883
          ],
          [
            40.24565166,
            44.23909196
          ],
          [
            40.24564267,
            44.23909595
          ],
          [
            40.24563401,
            44.23909994
          ],
          [
            40.24562368,
            44.23910427
          ],
          [
            40.24561335,
            44.2391066
          ],
          [
            40.24560302,
            44.23910893
          ],
          [
            40.24559169,
            44.23911026
          ],
          [
            40.24558169,
            44.23911126
          ],
          [
            40.24557036,
            44.23911093
          ],
          [
            40.2455587,
            44.2391106
          ],
          [
            40.2455477,
            44.23910994
          ],
          [
            40.24553504,
            44.23910961
          ],
          [
            40.24552305,
            44.23910928
          ],
          [
            40.24551105,
            44.23910895
          ],
          [
            40.24549806,
            44.23910961
          ],
          [
            40.2454854,
            44.23910928
          ],
          [
            40.24547241,
            44.23910862
          ],
          [
            40.24545941,
            44.23910796
          ],
          [
            40.24544608,
            44.23910829
          ],
          [
            40.24543442,
            44.23910929
          ],
          [
            40.24542309,
            44.23910796
          ],
          [
            40.2454111,
            44.2391043
          ],
          [
            40.24539877,
            44.23910097
          ],
          [
            40.24538578,
            44.23909798
          ],
          [
            40.24537278,
            44.23909732
          ],
          [
            40.24536045,
            44.23909666
          ],
          [
            40.24534679,
            44.23909633
          ],
          [
            40.24533346,
            44.23909467
          ],
          [
            40.2453208,
            44.23909267
          ],
          [
            40.24530814,
            44.23909067
          ],
          [
            40.24529615,
            44.23908867
          ],
          [
            40.24528449,
            44.23908601
          ],
          [
            40.24527116,
            44.23908468
          ],
          [
            40.24525883,
            44.23908302
          ],
          [
            40.24524583,
            44.23908302
          ],
          [
            40.2452335,
            44.23908203
          ],
          [
            40.2452215,
            44.23908003
          ],
          [
            40.24520817,
            44.23907904
          ],
          [
            40.24519551,
            44.23907771
          ],
          [
            40.24518318,
            44.23907605
          ],
          [
            40.24517119,
            44.23907472
          ],
          [
            40.24516019,
            44.23907239
          ],
          [
            40.24514719,
            44.23907173
          ],
          [
            40.24513419,
            44.2390704
          ],
          [
            40.24512186,
            44.23906941
          ],
          [
            40.24510853,
            44.23906875
          ],
          [
            40.2450952,
            44.23906742
          ],
          [
            40.2450812,
            44.23906609
          ],
          [
            40.2450652,
            44.23906476
          ],
          [
            40.24505054,
            44.23906377
          ],
          [
            40.24503554,
            44.23906244
          ],
          [
            40.24502055,
            44.23906178
          ],
          [
            40.24500522,
            44.23906145
          ],
          [
            40.24498856,
            44.23906145
          ],
          [
            40.24497256,
            44.23906112
          ],
          [
            40.2449559,
            44.23906046
          ],
          [
            40.24493957,
            44.23906013
          ],
          [
            40.24492291,
            44.23905914
          ],
          [
            40.24490625,
            44.23905714
          ],
          [
            40.24488926,
            44.23905581
          ],
          [
            40.24487227,
            44.23905448
          ],
          [
            40.24485661,
            44.23905315
          ],
          [
            40.24483995,
            44.23905215
          ],
          [
            40.24482262,
            44.23905182
          ],
          [
            40.24480496,
            44.23905083
          ],
          [
            40.24478763,
            44.2390495
          ],
          [
            40.24477064,
            44.23904751
          ],
          [
            40.24475365,
            44.23904551
          ],
          [
            40.24473765,
            44.23904218
          ],
          [
            40.24472199,
            44.23903885
          ],
          [
            40.24470666,
            44.23903519
          ],
          [
            40.244692,
            44.2390302
          ],
          [
            40.24467767,
            44.23902454
          ],
          [
            40.24466401,
            44.23901854
          ],
          [
            40.24465068,
            44.23901188
          ],
          [
            40.24463702,
            44.23900555
          ],
          [
            40.24462336,
            44.23899989
          ],
          [
            40.24461003,
            44.23899423
          ],
          [
            40.2445967,
            44.23898824
          ],
          [
            40.24458337,
            44.23898191
          ],
          [
            40.24456937,
            44.23897558
          ],
          [
            40.24455571,
            44.23896992
          ],
          [
            40.24454271,
            44.23896293
          ],
          [
            40.24453105,
            44.2389556
          ],
          [
            40.24451939,
            44.23894894
          ],
          [
            40.24450706,
            44.23894361
          ],
          [
            40.24449573,
            44.23893861
          ],
          [
            40.24448607,
            44.23893295
          ],
          [
            40.24447708,
            44.23892629
          ],
          [
            40.24446908,
            44.23891896
          ],
          [
            40.24446009,
            44.23891163
          ],
          [
            40.24445143,
            44.23890464
          ],
          [
            40.24444243,
            44.23889731
          ],
          [
            40.24443277,
            44.23888998
          ],
          [
            40.24442378,
            44.23888265
          ],
          [
            40.24441512,
            44.23887532
          ],
          [
            40.24440512,
            44.23886899
          ],
          [
            40.24439446,
            44.23886233
          ],
          [
            40.24438347,
            44.238857
          ],
          [
            40.24437147,
            44.23885267
          ],
          [
            40.24435981,
            44.23884868
          ],
          [
            40.24434848,
            44.23884435
          ],
          [
            40.24433782,
            44.23883969
          ],
          [
            40.24432749,
            44.23883569
          ],
          [
            40.24431783,
            44.23883236
          ],
          [
            40.24430817,
            44.23882803
          ],
          [
            40.24429684,
            44.23882303
          ],
          [
            40.24428684,
            44.23881837
          ],
          [
            40.24427751,
            44.23881338
          ],
          [
            40.24426785,
            44.23880872
          ],
          [
            40.24425886,
            44.23880439
          ],
          [
            40.24425086,
            44.2388004
          ],
          [
            40.2442432,
            44.23879507
          ],
          [
            40.24423487,
            44.23879108
          ],
          [
            40.24422554,
            44.23878708
          ],
          [
            40.24421621,
            44.23878342
          ],
          [
            40.24420521,
            44.23877976
          ],
          [
            40.24419388,
            44.23877576
          ],
          [
            40.24418322,
            44.23877177
          ],
          [
            40.24417189,
            44.23876777
          ],
          [
            40.2441619,
            44.23876244
          ],
          [
            40.24415324,
            44.23875745
          ],
          [
            40.24414391,
            44.23875145
          ],
          [
            40.24413458,
            44.23874612
          ],
          [
            40.24412425,
            44.23874079
          ],
          [
            40.24411392,
            44.23873613
          ],
          [
            40.24410359,
            44.23873147
          ],
          [
            40.24409359,
            44.23872748
          ],
          [
            40.24408426,
            44.23872248
          ],
          [
            40.24407493,
            44.23871649
          ],
          [
            40.24406493,
            44.2387105
          ],
          [
            40.24405594,
            44.23870417
          ],
          [
            40.24404761,
            44.23869717
          ],
          [
            40.24403961,
            44.23869018
          ],
          [
            40.24403028,
            44.23868318
          ],
          [
            40.24402028,
            44.23867652
          ],
          [
            40.24401295,
            44.23866952
          ],
          [
            40.24400929,
            44.23866419
          ],
          [
            40.24400629,
            44.23866053
          ],
          [
            40.2440053,
            44.2386572
          ],
          [
            40.2440053,
            44.23865554
          ],
          [
            40.24400596,
            44.23865388
          ],
          [
            40.24400761,
            44.2386509
          ],
          [
            40.24400595,
            44.23865057
          ],
          [
            40.24400198,
            44.23864759
          ],
          [
            40.24399865,
            44.23864559
          ],
          [
            40.24399399,
            44.2386426
          ],
          [
            40.243988,
            44.2386386
          ],
          [
            40.24398234,
            44.23863527
          ],
          [
            40.24397701,
            44.23863161
          ],
          [
            40.24397302,
            44.23862862
          ],
          [
            40.24397069,
            44.23862662
          ],
          [
            40.24397036,
            44.23862429
          ],
          [
            40.2439697,
            44.23862263
          ],
          [
            40.24397135,
            44.23861238
          ],
          [
            40.24396902,
            44.23861139
          ],
          [
            40.24396336,
            44.23861006
          ],
          [
            40.2439557,
            44.2386094
          ],
          [
            40.24394471,
            44.23860774
          ],
          [
            40.24393238,
            44.23860508
          ],
          [
            40.24391805,
            44.23860242
          ],
          [
            40.24390306,
            44.23860009
          ],
          [
            40.2438874,
            44.2385971
          ],
          [
            40.24387174,
            44.23859377
          ],
          [
            40.24385674,
            44.23858878
          ],
          [
            40.24384008,
            44.23858312
          ],
          [
            40.24382375,
            44.23857779
          ],
          [
            40.24380709,
            44.23857346
          ],
          [
            40.24379043,
            44.23856846
          ],
          [
            40.2437731,
            44.23856247
          ],
          [
            40.24375644,
            44.23855681
          ],
          [
            40.24374078,
            44.23855248
          ],
          [
            40.24372645,
            44.23854882
          ],
          [
            40.24371212,
            44.23854516
          ],
          [
            40.24369746,
            44.23854117
          ],
          [
            40.24368346,
            44.23853717
          ],
          [
            40.2436688,
            44.23853384
          ],
          [
            40.24365414,
            44.23853151
          ],
          [
            40.24364014,
            44.23852951
          ],
          [
            40.24362614,
            44.23852685
          ],
          [
            40.24361248,
            44.23852419
          ],
          [
            40.24359915,
            44.23852186
          ],
          [
            40.24358482,
            44.2385192
          ],
          [
            40.24357049,
            44.23851621
          ],
          [
            40.24355649,
            44.23851355
          ],
          [
            40.24354216,
            44.23851122
          ],
          [
            40.24352683,
            44.23850922
          ],
          [
            40.2435115,
            44.23850756
          ],
          [
            40.2434965,
            44.23850656
          ],
          [
            40.24348017,
            44.23850656
          ],
          [
            40.24346418,
            44.23850722
          ],
          [
            40.24344719,
            44.23850888
          ],
          [
            40.24343253,
            44.23851154
          ],
          [
            40.24341787,
            44.23851354
          ],
          [
            40.24340288,
            44.23851487
          ],
          [
            40.24338722,
            44.23851553
          ],
          [
            40.24337189,
            44.23851719
          ],
          [
            40.2433569,
            44.23851952
          ],
          [
            40.24334124,
            44.23852185
          ],
          [
            40.24332558,
            44.23852451
          ],
          [
            40.24330959,
            44.23852717
          ],
          [
            40.24329426,
            44.23853016
          ],
          [
            40.24327793,
            44.23853282
          ],
          [
            40.24326227,
            44.23853481
          ],
          [
            40.24324694,
            44.23853814
          ],
          [
            40.24323094,
            44.23854213
          ],
          [
            40.24321395,
            44.23854612
          ],
          [
            40.24319729,
            44.23854945
          ],
          [
            40.24318196,
            44.23855244
          ],
          [
            40.24316697,
            44.23855543
          ],
          [
            40.24315097,
            44.23855776
          ],
          [
            40.24313498,
            44.23856075
          ],
          [
            40.24311799,
            44.23856308
          ],
          [
            40.243101,
            44.23856508
          ],
          [
            40.243085,
            44.23856774
          ],
          [
            40.24306934,
            44.23856974
          ],
          [
            40.24305301,
            44.23857107
          ],
          [
            40.24303701,
            44.23857207
          ],
          [
            40.24302035,
            44.23857174
          ],
          [
            40.24300402,
            44.23857174
          ],
          [
            40.24298802,
            44.23857174
          ],
          [
            40.24297236,
            44.23857074
          ],
          [
            40.24295703,
            44.23857041
          ],
          [
            40.24294237,
            44.23856875
          ],
          [
            40.24292771,
            44.23856576
          ],
          [
            40.24291371,
            44.2385621
          ],
          [
            40.24289971,
            44.2385571
          ],
          [
            40.24288671,
            44.23855144
          ],
          [
            40.24287305,
            44.23854611
          ],
          [
            40.24286039,
            44.23854112
          ],
          [
            40.24284773,
            44.23853646
          ],
          [
            40.2428364,
            44.23853313
          ],
          [
            40.2428254,
            44.2385298
          ],
          [
            40.24281474,
            44.2385258
          ],
          [
            40.24280541,
            44.23852214
          ],
          [
            40.24279608,
            44.23851814
          ],
          [
            40.24278742,
            44.23851481
          ],
          [
            40.24277809,
            44.23851082
          ],
          [
            40.2427691,
            44.23850582
          ],
          [
            40.24275977,
            44.23850082
          ],
          [
            40.24275011,
            44.23849649
          ],
          [
            40.24274178,
            44.23849383
          ],
          [
            40.24273279,
            44.23849217
          ],
          [
            40.24272413,
            44.23849084
          ],
          [
            40.24271547,
            44.23848884
          ],
          [
            40.24270647,
            44.23848751
          ],
          [
            40.24269748,
            44.23848585
          ],
          [
            40.24268815,
            44.23848419
          ],
          [
            40.24267949,
            44.23848253
          ],
          [
            40.24266916,
            44.2384812
          ],
          [
            40.2426585,
            44.23847987
          ],
          [
            40.24264884,
            44.23847854
          ],
          [
            40.24264018,
            44.23847788
          ],
          [
            40.24263385,
            44.23847489
          ],
          [
            40.24262785,
            44.2384709
          ],
          [
            40.24262119,
            44.23846657
          ],
          [
            40.24261386,
            44.23846258
          ],
          [
            40.24260587,
            44.23845959
          ],
          [
            40.24259854,
            44.23845693
          ],
          [
            40.24259088,
            44.23845493
          ],
          [
            40.24258089,
            44.2384536
          ],
          [
            40.24257223,
            44.23845261
          ],
          [
            40.2425629,
            44.23845228
          ],
          [
            40.24255224,
            44.23845195
          ],
          [
            40.24254124,
            44.23845129
          ],
          [
            40.24252958,
            44.23845063
          ],
          [
            40.24251825,
            44.23845096
          ],
          [
            40.24250792,
            44.23845195
          ],
          [
            40.24249826,
            44.23845461
          ],
          [
            40.2424906,
            44.23845794
          ],
          [
            40.24248427,
            44.2384606
          ],
          [
            40.24247694,
            44.23846459
          ],
          [
            40.24246828,
            44.23846859
          ],
          [
            40.24245995,
            44.23847325
          ],
          [
            40.24245262,
            44.23847925
          ],
          [
            40.24244596,
            44.23848558
          ],
          [
            40.24244196,
            44.23849324
          ],
          [
            40.24243897,
            44.23850057
          ],
          [
            40.24243564,
            44.23850757
          ],
          [
            40.24243398,
            44.23851456
          ],
          [
            40.24243098,
            44.23852156
          ],
          [
            40.24242765,
            44.23852889
          ],
          [
            40.24242299,
            44.23853655
          ],
          [
            40.24241933,
            44.23854388
          ],
          [
            40.24241667,
            44.23855154
          ],
          [
            40.24241468,
            44.23855954
          ],
          [
            40.24241335,
            44.23856787
          ],
          [
            40.24241169,
            44.2385772
          ],
          [
            40.24241069,
            44.23858686
          ],
          [
            40.24241102,
            44.23859552
          ],
          [
            40.24241036,
            44.23860451
          ],
          [
            40.24241069,
            44.2386135
          ],
          [
            40.24241102,
            44.2386235
          ],
          [
            40.24241102,
            44.23863349
          ],
          [
            40.24241368,
            44.23864282
          ],
          [
            40.24241667,
            44.23865281
          ],
          [
            40.24241966,
            44.23866214
          ],
          [
            40.24242299,
            44.23867147
          ],
          [
            40.24242698,
            44.2386808
          ],
          [
            40.24243264,
            44.23868913
          ],
          [
            40.24243797,
            44.23869746
          ],
          [
            40.24244396,
            44.23870712
          ],
          [
            40.24245262,
            44.23871611
          ],
          [
            40.24245928,
            44.2387251
          ],
          [
            40.24246394,
            44.23873409
          ],
          [
            40.24246827,
            44.23874375
          ],
          [
            40.24247193,
            44.23875374
          ],
          [
            40.24247626,
            44.23876407
          ],
          [
            40.24248159,
            44.2387744
          ],
          [
            40.24248592,
            44.23878439
          ],
          [
            40.24249058,
            44.23879539
          ],
          [
            40.24249491,
            44.23880572
          ],
          [
            40.24249857,
            44.23881405
          ],
          [
            40.24249956,
            44.23881904
          ],
          [
            40.24249923,
            44.23882137
          ],
          [
            40.24249923,
            44.23882337
          ],
          [
            40.2424989,
            44.23882602
          ],
          [
            40.24249989,
            44.23882768
          ],
          [
            40.24250288,
            44.23883168
          ],
          [
            40.24250721,
            44.23883734
          ],
          [
            40.2425122,
            44.23884433
          ],
          [
            40.24251686,
            44.23885266
          ],
          [
            40.24252319,
            44.23885999
          ],
          [
            40.24252985,
            44.23886799
          ],
          [
            40.24253751,
            44.23887532
          ],
          [
            40.24254551,
            44.23888298
          ],
          [
            40.24255284,
            44.23889098
          ],
          [
            40.2425595,
            44.23889931
          ],
          [
            40.24256616,
            44.23890797
          ],
          [
            40.24257249,
            44.23891597
          ],
          [
            40.24257782,
            44.23892397
          ],
          [
            40.24258248,
            44.23893296
          ],
          [
            40.24258714,
            44.23894162
          ],
          [
            40.24259113,
            44.23894962
          ],
          [
            40.24259646,
            44.23895695
          ],
          [
            40.24260146,
            44.23896461
          ],
          [
            40.24260679,
            44.23897327
          ],
          [
            40.24261145,
            44.23898127
          ],
          [
            40.24261611,
            44.23898993
          ],
          [
            40.24262011,
            44.23899826
          ],
          [
            40.24262377,
            44.23900759
          ],
          [
            40.24262843,
            44.23901659
          ],
          [
            40.24263342,
            44.23902625
          ],
          [
            40.24263775,
            44.23903625
          ],
          [
            40.24264208,
            44.23904624
          ],
          [
            40.24264774,
            44.23905557
          ],
          [
            40.2426524,
            44.23906523
          ],
          [
            40.2426564,
            44.23907489
          ],
          [
            40.24266006,
            44.23908489
          ],
          [
            40.24266372,
            44.23909455
          ],
          [
            40.24266805,
            44.23910388
          ],
          [
            40.24267238,
            44.23911421
          ],
          [
            40.24267837,
            44.23912287
          ],
          [
            40.24268337,
            44.2391322
          ],
          [
            40.24268803,
            44.23914119
          ],
          [
            40.24269269,
            44.23915052
          ],
          [
            40.24269668,
            44.23916085
          ],
          [
            40.24270101,
            44.23917118
          ],
          [
            40.24270634,
            44.23918117
          ],
          [
            40.242712,
            44.23919183
          ],
          [
            40.24271833,
            44.23920249
          ],
          [
            40.24272366,
            44.23921315
          ],
          [
            40.24272965,
            44.23922381
          ],
          [
            40.24273664,
            44.23923381
          ],
          [
            40.24274364,
            44.23924414
          ],
          [
            40.24274997,
            44.23925513
          ],
          [
            40.24275563,
            44.23926613
          ],
          [
            40.24276096,
            44.23927679
          ],
          [
            40.24276562,
            44.23928812
          ],
          [
            40.24276962,
            44.23929945
          ],
          [
            40.24277395,
            44.23931011
          ],
          [
            40.24277861,
            44.23932044
          ],
          [
            40.24278561,
            44.2393301
          ],
          [
            40.24279294,
            44.23933943
          ],
          [
            40.24280127,
            44.23934876
          ],
          [
            40.2428096,
            44.23935842
          ],
          [
            40.24281726,
            44.23936808
          ],
          [
            40.24282526,
            44.23937807
          ],
          [
            40.24283259,
            44.2393874
          ],
          [
            40.24283992,
            44.2393974
          ],
          [
            40.24284691,
            44.2394084
          ],
          [
            40.24285324,
            44.23941873
          ],
          [
            40.24285957,
            44.23942906
          ],
          [
            40.24286523,
            44.23943906
          ],
          [
            40.24287222,
            44.23945006
          ],
          [
            40.24287822,
            44.23946172
          ],
          [
            40.24288455,
            44.23947272
          ],
          [
            40.24289021,
            44.23948405
          ],
          [
            40.24289521,
            44.23949505
          ],
          [
            40.24289987,
            44.23950605
          ],
          [
            40.24290487,
            44.23951671
          ],
          [
            40.24290987,
            44.23952771
          ],
          [
            40.2429142,
            44.23953837
          ],
          [
            40.24291753,
            44.23954837
          ],
          [
            40.24292086,
            44.23955803
          ],
          [
            40.24292452,
            44.23956803
          ],
          [
            40.24293018,
            44.23957636
          ],
          [
            40.24293584,
            44.23958569
          ],
          [
            40.24294183,
            44.23959468
          ],
          [
            40.24294782,
            44.23960334
          ],
          [
            40.24295482,
            44.23961233
          ],
          [
            40.24296248,
            44.23962099
          ],
          [
            40.24297048,
            44.23963032
          ],
          [
            40.24297914,
            44.23963931
          ],
          [
            40.2429878,
            44.23964731
          ],
          [
            40.2429948,
            44.23965664
          ],
          [
            40.2429998,
            44.23966597
          ],
          [
            40.24300346,
            44.2396753
          ],
          [
            40.24300645,
            44.23968363
          ],
          [
            40.24300911,
            44.23969196
          ],
          [
            40.24301111,
            44.23969895
          ],
          [
            40.24301144,
            44.23970428
          ],
          [
            40.24300978,
            44.23970894
          ],
          [
            40.24300679,
            44.23971593
          ],
          [
            40.24300346,
            44.23972192
          ],
          [
            40.24299813,
            44.23972792
          ],
          [
            40.24299313,
            44.23973391
          ],
          [
            40.24298747,
            44.23973757
          ],
          [
            40.24298114,
            44.23974023
          ],
          [
            40.24297348,
            44.23974389
          ],
          [
            40.24296649,
            44.23974789
          ],
          [
            40.24295883,
            44.23975188
          ],
          [
            40.24295017,
            44.23975487
          ],
          [
            40.24294151,
            44.23975653
          ],
          [
            40.24293252,
            44.23975752
          ],
          [
            40.24292386,
            44.23975885
          ],
          [
            40.24291453,
            44.23976018
          ],
          [
            40.24290487,
            44.23976184
          ],
          [
            40.24289654,
            44.23976283
          ],
          [
            40.24288821,
            44.23976349
          ],
          [
            40.24287922,
            44.2397625
          ],
          [
            40.24286956,
            44.23976117
          ],
          [
            40.2428589,
            44.23975984
          ],
          [
            40.2428489,
            44.23975751
          ],
          [
            40.24283824,
            44.23975485
          ],
          [
            40.24282724,
            44.23975219
          ],
          [
            40.24281658,
            44.23974953
          ],
          [
            40.24280758,
            44.23974554
          ],
          [
            40.24279959,
            44.23974221
          ],
          [
            40.24278993,
            44.23973922
          ],
          [
            40.24278094,
            44.23973589
          ],
          [
            40.24277094,
            44.2397319
          ],
          [
            40.24276061,
            44.23972757
          ],
          [
            40.24275061,
            44.23972358
          ],
          [
            40.24273995,
            44.23972025
          ],
          [
            40.24272962,
            44.23971726
          ],
          [
            40.24271929,
            44.23971493
          ],
          [
            40.24270929,
            44.2397126
          ],
          [
            40.24269863,
            44.2397106
          ],
          [
            40.2426873,
            44.23970861
          ],
          [
            40.24267597,
            44.23970628
          ],
          [
            40.24266664,
            44.23970329
          ],
          [
            40.24265765,
            44.23969963
          ],
          [
            40.24264899,
            44.23969564
          ],
          [
            40.24263899,
            44.23969165
          ],
          [
            40.24262966,
            44.23968799
          ],
          [
            40.24261967,
            44.239686
          ],
          [
            40.24261067,
            44.239684
          ],
          [
            40.24260201,
            44.23968301
          ],
          [
            40.24259202,
            44.23968168
          ],
          [
            40.24258003,
            44.23968135
          ],
          [
            40.24256903,
            44.23968069
          ],
          [
            40.24255837,
            44.23968036
          ],
          [
            40.24254737,
            44.2396777
          ],
          [
            40.24253737,
            44.2396737
          ],
          [
            40.24252738,
            44.2396687
          ],
          [
            40.24251938,
            44.23966371
          ],
          [
            40.24251438,
            44.23966138
          ],
          [
            40.24251172,
            44.23966072
          ],
          [
            40.24250973,
            44.23966105
          ],
          [
            40.2425051,
            44.23966105
          ],
          [
            40.24250344,
            44.23966171
          ],
          [
            40.24250111,
            44.23966204
          ],
          [
            40.24249912,
            44.23966303
          ],
          [
            40.24249779,
            44.23966468
          ],
          [
            40.24249977,
            44.23966766
          ],
          [
            40.24249944,
            44.23966633
          ],
          [
            40.24249911,
            44.23966467
          ],
          [
            40.24250176,
            44.2396597
          ],
          [
            40.24250076,
            44.23966036
          ],
          [
            40.24249677,
            44.23966202
          ],
          [
            40.24248977,
            44.23966435
          ],
          [
            40.24248078,
            44.23966635
          ],
          [
            40.24247012,
            44.23966768
          ],
          [
            40.24245779,
            44.23966834
          ],
          [
            40.24244446,
            44.23966867
          ],
          [
            40.2424318,
            44.23966834
          ],
          [
            40.24241814,
            44.23966768
          ],
          [
            40.24240514,
            44.23966635
          ],
          [
            40.24239215,
            44.23966469
          ],
          [
            40.24237815,
            44.23966336
          ],
          [
            40.24236382,
            44.23966236
          ],
          [
            40.24234882,
            44.23966203
          ],
          [
            40.24233316,
            44.2396617
          ],
          [
            40.24231683,
            44.23966137
          ],
          [
            40.2423005,
            44.23966071
          ],
          [
            40.24228484,
            44.23966038
          ],
          [
            40.24226851,
            44.23966005
          ],
          [
            40.24225285,
            44.23965906
          ],
          [
            40.24223752,
            44.23965706
          ],
          [
            40.24222152,
            44.2396554
          ],
          [
            40.24220719,
            44.23965307
          ],
          [
            40.24219253,
            44.23965074
          ],
          [
            40.24217787,
            44.23964908
          ],
          [
            40.24216287,
            44.23964742
          ],
          [
            40.24214821,
            44.23964542
          ],
          [
            40.24213322,
            44.23964509
          ],
          [
            40.24211822,
            44.23964443
          ],
          [
            40.24210356,
            44.2396431
          ],
          [
            40.24208857,
            44.2396431
          ],
          [
            40.24207357,
            44.2396431
          ],
          [
            40.24205991,
            44.2396431
          ],
          [
            40.24204625,
            44.23964244
          ],
          [
            40.24203225,
            44.23964244
          ],
          [
            40.24201825,
            44.23964211
          ],
          [
            40.24200392,
            44.23964078
          ],
          [
            40.24198959,
            44.23964012
          ],
          [
            40.24197493,
            44.23963979
          ],
          [
            40.24195994,
            44.23964045
          ],
          [
            40.24194495,
            44.23964078
          ],
          [
            40.24192929,
            44.23964111
          ],
          [
            40.24191396,
            44.23964111
          ],
          [
            40.24189896,
            44.23964177
          ],
          [
            40.24188597,
            44.23964177
          ],
          [
            40.24187064,
            44.23964144
          ],
          [
            40.24185531,
            44.23964144
          ],
          [
            40.24184032,
            44.23964277
          ],
          [
            40.24182399,
            44.23964477
          ],
          [
            40.24180733,
            44.23964576
          ],
          [
            40.24179167,
            44.23964642
          ],
          [
            40.24177601,
            44.23964708
          ],
          [
            40.24176068,
            44.23964807
          ],
          [
            40.24174602,
            44.2396494
          ],
          [
            40.24173202,
            44.23965006
          ],
          [
            40.24171902,
            44.23965105
          ],
          [
            40.24170636,
            44.23965238
          ],
          [
            40.24169437,
            44.23965304
          ],
          [
            40.24168237,
            44.2396537
          ],
          [
            40.24167171,
            44.23965536
          ],
          [
            40.24166138,
            44.23965769
          ],
          [
            40.24165072,
            44.23966035
          ],
          [
            40.24163939,
            44.23966135
          ],
          [
            40.2416274,
            44.23966335
          ],
          [
            40.2416164,
            44.23966434
          ],
          [
            40.2416054,
            44.23966567
          ],
          [
            40.2415944,
            44.23966767
          ],
          [
            40.24158374,
            44.23967033
          ],
          [
            40.24157274,
            44.23967332
          ],
          [
            40.24156275,
            44.23967565
          ],
          [
            40.24155342,
            44.23967798
          ],
          [
            40.24154509,
            44.23967997
          ],
          [
            40.24153609,
            44.23968163
          ],
          [
            40.24152876,
            44.23968429
          ],
          [
            40.2415211,
            44.23968695
          ],
          [
            40.24151444,
            44.23968928
          ],
          [
            40.24150711,
            44.23969194
          ],
          [
            40.24149878,
            44.23969493
          ],
          [
            40.24149112,
            44.23969792
          ],
          [
            40.24148379,
            44.23970158
          ],
          [
            40.24147846,
            44.23970624
          ],
          [
            40.24147447,
            44.2397099
          ],
          [
            40.24147047,
            44.23971423
          ],
          [
            40.24146614,
            44.23971822
          ],
          [
            40.24146148,
            44.23972222
          ],
          [
            40.24145682,
            44.23972621
          ],
          [
            40.24145316,
            44.23973087
          ],
          [
            40.24144917,
            44.2397362
          ],
          [
            40.24144451,
            44.2397422
          ],
          [
            40.24144051,
            44.23974686
          ],
          [
            40.24143685,
            44.23975252
          ],
          [
            40.24143319,
            44.23975851
          ],
          [
            40.24142986,
            44.23976351
          ],
          [
            40.24142753,
            44.23976917
          ],
          [
            40.24142454,
            44.23977383
          ],
          [
            40.24142121,
            44.23977949
          ],
          [
            40.24141588,
            44.23978449
          ],
          [
            40.24141022,
            44.23978982
          ],
          [
            40.24140522,
            44.23979481
          ],
          [
            40.24140122,
            44.23980047
          ],
          [
            40.24139856,
            44.2398068
          ],
          [
            40.24139623,
            44.23981313
          ],
          [
            40.24139423,
            44.23981813
          ],
          [
            40.24139257,
            44.23982179
          ],
          [
            40.24139026,
            44.23982511
          ],
          [
            40.24138794,
            44.23982577
          ],
          [
            40.24138794,
            44.23982977
          ],
          [
            40.2413886,
            44.23983343
          ],
          [
            40.24138893,
            44.23983976
          ],
          [
            40.24138926,
            44.23984609
          ],
          [
            40.24138959,
            44.23985208
          ],
          [
            40.24138959,
            44.23985974
          ],
          [
            40.24139025,
            44.23986674
          ],
          [
            40.24139158,
            44.23987373
          ],
          [
            40.24139158,
            44.23988139
          ],
          [
            40.24139224,
            44.23988772
          ],
          [
            40.24139324,
            44.23989438
          ],
          [
            40.24139523,
            44.23990037
          ],
          [
            40.24139756,
            44.23990636
          ],
          [
            40.24139922,
            44.23991335
          ],
          [
            40.24140188,
            44.23992101
          ],
          [
            40.24140554,
            44.239927
          ],
          [
            40.2414092,
            44.23993233
          ],
          [
            40.24141353,
            44.23993832
          ],
          [
            40.24141853,
            44.23994398
          ],
          [
            40.24142186,
            44.23994998
          ],
          [
            40.24142485,
            44.23995631
          ],
          [
            40.24142818,
            44.23996264
          ],
          [
            40.24143151,
            44.2399693
          ],
          [
            40.24143551,
            44.23997563
          ],
          [
            40.24144117,
            44.23998229
          ],
          [
            40.2414485,
            44.23998895
          ],
          [
            40.24145683,
            44.23999495
          ],
          [
            40.24146749,
            44.23999994
          ],
          [
            40.24147682,
            44.24000494
          ],
          [
            40.24148582,
            44.2400106
          ],
          [
            40.24149548,
            44.24001593
          ],
          [
            40.24150447,
            44.24002192
          ],
          [
            40.2415118,
            44.24002791
          ],
          [
            40.24151813,
            44.24003424
          ],
          [
            40.24152379,
            44.24004157
          ],
          [
            40.24152879,
            44.2400479
          ],
          [
            40.24153145,
            44.24005623
          ],
          [
            40.24153678,
            44.24006323
          ],
          [
            40.24154177,
            44.24007089
          ],
          [
            40.24154743,
            44.24007788
          ],
          [
            40.24155309,
            44.24008487
          ],
          [
            40.24155909,
            44.24009187
          ],
          [
            40.24156575,
            44.24009886
          ],
          [
            40.24157341,
            44.24010552
          ],
          [
            40.24158174,
            44.24011151
          ],
          [
            40.2415914,
            44.24011651
          ],
          [
            40.24160006,
            44.24012217
          ],
          [
            40.24160839,
            44.24012816
          ],
          [
            40.24161672,
            44.24013382
          ],
          [
            40.24162372,
            44.24014048
          ],
          [
            40.24163005,
            44.24014714
          ],
          [
            40.24163638,
            44.2401538
          ],
          [
            40.24164237,
            44.24016113
          ],
          [
            40.24164903,
            44.24016746
          ],
          [
            40.24165669,
            44.24017412
          ],
          [
            40.24166369,
            44.24017912
          ],
          [
            40.24166935,
            44.24018445
          ],
          [
            40.24167534,
            44.24019078
          ],
          [
            40.24168167,
            44.24019677
          ],
          [
            40.241688,
            44.2402021
          ],
          [
            40.241695,
            44.24020676
          ],
          [
            40.24170366,
            44.24021176
          ],
          [
            40.24171132,
            44.24021642
          ],
          [
            40.24171932,
            44.24022208
          ],
          [
            40.24172665,
            44.24022608
          ],
          [
            40.24173365,
            44.24023041
          ],
          [
            40.24173998,
            44.24023574
          ],
          [
            40.24174664,
            44.2402404
          ],
          [
            40.2417523,
            44.24024639
          ],
          [
            40.24175829,
            44.24025205
          ],
          [
            40.24176362,
            44.24025738
          ],
          [
            40.24176862,
            44.24026337
          ],
          [
            40.24177328,
            44.2402687
          ],
          [
            40.24177794,
            44.24027269
          ],
          [
            40.2417806,
            44.24027502
          ],
          [
            40.2417826,
            44.24027635
          ],
          [
            40.2417846,
            44.24027734
          ],
          [
            40.2417833,
            44.24027767
          ],
          [
            40.2417833,
            44.240279
          ],
          [
            40.2417843,
            44.24028133
          ],
          [
            40.24178696,
            44.24028499
          ],
          [
            40.24179129,
            44.24028832
          ],
          [
            40.24179595,
            44.24029332
          ],
          [
            40.24179928,
            44.24029865
          ],
          [
            40.24180261,
            44.24030398
          ],
          [
            40.24180661,
            44.24030998
          ],
          [
            40.24181094,
            44.24031564
          ],
          [
            40.2418156,
            44.24032163
          ],
          [
            40.24182159,
            44.24032762
          ],
          [
            40.24182592,
            44.24033328
          ],
          [
            40.24183058,
            44.24033927
          ],
          [
            40.24183424,
            44.2403466
          ],
          [
            40.24183624,
            44.24035193
          ],
          [
            40.24183657,
            44.24035793
          ],
          [
            40.2418369,
            44.24036492
          ],
          [
            40.24183856,
            44.24037192
          ],
          [
            40.24184155,
            44.24037925
          ],
          [
            40.24184521,
            44.24038625
          ],
          [
            40.24184954,
            44.24039324
          ],
          [
            40.24185287,
            44.24039923
          ],
          [
            40.2418552,
            44.24040589
          ],
          [
            40.24185953,
            44.24041088
          ],
          [
            40.24186286,
            44.24041654
          ],
          [
            40.24186552,
            44.2404232
          ],
          [
            40.24186818,
            44.24042986
          ],
          [
            40.24187017,
            44.24043819
          ],
          [
            40.2418715,
            44.24044619
          ],
          [
            40.24187449,
            44.24045318
          ],
          [
            40.24187715,
            44.24046051
          ],
          [
            40.24188114,
            44.24046784
          ],
          [
            40.24188514,
            44.24047483
          ],
          [
            40.24188747,
            44.24048216
          ],
          [
            40.24189147,
            44.24049016
          ],
          [
            40.24189647,
            44.24049615
          ],
          [
            40.24190013,
            44.24050181
          ],
          [
            40.24190312,
            44.24050847
          ],
          [
            40.24190545,
            44.24051446
          ],
          [
            40.24190811,
            44.24052012
          ],
          [
            40.2419121,
            44.24052611
          ],
          [
            40.24191476,
            44.24053177
          ],
          [
            40.24191676,
            44.24053843
          ],
          [
            40.24191975,
            44.24054509
          ],
          [
            40.24192274,
            44.24055108
          ],
          [
            40.24192607,
            44.24055674
          ],
          [
            40.24193007,
            44.2405634
          ],
          [
            40.24193373,
            44.24057006
          ],
          [
            40.24193706,
            44.24057605
          ],
          [
            40.24194039,
            44.24058171
          ],
          [
            40.24194705,
            44.24058504
          ],
          [
            40.24195371,
            44.24058904
          ],
          [
            40.24196004,
            44.24059404
          ],
          [
            40.24196437,
            44.24059903
          ],
          [
            40.24196736,
            44.24060436
          ],
          [
            40.24197002,
            44.24060902
          ],
          [
            40.24197301,
            44.24061402
          ],
          [
            40.241976,
            44.24061935
          ],
          [
            40.24197933,
            44.24062501
          ],
          [
            40.24198232,
            44.240631
          ],
          [
            40.24198565,
            44.24063666
          ],
          [
            40.24198831,
            44.24064265
          ],
          [
            40.24199064,
            44.24064931
          ],
          [
            40.24199197,
            44.24065564
          ],
          [
            40.2419923,
            44.24066197
          ],
          [
            40.24199363,
            44.24066863
          ],
          [
            40.24199596,
            44.24067429
          ],
          [
            40.24199862,
            44.24068129
          ],
          [
            40.24200128,
            44.24068795
          ],
          [
            40.24200494,
            44.24069394
          ],
          [
            40.24200927,
            44.24069993
          ],
          [
            40.2420146,
            44.24070592
          ],
          [
            40.24201893,
            44.24071158
          ],
          [
            40.24202359,
            44.24071824
          ],
          [
            40.24202792,
            44.2407249
          ],
          [
            40.24203225,
            44.24073089
          ],
          [
            40.24203624,
            44.24073722
          ],
          [
            40.2420399,
            44.24074355
          ],
          [
            40.24204356,
            44.24075021
          ],
          [
            40.24204655,
            44.24075687
          ],
          [
            40.24205021,
            44.24076353
          ],
          [
            40.24205554,
            44.24076919
          ],
          [
            40.24206087,
            44.24077419
          ],
          [
            40.2420662,
            44.24077918
          ],
          [
            40.24207053,
            44.24078284
          ],
          [
            40.24207519,
            44.24078683
          ],
          [
            40.24208085,
            44.24079216
          ],
          [
            40.24208618,
            44.24079716
          ],
          [
            40.24209118,
            44.24080315
          ],
          [
            40.24209551,
            44.24080914
          ],
          [
            40.24209884,
            44.2408158
          ],
          [
            40.24210283,
            44.2408228
          ],
          [
            40.24210716,
            44.24082946
          ],
          [
            40.24211182,
            44.24083545
          ],
          [
            40.24211682,
            44.24084211
          ],
          [
            40.24212081,
            44.2408491
          ],
          [
            40.24212614,
            44.24085476
          ],
          [
            40.24213114,
            44.24086209
          ],
          [
            40.24213647,
            44.24087009
          ],
          [
            40.2421428,
            44.24087675
          ],
          [
            40.24214913,
            44.24088408
          ],
          [
            40.24215713,
            44.24089041
          ],
          [
            40.24216513,
            44.24089607
          ],
          [
            40.24217346,
            44.24090206
          ],
          [
            40.24218146,
            44.24090772
          ],
          [
            40.24219045,
            44.24091405
          ],
          [
            40.24220045,
            44.24091905
          ],
          [
            40.24220978,
            44.24092271
          ],
          [
            40.24221744,
            44.24092337
          ],
          [
            40.24222244,
            44.24092271
          ],
          [
            40.24222577,
            44.24092105
          ],
          [
            40.24222743,
            44.24091905
          ],
          [
            40.24222644,
            44.24091838
          ],
          [
            40.24222611,
            44.24092104
          ],
          [
            40.24222844,
            44.24092604
          ],
          [
            40.24223243,
            44.2409307
          ],
          [
            40.24223842,
            44.24093703
          ],
          [
            40.24224441,
            44.24094436
          ],
          [
            40.2422504,
            44.24095035
          ],
          [
            40.24225573,
            44.24095668
          ],
          [
            40.24226106,
            44.24096334
          ],
          [
            40.24226672,
            44.24097033
          ],
          [
            40.24227238,
            44.24097799
          ],
          [
            40.24227904,
            44.24098465
          ],
          [
            40.24228437,
            44.24099331
          ],
          [
            40.24228936,
            44.24100197
          ],
          [
            40.24229569,
            44.2410103
          ],
          [
            40.24230302,
            44.24101763
          ],
          [
            40.24231135,
            44.24102429
          ],
          [
            40.24232101,
            44.24103028
          ],
          [
            40.24233067,
            44.24103528
          ],
          [
            40.24234,
            44.24104094
          ],
          [
            40.24234733,
            44.24104727
          ],
          [
            40.24235399,
            44.2410536
          ],
          [
            40.24236099,
            44.24105926
          ],
          [
            40.24236765,
            44.24106626
          ],
          [
            40.24237398,
            44.24107359
          ],
          [
            40.24238131,
            44.24107992
          ],
          [
            40.24238897,
            44.24108725
          ],
          [
            40.2423953,
            44.24109558
          ],
          [
            40.24239996,
            44.24110391
          ],
          [
            40.24240429,
            44.24111124
          ],
          [
            40.24240929,
            44.2411179
          ],
          [
            40.24241595,
            44.24112456
          ],
          [
            40.24242428,
            44.24113122
          ],
          [
            40.24243328,
            44.24113721
          ],
          [
            40.24244161,
            44.24114554
          ],
          [
            40.24245027,
            44.24115387
          ],
          [
            40.24245893,
            44.24116153
          ],
          [
            40.24246726,
            44.24116886
          ],
          [
            40.24247525,
            44.24117586
          ],
          [
            40.24248325,
            44.24118252
          ],
          [
            40.24249091,
            44.24118851
          ],
          [
            40.24249791,
            44.2411945
          ],
          [
            40.24250424,
            44.24120049
          ],
          [
            40.2425119,
            44.24120749
          ],
          [
            40.24251923,
            44.24121448
          ],
          [
            40.24252723,
            44.24122114
          ],
          [
            40.24253422,
            44.2412278
          ],
          [
            40.24254322,
            44.24123313
          ],
          [
            40.24255221,
            44.24123846
          ],
          [
            40.24256021,
            44.24124412
          ],
          [
            40.24256687,
            44.24124978
          ],
          [
            40.24257286,
            44.24125544
          ],
          [
            40.24257786,
            44.2412591
          ],
          [
            40.24258152,
            44.24126043
          ],
          [
            40.24258418,
            44.24126142
          ],
          [
            40.24258584,
            44.24126275
          ],
          [
            40.24258683,
            44.24126541
          ],
          [
            40.24259083,
            44.2412684
          ],
          [
            40.24259582,
            44.24127206
          ],
          [
            40.24260048,
            44.24127572
          ],
          [
            40.24260581,
            44.24128038
          ],
          [
            40.24261214,
            44.24128671
          ],
          [
            40.24261914,
            44.24129304
          ],
          [
            40.2426268,
            44.24129903
          ],
          [
            40.24263546,
            44.24130436
          ],
          [
            40.24264479,
            44.24130969
          ],
          [
            40.24265212,
            44.24131568
          ],
          [
            40.24266112,
            44.24132101
          ],
          [
            40.24266945,
            44.241327
          ],
          [
            40.24267778,
            44.24133266
          ],
          [
            40.24268744,
            44.24133732
          ],
          [
            40.2426971,
            44.24134298
          ],
          [
            40.24270643,
            44.24134897
          ],
          [
            40.24271476,
            44.24135496
          ],
          [
            40.24272209,
            44.24136162
          ],
          [
            40.24273009,
            44.24136728
          ],
          [
            40.24273742,
            44.24137327
          ],
          [
            40.24274608,
            44.24137993
          ],
          [
            40.24275507,
            44.24138626
          ],
          [
            40.24276373,
            44.24139225
          ],
          [
            40.24277239,
            44.24139758
          ],
          [
            40.24278072,
            44.24140291
          ],
          [
            40.24278905,
            44.24140857
          ],
          [
            40.24279771,
            44.24141423
          ],
          [
            40.24280604,
            44.24141956
          ],
          [
            40.24281437,
            44.24142555
          ],
          [
            40.24282336,
            44.24143188
          ],
          [
            40.24283202,
            44.24143721
          ],
          [
            40.24284101,
            44.24144254
          ],
          [
            40.24285067,
            44.24144787
          ],
          [
            40.24285966,
            44.24145386
          ],
          [
            40.24286932,
            44.24146019
          ],
          [
            40.24287898,
            44.24146618
          ],
          [
            40.24288931,
            44.24147217
          ],
          [
            40.24289897,
            44.24147816
          ],
          [
            40.24290997,
            44.24148349
          ],
          [
            40.24291997,
            44.24148815
          ],
          [
            40.2429293,
            44.24149414
          ],
          [
            40.24293629,
            44.2414988
          ],
          [
            40.24294429,
            44.24150313
          ],
          [
            40.24295262,
            44.24150813
          ],
          [
            40.24296095,
            44.24151379
          ],
          [
            40.24296994,
            44.24151912
          ],
          [
            40.24297927,
            44.24152445
          ],
          [
            40.2429876,
            44.24152978
          ],
          [
            40.24299526,
            44.24153544
          ],
          [
            40.24300226,
            44.24154144
          ],
          [
            40.24301026,
            44.24154777
          ],
          [
            40.24301959,
            44.24155376
          ],
          [
            40.24302892,
            44.24156009
          ],
          [
            40.24303925,
            44.24156642
          ],
          [
            40.24304958,
            44.24157275
          ],
          [
            40.24305757,
            44.24158075
          ],
          [
            40.2430659,
            44.24158874
          ],
          [
            40.2430729,
            44.24159674
          ],
          [
            40.24307823,
            44.2416064
          ],
          [
            40.24308222,
            44.24161606
          ],
          [
            40.24308521,
            44.24162739
          ],
          [
            40.24308854,
            44.24163805
          ],
          [
            40.2430892,
            44.24164971
          ],
          [
            40.2430882,
            44.24166071
          ],
          [
            40.24308554,
            44.24167137
          ],
          [
            40.24308121,
            44.24168237
          ],
          [
            40.24307488,
            44.24169236
          ],
          [
            40.24306688,
            44.24170369
          ],
          [
            40.24305855,
            44.24171369
          ],
          [
            40.24304922,
            44.24172235
          ],
          [
            40.24303956,
            44.24173035
          ],
          [
            40.24302856,
            44.24173734
          ],
          [
            40.2430189,
            44.241744
          ],
          [
            40.24300991,
            44.24175133
          ],
          [
            40.24300458,
            44.24175666
          ],
          [
            40.24300358,
            44.24175899
          ],
          [
            40.24300225,
            44.24175965
          ],
          [
            40.24300125,
            44.24175932
          ],
          [
            40.24299926,
            44.24175899
          ],
          [
            40.24299693,
            44.24175899
          ],
          [
            40.2429906,
            44.24175965
          ],
          [
            40.2429796,
            44.24176264
          ],
          [
            40.2429666,
            44.24176797
          ],
          [
            40.24295194,
            44.24177297
          ],
          [
            40.24293695,
            44.24177797
          ],
          [
            40.24292162,
            44.2417823
          ],
          [
            40.24290496,
            44.24178763
          ],
          [
            40.2428883,
            44.24179362
          ],
          [
            40.24287231,
            44.24179961
          ],
          [
            40.24285731,
            44.2418056
          ],
          [
            40.24284198,
            44.24181093
          ],
          [
            40.24282532,
            44.24181659
          ],
          [
            40.24280799,
            44.24182225
          ],
          [
            40.24279066,
            44.24182758
          ],
          [
            40.24277433,
            44.24183024
          ],
          [
            40.24275734,
            44.24183257
          ],
          [
            40.24273968,
            44.24183323
          ],
          [
            40.24272335,
            44.24183224
          ],
          [
            40.24270669,
            44.24183024
          ],
          [
            40.24268869,
            44.24182758
          ],
          [
            40.2426707,
            44.24182492
          ],
          [
            40.24265237,
            44.24182326
          ],
          [
            40.24263438,
            44.2418216
          ],
          [
            40.24261572,
            44.24182027
          ],
          [
            40.24259839,
            44.24181927
          ],
          [
            40.2425804,
            44.24181794
          ],
          [
            40.2425624,
            44.24181628
          ],
          [
            40.24254341,
            44.24181462
          ],
          [
            40.24252541,
            44.24181229
          ],
          [
            40.24250708,
            44.24180829
          ],
          [
            40.24248908,
            44.2418033
          ],
          [
            40.24247075,
            44.24179764
          ],
          [
            40.24245209,
            44.24179298
          ],
          [
            40.2424331,
            44.24178865
          ],
          [
            40.24241544,
            44.24178499
          ],
          [
            40.24239745,
            44.241781
          ],
          [
            40.24237979,
            44.24177767
          ],
          [
            40.24236313,
            44.24177401
          ],
          [
            40.2423468,
            44.24177068
          ],
          [
            40.24232947,
            44.24176802
          ],
          [
            40.24231248,
            44.24176503
          ],
          [
            40.24229615,
            44.24176204
          ],
          [
            40.24228116,
            44.24175971
          ],
          [
            40.24226683,
            44.24175605
          ],
          [
            40.24225283,
            44.24175272
          ],
          [
            40.24223917,
            44.24174906
          ],
          [
            40.24222484,
            44.24174707
          ],
          [
            40.24221118,
            44.24174541
          ],
          [
            40.24219685,
            44.24174341
          ],
          [
            40.24218352,
            44.24174175
          ],
          [
            40.24216886,
            44.24173876
          ],
          [
            40.24215486,
            44.24173577
          ],
          [
            40.24214153,
            44.24173111
          ],
          [
            40.24212787,
            44.24172512
          ],
          [
            40.24211288,
            44.24171879
          ],
          [
            40.24209722,
            44.24171246
          ],
          [
            40.24208189,
            44.2417058
          ],
          [
            40.24206589,
            44.24169981
          ],
          [
            40.24204956,
            44.24169415
          ],
          [
            40.24203323,
            44.24168816
          ],
          [
            40.24201624,
            44.24168183
          ],
          [
            40.24199925,
            44.2416755
          ],
          [
            40.24198292,
            44.24166917
          ],
          [
            40.24196726,
            44.24166251
          ],
          [
            40.24195126,
            44.24165585
          ],
          [
            40.24193527,
            44.24164852
          ],
          [
            40.24191994,
            44.24164152
          ],
          [
            40.24190428,
            44.24163386
          ],
          [
            40.24188862,
            44.2416262
          ],
          [
            40.24187262,
            44.24161887
          ],
          [
            40.24185629,
            44.24161154
          ],
          [
            40.24184063,
            44.24160388
          ],
          [
            40.2418253,
            44.24159622
          ],
          [
            40.24180931,
            44.24158889
          ],
          [
            40.24179365,
            44.2415809
          ],
          [
            40.24177899,
            44.24157357
          ],
          [
            40.24176499,
            44.24156524
          ],
          [
            40.24175133,
            44.24155691
          ],
          [
            40.24173767,
            44.24154825
          ],
          [
            40.24172401,
            44.24153992
          ],
          [
            40.24171035,
            44.24153126
          ],
          [
            40.24169769,
            44.2415216
          ],
          [
            40.24168536,
            44.24151261
          ],
          [
            40.24167336,
            44.24150395
          ],
          [
            40.24166203,
            44.24149462
          ],
          [
            40.2416507,
            44.24148529
          ],
          [
            40.24163837,
            44.24147563
          ],
          [
            40.24162571,
            44.24146564
          ],
          [
            40.24161305,
            44.24145664
          ],
          [
            40.24160072,
            44.24144698
          ],
          [
            40.24158772,
            44.24143799
          ],
          [
            40.24157472,
            44.24142933
          ],
          [
            40.24156173,
            44.24142067
          ],
          [
            40.24154974,
            44.24141167
          ],
          [
            40.24153941,
            44.24140201
          ],
          [
            40.24152875,
            44.24139168
          ],
          [
            40.24151876,
            44.24138135
          ],
          [
            40.24150876,
            44.24137069
          ],
          [
            40.24149876,
            44.24136003
          ],
          [
            40.2414881,
            44.2413497
          ],
          [
            40.24147844,
            44.24134037
          ],
          [
            40.24146978,
            44.24133037
          ],
          [
            40.24146012,
            44.24132204
          ],
          [
            40.24144979,
            44.24131371
          ],
          [
            40.24143913,
            44.24130538
          ],
          [
            40.24142914,
            44.24129772
          ],
          [
            40.24141914,
            44.24129106
          ],
          [
            40.24140915,
            44.24128573
          ],
          [
            40.24139915,
            44.24127973
          ],
          [
            40.24138716,
            44.24127307
          ],
          [
            40.24137316,
            44.24126708
          ],
          [
            40.24135916,
            44.24126142
          ],
          [
            40.2413465,
            44.24125609
          ],
          [
            40.24133351,
            44.24125076
          ],
          [
            40.24132051,
            44.24124576
          ],
          [
            40.24130585,
            44.24124177
          ],
          [
            40.24129086,
            44.24123744
          ],
          [
            40.2412762,
            44.24123278
          ],
          [
            40.24125987,
            44.24122878
          ],
          [
            40.24124354,
            44.24122445
          ],
          [
            40.24122754,
            44.24121979
          ],
          [
            40.24121221,
            44.24121413
          ],
          [
            40.24119688,
            44.24120913
          ],
          [
            40.24118189,
            44.24120314
          ],
          [
            40.24116589,
            44.24119715
          ],
          [
            40.24114989,
            44.24119082
          ],
          [
            40.24113423,
            44.24118483
          ],
          [
            40.24111823,
            44.2411785
          ],
          [
            40.24110223,
            44.24117251
          ],
          [
            40.2410869,
            44.24116518
          ],
          [
            40.24107124,
            44.24115919
          ],
          [
            40.24105558,
            44.24115253
          ],
          [
            40.24103958,
            44.24114587
          ],
          [
            40.24102459,
            44.24113921
          ],
          [
            40.24100893,
            44.24113255
          ],
          [
            40.2409936,
            44.24112622
          ],
          [
            40.24097794,
            44.24111956
          ],
          [
            40.24096228,
            44.2411129
          ],
          [
            40.24094695,
            44.24110557
          ],
          [
            40.24093129,
            44.24109857
          ],
          [
            40.24091563,
            44.24109158
          ],
          [
            40.2409003,
            44.24108492
          ],
          [
            40.24088497,
            44.24107859
          ],
          [
            40.24086931,
            44.24107359
          ],
          [
            40.24085298,
            44.24106893
          ],
          [
            40.24083698,
            44.24106394
          ],
          [
            40.24082032,
            44.24105894
          ],
          [
            40.24080466,
            44.24105394
          ],
          [
            40.24078833,
            44.24104961
          ],
          [
            40.24077267,
            44.24104495
          ],
          [
            40.24075668,
            44.24104029
          ],
          [
            40.24074035,
            44.2410353
          ],
          [
            40.24072402,
            44.24103097
          ],
          [
            40.24070802,
            44.24102664
          ],
          [
            40.24069169,
            44.24102265
          ],
          [
            40.24067603,
            44.24101866
          ],
          [
            40.2406607,
            44.24101466
          ],
          [
            40.2406447,
            44.24101067
          ],
          [
            40.24062904,
            44.24100634
          ],
          [
            40.24061305,
            44.24100235
          ],
          [
            40.24059705,
            44.24099802
          ],
          [
            40.24058105,
            44.24099336
          ],
          [
            40.24056572,
            44.24098836
          ],
          [
            40.24055039,
            44.2409837
          ],
          [
            40.2405354,
            44.24097937
          ],
          [
            40.2405194,
            44.24097437
          ],
          [
            40.24050341,
            44.24096971
          ],
          [
            40.24048775,
            44.24096505
          ],
          [
            40.24047175,
            44.24096039
          ],
          [
            40.24045676,
            44.24095606
          ],
          [
            40.24044177,
            44.24095307
          ],
          [
            40.24042611,
            44.24094908
          ],
          [
            40.24041011,
            44.24094542
          ],
          [
            40.24039345,
            44.24094242
          ],
          [
            40.24037645,
            44.24093943
          ],
          [
            40.24035979,
            44.24093644
          ],
          [
            40.2403428,
            44.24093245
          ],
          [
            40.24032614,
            44.24092946
          ],
          [
            40.24030881,
            44.24092647
          ],
          [
            40.24029215,
            44.24092247
          ],
          [
            40.24027582,
            44.24091848
          ],
          [
            40.24026249,
            44.24091582
          ],
          [
            40.24025516,
            44.24091483
          ],
          [
            40.2402515,
            44.24091417
          ],
          [
            40.24024984,
            44.24091351
          ],
          [
            40.24024752,
            44.24091318
          ],
          [
            40.24024352,
            44.24091252
          ],
          [
            40.24023719,
            44.24091086
          ],
          [
            40.2402312,
            44.2409092
          ],
          [
            40.2402272,
            44.2409082
          ],
          [
            40.24022554,
            44.24090687
          ],
          [
            40.24022354,
            44.24090587
          ],
          [
            40.24022188,
            44.24090554
          ],
          [
            40.24021923,
            44.24090422
          ],
          [
            40.24021657,
            44.24090323
          ],
          [
            40.24021091,
            44.24090123
          ],
          [
            40.24020358,
            44.24089857
          ],
          [
            40.24019459,
            44.24089591
          ],
          [
            40.24018459,
            44.24089292
          ],
          [
            40.2401746,
            44.24088892
          ],
          [
            40.2401646,
            44.24088493
          ],
          [
            40.24015461,
            44.2408796
          ],
          [
            40.24014395,
            44.24087394
          ],
          [
            40.24013196,
            44.24086761
          ],
          [
            40.24011963,
            44.24086195
          ],
          [
            40.24010764,
            44.24085562
          ],
          [
            40.24009498,
            44.24084829
          ],
          [
            40.24008132,
            44.24084096
          ],
          [
            40.24006666,
            44.24083397
          ],
          [
            40.24005167,
            44.24082697
          ],
          [
            40.24003834,
            44.24081964
          ],
          [
            40.24002401,
            44.24081231
          ],
          [
            40.24000935,
            44.24080598
          ],
          [
            40.23999469,
            44.24080032
          ],
          [
            40.23998069,
            44.24079566
          ],
          [
            40.23996636,
            44.24078933
          ],
          [
            40.23995136,
            44.24078367
          ],
          [
            40.23993603,
            44.24077768
          ],
          [
            40.23992137,
            44.24077135
          ],
          [
            40.23990604,
            44.24076435
          ],
          [
            40.23989005,
            44.24075736
          ],
          [
            40.23987372,
            44.2407497
          ],
          [
            40.23985739,
            44.24074337
          ],
          [
            40.23984106,
            44.24073671
          ],
          [
            40.23982506,
            44.24072938
          ],
          [
            40.23981007,
            44.24072238
          ],
          [
            40.23979607,
            44.24071405
          ],
          [
            40.23978274,
            44.24070639
          ],
          [
            40.23976874,
            44.24069873
          ],
          [
            40.23975508,
            44.24069107
          ],
          [
            40.23974208,
            44.24068408
          ],
          [
            40.23972842,
            44.24067708
          ],
          [
            40.23971476,
            44.24066975
          ],
          [
            40.23970143,
            44.24066176
          ],
          [
            40.2396881,
            44.24065443
          ],
          [
            40.2396751,
            44.24064677
          ],
          [
            40.23966311,
            44.24063811
          ],
          [
            40.23964945,
            44.24062945
          ],
          [
            40.23963612,
            44.24062179
          ],
          [
            40.23962279,
            44.2406138
          ],
          [
            40.23960946,
            44.24060547
          ],
          [
            40.23959613,
            44.24059747
          ],
          [
            40.2395828,
            44.24058914
          ],
          [
            40.23957014,
            44.24058081
          ],
          [
            40.23955881,
            44.24057248
          ],
          [
            40.23954781,
            44.24056349
          ],
          [
            40.23953648,
            44.24055349
          ],
          [
            40.23952515,
            44.24054416
          ],
          [
            40.23951282,
            44.24053583
          ],
          [
            40.23950083,
            44.24052817
          ],
          [
            40.23948917,
            44.24052051
          ],
          [
            40.23947718,
            44.24051185
          ],
          [
            40.23946552,
            44.24050252
          ],
          [
            40.23945319,
            44.24049286
          ],
          [
            40.2394412,
            44.24048453
          ],
          [
            40.23942921,
            44.2404762
          ],
          [
            40.23941721,
            44.2404672
          ],
          [
            40.23940622,
            44.24045787
          ],
          [
            40.23939422,
            44.24044854
          ],
          [
            40.23938256,
            44.24043921
          ],
          [
            40.23936923,
            44.24043021
          ],
          [
            40.23935624,
            44.24042221
          ],
          [
            40.23934224,
            44.24041422
          ],
          [
            40.23932924,
            44.24040522
          ],
          [
            40.23931691,
            44.24039656
          ],
          [
            40.23930458,
            44.24038723
          ],
          [
            40.23929192,
            44.24037857
          ],
          [
            40.23927826,
            44.24037057
          ],
          [
            40.23926426,
            44.24036391
          ],
          [
            40.23925093,
            44.24035758
          ],
          [
            40.23923794,
            44.24035092
          ],
          [
            40.23922461,
            44.24034393
          ],
          [
            40.23921128,
            44.2403366
          ],
          [
            40.23919728,
            44.24032961
          ],
          [
            40.23918229,
            44.24032261
          ],
          [
            40.23916796,
            44.24031628
          ],
          [
            40.2391553,
            44.24030895
          ],
          [
            40.23914231,
            44.24030229
          ],
          [
            40.23912931,
            44.24029529
          ],
          [
            40.23911632,
            44.24028863
          ],
          [
            40.23910232,
            44.24028264
          ],
          [
            40.23908866,
            44.24027731
          ],
          [
            40.239073,
            44.24027265
          ],
          [
            40.239057,
            44.24026899
          ],
          [
            40.23904101,
            44.240266
          ],
          [
            40.23902368,
            44.240264
          ],
          [
            40.23900669,
            44.24026267
          ],
          [
            40.23899069,
            44.24026101
          ],
          [
            40.23897636,
            44.24025868
          ],
          [
            40.23896236,
            44.24025669
          ],
          [
            40.23894803,
            44.24025403
          ],
          [
            40.2389327,
            44.2402507
          ],
          [
            40.23891704,
            44.24024704
          ],
          [
            40.23890071,
            44.24024438
          ],
          [
            40.23888438,
            44.24024205
          ],
          [
            40.23886872,
            44.24023872
          ],
          [
            40.23885306,
            44.24023339
          ],
          [
            40.23883773,
            44.24022706
          ],
          [
            40.2388234,
            44.24021973
          ],
          [
            40.23880807,
            44.2402124
          ],
          [
            40.23879207,
            44.24020641
          ],
          [
            40.23877574,
            44.24020075
          ],
          [
            40.23875941,
            44.24019509
          ],
          [
            40.23874308,
            44.24019009
          ],
          [
            40.23872642,
            44.24018509
          ],
          [
            40.23870976,
            44.24017976
          ],
          [
            40.23869243,
            44.24017476
          ],
          [
            40.2386761,
            44.2401701
          ],
          [
            40.23865944,
            44.24016644
          ],
          [
            40.23864378,
            44.24016278
          ],
          [
            40.23862745,
            44.24015912
          ],
          [
            40.23861112,
            44.24015579
          ],
          [
            40.23859379,
            44.24015313
          ],
          [
            40.23857646,
            44.2401508
          ],
          [
            40.23855846,
            44.2401488
          ],
          [
            40.23854013,
            44.24014681
          ],
          [
            40.2385228,
            44.24014481
          ],
          [
            40.2385048,
            44.24014381
          ],
          [
            40.23848681,
            44.24014248
          ],
          [
            40.23846881,
            44.24014149
          ],
          [
            40.23845048,
            44.24014116
          ],
          [
            40.23843215,
            44.24014083
          ],
          [
            40.23841382,
            44.2401405
          ],
          [
            40.23839549,
            44.24014116
          ],
          [
            40.2383765,
            44.24014215
          ],
          [
            40.2383585,
            44.24014281
          ],
          [
            40.23834117,
            44.24014248
          ],
          [
            40.23832384,
            44.24014182
          ],
          [
            40.23830718,
            44.24014049
          ],
          [
            40.23829085,
            44.24013916
          ],
          [
            40.23827452,
            44.24013783
          ],
          [
            40.23825753,
            44.24013684
          ],
          [
            40.23823987,
            44.24013551
          ],
          [
            40.23822254,
            44.24013418
          ],
          [
            40.23820488,
            44.24013218
          ],
          [
            40.23818688,
            44.24013019
          ],
          [
            40.23816889,
            44.24012753
          ],
          [
            40.2381519,
            44.24012553
          ],
          [
            40.23813524,
            44.24012353
          ],
          [
            40.23811791,
            44.24012187
          ],
          [
            40.23809991,
            44.24012054
          ],
          [
            40.23808258,
            44.24011854
          ],
          [
            40.23806492,
            44.24011588
          ],
          [
            40.23804692,
            44.24011388
          ],
          [
            40.23802959,
            44.24011122
          ],
          [
            40.2380116,
            44.24010823
          ],
          [
            40.23799361,
            44.2401059
          ],
          [
            40.23797628,
            44.24010491
          ],
          [
            40.23795862,
            44.24010325
          ],
          [
            40.23794063,
            44.24010026
          ],
          [
            40.23792297,
            44.24009627
          ],
          [
            40.23790564,
            44.24009294
          ],
          [
            40.23788931,
            44.24008928
          ],
          [
            40.23787432,
            44.24008629
          ],
          [
            40.23785899,
            44.24008363
          ],
          [
            40.23784333,
            44.2400803
          ],
          [
            40.23782733,
            44.24007764
          ],
          [
            40.237812,
            44.24007564
          ],
          [
            40.23779734,
            44.24007298
          ],
          [
            40.23778301,
            44.24006999
          ],
          [
            40.23776868,
            44.24006633
          ],
          [
            40.23775402,
            44.24006334
          ],
          [
            40.23773903,
            44.24006035
          ],
          [
            40.2377247,
            44.24005702
          ],
          [
            40.23771037,
            44.24005402
          ],
          [
            40.23769704,
            44.24005003
          ],
          [
            40.23768371,
            44.24004503
          ],
          [
            40.23767138,
            44.24004003
          ],
          [
            40.23765972,
            44.24003537
          ],
          [
            40.23764773,
            44.24003104
          ],
          [
            40.23763673,
            44.24002638
          ],
          [
            40.23762607,
            44.24002138
          ],
          [
            40.23761507,
            44.24001705
          ],
          [
            40.23760441,
            44.24001539
          ],
          [
            40.23759341,
            44.24001273
          ],
          [
            40.23758142,
            44.24001007
          ],
          [
            40.23756943,
            44.24000841
          ],
          [
            40.23755777,
            44.24000742
          ],
          [
            40.23754477,
            44.24000609
          ],
          [
            40.23753111,
            44.24000476
          ],
          [
            40.23751645,
            44.2400031
          ],
          [
            40.23750212,
            44.2400031
          ],
          [
            40.23748679,
            44.24000144
          ],
          [
            40.23747146,
            44.23999911
          ],
          [
            40.23745647,
            44.23999645
          ],
          [
            40.23744047,
            44.23999512
          ],
          [
            40.23742514,
            44.23999279
          ],
          [
            40.23740915,
            44.23998913
          ],
          [
            40.23739282,
            44.23998447
          ],
          [
            40.23737849,
            44.23997981
          ],
          [
            40.23736449,
            44.23997415
          ],
          [
            40.23735016,
            44.23996816
          ],
          [
            40.2373355,
            44.23996217
          ],
          [
            40.23732017,
            44.23995618
          ],
          [
            40.23730351,
            44.23995019
          ],
          [
            40.23728951,
            44.23994353
          ],
          [
            40.23727652,
            44.2399372
          ],
          [
            40.23726352,
            44.23992987
          ],
          [
            40.23725153,
            44.23992088
          ],
          [
            40.23723987,
            44.23991155
          ],
          [
            40.23722654,
            44.23990422
          ],
          [
            40.23721288,
            44.23989756
          ],
          [
            40.23719755,
            44.2398929
          ],
          [
            40.23718255,
            44.23989057
          ],
          [
            40.23716689,
            44.23989157
          ],
          [
            40.23715023,
            44.23989323
          ],
          [
            40.23713357,
            44.23989556
          ],
          [
            40.23711691,
            44.23989822
          ],
          [
            40.23710025,
            44.23990155
          ],
          [
            40.23708492,
            44.23990521
          ],
          [
            40.23707126,
            44.23990887
          ],
          [
            40.23705826,
            44.23991387
          ],
          [
            40.23704493,
            44.23991853
          ],
          [
            40.2370326,
            44.23992419
          ],
          [
            40.2370196,
            44.23992819
          ],
          [
            40.2370086,
            44.23993052
          ],
          [
            40.23699994,
            44.23993251
          ],
          [
            40.23699361,
            44.23993317
          ],
          [
            40.23698895,
            44.23993417
          ],
          [
            40.23698429,
            44.23993483
          ],
          [
            40.23697929,
            44.23993549
          ],
          [
            40.2369753,
            44.23993483
          ],
          [
            40.23697064,
            44.2399345
          ],
          [
            40.23696864,
            44.23993417
          ],
          [
            40.23696565,
            44.2399312
          ],
          [
            40.23696432,
            44.2399312
          ],
          [
            40.23696332,
            44.23993219
          ],
          [
            40.236962,
            44.23993615
          ],
          [
            40.23696532,
            44.23993648
          ],
          [
            40.23696665,
            44.23993615
          ],
          [
            40.23696699,
            44.23993515
          ],
          [
            40.23696699,
            44.2399368
          ],
          [
            40.23696965,
            44.23993779
          ],
          [
            40.23697064,
            44.23993912
          ],
          [
            40.23696931,
            44.23994111
          ],
          [
            40.23696632,
            44.23994444
          ],
          [
            40.23696199,
            44.23994877
          ],
          [
            40.23695733,
            44.2399531
          ],
          [
            40.236954,
            44.23995609
          ],
          [
            40.23695067,
            44.23995742
          ],
          [
            40.23694734,
            44.23995808
          ],
          [
            40.23694401,
            44.23995808
          ],
          [
            40.23694102,
            44.23995775
          ],
          [
            40.23693803,
            44.23995609
          ],
          [
            40.23693637,
            44.23995675
          ],
          [
            40.23692481,
            44.23995015
          ],
          [
            40.23692481,
            44.23994783
          ],
          [
            40.23692448,
            44.23994551
          ],
          [
            40.23692415,
            44.23994418
          ],
          [
            40.23692481,
            44.23994551
          ],
          [
            40.23692847,
            44.23994418
          ],
          [
            40.23693246,
            44.23994219
          ],
          [
            40.23693979,
            44.23994019
          ],
          [
            40.23694745,
            44.2399392
          ],
          [
            40.23695378,
            44.2399392
          ],
          [
            40.23696044,
            44.23993986
          ],
          [
            40.23696577,
            44.23994186
          ],
          [
            40.23697043,
            44.23994285
          ],
          [
            40.23697509,
            44.23994551
          ],
          [
            40.23697875,
            44.23994684
          ],
          [
            40.23698074,
            44.23994784
          ],
          [
            40.23698308,
            44.23994883
          ],
          [
            40.23698142,
            44.23994883
          ],
          [
            40.23697843,
            44.23994982
          ],
          [
            40.23697343,
            44.23995082
          ],
          [
            40.23696744,
            44.23995215
          ],
          [
            40.23696478,
            44.23995281
          ],
          [
            40.23695978,
            44.23995414
          ],
          [
            40.23695345,
            44.23995547
          ],
          [
            40.23694479,
            44.23995647
          ],
          [
            40.23693713,
            44.23995746
          ],
          [
            40.23693546,
            44.23995713
          ],
          [
            40.23693946,
            44.2399528
          ],
          [
            40.23694145,
            44.23994947
          ],
          [
            40.23694445,
            44.23994648
          ],
          [
            40.23695344,
            44.23993882
          ],
          [
            40.23695743,
            44.23993249
          ],
          [
            40.23696009,
            44.23992449
          ],
          [
            40.23696209,
            44.2399165
          ],
          [
            40.23696409,
            44.23991017
          ],
          [
            40.23696608,
            44.23990584
          ],
          [
            40.23696641,
            44.23990318
          ],
          [
            40.23696741,
            44.23990152
          ],
          [
            40.23696608,
            44.23989986
          ],
          [
            40.23696509,
            44.2398972
          ],
          [
            40.23696443,
            44.23989454
          ],
          [
            40.23695419,
            44.23989783
          ],
          [
            40.2369532,
            44.23989982
          ],
          [
            40.2369522,
            44.23990015
          ],
          [
            40.23694922,
            44.23989817
          ],
          [
            40.23694955,
            44.2398995
          ],
          [
            40.23695055,
            44.23990016
          ],
          [
            40.23695188,
            44.23990049
          ],
          [
            40.23695288,
            44.23990876
          ],
          [
            40.23695388,
            44.23990909
          ],
          [
            40.23696611,
            44.23990578
          ],
          [
            40.23696909,
            44.23990942
          ],
          [
            40.23696975,
            44.23991802
          ],
          [
            40.23696017,
            44.23992398
          ],
          [
            40.23695323,
            44.23992696
          ],
          [
            40.23694927,
            44.23993093
          ],
          [
            40.23695522,
            44.23993093
          ],
          [
            40.23695228,
            44.23993357
          ],
          [
            40.23695328,
            44.23993423
          ],
          [
            40.23695228,
            44.23993489
          ],
          [
            40.23694038,
            44.23992333
          ],
          [
            40.23692814,
            44.23991871
          ],
          [
            40.23692946,
            44.23992103
          ],
          [
            40.2369364,
            44.23992533
          ],
          [
            40.23693971,
            44.23992566
          ],
          [
            40.23694304,
            44.23992766
          ],
          [
            40.23694804,
            44.23993165
          ],
          [
            40.23695437,
            44.23993564
          ],
          [
            40.23696237,
            44.2399403
          ],
          [
            40.2369697,
            44.23994396
          ],
          [
            40.2369747,
            44.23994263
          ],
          [
            40.23697736,
            44.23993897
          ],
          [
            40.23697736,
            44.23993631
          ],
          [
            40.23697536,
            44.23993265
          ],
          [
            40.2369717,
            44.23992899
          ],
          [
            40.23696737,
            44.23992566
          ],
          [
            40.23696337,
            44.239923
          ],
          [
            40.23696104,
            44.23992067
          ],
          [
            40.23695871,
            44.23991867
          ],
          [
            40.23695738,
            44.23991768
          ],
          [
            40.23695672,
            44.23991568
          ],
          [
            40.23695705,
            44.23991369
          ],
          [
            40.23695804,
            44.23991236
          ],
          [
            40.23696103,
            44.23991103
          ],
          [
            40.23696503,
            44.23991103
          ],
          [
            40.23696936,
            44.23991037
          ],
          [
            40.23697402,
            44.23990971
          ],
          [
            40.23697868,
            44.23991004
          ],
          [
            40.23698401,
            44.23991104
          ],
          [
            40.23699134,
            44.23991071
          ],
          [
            40.23699867,
            44.23991071
          ],
          [
            40.23700199,
            44.23991005
          ],
          [
            40.23699799,
            44.23991038
          ],
          [
            40.236993,
            44.23991038
          ],
          [
            40.23698701,
            44.23991038
          ],
          [
            40.23698368,
            44.23990939
          ],
          [
            40.23698534,
            44.23990939
          ],
          [
            40.236988,
            44.23990972
          ],
          [
            40.23699366,
            44.23991172
          ],
          [
            40.23700065,
            44.23991106
          ],
          [
            40.23700998,
            44.23990706
          ],
          [
            40.23702098,
            44.2399014
          ],
          [
            40.23703297,
            44.23989574
          ],
          [
            40.23704663,
            44.23988975
          ],
          [
            40.23705896,
            44.23988342
          ],
          [
            40.23707229,
            44.23987709
          ],
          [
            40.23708629,
            44.23987076
          ],
          [
            40.23710362,
            44.2398641
          ],
          [
            40.23712095,
            44.23985677
          ],
          [
            40.23713895,
            44.23985044
          ],
          [
            40.23715628,
            44.23984445
          ],
          [
            40.23717327,
            44.23983912
          ],
          [
            40.23719026,
            44.23983379
          ],
          [
            40.23720559,
            44.23982813
          ],
          [
            40.23721959,
            44.2398218
          ],
          [
            40.23723359,
            44.23981447
          ],
          [
            40.23724759,
            44.23980714
          ],
          [
            40.23726092,
            44.23979981
          ],
          [
            40.23727358,
            44.23979181
          ],
          [
            40.23728291,
            44.23978148
          ],
          [
            40.23729057,
            44.23977048
          ],
          [
            40.2372959,
            44.23975982
          ],
          [
            40.23729889,
            44.23974982
          ],
          [
            40.23730022,
            44.23974016
          ],
          [
            40.23729989,
            44.2397305
          ],
          [
            40.23729889,
            44.23971984
          ],
          [
            40.23729756,
            44.23970851
          ],
          [
            40.23729756,
            44.23969751
          ],
          [
            40.23729822,
            44.23968685
          ],
          [
            40.23729922,
            44.23967786
          ],
          [
            40.23730188,
            44.23967053
          ],
          [
            40.23730587,
            44.2396632
          ],
          [
            40.2373112,
            44.23965787
          ],
          [
            40.23731686,
            44.23965254
          ],
          [
            40.23732385,
            44.23964721
          ],
          [
            40.23733251,
            44.23964188
          ],
          [
            40.23734251,
            44.23963688
          ],
          [
            40.23735084,
            44.23963122
          ],
          [
            40.23735884,
            44.23962523
          ],
          [
            40.2373655,
            44.23961924
          ],
          [
            40.23737083,
            44.23961391
          ],
          [
            40.23737549,
            44.23960891
          ],
          [
            40.23738148,
            44.23960358
          ],
          [
            40.23738781,
            44.23959792
          ],
          [
            40.23739281,
            44.23959326
          ],
          [
            40.23739714,
            44.23958893
          ],
          [
            40.23740047,
            44.2395846
          ],
          [
            40.2374038,
            44.2395796
          ],
          [
            40.23740713,
            44.23957494
          ],
          [
            40.23740913,
            44.23956928
          ],
          [
            40.23740847,
            44.23956395
          ],
          [
            40.23740648,
            44.23955796
          ],
          [
            40.23740215,
            44.2395513
          ],
          [
            40.23739749,
            44.2395443
          ],
          [
            40.23739083,
            44.23953697
          ],
          [
            40.23738317,
            44.23953064
          ],
          [
            40.23737618,
            44.23952431
          ],
          [
            40.23737019,
            44.23951698
          ],
          [
            40.23736353,
            44.23950898
          ],
          [
            40.23735787,
            44.23950165
          ],
          [
            40.23735088,
            44.23949399
          ],
          [
            40.23734355,
            44.239486
          ],
          [
            40.23733489,
            44.239478
          ],
          [
            40.23732523,
            44.23946934
          ],
          [
            40.2373159,
            44.23946201
          ],
          [
            40.23730857,
            44.23945701
          ],
          [
            40.23730057,
            44.23945235
          ],
          [
            40.23729257,
            44.23944936
          ],
          [
            40.23728658,
            44.23944603
          ],
          [
            40.23728225,
            44.23944204
          ],
          [
            40.23728025,
            44.23943638
          ],
          [
            40.23728058,
            44.23942972
          ],
          [
            40.23728191,
            44.23942239
          ],
          [
            40.23728291,
            44.23941439
          ],
          [
            40.23728258,
            44.23940639
          ],
          [
            40.23728192,
            44.23939706
          ],
          [
            40.23728026,
            44.23938807
          ],
          [
            40.2372756,
            44.23937774
          ],
          [
            40.23726827,
            44.23936774
          ],
          [
            40.23725861,
            44.23935908
          ],
          [
            40.23724761,
            44.23935209
          ],
          [
            40.23723695,
            44.23934509
          ],
          [
            40.23722762,
            44.2393381
          ],
          [
            40.23722163,
            44.23933144
          ],
          [
            40.23721797,
            44.23932478
          ],
          [
            40.23721631,
            44.23931812
          ],
          [
            40.23721532,
            44.23931079
          ],
          [
            40.23721565,
            44.23930279
          ],
          [
            40.23721631,
            44.23929613
          ],
          [
            40.2372173,
            44.23929014
          ],
          [
            40.23721863,
            44.23928448
          ],
          [
            40.23722096,
            44.23928048
          ],
          [
            40.23722295,
            44.23927749
          ],
          [
            40.23722395,
            44.23927516
          ],
          [
            40.23722528,
            44.2392735
          ],
          [
            40.23722727,
            44.23927184
          ],
          [
            40.2372286,
            44.23927217
          ],
          [
            40.23723026,
            44.2392725
          ],
          [
            40.23723258,
            44.23927217
          ],
          [
            40.23722795,
            44.23927118
          ],
          [
            40.2372263,
            44.23927383
          ],
          [
            40.23722398,
            44.23927515
          ],
          [
            40.23722166,
            44.23927614
          ],
          [
            40.23721571,
            44.23927845
          ],
          [
            40.23721405,
            44.23927812
          ],
          [
            40.23720646,
            44.23928341
          ],
          [
            40.23719556,
            44.23927351
          ],
          [
            40.23719456,
            44.23927584
          ],
          [
            40.23719223,
            44.2392795
          ],
          [
            40.2371909,
            44.23928416
          ],
          [
            40.23718824,
            44.23928882
          ],
          [
            40.23718324,
            44.23929248
          ],
          [
            40.23717725,
            44.23929481
          ],
          [
            40.23717192,
            44.23929514
          ],
          [
            40.23716893,
            44.23929381
          ],
          [
            40.23716727,
            44.23929015
          ],
          [
            40.23716727,
            44.23928582
          ],
          [
            40.23716893,
            44.23928049
          ],
          [
            40.23717126,
            44.23927483
          ],
          [
            40.23717292,
            44.2392655
          ],
          [
            40.23717558,
            44.23925517
          ],
          [
            40.23717758,
            44.23924551
          ],
          [
            40.23718024,
            44.23923718
          ],
          [
            40.23718524,
            44.23922952
          ],
          [
            40.23719223,
            44.23922286
          ],
          [
            40.23720056,
            44.2392162
          ],
          [
            40.23720922,
            44.23921154
          ],
          [
            40.23721722,
            44.23920688
          ],
          [
            40.23722422,
            44.23920255
          ],
          [
            40.23722888,
            44.23919956
          ],
          [
            40.23723221,
            44.2391969
          ],
          [
            40.23723587,
            44.23919524
          ],
          [
            40.23723787,
            44.23919425
          ],
          [
            40.23723689,
            44.23919491
          ],
          [
            40.23723456,
            44.23919724
          ],
          [
            40.23723057,
            44.23920157
          ],
          [
            40.23722591,
            44.23920623
          ],
          [
            40.23721992,
            44.23921489
          ],
          [
            40.23721359,
            44.23922555
          ],
          [
            40.23720726,
            44.23923621
          ],
          [
            40.23719993,
            44.23924754
          ],
          [
            40.23719327,
            44.23925987
          ],
          [
            40.23718761,
            44.23927253
          ],
          [
            40.23718428,
            44.23928386
          ],
          [
            40.23718561,
            44.23929152
          ],
          [
            40.23719261,
            44.23929585
          ],
          [
            40.2371986,
            44.23929519
          ],
          [
            40.23720359,
            44.2392922
          ],
          [
            40.23720592,
            44.2392872
          ],
          [
            40.23720792,
            44.23928287
          ],
          [
            40.23720992,
            44.23927954
          ],
          [
            40.23721224,
            44.23927754
          ],
          [
            40.23721191,
            44.23928053
          ],
          [
            40.23720958,
            44.23928586
          ],
          [
            40.23720625,
            44.23929352
          ],
          [
            40.23720159,
            44.23929985
          ],
          [
            40.23719393,
            44.23930518
          ],
          [
            40.2371856,
            44.23930884
          ],
          [
            40.23717961,
            44.23931117
          ],
          [
            40.23717428,
            44.23931051
          ],
          [
            40.23716962,
            44.23930618
          ],
          [
            40.23716596,
            44.23930018
          ],
          [
            40.23716596,
            44.23929319
          ],
          [
            40.23716862,
            44.23928586
          ],
          [
            40.23717161,
            44.2392772
          ],
          [
            40.2371746,
            44.23926754
          ],
          [
            40.23717726,
            44.23925621
          ],
          [
            40.23717992,
            44.23924488
          ],
          [
            40.23718325,
            44.23923488
          ],
          [
            40.23718491,
            44.23922688
          ],
          [
            40.23718557,
            44.23922122
          ],
          [
            40.23718424,
            44.23921789
          ],
          [
            40.23718257,
            44.23921491
          ],
          [
            40.23718057,
            44.23921557
          ],
          [
            40.23717758,
            44.23921623
          ],
          [
            40.23717163,
            44.23921788
          ],
          [
            40.23717362,
            44.23921788
          ],
          [
            40.23717528,
            44.23921788
          ],
          [
            40.23717961,
            44.23921788
          ],
          [
            40.23718827,
            44.23921655
          ],
          [
            40.23719593,
            44.23921322
          ],
          [
            40.23720192,
            44.23920922
          ],
          [
            40.23720625,
            44.23920589
          ],
          [
            40.23720958,
            44.23920389
          ],
          [
            40.23721224,
            44.23920356
          ],
          [
            40.23721423,
            44.23920323
          ],
          [
            40.23722217,
            44.23920422
          ],
          [
            40.2372225,
            44.23920588
          ],
          [
            40.23722184,
            44.23920754
          ],
          [
            40.23721885,
            44.23921087
          ],
          [
            40.23721219,
            44.2392132
          ],
          [
            40.23720519,
            44.23921386
          ],
          [
            40.23719953,
            44.23921485
          ],
          [
            40.2371962,
            44.23921286
          ],
          [
            40.23719819,
            44.23921187
          ],
          [
            40.23720018,
            44.23920989
          ],
          [
            40.23719719,
            44.23921122
          ],
          [
            40.23719286,
            44.23921322
          ],
          [
            40.2371912,
            44.23921521
          ],
          [
            40.23719054,
            44.23921687
          ],
          [
            40.23718955,
            44.23921919
          ],
          [
            40.23719188,
            44.23921886
          ],
          [
            40.23719821,
            44.23921786
          ],
          [
            40.23720654,
            44.23921453
          ],
          [
            40.23721353,
            44.2392112
          ],
          [
            40.23721786,
            44.2392092
          ],
          [
            40.23722052,
            44.23920887
          ],
          [
            40.23722218,
            44.23920821
          ],
          [
            40.23722218,
            44.23920954
          ],
          [
            40.23722085,
            44.23921154
          ],
          [
            40.23721619,
            44.23921354
          ],
          [
            40.23720886,
            44.23921453
          ],
          [
            40.23720053,
            44.23921519
          ],
          [
            40.2371952,
            44.23921652
          ],
          [
            40.23719221,
            44.23921718
          ],
          [
            40.23719055,
            44.23921751
          ],
          [
            40.23718657,
            44.23921718
          ],
          [
            40.23718757,
            44.23921751
          ],
          [
            40.2371909,
            44.23921718
          ],
          [
            40.23719556,
            44.23921619
          ],
          [
            40.23720055,
            44.23921419
          ],
          [
            40.23720455,
            44.23921253
          ],
          [
            40.23720788,
            44.2392112
          ],
          [
            40.23721021,
            44.23921054
          ],
          [
            40.23721254,
            44.23921021
          ],
          [
            40.23721222,
            44.23921021
          ],
          [
            40.23721089,
            44.23921087
          ],
          [
            40.23720623,
            44.23921286
          ],
          [
            40.23719957,
            44.23921552
          ],
          [
            40.23719157,
            44.23921718
          ],
          [
            40.23718458,
            44.23921884
          ],
          [
            40.23717992,
            44.2392205
          ],
          [
            40.23717693,
            44.23922083
          ],
          [
            40.23717859,
            44.23922149
          ],
          [
            40.23718225,
            44.23922282
          ],
          [
            40.23718725,
            44.23922348
          ],
          [
            40.23719391,
            44.23922315
          ],
          [
            40.2372029,
            44.23922182
          ],
          [
            40.2372109,
            44.23921949
          ],
          [
            40.23721489,
            44.23921616
          ],
          [
            40.23721655,
            44.23921283
          ],
          [
            40.23721622,
            44.23921017
          ],
          [
            40.23721622,
            44.23920784
          ],
          [
            40.23721688,
            44.23920585
          ],
          [
            40.23721721,
            44.23920751
          ],
          [
            40.23720699,
            44.23920949
          ],
          [
            40.23720466,
            44.23921215
          ],
          [
            40.23719933,
            44.23921514
          ],
          [
            40.23719067,
            44.23921847
          ],
          [
            40.23718201,
            44.23922146
          ],
          [
            40.23717635,
            44.23922446
          ],
          [
            40.23717302,
            44.23922979
          ],
          [
            40.23717169,
            44.23923745
          ],
          [
            40.2371707,
            44.23924711
          ],
          [
            40.23716904,
            44.23925744
          ],
          [
            40.23716638,
            44.23926744
          ],
          [
            40.23716239,
            44.2392771
          ],
          [
            40.23715839,
            44.23928543
          ],
          [
            40.23715606,
            44.23929376
          ],
          [
            40.23715606,
            44.23930076
          ],
          [
            40.23715672,
            44.23930742
          ],
          [
            40.23715738,
            44.23931375
          ],
          [
            40.23715538,
            44.23932075
          ],
          [
            40.23715105,
            44.23932808
          ],
          [
            40.23714506,
            44.23933541
          ],
          [
            40.23713673,
            44.23934107
          ],
          [
            40.23712573,
            44.2393464
          ],
          [
            40.2371154,
            44.23935173
          ],
          [
            40.23710641,
            44.23935739
          ],
          [
            40.23709775,
            44.23936372
          ],
          [
            40.23708909,
            44.23937072
          ],
          [
            40.23708076,
            44.23937738
          ],
          [
            40.23707276,
            44.23938337
          ],
          [
            40.23706476,
            44.23938936
          ],
          [
            40.2370581,
            44.23939535
          ],
          [
            40.23705144,
            44.23940101
          ],
          [
            40.23704411,
            44.23940634
          ],
          [
            40.23703678,
            44.23941233
          ],
          [
            40.23702912,
            44.23941832
          ],
          [
            40.23702146,
            44.23942432
          ],
          [
            40.23701446,
            44.23942965
          ],
          [
            40.23700847,
            44.23943564
          ],
          [
            40.23700414,
            44.23944097
          ],
          [
            40.23700015,
            44.23944563
          ],
          [
            40.23699549,
            44.23945029
          ],
          [
            40.23698883,
            44.23945595
          ],
          [
            40.2369825,
            44.23946194
          ],
          [
            40.23697684,
            44.2394676
          ],
          [
            40.23697051,
            44.23947159
          ],
          [
            40.23696485,
            44.23947525
          ],
          [
            40.23695885,
            44.23948025
          ],
          [
            40.23695319,
            44.23948524
          ],
          [
            40.23694853,
            44.2394899
          ],
          [
            40.2369442,
            44.23949556
          ],
          [
            40.23694354,
            44.23950222
          ],
          [
            40.23694487,
            44.23950855
          ],
          [
            40.2369462,
            44.23951488
          ],
          [
            40.2369462,
            44.23952187
          ],
          [
            40.23694686,
            44.2395302
          ],
          [
            40.23694852,
            44.23953919
          ],
          [
            40.23695018,
            44.23954852
          ],
          [
            40.23695384,
            44.23955952
          ],
          [
            40.23695817,
            44.23957052
          ],
          [
            40.23696217,
            44.23958285
          ],
          [
            40.2369665,
            44.23959484
          ],
          [
            40.23697116,
            44.23960584
          ],
          [
            40.23697582,
            44.23961717
          ],
          [
            40.23698082,
            44.23962883
          ],
          [
            40.23698415,
            44.23963949
          ],
          [
            40.23698748,
            44.23965082
          ],
          [
            40.23699147,
            44.23966215
          ],
          [
            40.2369968,
            44.23967315
          ],
          [
            40.23700246,
            44.23968415
          ],
          [
            40.23700746,
            44.23969614
          ],
          [
            40.23701145,
            44.23970747
          ],
          [
            40.23701478,
            44.2397188
          ],
          [
            40.23701678,
            44.23973113
          ],
          [
            40.23701777,
            44.23974279
          ],
          [
            40.23701777,
            44.23975412
          ],
          [
            40.23701644,
            44.23976411
          ],
          [
            40.23701444,
            44.23977477
          ],
          [
            40.23701111,
            44.2397861
          ],
          [
            40.23700845,
            44.23979743
          ],
          [
            40.23700612,
            44.23980809
          ],
          [
            40.23700412,
            44.23981642
          ],
          [
            40.23700146,
            44.23982275
          ],
          [
            40.23699813,
            44.23982808
          ],
          [
            40.23699447,
            44.23983174
          ],
          [
            40.23698981,
            44.23983474
          ],
          [
            40.23698515,
            44.2398364
          ],
          [
            40.23698082,
            44.2398384
          ],
          [
            40.23697683,
            44.23983973
          ],
          [
            40.2369745,
            44.23984139
          ],
          [
            40.23697384,
            44.23984438
          ],
          [
            40.23697617,
            44.23985004
          ],
          [
            40.23698083,
            44.2398557
          ],
          [
            40.23698416,
            44.23986303
          ],
          [
            40.23698516,
            44.23987202
          ],
          [
            40.23698283,
            44.23988168
          ],
          [
            40.2369795,
            44.23989134
          ],
          [
            40.2369755,
            44.23990167
          ],
          [
            40.23697051,
            44.23991
          ],
          [
            40.23696618,
            44.23991566
          ],
          [
            40.23696219,
            44.23991966
          ],
          [
            40.23695853,
            44.23992132
          ],
          [
            40.23695554,
            44.23992365
          ],
          [
            40.23695255,
            44.23992598
          ],
          [
            40.23695088,
            44.23992598
          ],
          [
            40.23695121,
            44.23992598
          ],
          [
            40.23695783,
            44.23992367
          ],
          [
            40.23694958,
            44.23991706
          ],
          [
            40.23695024,
            44.23991408
          ],
          [
            40.23695256,
            44.23991408
          ],
          [
            40.23695157,
            44.23991607
          ],
          [
            40.2369529,
            44.2399214
          ],
          [
            40.23695423,
            44.23992706
          ],
          [
            40.23695423,
            44.23993406
          ],
          [
            40.2369519,
            44.23994072
          ],
          [
            40.23694891,
            44.23994671
          ],
          [
            40.23694658,
            44.23995371
          ],
          [
            40.23694525,
            44.23995937
          ],
          [
            40.23694758,
            44.23996603
          ],
          [
            40.23695258,
            44.23997136
          ],
          [
            40.23695857,
            44.23997636
          ],
          [
            40.23696456,
            44.23998136
          ],
          [
            40.23696922,
            44.23998735
          ],
          [
            40.23697422,
            44.23999401
          ],
          [
            40.23697755,
            44.24
          ],
          [
            40.23697988,
            44.24000533
          ],
          [
            40.23698121,
            44.24000966
          ],
          [
            40.23698187,
            44.24001265
          ],
          [
            40.23698154,
            44.24001531
          ],
          [
            40.23698154,
            44.2400173
          ],
          [
            40.23698021,
            44.2400193
          ],
          [
            40.23697855,
            44.2400213
          ],
          [
            40.23697789,
            44.24002296
          ],
          [
            40.23697922,
            44.24002596
          ],
          [
            40.23698021,
            44.24002862
          ],
          [
            40.23697988,
            44.24003028
          ],
          [
            40.23697955,
            44.24003425
          ],
          [
            40.23698021,
            44.24003192
          ],
          [
            40.23697988,
            44.24002759
          ],
          [
            40.23697855,
            44.2400216
          ],
          [
            40.23697556,
            44.24001527
          ],
          [
            40.23697257,
            44.24000794
          ],
          [
            40.23696891,
            44.24000061
          ],
          [
            40.23696458,
            44.23999128
          ],
          [
            40.23695992,
            44.23998162
          ],
          [
            40.23695526,
            44.23997062
          ],
          [
            40.23695227,
            44.23995929
          ],
          [
            40.23694994,
            44.23994629
          ],
          [
            40.23694861,
            44.23993363
          ],
          [
            40.23694562,
            44.23992097
          ],
          [
            40.23693996,
            44.23990831
          ],
          [
            40.2369333,
            44.23989631
          ],
          [
            40.23692397,
            44.23988665
          ],
          [
            40.23691364,
            44.23987832
          ],
          [
            40.23690131,
            44.23986933
          ],
          [
            40.23688798,
            44.239861
          ],
          [
            40.23687398,
            44.23985367
          ],
          [
            40.23686099,
            44.23984567
          ],
          [
            40.23684833,
            44.23983834
          ],
          [
            40.236837,
            44.23983001
          ],
          [
            40.23682534,
            44.23982235
          ],
          [
            40.23681368,
            44.23981236
          ],
          [
            40.23680235,
            44.23980236
          ],
          [
            40.23679135,
            44.23979103
          ],
          [
            40.23677869,
            44.23978103
          ],
          [
            40.23676636,
            44.23977104
          ],
          [
            40.2367537,
            44.23976171
          ],
          [
            40.23674171,
            44.23975171
          ],
          [
            40.23672905,
            44.23974272
          ],
          [
            40.23671639,
            44.23973339
          ],
          [
            40.23670506,
            44.23972439
          ],
          [
            40.23669507,
            44.23971406
          ],
          [
            40.23668474,
            44.23970473
          ],
          [
            40.23667541,
            44.23969607
          ],
          [
            40.23666708,
            44.23968674
          ],
          [
            40.23666008,
            44.23967641
          ],
          [
            40.23665342,
            44.23966608
          ],
          [
            40.23664709,
            44.23965475
          ],
          [
            40.23664043,
            44.23964375
          ],
          [
            40.23663277,
            44.23963275
          ],
          [
            40.23662478,
            44.23962275
          ],
          [
            40.23661612,
            44.23961175
          ],
          [
            40.23660812,
            44.23960142
          ],
          [
            40.23660012,
            44.23959109
          ],
          [
            40.23659146,
            44.23958109
          ],
          [
            40.2365808,
            44.2395721
          ],
          [
            40.2365698,
            44.23956377
          ],
          [
            40.23655847,
            44.23955577
          ],
          [
            40.23654781,
            44.23954778
          ],
          [
            40.23653648,
            44.23954045
          ],
          [
            40.23652515,
            44.23953312
          ],
          [
            40.23651516,
            44.23952646
          ],
          [
            40.23650516,
            44.2395208
          ],
          [
            40.23649517,
            44.23951547
          ],
          [
            40.23648451,
            44.23951047
          ],
          [
            40.23647251,
            44.23950581
          ],
          [
            40.23645952,
            44.23950248
          ],
          [
            40.23644586,
            44.23949915
          ],
          [
            40.23643153,
            44.23949516
          ],
          [
            40.23641753,
            44.2394895
          ],
          [
            40.23640254,
            44.23948317
          ],
          [
            40.23638688,
            44.23947651
          ],
          [
            40.23637055,
            44.23947018
          ],
          [
            40.23635456,
            44.23946352
          ],
          [
            40.23633923,
            44.23945719
          ],
          [
            40.23632424,
            44.2394502
          ],
          [
            40.23630858,
            44.23944254
          ],
          [
            40.23629259,
            44.23943521
          ],
          [
            40.23627559,
            44.23942755
          ],
          [
            40.23625726,
            44.23942022
          ],
          [
            40.23623893,
            44.23941323
          ],
          [
            40.2362206,
            44.2394069
          ],
          [
            40.23620194,
            44.23940257
          ],
          [
            40.23618295,
            44.23939991
          ],
          [
            40.23616662,
            44.23939925
          ],
          [
            40.23615596,
            44.23939859
          ],
          [
            40.23614896,
            44.23939826
          ],
          [
            40.23614197,
            44.23939793
          ],
          [
            40.23613397,
            44.23939859
          ],
          [
            40.23612231,
            44.23939859
          ],
          [
            40.23610798,
            44.23939826
          ],
          [
            40.23609232,
            44.23939826
          ],
          [
            40.23607599,
            44.23939859
          ],
          [
            40.23605966,
            44.23939859
          ],
          [
            40.23604267,
            44.23939892
          ],
          [
            40.23602701,
            44.23940058
          ],
          [
            40.23601068,
            44.23940124
          ],
          [
            40.23599602,
            44.23940124
          ],
          [
            40.23598169,
            44.23940025
          ],
          [
            40.23596703,
            44.23939792
          ],
          [
            40.2359517,
            44.23939526
          ],
          [
            40.23593637,
            44.23939127
          ],
          [
            40.23592037,
            44.23938794
          ],
          [
            40.23590571,
            44.23938361
          ],
          [
            40.23589405,
            44.23938128
          ],
          [
            40.23588572,
            44.23937929
          ],
          [
            40.23588039,
            44.23937796
          ],
          [
            40.23587539,
            44.23937829
          ],
          [
            40.2358724,
            44.23937862
          ],
          [
            40.23587074,
            44.23937895
          ],
          [
            40.23586974,
            44.23937796
          ],
          [
            40.2358724,
            44.23938555
          ],
          [
            40.23586218,
            44.23935519
          ],
          [
            40.23585752,
            44.23935685
          ],
          [
            40.23585052,
            44.23935851
          ],
          [
            40.23584153,
            44.23936017
          ],
          [
            40.23583254,
            44.23936283
          ],
          [
            40.23582088,
            44.23936482
          ],
          [
            40.23580722,
            44.23936715
          ],
          [
            40.23579322,
            44.23937014
          ],
          [
            40.23577889,
            44.23937313
          ],
          [
            40.23576356,
            44.23937646
          ],
          [
            40.23574757,
            44.23937945
          ],
          [
            40.23573191,
            44.23938411
          ],
          [
            40.23571591,
            44.23938811
          ],
          [
            40.23569825,
            44.23939277
          ],
          [
            40.23568026,
            44.2393961
          ],
          [
            40.23566226,
            44.23939743
          ],
          [
            40.23564427,
            44.23939876
          ],
          [
            40.23562594,
            44.23940042
          ],
          [
            40.23560794,
            44.23940141
          ],
          [
            40.23558961,
            44.23940207
          ],
          [
            40.23557095,
            44.2394024
          ],
          [
            40.23555296,
            44.23940207
          ],
          [
            40.23553463,
            44.23940074
          ],
          [
            40.23551697,
            44.23939975
          ],
          [
            40.23549897,
            44.23939742
          ],
          [
            40.23548164,
            44.23939542
          ],
          [
            40.23546331,
            44.23939309
          ],
          [
            40.23544531,
            44.2393911
          ],
          [
            40.23542665,
            44.2393891
          ],
          [
            40.23540832,
            44.23938777
          ],
          [
            40.23538966,
            44.23938644
          ],
          [
            40.235372,
            44.23938545
          ],
          [
            40.23535467,
            44.23938512
          ],
          [
            40.23533834,
            44.23938479
          ],
          [
            40.23532268,
            44.23938446
          ],
          [
            40.23530635,
            44.23938512
          ],
          [
            40.23529069,
            44.23938479
          ],
          [
            40.23527336,
            44.23938446
          ],
          [
            40.23525537,
            44.23938446
          ],
          [
            40.23523737,
            44.23938446
          ],
          [
            40.23522004,
            44.23938512
          ],
          [
            40.23520205,
            44.23938678
          ],
          [
            40.23518539,
            44.23938911
          ],
          [
            40.23516939,
            44.23939277
          ],
          [
            40.23515406,
            44.23939677
          ],
          [
            40.23513973,
            44.23940177
          ],
          [
            40.23512673,
            44.2394081
          ],
          [
            40.23511573,
            44.23941543
          ],
          [
            40.23510407,
            44.23942243
          ],
          [
            40.23509274,
            44.23942842
          ],
          [
            40.23508041,
            44.23943475
          ],
          [
            40.23506775,
            44.23944208
          ],
          [
            40.23505576,
            44.23944907
          ],
          [
            40.23504276,
            44.23945507
          ],
          [
            40.23503043,
            44.23946173
          ],
          [
            40.2350191,
            44.23946806
          ],
          [
            40.2350091,
            44.23947372
          ],
          [
            40.23499977,
            44.23948138
          ],
          [
            40.23498877,
            44.23949037
          ],
          [
            40.23497811,
            44.2394987
          ],
          [
            40.23496778,
            44.2395057
          ],
          [
            40.23495612,
            44.23951169
          ],
          [
            40.23494313,
            44.23951802
          ],
          [
            40.2349288,
            44.23952401
          ],
          [
            40.2349148,
            44.23953034
          ],
          [
            40.2348998,
            44.23953667
          ],
          [
            40.23488547,
            44.23954033
          ],
          [
            40.23487081,
            44.23954199
          ],
          [
            40.23485548,
            44.23954166
          ],
          [
            40.23484082,
            44.23953933
          ],
          [
            40.23482583,
            44.23953667
          ],
          [
            40.2348095,
            44.23953501
          ],
          [
            40.23479451,
            44.23953534
          ],
          [
            40.23478051,
            44.23953767
          ],
          [
            40.23476651,
            44.239541
          ],
          [
            40.23475285,
            44.23954633
          ],
          [
            40.23473852,
            44.23955166
          ],
          [
            40.23472486,
            44.23955732
          ],
          [
            40.23471187,
            44.23956331
          ],
          [
            40.23470021,
            44.2395693
          ],
          [
            40.23468955,
            44.23957396
          ],
          [
            40.23467822,
            44.23957795
          ],
          [
            40.23466589,
            44.23958261
          ],
          [
            40.23465323,
            44.23958727
          ],
          [
            40.23463957,
            44.23959226
          ],
          [
            40.23462524,
            44.23959492
          ],
          [
            40.23460958,
            44.23959692
          ],
          [
            40.23459325,
            44.23959725
          ],
          [
            40.23457692,
            44.23959725
          ],
          [
            40.23456026,
            44.23959758
          ],
          [
            40.2345436,
            44.23959891
          ],
          [
            40.23452727,
            44.2396009
          ],
          [
            40.23451061,
            44.23960356
          ],
          [
            40.23449528,
            44.23960722
          ],
          [
            40.23448095,
            44.23961121
          ],
          [
            40.23446595,
            44.23961454
          ],
          [
            40.23444996,
            44.2396162
          ],
          [
            40.23443296,
            44.2396182
          ],
          [
            40.2344153,
            44.23961919
          ],
          [
            40.23439831,
            44.23961853
          ],
          [
            40.23437998,
            44.23961753
          ],
          [
            40.23436098,
            44.23961753
          ],
          [
            40.23434298,
            44.23961753
          ],
          [
            40.23432399,
            44.23961753
          ],
          [
            40.23430533,
            44.23961687
          ],
          [
            40.234287,
            44.23961521
          ],
          [
            40.23427034,
            44.23961222
          ],
          [
            40.23425534,
            44.23960789
          ],
          [
            40.23424068,
            44.23960123
          ],
          [
            40.23422802,
            44.2395939
          ],
          [
            40.23421736,
            44.23958524
          ],
          [
            40.23420603,
            44.23957558
          ],
          [
            40.23419404,
            44.23956592
          ],
          [
            40.23418071,
            44.23955792
          ],
          [
            40.23416671,
            44.23955059
          ],
          [
            40.23415238,
            44.23954326
          ],
          [
            40.23413705,
            44.2395386
          ],
          [
            40.23412139,
            44.23953494
          ],
          [
            40.2341044,
            44.23953261
          ],
          [
            40.23408707,
            44.23953128
          ],
          [
            40.23406874,
            44.23953128
          ],
          [
            40.23404941,
            44.23953062
          ],
          [
            40.23403008,
            44.23952929
          ],
          [
            40.23400975,
            44.23952863
          ],
          [
            40.23399009,
            44.23952763
          ],
          [
            40.23397043,
            44.2395263
          ],
          [
            40.23395044,
            44.23952564
          ],
          [
            40.23393144,
            44.2395263
          ],
          [
            40.23391111,
            44.2395283
          ],
          [
            40.23389178,
            44.23952996
          ],
          [
            40.23387345,
            44.23953162
          ],
          [
            40.23385545,
            44.23953261
          ],
          [
            40.23383746,
            44.23953261
          ],
          [
            40.2338208,
            44.23953327
          ],
          [
            40.2338048,
            44.23953427
          ],
          [
            40.23379014,
            44.23953361
          ],
          [
            40.23377581,
            44.23953128
          ],
          [
            40.23376181,
            44.23952695
          ],
          [
            40.23374682,
            44.23952329
          ],
          [
            40.23373182,
            44.2395203
          ],
          [
            40.23371683,
            44.23951864
          ],
          [
            40.23370317,
            44.23951765
          ],
          [
            40.23369017,
            44.23951565
          ],
          [
            40.23367784,
            44.23951266
          ],
          [
            40.23366585,
            44.239508
          ],
          [
            40.23365252,
            44.23950334
          ],
          [
            40.23363986,
            44.23949968
          ],
          [
            40.23362686,
            44.23949702
          ],
          [
            40.23361386,
            44.23949336
          ],
          [
            40.2336002,
            44.2394897
          ],
          [
            40.23358421,
            44.23948671
          ],
          [
            40.23356821,
            44.23948571
          ],
          [
            40.23355188,
            44.23948604
          ],
          [
            40.23353555,
            44.2394867
          ],
          [
            40.23351855,
            44.23948836
          ],
          [
            40.23350289,
            44.23949202
          ],
          [
            40.23348756,
            44.23949768
          ],
          [
            40.23347223,
            44.23950501
          ],
          [
            40.23345757,
            44.23951201
          ],
          [
            40.23344424,
            44.23951834
          ],
          [
            40.23343091,
            44.23952467
          ],
          [
            40.23341825,
            44.23953
          ],
          [
            40.23340559,
            44.23953299
          ],
          [
            40.23339226,
            44.23953499
          ],
          [
            40.23337793,
            44.23953598
          ],
          [
            40.23336327,
            44.23953731
          ],
          [
            40.23334761,
            44.23953897
          ],
          [
            40.23333228,
            44.23954063
          ],
          [
            40.23331795,
            44.23954263
          ],
          [
            40.23330462,
            44.23954529
          ],
          [
            40.23329196,
            44.23954762
          ],
          [
            40.23327896,
            44.23954762
          ],
          [
            40.23326763,
            44.23954629
          ],
          [
            40.23325764,
            44.23954363
          ],
          [
            40.23324831,
            44.2395413
          ],
          [
            40.23323932,
            44.23953831
          ],
          [
            40.23322933,
            44.23953665
          ],
          [
            40.23321867,
            44.23953532
          ],
          [
            40.23320767,
            44.23953366
          ],
          [
            40.23319568,
            44.239531
          ],
          [
            40.23318102,
            44.239527
          ],
          [
            40.23316703,
            44.23952334
          ],
          [
            40.2331527,
            44.23952035
          ],
          [
            40.23313804,
            44.23951802
          ],
          [
            40.23312338,
            44.23951669
          ],
          [
            40.23311038,
            44.2395157
          ],
          [
            40.23309739,
            44.23951437
          ],
          [
            40.23308373,
            44.23951304
          ],
          [
            40.23307007,
            44.23950905
          ],
          [
            40.23305441,
            44.23950439
          ],
          [
            40.23303908,
            44.23949973
          ],
          [
            40.23302409,
            44.23949607
          ],
          [
            40.23300876,
            44.23949274
          ],
          [
            40.23299443,
            44.23948808
          ],
          [
            40.23298043,
            44.23948342
          ],
          [
            40.23296677,
            44.23947776
          ],
          [
            40.23295311,
            44.23947176
          ],
          [
            40.23293845,
            44.2394661
          ],
          [
            40.23292412,
            44.23946144
          ],
          [
            40.23290879,
            44.23945611
          ],
          [
            40.23289513,
            44.23945211
          ],
          [
            40.2328848,
            44.23944912
          ],
          [
            40.23287614,
            44.23944713
          ],
          [
            40.23286748,
            44.2394448
          ],
          [
            40.23285882,
            44.23944147
          ],
          [
            40.23284849,
            44.23943814
          ],
          [
            40.23283716,
            44.23943448
          ],
          [
            40.2328245,
            44.23943182
          ],
          [
            40.23281184,
            44.23942983
          ],
          [
            40.23280018,
            44.2394285
          ],
          [
            40.23278918,
            44.23942684
          ],
          [
            40.23277919,
            44.23942651
          ],
          [
            40.23276953,
            44.23942717
          ],
          [
            40.23275954,
            44.2394275
          ],
          [
            40.23274954,
            44.23942816
          ],
          [
            40.23273888,
            44.23942816
          ],
          [
            40.23272788,
            44.23942949
          ],
          [
            40.23271589,
            44.23943215
          ],
          [
            40.2327039,
            44.23943514
          ],
          [
            40.23269224,
            44.23943813
          ],
          [
            40.23267924,
            44.23944213
          ],
          [
            40.23266524,
            44.23944512
          ],
          [
            40.23265091,
            44.23944745
          ],
          [
            40.23263592,
            44.23944911
          ],
          [
            40.23262126,
            44.23944911
          ],
          [
            40.2326066,
            44.23944878
          ],
          [
            40.23259127,
            44.23944845
          ],
          [
            40.23257661,
            44.23944878
          ],
          [
            40.23256195,
            44.23945177
          ],
          [
            40.23254896,
            44.23945543
          ],
          [
            40.2325373,
            44.23945909
          ],
          [
            40.23252564,
            44.23946042
          ],
          [
            40.23251398,
            44.23946075
          ],
          [
            40.23250232,
            44.23945875
          ],
          [
            40.23249132,
            44.23945576
          ],
          [
            40.23247933,
            44.23945143
          ],
          [
            40.23246734,
            44.23944677
          ],
          [
            40.23245501,
            44.23944244
          ],
          [
            40.23244101,
            44.23943811
          ],
          [
            40.23242568,
            44.23943445
          ],
          [
            40.23241069,
            44.23943112
          ],
          [
            40.23239569,
            44.23942779
          ],
          [
            40.2323807,
            44.23942313
          ],
          [
            40.2323677,
            44.23941914
          ],
          [
            40.23235504,
            44.23941615
          ],
          [
            40.23234238,
            44.23941282
          ],
          [
            40.23232905,
            44.23940883
          ],
          [
            40.23231472,
            44.23940717
          ],
          [
            40.23230006,
            44.23940551
          ],
          [
            40.2322854,
            44.23940318
          ],
          [
            40.23227041,
            44.23940118
          ],
          [
            40.23225641,
            44.23939985
          ],
          [
            40.23224308,
            44.23939852
          ],
          [
            40.23223042,
            44.23939619
          ],
          [
            40.23221542,
            44.23939353
          ],
          [
            40.23220109,
            44.23939054
          ],
          [
            40.23218743,
            44.23938888
          ],
          [
            40.23217244,
            44.23938855
          ],
          [
            40.23215611,
            44.23938822
          ],
          [
            40.23213945,
            44.23938822
          ],
          [
            40.23212379,
            44.23938822
          ],
          [
            40.23210746,
            44.23938656
          ],
          [
            40.23209113,
            44.23938456
          ],
          [
            40.2320748,
            44.23938057
          ],
          [
            40.23205814,
            44.23937691
          ],
          [
            40.23204281,
            44.23937392
          ],
          [
            40.23202881,
            44.23937425
          ],
          [
            40.23201682,
            44.23937791
          ],
          [
            40.23200549,
            44.23938324
          ],
          [
            40.23199383,
            44.23938957
          ],
          [
            40.2319815,
            44.2393969
          ],
          [
            40.23196951,
            44.23940456
          ],
          [
            40.23195785,
            44.23941322
          ],
          [
            40.23194652,
            44.23942321
          ],
          [
            40.23193452,
            44.2394322
          ],
          [
            40.23192119,
            44.2394412
          ],
          [
            40.23190719,
            44.23944853
          ],
          [
            40.23189219,
            44.23945486
          ],
          [
            40.23187586,
            44.23946152
          ],
          [
            40.2318602,
            44.23946785
          ],
          [
            40.23184454,
            44.23947318
          ],
          [
            40.23183021,
            44.23947917
          ],
          [
            40.23181555,
            44.2394845
          ],
          [
            40.23180122,
            44.23949049
          ],
          [
            40.23178656,
            44.23949682
          ],
          [
            40.23177256,
            44.23950248
          ],
          [
            40.23176023,
            44.23950814
          ],
          [
            40.23174857,
            44.23951247
          ],
          [
            40.23173658,
            44.2395158
          ],
          [
            40.23172392,
            44.23951879
          ],
          [
            40.23171159,
            44.23951945
          ],
          [
            40.23169893,
            44.23952011
          ],
          [
            40.2316866,
            44.23951845
          ],
          [
            40.2316726,
            44.23951712
          ],
          [
            40.23165827,
            44.23951612
          ],
          [
            40.23164361,
            44.23951546
          ],
          [
            40.23162895,
            44.23951579
          ],
          [
            40.23161329,
            44.23951546
          ],
          [
            40.2315973,
            44.23951413
          ],
          [
            40.2315813,
            44.23951314
          ],
          [
            40.23156464,
            44.23951181
          ],
          [
            40.23154898,
            44.23951081
          ],
          [
            40.23153199,
            44.23951048
          ],
          [
            40.23151533,
            44.23951015
          ],
          [
            40.23149867,
            44.23950916
          ],
          [
            40.23148134,
            44.23950949
          ],
          [
            40.23146335,
            44.23951082
          ],
          [
            40.23144669,
            44.23951415
          ],
          [
            40.23143136,
            44.23951781
          ],
          [
            40.23141936,
            44.23952114
          ],
          [
            40.23141237,
            44.2395238
          ],
          [
            40.23140804,
            44.23952613
          ],
          [
            40.23140405,
            44.23952746
          ],
          [
            40.23140139,
            44.23952746
          ],
          [
            40.23140006,
            44.23952746
          ],
          [
            40.23139973,
            44.23953275
          ],
          [
            40.23139973,
            44.23953408
          ],
          [
            40.23139674,
            44.23953707
          ],
          [
            40.23139008,
            44.23953973
          ],
          [
            40.23138075,
            44.23954372
          ],
          [
            40.23136909,
            44.23954805
          ],
          [
            40.2313561,
            44.23955138
          ],
          [
            40.2313411,
            44.23955337
          ],
          [
            40.23132544,
            44.23955437
          ],
          [
            40.23130878,
            44.23955503
          ],
          [
            40.23129145,
            44.23955669
          ],
          [
            40.23127479,
            44.23955968
          ],
          [
            40.23125913,
            44.23956367
          ],
          [
            40.23124414,
            44.23956733
          ],
          [
            40.23123081,
            44.23956999
          ],
          [
            40.23121782,
            44.23957199
          ],
          [
            40.23120616,
            44.23957199
          ],
          [
            40.23119517,
            44.23957033
          ],
          [
            40.23118384,
            44.23956767
          ],
          [
            40.23117451,
            44.23956567
          ],
          [
            40.23116552,
            44.23956401
          ],
          [
            40.23115752,
            44.23956202
          ],
          [
            40.23114986,
            44.23956169
          ],
          [
            40.23114353,
            44.23956136
          ],
          [
            40.23113754,
            44.23956202
          ],
          [
            40.23113188,
            44.23956169
          ],
          [
            40.23112589,
            44.2395607
          ],
          [
            40.23112056,
            44.23956103
          ],
          [
            40.2311139,
            44.23956103
          ],
          [
            40.23110724,
            44.23956103
          ],
          [
            40.23110025,
            44.23956037
          ],
          [
            40.23109426,
            44.23955938
          ],
          [
            40.23108726,
            44.23955872
          ],
          [
            40.2310806,
            44.23955905
          ],
          [
            40.23107327,
            44.23956038
          ],
          [
            40.23106527,
            44.23956137
          ],
          [
            40.23105794,
            44.23956137
          ],
          [
            40.23105028,
            44.23956137
          ],
          [
            40.23104162,
            44.23956203
          ],
          [
            40.23103396,
            44.23956269
          ],
          [
            40.2310263,
            44.23956335
          ],
          [
            40.23101997,
            44.23956368
          ],
          [
            40.23101364,
            44.23956401
          ],
          [
            40.23100498,
            44.23956401
          ],
          [
            40.23099565,
            44.23956302
          ],
          [
            40.23098565,
            44.23956236
          ],
          [
            40.23097532,
            44.2395617
          ],
          [
            40.23096466,
            44.23956236
          ],
          [
            40.230953,
            44.23956369
          ],
          [
            40.23094067,
            44.23956735
          ],
          [
            40.23092734,
            44.23957135
          ],
          [
            40.23091168,
            44.23957468
          ],
          [
            40.23089702,
            44.23957801
          ],
          [
            40.23088369,
            44.23958134
          ],
          [
            40.23087236,
            44.239587
          ],
          [
            40.23086303,
            44.23959533
          ],
          [
            40.23085337,
            44.23960366
          ],
          [
            40.23084337,
            44.23961132
          ],
          [
            40.23083304,
            44.23961865
          ],
          [
            40.23082204,
            44.23962564
          ],
          [
            40.23081071,
            44.23963197
          ],
          [
            40.23079872,
            44.23963763
          ],
          [
            40.23078606,
            44.23964296
          ],
          [
            40.23077373,
            44.23964696
          ],
          [
            40.23076173,
            44.23964929
          ],
          [
            40.23074874,
            44.23965062
          ],
          [
            40.23073474,
            44.23965295
          ],
          [
            40.23072041,
            44.23965428
          ],
          [
            40.23070641,
            44.23965628
          ],
          [
            40.23069208,
            44.23965861
          ],
          [
            40.23067808,
            44.23966094
          ],
          [
            40.23066375,
            44.23966094
          ],
          [
            40.23064975,
            44.23966028
          ],
          [
            40.23063742,
            44.23965929
          ],
          [
            40.23062476,
            44.23965796
          ],
          [
            40.23061176,
            44.23965663
          ],
          [
            40.2305971,
            44.23965497
          ],
          [
            40.23058244,
            44.23965264
          ],
          [
            40.23056844,
            44.23965064
          ],
          [
            40.23055478,
            44.23964831
          ],
          [
            40.23054112,
            44.23964398
          ],
          [
            40.23052879,
            44.23963832
          ],
          [
            40.23051679,
            44.23963199
          ],
          [
            40.23050413,
            44.23962366
          ],
          [
            40.23049214,
            44.23961467
          ],
          [
            40.23048014,
            44.23960534
          ],
          [
            40.23046848,
            44.23959635
          ],
          [
            40.23045649,
            44.23958769
          ],
          [
            40.23044416,
            44.23957903
          ],
          [
            40.2304305,
            44.23957003
          ],
          [
            40.23041584,
            44.23956104
          ],
          [
            40.23039984,
            44.23955371
          ],
          [
            40.23038318,
            44.23954671
          ],
          [
            40.23036619,
            44.23954171
          ],
          [
            40.23034953,
            44.23953805
          ],
          [
            40.2303312,
            44.23953539
          ],
          [
            40.23031221,
            44.23953306
          ],
          [
            40.23029222,
            44.23953173
          ],
          [
            40.23027222,
            44.2395314
          ],
          [
            40.23025356,
            44.2395314
          ],
          [
            40.2302359,
            44.2395314
          ],
          [
            40.23021924,
            44.23953074
          ],
          [
            40.23020324,
            44.23952941
          ],
          [
            40.23018825,
            44.23952941
          ],
          [
            40.23017259,
            44.23953074
          ],
          [
            40.23015659,
            44.23953373
          ],
          [
            40.23014093,
            44.23953773
          ],
          [
            40.2301266,
            44.23954372
          ],
          [
            40.2301136,
            44.23955072
          ],
          [
            40.23010027,
            44.23955705
          ],
          [
            40.23008661,
            44.23956205
          ],
          [
            40.23007228,
            44.23956704
          ],
          [
            40.23005695,
            44.2395727
          ],
          [
            40.23004095,
            44.23957803
          ],
          [
            40.23002496,
            44.23958236
          ],
          [
            40.23000996,
            44.23958736
          ],
          [
            40.22999497,
            44.23959202
          ],
          [
            40.22997931,
            44.23959568
          ],
          [
            40.22996398,
            44.23959834
          ],
          [
            40.22994599,
            44.23960167
          ],
          [
            40.22992766,
            44.239604
          ],
          [
            40.229909,
            44.239605
          ],
          [
            40.22989034,
            44.23960467
          ],
          [
            40.22987234,
            44.23960367
          ],
          [
            40.22985435,
            44.23960334
          ],
          [
            40.22983569,
            44.23960367
          ],
          [
            40.22981836,
            44.23960467
          ],
          [
            40.2298007,
            44.23960434
          ],
          [
            40.22978204,
            44.23960434
          ],
          [
            40.22976405,
            44.23960434
          ],
          [
            40.22974605,
            44.239605
          ],
          [
            40.22972739,
            44.23960666
          ],
          [
            40.22970939,
            44.23960699
          ],
          [
            40.2296914,
            44.23960732
          ],
          [
            40.22967374,
            44.23960699
          ],
          [
            40.22965608,
            44.23960732
          ],
          [
            40.22963875,
            44.23960798
          ],
          [
            40.22962076,
            44.23960897
          ],
          [
            40.2296041,
            44.2396113
          ],
          [
            40.22958877,
            44.23961529
          ],
          [
            40.22957411,
            44.23962029
          ],
          [
            40.22956011,
            44.23962595
          ],
          [
            40.22954578,
            44.23962995
          ],
          [
            40.22953045,
            44.23963294
          ],
          [
            40.22951412,
            44.2396336
          ],
          [
            40.22949746,
            44.23963294
          ],
          [
            40.2294808,
            44.23963294
          ],
          [
            40.22946414,
            44.23963327
          ],
          [
            40.22944748,
            44.2396346
          ],
          [
            40.22943082,
            44.23963526
          ],
          [
            40.22941416,
            44.23963393
          ],
          [
            40.22939817,
            44.23963227
          ],
          [
            40.22938251,
            44.23962894
          ],
          [
            40.22936718,
            44.23962661
          ],
          [
            40.22935218,
            44.23962361
          ],
          [
            40.22933619,
            44.23961995
          ],
          [
            40.22932119,
            44.23961629
          ],
          [
            40.22930586,
            44.23961229
          ],
          [
            40.2292892,
            44.2396083
          ],
          [
            40.22927187,
            44.23960464
          ],
          [
            40.22925488,
            44.23960064
          ],
          [
            40.22923722,
            44.23959498
          ],
          [
            40.22922023,
            44.23958865
          ],
          [
            40.2292029,
            44.23958199
          ],
          [
            40.22918557,
            44.23957566
          ],
          [
            40.22916758,
            44.23957067
          ],
          [
            40.22914958,
            44.23956667
          ],
          [
            40.22913225,
            44.23956368
          ],
          [
            40.22911526,
            44.23956135
          ],
          [
            40.2291016,
            44.23955936
          ],
          [
            40.22909261,
            44.23955736
          ],
          [
            40.22908795,
            44.23955703
          ],
          [
            40.22908529,
            44.2395567
          ],
          [
            40.22908363,
            44.23955769
          ],
          [
            40.22908064,
            44.23955703
          ],
          [
            40.22907531,
            44.23955802
          ],
          [
            40.22906565,
            44.23955835
          ],
          [
            40.22905232,
            44.23955968
          ],
          [
            40.22903666,
            44.23956101
          ],
          [
            40.22902033,
            44.23956234
          ],
          [
            40.229004,
            44.239563
          ],
          [
            40.22898734,
            44.23956466
          ],
          [
            40.22897134,
            44.23956799
          ],
          [
            40.22895534,
            44.23957098
          ],
          [
            40.22893768,
            44.23957364
          ],
          [
            40.22891902,
            44.2395773
          ],
          [
            40.22889969,
            44.23958096
          ],
          [
            40.22888103,
            44.23958429
          ],
          [
            40.22886237,
            44.23958829
          ],
          [
            40.22884371,
            44.23959262
          ],
          [
            40.22882538,
            44.23959795
          ],
          [
            40.22880705,
            44.23960528
          ],
          [
            40.22878972,
            44.23961361
          ],
          [
            40.22877372,
            44.23962194
          ],
          [
            40.22876006,
            44.23963027
          ],
          [
            40.2287484,
            44.23963527
          ],
          [
            40.22873641,
            44.23963693
          ],
          [
            40.22872375,
            44.2396356
          ],
          [
            40.22871142,
            44.23963327
          ],
          [
            40.22870209,
            44.23962894
          ],
          [
            40.22869443,
            44.23962395
          ],
          [
            40.22868777,
            44.23961729
          ],
          [
            40.22868244,
            44.23961096
          ],
          [
            40.22867645,
            44.23960497
          ],
          [
            40.22867179,
            44.23959864
          ],
          [
            40.22866613,
            44.23959231
          ],
          [
            40.22866147,
            44.23958532
          ],
          [
            40.22865748,
            44.23957899
          ],
          [
            40.22865415,
            44.23957433
          ],
          [
            40.22865016,
            44.23957033
          ],
          [
            40.22864616,
            44.23956667
          ],
          [
            40.2286415,
            44.23956234
          ],
          [
            40.2286365,
            44.23955868
          ],
          [
            40.2286315,
            44.23955469
          ],
          [
            40.22862684,
            44.2395507
          ],
          [
            40.22862184,
            44.23954737
          ],
          [
            40.22861818,
            44.23954438
          ],
          [
            40.22861618,
            44.23954239
          ],
          [
            40.22861154,
            44.23954602
          ],
          [
            40.22861121,
            44.23954868
          ],
          [
            40.22861254,
            44.23955368
          ],
          [
            40.22861553,
            44.23956001
          ],
          [
            40.22861952,
            44.23956634
          ],
          [
            40.22862485,
            44.239573
          ],
          [
            40.22862951,
            44.23957866
          ],
          [
            40.22863417,
            44.23958499
          ],
          [
            40.22863817,
            44.23959198
          ],
          [
            40.22864216,
            44.23959898
          ],
          [
            40.22864515,
            44.23960631
          ],
          [
            40.22864948,
            44.23961431
          ],
          [
            40.22865481,
            44.23962231
          ],
          [
            40.2286608,
            44.23963031
          ],
          [
            40.22866779,
            44.23963664
          ],
          [
            40.22867445,
            44.2396433
          ],
          [
            40.22868044,
            44.23965163
          ],
          [
            40.22868543,
            44.23965863
          ],
          [
            40.22868843,
            44.23966363
          ],
          [
            40.22869076,
            44.23966729
          ],
          [
            40.22869309,
            44.23966962
          ],
          [
            40.22869509,
            44.23967128
          ],
          [
            40.22869873,
            44.2396726
          ],
          [
            40.22869906,
            44.23967393
          ],
          [
            40.2286984,
            44.23967759
          ],
          [
            40.22869674,
            44.23968225
          ],
          [
            40.22869408,
            44.23968691
          ],
          [
            40.22868942,
            44.23969191
          ],
          [
            40.22868276,
            44.2396959
          ],
          [
            40.22867476,
            44.23970056
          ],
          [
            40.22866676,
            44.23970589
          ],
          [
            40.22865777,
            44.23971122
          ],
          [
            40.22864844,
            44.23971655
          ],
          [
            40.22863945,
            44.23972088
          ],
          [
            40.22863079,
            44.23972487
          ],
          [
            40.22862413,
            44.23972787
          ],
          [
            40.2286188,
            44.2397292
          ],
          [
            40.22861447,
            44.2397292
          ],
          [
            40.22861114,
            44.23972854
          ],
          [
            40.22860914,
            44.23972887
          ],
          [
            40.22860583,
            44.23972887
          ],
          [
            40.22861705,
            44.23972822
          ],
          [
            40.22862068,
            44.23972458
          ],
          [
            40.2286339,
            44.2397226
          ],
          [
            40.22863523,
            44.2397226
          ],
          [
            40.22863357,
            44.23972459
          ],
          [
            40.22863058,
            44.23972859
          ],
          [
            40.22862459,
            44.23973292
          ],
          [
            40.22861659,
            44.23973692
          ],
          [
            40.22860626,
            44.23974025
          ],
          [
            40.22859493,
            44.23974391
          ],
          [
            40.2285826,
            44.23974891
          ],
          [
            40.22856994,
            44.23975557
          ],
          [
            40.22855895,
            44.23976457
          ],
          [
            40.22854962,
            44.23977423
          ],
          [
            40.22854363,
            44.23978489
          ],
          [
            40.22853863,
            44.23979655
          ],
          [
            40.22853564,
            44.23980854
          ],
          [
            40.22853398,
            44.2398192
          ],
          [
            40.22853198,
            44.2398292
          ],
          [
            40.22852899,
            44.23983786
          ],
          [
            40.228523,
            44.23984519
          ],
          [
            40.22851434,
            44.23985219
          ],
          [
            40.22850434,
            44.23985918
          ],
          [
            40.22849368,
            44.23986584
          ],
          [
            40.22848335,
            44.23987383
          ],
          [
            40.22847402,
            44.23988383
          ],
          [
            40.22846469,
            44.23989449
          ],
          [
            40.22845336,
            44.23990448
          ],
          [
            40.2284397,
            44.23991347
          ],
          [
            40.22842504,
            44.2399218
          ],
          [
            40.22840805,
            44.23992846
          ],
          [
            40.22839006,
            44.23993346
          ],
          [
            40.22837173,
            44.23993712
          ],
          [
            40.22835307,
            44.23994045
          ],
          [
            40.22833574,
            44.23994478
          ],
          [
            40.22831908,
            44.23994911
          ],
          [
            40.22830542,
            44.2399551
          ],
          [
            40.22829142,
            44.2399621
          ],
          [
            40.22827676,
            44.23996976
          ],
          [
            40.22826177,
            44.23997609
          ],
          [
            40.22824744,
            44.23998075
          ],
          [
            40.22823178,
            44.23998208
          ],
          [
            40.22821412,
            44.23998075
          ],
          [
            40.22819713,
            44.23998009
          ],
          [
            40.22817947,
            44.23998109
          ],
          [
            40.22816081,
            44.23998308
          ],
          [
            40.22814348,
            44.23998674
          ],
          [
            40.22812948,
            44.23999173
          ],
          [
            40.22811682,
            44.23999806
          ],
          [
            40.22810449,
            44.24000639
          ],
          [
            40.22809316,
            44.24001538
          ],
          [
            40.22808516,
            44.24002571
          ],
          [
            40.22807883,
            44.24003571
          ],
          [
            40.2280765,
            44.24004704
          ],
          [
            40.22807217,
            44.2400587
          ],
          [
            40.22806584,
            44.24006936
          ],
          [
            40.22805784,
            44.24008069
          ],
          [
            40.22804985,
            44.24009135
          ],
          [
            40.22804019,
            44.24010168
          ],
          [
            40.22802853,
            44.24011134
          ],
          [
            40.22801654,
            44.24012033
          ],
          [
            40.22800254,
            44.24012833
          ],
          [
            40.22798854,
            44.24013666
          ],
          [
            40.22797554,
            44.24014565
          ],
          [
            40.22796188,
            44.24015365
          ],
          [
            40.22794922,
            44.24016331
          ],
          [
            40.22794122,
            44.24017497
          ],
          [
            40.22793656,
            44.2401873
          ],
          [
            40.22793323,
            44.24019996
          ],
          [
            40.2279299,
            44.24021296
          ],
          [
            40.22792557,
            44.24022596
          ],
          [
            40.22792124,
            44.24023795
          ],
          [
            40.22791658,
            44.24024895
          ],
          [
            40.22791059,
            44.24026094
          ],
          [
            40.22790293,
            44.2402716
          ],
          [
            40.2278936,
            44.24028193
          ],
          [
            40.22788294,
            44.24029093
          ],
          [
            40.22787028,
            44.24030092
          ],
          [
            40.22785862,
            44.24031292
          ],
          [
            40.22784696,
            44.24032525
          ],
          [
            40.22783563,
            44.24033758
          ],
          [
            40.2278233,
            44.24034858
          ],
          [
            40.22780864,
            44.24035891
          ],
          [
            40.22779231,
            44.24036757
          ],
          [
            40.22777398,
            44.24037557
          ],
          [
            40.22775498,
            44.24038223
          ],
          [
            40.22773665,
            44.24038889
          ],
          [
            40.22771866,
            44.24039488
          ],
          [
            40.227701,
            44.24040121
          ],
          [
            40.22768367,
            44.24040754
          ],
          [
            40.22766634,
            44.24041487
          ],
          [
            40.22764835,
            44.2404212
          ],
          [
            40.22763102,
            44.24042686
          ],
          [
            40.22761369,
            44.24043452
          ],
          [
            40.22759736,
            44.24044351
          ],
          [
            40.2275837,
            44.2404525
          ],
          [
            40.22757171,
            44.24046283
          ],
          [
            40.22755871,
            44.24047149
          ],
          [
            40.22754438,
            44.24047848
          ],
          [
            40.22752872,
            44.24048581
          ],
          [
            40.22751173,
            44.24049381
          ],
          [
            40.2274964,
            44.24050247
          ],
          [
            40.22748307,
            44.2405118
          ],
          [
            40.22747174,
            44.24052113
          ],
          [
            40.22746308,
            44.24052979
          ],
          [
            40.22745375,
            44.24053745
          ],
          [
            40.22744342,
            44.24054545
          ],
          [
            40.22743209,
            44.24055411
          ],
          [
            40.22741843,
            44.24056177
          ],
          [
            40.22740377,
            44.24056943
          ],
          [
            40.22738811,
            44.24057509
          ],
          [
            40.22737278,
            44.24058008
          ],
          [
            40.22735745,
            44.24058408
          ],
          [
            40.22734312,
            44.24058874
          ],
          [
            40.22732912,
            44.24059273
          ],
          [
            40.22731479,
            44.24059506
          ],
          [
            40.22730146,
            44.24059772
          ],
          [
            40.22728946,
            44.24060071
          ],
          [
            40.22727747,
            44.2406047
          ],
          [
            40.22726381,
            44.2406097
          ],
          [
            40.22724981,
            44.24061603
          ],
          [
            40.22723515,
            44.24062369
          ],
          [
            40.22721982,
            44.24063102
          ],
          [
            40.22720382,
            44.24063835
          ],
          [
            40.22718683,
            44.24064501
          ],
          [
            40.22716883,
            44.24065267
          ],
          [
            40.22715117,
            44.24066033
          ],
          [
            40.22713318,
            44.24066766
          ],
          [
            40.22711518,
            44.24067565
          ],
          [
            40.22709785,
            44.24068331
          ],
          [
            40.22708086,
            44.2406923
          ],
          [
            40.22706453,
            44.2407023
          ],
          [
            40.2270492,
            44.24071196
          ],
          [
            40.2270362,
            44.24072262
          ],
          [
            40.22702487,
            44.24073528
          ],
          [
            40.22701621,
            44.24074661
          ],
          [
            40.22700688,
            44.24075727
          ],
          [
            40.22699622,
            44.24076793
          ],
          [
            40.22698389,
            44.24077493
          ],
          [
            40.22696889,
            44.24077959
          ],
          [
            40.22695356,
            44.24078325
          ],
          [
            40.2269389,
            44.24078558
          ],
          [
            40.22692457,
            44.24078691
          ],
          [
            40.22690824,
            44.24078824
          ],
          [
            40.22689091,
            44.24079123
          ],
          [
            40.22687458,
            44.24079622
          ],
          [
            40.22685858,
            44.24080155
          ],
          [
            40.22684125,
            44.24080788
          ],
          [
            40.22682392,
            44.24081354
          ],
          [
            40.22680592,
            44.2408182
          ],
          [
            40.22678759,
            44.24082286
          ],
          [
            40.22676926,
            44.24082786
          ],
          [
            40.2267516,
            44.24083285
          ],
          [
            40.2267356,
            44.24083785
          ],
          [
            40.22671994,
            44.24084285
          ],
          [
            40.22670528,
            44.24084851
          ],
          [
            40.22668928,
            44.24085384
          ],
          [
            40.22667229,
            44.24085983
          ],
          [
            40.22665463,
            44.24086582
          ],
          [
            40.22663897,
            44.24087282
          ],
          [
            40.22662464,
            44.24088115
          ],
          [
            40.22661031,
            44.24088948
          ],
          [
            40.22659765,
            44.24089714
          ],
          [
            40.22658632,
            44.2409058
          ],
          [
            40.22657633,
            44.2409148
          ],
          [
            40.22656734,
            44.24092479
          ],
          [
            40.22655834,
            44.24093779
          ],
          [
            40.22655101,
            44.24095078
          ],
          [
            40.22654401,
            44.24096311
          ],
          [
            40.22653902,
            44.24097477
          ],
          [
            40.22653469,
            44.24098676
          ],
          [
            40.22653203,
            44.24100009
          ],
          [
            40.22653269,
            44.24101409
          ],
          [
            40.22653669,
            44.24102775
          ],
          [
            40.22654268,
            44.24104074
          ],
          [
            40.22654967,
            44.2410524
          ],
          [
            40.22655633,
            44.24106406
          ],
          [
            40.22656266,
            44.24107639
          ],
          [
            40.22656799,
            44.24108905
          ],
          [
            40.22657398,
            44.24110171
          ],
          [
            40.22657931,
            44.24111437
          ],
          [
            40.22658297,
            44.24112803
          ],
          [
            40.2265863,
            44.24114136
          ],
          [
            40.22658996,
            44.24115536
          ],
          [
            40.22659329,
            44.24116869
          ],
          [
            40.22659662,
            44.24118135
          ],
          [
            40.22659928,
            44.24119268
          ],
          [
            40.22660161,
            44.24120501
          ],
          [
            40.22660427,
            44.241217
          ],
          [
            40.2266066,
            44.24122899
          ],
          [
            40.22660859,
            44.24124199
          ],
          [
            40.22661192,
            44.24125465
          ],
          [
            40.22661425,
            44.24126731
          ],
          [
            40.22661591,
            44.24128131
          ],
          [
            40.22661624,
            44.24129531
          ],
          [
            40.22661657,
            44.24130964
          ],
          [
            40.22661591,
            44.2413243
          ],
          [
            40.22661558,
            44.24133929
          ],
          [
            40.22661657,
            44.24135362
          ],
          [
            40.22661723,
            44.24136828
          ],
          [
            40.2266169,
            44.24138294
          ],
          [
            40.22661823,
            44.2413966
          ],
          [
            40.22661956,
            44.24140993
          ],
          [
            40.22662056,
            44.24142326
          ],
          [
            40.22662155,
            44.24143659
          ],
          [
            40.22662288,
            44.24144992
          ],
          [
            40.22662521,
            44.24146325
          ],
          [
            40.22662721,
            44.24147658
          ],
          [
            40.22662954,
            44.24149058
          ],
          [
            40.2266332,
            44.24150491
          ],
          [
            40.22663586,
            44.24151957
          ],
          [
            40.22663786,
            44.2415339
          ],
          [
            40.22663919,
            44.24154889
          ],
          [
            40.22664019,
            44.24156455
          ],
          [
            40.22663953,
            44.24157888
          ],
          [
            40.22663754,
            44.24159254
          ],
          [
            40.22663455,
            44.24160554
          ],
          [
            40.22663089,
            44.2416192
          ],
          [
            40.22662556,
            44.24163353
          ],
          [
            40.22662223,
            44.24164852
          ],
          [
            40.22662057,
            44.24166452
          ],
          [
            40.22662156,
            44.24168018
          ],
          [
            40.22662356,
            44.24169484
          ],
          [
            40.22662455,
            44.24170884
          ],
          [
            40.22662422,
            44.24172317
          ],
          [
            40.22662323,
            44.24173717
          ],
          [
            40.2266219,
            44.2417515
          ],
          [
            40.22661857,
            44.24176683
          ],
          [
            40.22661391,
            44.24178149
          ],
          [
            40.22660825,
            44.24179549
          ],
          [
            40.22660292,
            44.24180848
          ],
          [
            40.22659793,
            44.24182148
          ],
          [
            40.22659327,
            44.24183548
          ],
          [
            40.22658994,
            44.24184914
          ],
          [
            40.22658794,
            44.2418628
          ],
          [
            40.22658661,
            44.24187546
          ],
          [
            40.22658461,
            44.24188912
          ],
          [
            40.22658061,
            44.24190278
          ],
          [
            40.22657595,
            44.24191644
          ],
          [
            40.22657162,
            44.2419291
          ],
          [
            40.22656896,
            44.2419421
          ],
          [
            40.22656797,
            44.24195576
          ],
          [
            40.22656863,
            44.24196942
          ],
          [
            40.22656863,
            44.24198208
          ],
          [
            40.22656764,
            44.24199474
          ],
          [
            40.22656598,
            44.24200674
          ],
          [
            40.22656232,
            44.2420174
          ],
          [
            40.22655666,
            44.24202773
          ],
          [
            40.22654933,
            44.24203706
          ],
          [
            40.226539,
            44.24204672
          ],
          [
            40.22652734,
            44.24205671
          ],
          [
            40.22651401,
            44.24206604
          ],
          [
            40.22649901,
            44.24207637
          ],
          [
            40.22648468,
            44.24208637
          ],
          [
            40.22647068,
            44.24209703
          ],
          [
            40.22645802,
            44.24210602
          ],
          [
            40.22644402,
            44.24211435
          ],
          [
            40.22643002,
            44.24212101
          ],
          [
            40.22641402,
            44.24212901
          ],
          [
            40.22639969,
            44.242138
          ],
          [
            40.2263847,
            44.242148
          ],
          [
            40.22636937,
            44.24215733
          ],
          [
            40.22635371,
            44.24216566
          ],
          [
            40.22633705,
            44.24217199
          ],
          [
            40.22632105,
            44.24217899
          ],
          [
            40.22630406,
            44.24218465
          ],
          [
            40.2262864,
            44.24218931
          ],
          [
            40.2262674,
            44.2421943
          ],
          [
            40.22624774,
            44.2421983
          ],
          [
            40.22622874,
            44.24220229
          ],
          [
            40.22620941,
            44.24220662
          ],
          [
            40.22619008,
            44.24221162
          ],
          [
            40.22617208,
            44.24221695
          ],
          [
            40.22615409,
            44.24222128
          ],
          [
            40.2261371,
            44.24222461
          ],
          [
            40.2261191,
            44.24222794
          ],
          [
            40.22610077,
            44.2422326
          ],
          [
            40.22608277,
            44.2422376
          ],
          [
            40.22606444,
            44.24224226
          ],
          [
            40.22604578,
            44.24224659
          ],
          [
            40.22602745,
            44.24225192
          ],
          [
            40.22600945,
            44.24225758
          ],
          [
            40.22599146,
            44.24226491
          ],
          [
            40.2259748,
            44.24227357
          ],
          [
            40.22595914,
            44.24228256
          ],
          [
            40.22594481,
            44.24229155
          ],
          [
            40.22593081,
            44.24230088
          ],
          [
            40.22591715,
            44.24230954
          ],
          [
            40.22590449,
            44.24231887
          ],
          [
            40.22589483,
            44.2423292
          ],
          [
            40.22588883,
            44.24233986
          ],
          [
            40.22588617,
            44.24234986
          ],
          [
            40.22588317,
            44.24236019
          ],
          [
            40.22587884,
            44.24237185
          ],
          [
            40.22587285,
            44.24238385
          ],
          [
            40.22586686,
            44.24239451
          ],
          [
            40.22586087,
            44.24240517
          ],
          [
            40.22585387,
            44.24241617
          ],
          [
            40.22584521,
            44.2424275
          ],
          [
            40.22583588,
            44.2424385
          ],
          [
            40.22582555,
            44.24244816
          ],
          [
            40.22581589,
            44.24245782
          ],
          [
            40.22580789,
            44.24246782
          ],
          [
            40.22579789,
            44.24247781
          ],
          [
            40.2257889,
            44.24248714
          ],
          [
            40.22578057,
            44.2424968
          ],
          [
            40.22577124,
            44.24250579
          ],
          [
            40.22576091,
            44.24251679
          ],
          [
            40.22574991,
            44.24252779
          ],
          [
            40.22573825,
            44.24253712
          ],
          [
            40.22572559,
            44.24254545
          ],
          [
            40.22571226,
            44.24255311
          ],
          [
            40.22569726,
            44.24256177
          ],
          [
            40.22568326,
            44.2425701
          ],
          [
            40.22566893,
            44.24257909
          ],
          [
            40.2256546,
            44.24258875
          ],
          [
            40.22564161,
            44.24259874
          ],
          [
            40.22563061,
            44.24260907
          ],
          [
            40.22562061,
            44.24261873
          ],
          [
            40.22561062,
            44.24262772
          ],
          [
            40.22560029,
            44.24263705
          ],
          [
            40.22558963,
            44.24264671
          ],
          [
            40.2255793,
            44.24265637
          ],
          [
            40.22557031,
            44.24266636
          ],
          [
            40.22556098,
            44.24267636
          ],
          [
            40.22555165,
            44.24268635
          ],
          [
            40.22554032,
            44.24269601
          ],
          [
            40.22552899,
            44.242706
          ],
          [
            40.22551833,
            44.24271666
          ],
          [
            40.225507,
            44.24272699
          ],
          [
            40.22549634,
            44.24273799
          ],
          [
            40.22548601,
            44.24274932
          ],
          [
            40.22547668,
            44.24276131
          ],
          [
            40.22546668,
            44.2427733
          ],
          [
            40.22545669,
            44.2427843
          ],
          [
            40.22544569,
            44.24279496
          ],
          [
            40.22543503,
            44.24280462
          ],
          [
            40.22542637,
            44.24281528
          ],
          [
            40.22541671,
            44.24282461
          ],
          [
            40.22540405,
            44.24283327
          ],
          [
            40.22538805,
            44.2428396
          ],
          [
            40.22536972,
            44.24284493
          ],
          [
            40.22535139,
            44.24284992
          ],
          [
            40.22533173,
            44.24285358
          ],
          [
            40.2253124,
            44.24285791
          ],
          [
            40.2252924,
            44.24286191
          ],
          [
            40.22527241,
            44.2428669
          ],
          [
            40.22525308,
            44.2428719
          ],
          [
            40.22523475,
            44.24287823
          ],
          [
            40.22521642,
            44.24288522
          ],
          [
            40.22519809,
            44.24289288
          ],
          [
            40.22517976,
            44.24290088
          ],
          [
            40.2251621,
            44.24290754
          ],
          [
            40.2251461,
            44.24291554
          ],
          [
            40.22513044,
            44.2429232
          ],
          [
            40.22511378,
            44.24292953
          ],
          [
            40.22509512,
            44.24293419
          ],
          [
            40.22507613,
            44.24293819
          ],
          [
            40.22505647,
            44.24294185
          ],
          [
            40.22503747,
            44.24294618
          ],
          [
            40.22501914,
            44.24295217
          ],
          [
            40.22500315,
            44.2429575
          ],
          [
            40.22498815,
            44.24296349
          ],
          [
            40.22497316,
            44.24297015
          ],
          [
            40.22495883,
            44.24297715
          ],
          [
            40.22494483,
            44.24298448
          ],
          [
            40.2249325,
            44.24299181
          ],
          [
            40.22491917,
            44.24299947
          ],
          [
            40.22490484,
            44.24300713
          ],
          [
            40.22489251,
            44.24301513
          ],
          [
            40.22487985,
            44.24302412
          ],
          [
            40.22486885,
            44.24303345
          ],
          [
            40.22486152,
            44.24304578
          ],
          [
            40.22485519,
            44.24305711
          ],
          [
            40.22484986,
            44.24306844
          ],
          [
            40.22484553,
            44.2430801
          ],
          [
            40.22484353,
            44.24309243
          ],
          [
            40.22484287,
            44.24310509
          ],
          [
            40.2248432,
            44.24311809
          ],
          [
            40.22484419,
            44.24313108
          ],
          [
            40.22484485,
            44.24314441
          ],
          [
            40.22484452,
            44.24315741
          ],
          [
            40.22484618,
            44.24317141
          ],
          [
            40.22484784,
            44.24318607
          ],
          [
            40.22485017,
            44.24319907
          ],
          [
            40.2248545,
            44.2432124
          ],
          [
            40.22485816,
            44.2432264
          ],
          [
            40.22486249,
            44.24324073
          ],
          [
            40.22486782,
            44.24325606
          ],
          [
            40.22487481,
            44.24327272
          ],
          [
            40.22488447,
            44.24328871
          ],
          [
            40.22489146,
            44.24330204
          ],
          [
            40.22489579,
            44.24331403
          ],
          [
            40.22489778,
            44.24332536
          ],
          [
            40.22489745,
            44.24333736
          ],
          [
            40.22489646,
            44.24334935
          ],
          [
            40.22489413,
            44.24336134
          ],
          [
            40.2248888,
            44.243373
          ],
          [
            40.22488281,
            44.24338566
          ],
          [
            40.22487715,
            44.24339899
          ],
          [
            40.22487382,
            44.24341365
          ],
          [
            40.22487316,
            44.24342864
          ],
          [
            40.22487349,
            44.24344397
          ],
          [
            40.22487149,
            44.2434593
          ],
          [
            40.22486716,
            44.24347396
          ],
          [
            40.2248625,
            44.24348729
          ],
          [
            40.22485651,
            44.24349928
          ],
          [
            40.22484951,
            44.24351194
          ],
          [
            40.22484118,
            44.24352294
          ],
          [
            40.22483285,
            44.24353193
          ],
          [
            40.22482286,
            44.24354159
          ],
          [
            40.22481253,
            44.24354659
          ],
          [
            40.22480087,
            44.24355025
          ],
          [
            40.22479087,
            44.24355258
          ],
          [
            40.22478188,
            44.24355424
          ],
          [
            40.22477322,
            44.24355624
          ],
          [
            40.22476756,
            44.24355923
          ],
          [
            40.22476157,
            44.24356422
          ],
          [
            40.22475657,
            44.24357022
          ],
          [
            40.22475224,
            44.24357688
          ],
          [
            40.22475025,
            44.24358421
          ],
          [
            40.22474792,
            44.24359221
          ],
          [
            40.22474493,
            44.24360021
          ],
          [
            40.2247426,
            44.24360554
          ],
          [
            40.2247406,
            44.24360887
          ],
          [
            40.22473861,
            44.24361087
          ],
          [
            40.22473661,
            44.24361287
          ],
          [
            40.22473428,
            44.24361453
          ],
          [
            40.22473295,
            44.24361619
          ],
          [
            40.22473162,
            44.24361685
          ],
          [
            40.22473261,
            44.24362084
          ],
          [
            40.22473527,
            44.2436215
          ],
          [
            40.2247366,
            44.24362183
          ],
          [
            40.22474189,
            44.24362348
          ],
          [
            40.22474354,
            44.24362448
          ],
          [
            40.22475048,
            44.24362679
          ],
          [
            40.22475248,
            44.24362679
          ],
          [
            40.22475647,
            44.24362679
          ],
          [
            40.22476013,
            44.24362679
          ],
          [
            40.22476346,
            44.24362646
          ],
          [
            40.22476712,
            44.24362613
          ],
          [
            40.22476912,
            44.24362514
          ],
          [
            40.22477145,
            44.24362415
          ],
          [
            40.22477378,
            44.24362349
          ],
          [
            40.22477578,
            44.24362349
          ],
          [
            40.22477778,
            44.24362349
          ],
          [
            40.22477811,
            44.24362849
          ],
          [
            40.22478044,
            44.24362915
          ],
          [
            40.22478243,
            44.24363181
          ],
          [
            40.22478276,
            44.24363781
          ],
          [
            40.22478276,
            44.24364747
          ],
          [
            40.2247811,
            44.24365946
          ],
          [
            40.22478044,
            44.24367379
          ],
          [
            40.22477511,
            44.24368845
          ],
          [
            40.22476845,
            44.24370144
          ],
          [
            40.22476346,
            44.24371177
          ],
          [
            40.22475813,
            44.24371977
          ],
          [
            40.22475514,
            44.24372676
          ],
          [
            40.22475348,
            44.24373309
          ],
          [
            40.22475082,
            44.24373942
          ],
          [
            40.22475016,
            44.24374841
          ],
          [
            40.22474783,
            44.24376007
          ],
          [
            40.22474617,
            44.24377206
          ],
          [
            40.22474451,
            44.24378672
          ],
          [
            40.22474351,
            44.24380105
          ],
          [
            40.22474218,
            44.24381538
          ],
          [
            40.22473952,
            44.24383137
          ],
          [
            40.22473553,
            44.24384703
          ],
          [
            40.22473153,
            44.24386103
          ],
          [
            40.22472787,
            44.24387403
          ],
          [
            40.22472488,
            44.24388602
          ],
          [
            40.22472122,
            44.24389702
          ],
          [
            40.22471756,
            44.24390901
          ],
          [
            40.2247149,
            44.24392167
          ],
          [
            40.22471257,
            44.24393567
          ],
          [
            40.22470991,
            44.243951
          ],
          [
            40.22470692,
            44.24396666
          ],
          [
            40.22470359,
            44.24398232
          ],
          [
            40.2247006,
            44.24399698
          ],
          [
            40.22469594,
            44.24401031
          ],
          [
            40.22469261,
            44.24402297
          ],
          [
            40.22469128,
            44.24403597
          ],
          [
            40.22469028,
            44.24404897
          ],
          [
            40.22469194,
            44.2440643
          ],
          [
            40.22469194,
            44.2440773
          ],
          [
            40.22469095,
            44.2440883
          ],
          [
            40.22468629,
            44.24409996
          ],
          [
            40.22468063,
            44.24411195
          ],
          [
            40.2246753,
            44.24412394
          ],
          [
            40.22467097,
            44.2441346
          ],
          [
            40.22466531,
            44.24414626
          ],
          [
            40.22466031,
            44.24415892
          ],
          [
            40.22465765,
            44.24417225
          ],
          [
            40.22465765,
            44.24418358
          ],
          [
            40.22465898,
            44.24419424
          ],
          [
            40.22465832,
            44.24420524
          ],
          [
            40.22465599,
            44.24421657
          ],
          [
            40.22465266,
            44.24422823
          ],
          [
            40.22464733,
            44.24424156
          ],
          [
            40.22464067,
            44.24425456
          ],
          [
            40.22463667,
            44.24426822
          ],
          [
            40.22463168,
            44.24428288
          ],
          [
            40.22463002,
            44.24429854
          ],
          [
            40.22462836,
            44.24431454
          ],
          [
            40.2246267,
            44.2443302
          ],
          [
            40.22462703,
            44.24434553
          ],
          [
            40.22462769,
            44.24435919
          ],
          [
            40.22462802,
            44.24437252
          ],
          [
            40.22462703,
            44.24438551
          ],
          [
            40.22462637,
            44.24439817
          ],
          [
            40.22462736,
            44.2444115
          ],
          [
            40.22463069,
            44.24442349
          ],
          [
            40.22463402,
            44.24443682
          ],
          [
            40.22463735,
            44.24445082
          ],
          [
            40.22464134,
            44.24446448
          ],
          [
            40.22464533,
            44.24447748
          ],
          [
            40.22464866,
            44.24448914
          ],
          [
            40.22465099,
            44.2445008
          ],
          [
            40.22465299,
            44.2445108
          ],
          [
            40.22465266,
            44.2445218
          ],
          [
            40.224652,
            44.24453313
          ],
          [
            40.22464967,
            44.24454346
          ],
          [
            40.22464668,
            44.24455412
          ],
          [
            40.22464369,
            44.24456712
          ],
          [
            40.22463936,
            44.24458112
          ],
          [
            40.2246337,
            44.24459478
          ],
          [
            40.22463004,
            44.24460777
          ],
          [
            40.22462571,
            44.24462077
          ],
          [
            40.22462238,
            44.24463377
          ],
          [
            40.22462039,
            44.2446461
          ],
          [
            40.22462006,
            44.24465976
          ],
          [
            40.22461907,
            44.24467509
          ],
          [
            40.22461774,
            44.24469042
          ],
          [
            40.22461574,
            44.24470442
          ],
          [
            40.22461174,
            44.24471741
          ],
          [
            40.22460808,
            44.24472974
          ],
          [
            40.22460509,
            44.24474207
          ],
          [
            40.22460076,
            44.24475373
          ],
          [
            40.2245961,
            44.24476406
          ],
          [
            40.22459011,
            44.24477405
          ],
          [
            40.22458245,
            44.24478305
          ],
          [
            40.22457246,
            44.24479204
          ],
          [
            40.22456113,
            44.2448007
          ],
          [
            40.22454847,
            44.24480903
          ],
          [
            40.22453481,
            44.24481836
          ],
          [
            40.22451848,
            44.24482769
          ],
          [
            40.22450482,
            44.24483868
          ],
          [
            40.22449249,
            44.24485101
          ],
          [
            40.22448116,
            44.24486334
          ],
          [
            40.22446983,
            44.24487467
          ],
          [
            40.2244575,
            44.24488633
          ],
          [
            40.22444417,
            44.24489633
          ],
          [
            40.22443017,
            44.24490532
          ],
          [
            40.22441518,
            44.24491332
          ],
          [
            40.22440152,
            44.24492065
          ],
          [
            40.22438786,
            44.24492764
          ],
          [
            40.2243722,
            44.24493397
          ],
          [
            40.22435621,
            44.2449413
          ],
          [
            40.22434088,
            44.24494729
          ],
          [
            40.22432622,
            44.24495229
          ],
          [
            40.22431089,
            44.24495828
          ],
          [
            40.22429689,
            44.24496361
          ],
          [
            40.22428256,
            44.2449696
          ],
          [
            40.22426923,
            44.24497559
          ],
          [
            40.2242559,
            44.24498158
          ],
          [
            40.22424057,
            44.24498624
          ],
          [
            40.22422391,
            44.2449899
          ],
          [
            40.22420758,
            44.2449919
          ],
          [
            40.22419025,
            44.24499323
          ],
          [
            40.22417192,
            44.24499589
          ],
          [
            40.22415193,
            44.24500089
          ],
          [
            40.2241356,
            44.24500855
          ],
          [
            40.22412794,
            44.24501788
          ],
          [
            40.22412528,
            44.24502788
          ],
          [
            40.22412561,
            44.24503854
          ],
          [
            40.22413094,
            44.24505054
          ],
          [
            40.2241356,
            44.24506154
          ],
          [
            40.2241356,
            44.24507353
          ],
          [
            40.22413227,
            44.24508552
          ],
          [
            40.22412528,
            44.24509785
          ],
          [
            40.22411528,
            44.24511051
          ],
          [
            40.22410562,
            44.24512384
          ],
          [
            40.22409762,
            44.2451355
          ],
          [
            40.22409296,
            44.24514716
          ],
          [
            40.22408897,
            44.24515915
          ],
          [
            40.22408497,
            44.24517115
          ],
          [
            40.22408231,
            44.24518281
          ],
          [
            40.22407832,
            44.2451928
          ],
          [
            40.22407332,
            44.24520313
          ],
          [
            40.22406799,
            44.24521379
          ],
          [
            40.22406366,
            44.24522345
          ],
          [
            40.224062,
            44.24523478
          ],
          [
            40.22406299,
            44.24524611
          ],
          [
            40.22406765,
            44.24525844
          ],
          [
            40.22407364,
            44.24526977
          ],
          [
            40.2240813,
            44.2452811
          ],
          [
            40.22408896,
            44.24529143
          ],
          [
            40.22409295,
            44.24530076
          ],
          [
            40.22409495,
            44.24531109
          ],
          [
            40.22409329,
            44.24532142
          ],
          [
            40.22408896,
            44.24533275
          ],
          [
            40.22408263,
            44.24534408
          ],
          [
            40.2240753,
            44.24535508
          ],
          [
            40.22406764,
            44.24536574
          ],
          [
            40.22405898,
            44.24537473
          ],
          [
            40.22404898,
            44.24538339
          ],
          [
            40.22403899,
            44.24539205
          ],
          [
            40.22402933,
            44.24540104
          ],
          [
            40.22401867,
            44.24540904
          ],
          [
            40.22400767,
            44.24541803
          ],
          [
            40.22399834,
            44.24542936
          ],
          [
            40.22399035,
            44.24544102
          ],
          [
            40.22398102,
            44.24545235
          ],
          [
            40.22397236,
            44.24546401
          ],
          [
            40.2239647,
            44.24547667
          ],
          [
            40.22395804,
            44.24549
          ],
          [
            40.22395238,
            44.24550333
          ],
          [
            40.22394705,
            44.24551632
          ],
          [
            40.22394339,
            44.24553032
          ],
          [
            40.2239404,
            44.24554498
          ],
          [
            40.22393674,
            44.24555831
          ],
          [
            40.22393308,
            44.24556997
          ],
          [
            40.22392842,
            44.24558197
          ],
          [
            40.22392342,
            44.2455943
          ],
          [
            40.22391942,
            44.2456073
          ],
          [
            40.22391809,
            44.24561996
          ],
          [
            40.22392075,
            44.24563262
          ],
          [
            40.22392541,
            44.24564395
          ],
          [
            40.22393174,
            44.24565561
          ],
          [
            40.22393873,
            44.2456686
          ],
          [
            40.22394239,
            44.24568226
          ],
          [
            40.22394405,
            44.24569726
          ],
          [
            40.22394671,
            44.24571092
          ],
          [
            40.22395037,
            44.24572458
          ],
          [
            40.22395336,
            44.24573858
          ],
          [
            40.22395669,
            44.24575158
          ],
          [
            40.22395902,
            44.24576558
          ],
          [
            40.22396135,
            44.24577991
          ],
          [
            40.22396368,
            44.24579524
          ],
          [
            40.22396667,
            44.24580957
          ],
          [
            40.22397033,
            44.24582423
          ],
          [
            40.22397333,
            44.24583922
          ],
          [
            40.22397699,
            44.24585455
          ],
          [
            40.22397998,
            44.24586988
          ],
          [
            40.22398097,
            44.24588521
          ],
          [
            40.22398097,
            44.24589954
          ],
          [
            40.22398097,
            44.24591287
          ],
          [
            40.22398031,
            44.2459262
          ],
          [
            40.22398064,
            44.24593886
          ],
          [
            40.22398264,
            44.24595252
          ],
          [
            40.2239853,
            44.24596685
          ],
          [
            40.22398896,
            44.24598051
          ],
          [
            40.22399262,
            44.24599417
          ],
          [
            40.22399662,
            44.2460075
          ],
          [
            40.22400428,
            44.24601916
          ],
          [
            40.22401094,
            44.24603149
          ],
          [
            40.22401427,
            44.24604482
          ],
          [
            40.22401893,
            44.24605648
          ],
          [
            40.22402492,
            44.24606748
          ],
          [
            40.22402958,
            44.24607848
          ],
          [
            40.22403491,
            44.24609081
          ],
          [
            40.22403924,
            44.2461038
          ],
          [
            40.2240439,
            44.24611646
          ],
          [
            40.22404889,
            44.24612912
          ],
          [
            40.22405422,
            44.24614212
          ],
          [
            40.22405955,
            44.24615411
          ],
          [
            40.22406554,
            44.24616644
          ],
          [
            40.2240692,
            44.24617844
          ],
          [
            40.22407053,
            44.24618944
          ],
          [
            40.22407053,
            44.24620143
          ],
          [
            40.22407153,
            44.24621442
          ],
          [
            40.22407186,
            44.24622775
          ],
          [
            40.22407552,
            44.24624175
          ],
          [
            40.22408118,
            44.24625408
          ],
          [
            40.22408784,
            44.24626774
          ],
          [
            40.2240945,
            44.2462824
          ],
          [
            40.22409916,
            44.24629606
          ],
          [
            40.22410249,
            44.24631006
          ],
          [
            40.22410382,
            44.24632439
          ],
          [
            40.22410582,
            44.24633839
          ],
          [
            40.22410382,
            44.24635205
          ],
          [
            40.22410149,
            44.24636638
          ],
          [
            40.22409649,
            44.24638071
          ],
          [
            40.22409016,
            44.24639337
          ],
          [
            40.2240825,
            44.24640637
          ],
          [
            40.22407384,
            44.2464197
          ],
          [
            40.22406485,
            44.24643303
          ],
          [
            40.22405452,
            44.24644636
          ],
          [
            40.22404453,
            44.24645936
          ],
          [
            40.22403387,
            44.24647269
          ],
          [
            40.22402454,
            44.24648602
          ],
          [
            40.22401388,
            44.24650002
          ],
          [
            40.22400522,
            44.24651468
          ],
          [
            40.22399822,
            44.24652868
          ],
          [
            40.22399189,
            44.24654301
          ],
          [
            40.2239849,
            44.24655767
          ],
          [
            40.22397724,
            44.24657167
          ],
          [
            40.22396958,
            44.246586
          ],
          [
            40.22396192,
            44.2466
          ],
          [
            40.22395492,
            44.24661433
          ],
          [
            40.22394926,
            44.24662766
          ],
          [
            40.22394527,
            44.24664032
          ],
          [
            40.22394127,
            44.24665198
          ],
          [
            40.22393861,
            44.24666431
          ],
          [
            40.22393428,
            44.24667631
          ],
          [
            40.22392829,
            44.2466883
          ],
          [
            40.22392296,
            44.24669996
          ],
          [
            40.22391763,
            44.24671162
          ],
          [
            40.2239123,
            44.24672428
          ],
          [
            40.22390631,
            44.24673694
          ],
          [
            40.22390165,
            44.24674994
          ],
          [
            40.22389799,
            44.24676227
          ],
          [
            40.22389333,
            44.24677527
          ],
          [
            40.22388833,
            44.24678793
          ],
          [
            40.22388267,
            44.24680126
          ],
          [
            40.22387668,
            44.24681426
          ],
          [
            40.22387035,
            44.24682759
          ],
          [
            40.22386535,
            44.24683825
          ],
          [
            40.22385902,
            44.24684791
          ],
          [
            40.22385236,
            44.24685891
          ],
          [
            40.22384536,
            44.24687057
          ],
          [
            40.22383637,
            44.2468819
          ],
          [
            40.22382771,
            44.24689356
          ],
          [
            40.22381838,
            44.24690522
          ],
          [
            40.22380872,
            44.24691755
          ],
          [
            40.22379973,
            44.24692888
          ],
          [
            40.22379007,
            44.24694021
          ],
          [
            40.22378108,
            44.24695187
          ],
          [
            40.22377109,
            44.2469642
          ],
          [
            40.22376243,
            44.24697686
          ],
          [
            40.22375443,
            44.24699052
          ],
          [
            40.22374844,
            44.24700618
          ],
          [
            40.22374244,
            44.24702117
          ],
          [
            40.22374045,
            44.24703717
          ],
          [
            40.22374144,
            44.24705216
          ],
          [
            40.22374377,
            44.24706616
          ],
          [
            40.22374543,
            44.24707882
          ],
          [
            40.2237441,
            44.24709148
          ],
          [
            40.22374177,
            44.24710381
          ],
          [
            40.22373744,
            44.2471158
          ],
          [
            40.22373244,
            44.2471298
          ],
          [
            40.22372645,
            44.24714446
          ],
          [
            40.22372046,
            44.24715912
          ],
          [
            40.22371413,
            44.24717445
          ],
          [
            40.22370747,
            44.24718944
          ],
          [
            40.22370081,
            44.2472041
          ],
          [
            40.22369482,
            44.24721876
          ],
          [
            40.22368949,
            44.24723309
          ],
          [
            40.22368883,
            44.24724808
          ],
          [
            40.22369116,
            44.24726208
          ],
          [
            40.22369516,
            44.24727608
          ],
          [
            40.22369815,
            44.24729041
          ],
          [
            40.22370081,
            44.24730441
          ],
          [
            40.22370247,
            44.24731907
          ],
          [
            40.2237038,
            44.24733307
          ],
          [
            40.22370679,
            44.24734673
          ],
          [
            40.22370978,
            44.24736039
          ],
          [
            40.22371144,
            44.24737538
          ],
          [
            40.22371277,
            44.24739071
          ],
          [
            40.22371343,
            44.2474067
          ],
          [
            40.2237131,
            44.24742303
          ],
          [
            40.22371211,
            44.24743869
          ],
          [
            40.22371111,
            44.24745402
          ],
          [
            40.22371045,
            44.24746668
          ],
          [
            40.22371012,
            44.24747501
          ],
          [
            40.22370946,
            44.24748067
          ],
          [
            40.22370813,
            44.24748333
          ],
          [
            40.22370318,
            44.24748731
          ],
          [
            40.22369029,
            44.24748105
          ],
          [
            40.22368796,
            44.24748504
          ],
          [
            40.22368596,
            44.24749137
          ],
          [
            40.22368363,
            44.2474997
          ],
          [
            40.22368263,
            44.24750936
          ],
          [
            40.22368164,
            44.24752069
          ],
          [
            40.22368098,
            44.24753335
          ],
          [
            40.22368098,
            44.24754701
          ],
          [
            40.22368131,
            44.24756101
          ],
          [
            40.22368065,
            44.24757501
          ],
          [
            40.22368032,
            44.24758934
          ],
          [
            40.22367933,
            44.247603
          ],
          [
            40.22367733,
            44.247617
          ],
          [
            40.22367434,
            44.247631
          ],
          [
            40.22367068,
            44.24764566
          ],
          [
            40.22366602,
            44.24766032
          ],
          [
            40.22365936,
            44.24767565
          ],
          [
            40.22365103,
            44.24768965
          ],
          [
            40.22364137,
            44.24770198
          ],
          [
            40.22363071,
            44.24771464
          ],
          [
            40.22361971,
            44.24772763
          ],
          [
            40.22360772,
            44.24774029
          ],
          [
            40.22359439,
            44.24775228
          ],
          [
            40.22358006,
            44.24776294
          ],
          [
            40.22356406,
            44.24777293
          ],
          [
            40.22354506,
            44.24778193
          ],
          [
            40.22352473,
            44.24778959
          ],
          [
            40.22350407,
            44.24779792
          ],
          [
            40.22348307,
            44.24780592
          ],
          [
            40.22346374,
            44.24781392
          ],
          [
            40.22344475,
            44.24782192
          ],
          [
            40.22342675,
            44.24782992
          ],
          [
            40.22340876,
            44.24783825
          ],
          [
            40.22338843,
            44.24784591
          ],
          [
            40.2233691,
            44.24785291
          ],
          [
            40.22334844,
            44.24785957
          ],
          [
            40.22332645,
            44.2478639
          ],
          [
            40.22330512,
            44.24786789
          ],
          [
            40.22328579,
            44.24787155
          ],
          [
            40.22326679,
            44.24787588
          ],
          [
            40.22324746,
            44.24787987
          ],
          [
            40.22322913,
            44.2478842
          ],
          [
            40.2232128,
            44.24788853
          ],
          [
            40.22319714,
            44.24789352
          ],
          [
            40.22318081,
            44.24789885
          ],
          [
            40.22316448,
            44.24790551
          ],
          [
            40.22314848,
            44.24791284
          ],
          [
            40.22313249,
            44.2479205
          ],
          [
            40.2231155,
            44.2479285
          ],
          [
            40.22309851,
            44.24793583
          ],
          [
            40.22308185,
            44.24794383
          ],
          [
            40.22306652,
            44.24795249
          ],
          [
            40.22305119,
            44.24796015
          ],
          [
            40.22303519,
            44.24796748
          ],
          [
            40.22301986,
            44.24797414
          ],
          [
            40.22300386,
            44.2479788
          ],
          [
            40.2229882,
            44.24798279
          ],
          [
            40.22297221,
            44.24798779
          ],
          [
            40.22295821,
            44.24799345
          ],
          [
            40.22294488,
            44.24800044
          ],
          [
            40.22293088,
            44.24800777
          ],
          [
            40.22291655,
            44.2480161
          ],
          [
            40.22290255,
            44.24802509
          ],
          [
            40.22288955,
            44.24803408
          ],
          [
            40.22287689,
            44.24804174
          ],
          [
            40.2228649,
            44.24804974
          ],
          [
            40.2228529,
            44.24805873
          ],
          [
            40.22284091,
            44.24806739
          ],
          [
            40.22282791,
            44.24807605
          ],
          [
            40.22281558,
            44.24808571
          ],
          [
            40.22280325,
            44.24809504
          ],
          [
            40.22279192,
            44.24810403
          ],
          [
            40.22278126,
            44.24811269
          ],
          [
            40.2227706,
            44.24812235
          ],
          [
            40.22276194,
            44.24813168
          ],
          [
            40.22275328,
            44.24814001
          ],
          [
            40.22274462,
            44.24814867
          ],
          [
            40.22273329,
            44.248158
          ],
          [
            40.22272129,
            44.24816766
          ],
          [
            40.22270963,
            44.24817599
          ],
          [
            40.22269563,
            44.24818498
          ],
          [
            40.22267997,
            44.24819397
          ],
          [
            40.22266331,
            44.24820296
          ],
          [
            40.22264665,
            44.24821262
          ],
          [
            40.22263132,
            44.24822228
          ],
          [
            40.22261966,
            44.24823427
          ],
          [
            40.222609,
            44.24824727
          ],
          [
            40.222601,
            44.24826127
          ],
          [
            40.22259334,
            44.2482756
          ],
          [
            40.22258735,
            44.24828926
          ],
          [
            40.22258302,
            44.24830326
          ],
          [
            40.22257803,
            44.24831592
          ],
          [
            40.22257137,
            44.24832925
          ],
          [
            40.22256504,
            44.24834225
          ],
          [
            40.22255838,
            44.24835491
          ],
          [
            40.22255038,
            44.24836624
          ],
          [
            40.22254105,
            44.24837724
          ],
          [
            40.22253106,
            44.24838724
          ],
          [
            40.2225194,
            44.24839657
          ],
          [
            40.22250774,
            44.24840657
          ],
          [
            40.22249674,
            44.24841623
          ],
          [
            40.22248541,
            44.24842522
          ],
          [
            40.22247408,
            44.24843388
          ],
          [
            40.22246175,
            44.24844454
          ],
          [
            40.22244976,
            44.24845554
          ],
          [
            40.22243777,
            44.2484662
          ],
          [
            40.22242544,
            44.24847586
          ],
          [
            40.22241178,
            44.24848619
          ],
          [
            40.22239912,
            44.24849785
          ],
          [
            40.22238713,
            44.24850918
          ],
          [
            40.22237647,
            44.24852184
          ],
          [
            40.22236647,
            44.24853317
          ],
          [
            40.22235614,
            44.2485445
          ],
          [
            40.22234581,
            44.2485555
          ],
          [
            40.22233481,
            44.2485665
          ],
          [
            40.22232415,
            44.24857883
          ],
          [
            40.22231382,
            44.24859082
          ],
          [
            40.22230382,
            44.24860182
          ],
          [
            40.22229382,
            44.24861115
          ],
          [
            40.22228383,
            44.24861948
          ],
          [
            40.22227283,
            44.24862648
          ],
          [
            40.22226117,
            44.24863314
          ],
          [
            40.22224884,
            44.24864114
          ],
          [
            40.22223584,
            44.24864947
          ],
          [
            40.22222218,
            44.24865713
          ],
          [
            40.22220752,
            44.24866446
          ],
          [
            40.22219186,
            44.24867112
          ],
          [
            40.22217587,
            44.24867745
          ],
          [
            40.22216054,
            44.24868444
          ],
          [
            40.22214454,
            44.24869077
          ],
          [
            40.22212821,
            44.2486971
          ],
          [
            40.22211288,
            44.24870443
          ],
          [
            40.22209855,
            44.24871276
          ],
          [
            40.22208589,
            44.24872309
          ],
          [
            40.22207656,
            44.24873442
          ],
          [
            40.2220679,
            44.24874542
          ],
          [
            40.22205824,
            44.24875675
          ],
          [
            40.22204724,
            44.24876808
          ],
          [
            40.22203525,
            44.24877941
          ],
          [
            40.22202392,
            44.24879174
          ],
          [
            40.22201326,
            44.24880373
          ],
          [
            40.22200326,
            44.24881639
          ],
          [
            40.22199427,
            44.24882772
          ],
          [
            40.22198528,
            44.24883872
          ],
          [
            40.22197662,
            44.24885005
          ],
          [
            40.22196862,
            44.24886138
          ],
          [
            40.22196129,
            44.24887138
          ],
          [
            40.22195363,
            44.24888204
          ],
          [
            40.22194497,
            44.24889337
          ],
          [
            40.22193664,
            44.24890536
          ],
          [
            40.22192798,
            44.24891769
          ],
          [
            40.22191965,
            44.24893069
          ],
          [
            40.22191332,
            44.24894369
          ],
          [
            40.22191033,
            44.24895635
          ],
          [
            40.22191033,
            44.24896868
          ],
          [
            40.22191099,
            44.24898067
          ],
          [
            40.22191199,
            44.24899233
          ],
          [
            40.22191133,
            44.24900399
          ],
          [
            40.22191033,
            44.24901665
          ],
          [
            40.22191033,
            44.24902864
          ],
          [
            40.22190967,
            44.24903964
          ],
          [
            40.22190868,
            44.24905163
          ],
          [
            40.22190802,
            44.24906429
          ],
          [
            40.22190703,
            44.24907728
          ],
          [
            40.22190437,
            44.24909028
          ],
          [
            40.22190071,
            44.24910494
          ],
          [
            40.22189605,
            44.2491196
          ],
          [
            40.22188972,
            44.2491346
          ],
          [
            40.22188339,
            44.24914926
          ],
          [
            40.22187839,
            44.24916492
          ],
          [
            40.22187373,
            44.24917958
          ],
          [
            40.2218684,
            44.24919391
          ],
          [
            40.22186441,
            44.2492069
          ],
          [
            40.22185975,
            44.24921923
          ],
          [
            40.22185276,
            44.24923156
          ],
          [
            40.22184376,
            44.24924289
          ],
          [
            40.2218331,
            44.24925455
          ],
          [
            40.22182277,
            44.24926588
          ],
          [
            40.22181244,
            44.24927688
          ],
          [
            40.22180211,
            44.24928754
          ],
          [
            40.22179145,
            44.24929854
          ],
          [
            40.22178112,
            44.24930887
          ],
          [
            40.22177079,
            44.24931987
          ],
          [
            40.22176079,
            44.2493312
          ],
          [
            40.22174913,
            44.24934353
          ],
          [
            40.2217378,
            44.24935619
          ],
          [
            40.2217248,
            44.24936685
          ],
          [
            40.22171181,
            44.24937818
          ],
          [
            40.22170015,
            44.24939017
          ],
          [
            40.22168949,
            44.2494015
          ],
          [
            40.22167949,
            44.24941283
          ],
          [
            40.22166916,
            44.24942349
          ],
          [
            40.2216585,
            44.24943349
          ],
          [
            40.2216475,
            44.24944348
          ],
          [
            40.22163584,
            44.24945348
          ],
          [
            40.22162551,
            44.24946314
          ],
          [
            40.22161618,
            44.2494738
          ],
          [
            40.22160785,
            44.2494848
          ],
          [
            40.22159919,
            44.24949546
          ],
          [
            40.22158886,
            44.24950712
          ],
          [
            40.2215782,
            44.24951778
          ],
          [
            40.22156587,
            44.24952644
          ],
          [
            40.22155254,
            44.24953577
          ],
          [
            40.22153954,
            44.2495461
          ],
          [
            40.22152955,
            44.24955676
          ],
          [
            40.22152056,
            44.24956875
          ],
          [
            40.22151256,
            44.24958108
          ],
          [
            40.2215039,
            44.24959307
          ],
          [
            40.2214939,
            44.24960507
          ],
          [
            40.22148257,
            44.24961706
          ],
          [
            40.22147124,
            44.24962872
          ],
          [
            40.22146024,
            44.24964038
          ],
          [
            40.22144991,
            44.24965271
          ],
          [
            40.22143925,
            44.24966504
          ],
          [
            40.22142925,
            44.24967537
          ],
          [
            40.22141759,
            44.24968603
          ],
          [
            40.22140626,
            44.24969536
          ],
          [
            40.2213966,
            44.24970636
          ],
          [
            40.22139227,
            44.24971902
          ],
          [
            40.22139027,
            44.24973135
          ],
          [
            40.22138928,
            44.24974401
          ],
          [
            40.22138728,
            44.24975634
          ],
          [
            40.22138528,
            44.24976833
          ],
          [
            40.22138429,
            44.24978132
          ],
          [
            40.22138363,
            44.24979532
          ],
          [
            40.22138163,
            44.24980898
          ],
          [
            40.22137997,
            44.24982264
          ],
          [
            40.22137764,
            44.24983597
          ],
          [
            40.22137564,
            44.2498483
          ],
          [
            40.22137364,
            44.24985896
          ],
          [
            40.22136965,
            44.24986929
          ],
          [
            40.22136465,
            44.24987795
          ],
          [
            40.22135732,
            44.24988661
          ],
          [
            40.22134799,
            44.24989594
          ],
          [
            40.221339,
            44.24990627
          ],
          [
            40.221331,
            44.24991826
          ],
          [
            40.22132367,
            44.24992992
          ],
          [
            40.22131767,
            44.24994258
          ],
          [
            40.22131234,
            44.24995591
          ],
          [
            40.22130634,
            44.24996957
          ],
          [
            40.22129868,
            44.24998223
          ],
          [
            40.22129102,
            44.24999589
          ],
          [
            40.22128036,
            44.25000888
          ],
          [
            40.2212697,
            44.25002121
          ],
          [
            40.22125904,
            44.25003387
          ],
          [
            40.22124838,
            44.25004753
          ],
          [
            40.22124005,
            44.25006086
          ],
          [
            40.22123372,
            44.25007486
          ],
          [
            40.22122872,
            44.25008886
          ],
          [
            40.22122472,
            44.25010185
          ],
          [
            40.22122273,
            44.25011485
          ],
          [
            40.22122273,
            44.25012818
          ],
          [
            40.22122273,
            44.25014218
          ],
          [
            40.2212214,
            44.25015417
          ],
          [
            40.2212164,
            44.25016416
          ],
          [
            40.22120941,
            44.25017349
          ],
          [
            40.22120075,
            44.25018182
          ],
          [
            40.22118942,
            44.25018915
          ],
          [
            40.22117609,
            44.25019581
          ],
          [
            40.22116076,
            44.2502018
          ],
          [
            40.2211441,
            44.25020713
          ],
          [
            40.2211281,
            44.25021046
          ],
          [
            40.22111144,
            44.25021546
          ],
          [
            40.22109445,
            44.25021779
          ],
          [
            40.22107712,
            44.25021978
          ],
          [
            40.22105946,
            44.25022178
          ],
          [
            40.2210408,
            44.25022344
          ],
          [
            40.22102214,
            44.25022577
          ],
          [
            40.22100415,
            44.25022876
          ],
          [
            40.22098815,
            44.25023242
          ],
          [
            40.22097482,
            44.25023675
          ],
          [
            40.22096249,
            44.25024041
          ],
          [
            40.22095116,
            44.25024474
          ],
          [
            40.22093983,
            44.25025007
          ],
          [
            40.2209295,
            44.2502544
          ],
          [
            40.22091951,
            44.25025906
          ],
          [
            40.22091085,
            44.25026372
          ],
          [
            40.22090419,
            44.25026872
          ],
          [
            40.2208982,
            44.25027371
          ],
          [
            40.22089154,
            44.25027804
          ],
          [
            40.22088188,
            44.25028203
          ],
          [
            40.22087022,
            44.25028536
          ],
          [
            40.22085856,
            44.25028969
          ],
          [
            40.22084557,
            44.25029435
          ],
          [
            40.22083091,
            44.25029834
          ],
          [
            40.22081425,
            44.250302
          ],
          [
            40.22079626,
            44.25030566
          ],
          [
            40.22077827,
            44.25030999
          ],
          [
            40.22075994,
            44.25031365
          ],
          [
            40.22074228,
            44.25031731
          ],
          [
            40.22072595,
            44.25031997
          ],
          [
            40.22070995,
            44.25032197
          ],
          [
            40.22069429,
            44.25032363
          ],
          [
            40.22067829,
            44.25032563
          ],
          [
            40.22066263,
            44.25032862
          ],
          [
            40.22064797,
            44.25033228
          ],
          [
            40.22063298,
            44.25033561
          ],
          [
            40.22061832,
            44.25033927
          ],
          [
            40.22060199,
            44.25034326
          ],
          [
            40.22058566,
            44.25034759
          ],
          [
            40.22057,
            44.25035292
          ],
          [
            40.220555,
            44.25035891
          ],
          [
            40.22054067,
            44.2503649
          ],
          [
            40.22052734,
            44.25037123
          ],
          [
            40.22051401,
            44.25037823
          ],
          [
            40.22049968,
            44.25038589
          ],
          [
            40.22048568,
            44.25039322
          ],
          [
            40.22046968,
            44.25039955
          ],
          [
            40.22045435,
            44.25040488
          ],
          [
            40.22043902,
            44.25040854
          ],
          [
            40.22042302,
            44.25041154
          ],
          [
            40.22040636,
            44.2504152
          ],
          [
            40.22039036,
            44.25041953
          ],
          [
            40.22037503,
            44.25042586
          ],
          [
            40.22036037,
            44.25043319
          ],
          [
            40.22034471,
            44.25044052
          ],
          [
            40.22032805,
            44.25044785
          ],
          [
            40.22031039,
            44.25045518
          ],
          [
            40.22029406,
            44.25046284
          ],
          [
            40.22027806,
            44.25046917
          ],
          [
            40.22026607,
            44.2504745
          ],
          [
            40.22025807,
            44.25047916
          ],
          [
            40.22025208,
            44.25048315
          ],
          [
            40.22024442,
            44.25048781
          ],
          [
            40.22023442,
            44.25049247
          ],
          [
            40.22022376,
            44.25049713
          ],
          [
            40.2202121,
            44.25050246
          ],
          [
            40.22019777,
            44.25050712
          ],
          [
            40.22018044,
            44.25051378
          ],
          [
            40.22016144,
            44.25052011
          ],
          [
            40.22014245,
            44.25052644
          ],
          [
            40.22012279,
            44.25053277
          ],
          [
            40.22010346,
            44.25053943
          ],
          [
            40.22008513,
            44.25054443
          ],
          [
            40.22006614,
            44.25054909
          ],
          [
            40.22004681,
            44.25055442
          ],
          [
            40.22002715,
            44.25055908
          ],
          [
            40.22000749,
            44.25056441
          ],
          [
            40.21998816,
            44.2505704
          ],
          [
            40.21997016,
            44.25057573
          ],
          [
            40.21995183,
            44.25058172
          ],
          [
            40.21993417,
            44.25058805
          ],
          [
            40.21991617,
            44.25059505
          ],
          [
            40.21989951,
            44.25060238
          ],
          [
            40.21988352,
            44.25061104
          ],
          [
            40.21986819,
            44.2506197
          ],
          [
            40.2198522,
            44.25062803
          ],
          [
            40.21983487,
            44.25063703
          ],
          [
            40.21982021,
            44.25064803
          ],
          [
            40.21980588,
            44.25065836
          ],
          [
            40.21979389,
            44.25066869
          ],
          [
            40.21978423,
            44.25067969
          ],
          [
            40.21977724,
            44.25069002
          ],
          [
            40.21977091,
            44.25069968
          ],
          [
            40.21976325,
            44.25070934
          ],
          [
            40.21975525,
            44.25071934
          ],
          [
            40.21974626,
            44.250729
          ],
          [
            40.21973826,
            44.25073966
          ],
          [
            40.2197296,
            44.25074999
          ],
          [
            40.21972094,
            44.25076099
          ],
          [
            40.21971161,
            44.25077232
          ],
          [
            40.21970295,
            44.25078431
          ],
          [
            40.21969429,
            44.2507963
          ],
          [
            40.2196853,
            44.2508073
          ],
          [
            40.2196743,
            44.25081596
          ],
          [
            40.21966264,
            44.25082529
          ],
          [
            40.21964931,
            44.25083462
          ],
          [
            40.21963432,
            44.25084395
          ],
          [
            40.21961999,
            44.25085061
          ],
          [
            40.21960533,
            44.25085727
          ],
          [
            40.21959033,
            44.25086393
          ],
          [
            40.219576,
            44.25087126
          ],
          [
            40.21956101,
            44.25087825
          ],
          [
            40.21954568,
            44.25088591
          ],
          [
            40.21953068,
            44.25089457
          ],
          [
            40.21951635,
            44.25090223
          ],
          [
            40.21950302,
            44.25091023
          ],
          [
            40.21948836,
            44.25091922
          ],
          [
            40.2194727,
            44.25092788
          ],
          [
            40.2194577,
            44.25093554
          ],
          [
            40.21944171,
            44.25094354
          ],
          [
            40.21942705,
            44.25095187
          ],
          [
            40.21941339,
            44.2509612
          ],
          [
            40.21939939,
            44.25097119
          ],
          [
            40.21938473,
            44.25098085
          ],
          [
            40.21936807,
            44.25099018
          ],
          [
            40.21935208,
            44.25099951
          ],
          [
            40.21933675,
            44.25100817
          ],
          [
            40.21932009,
            44.2510165
          ],
          [
            40.2193041,
            44.25102383
          ],
          [
            40.21928877,
            44.25103183
          ],
          [
            40.21927544,
            44.25104116
          ],
          [
            40.21926178,
            44.25105016
          ],
          [
            40.21924812,
            44.25105849
          ],
          [
            40.21923479,
            44.25106515
          ],
          [
            40.21922146,
            44.25107114
          ],
          [
            40.21920813,
            44.25107713
          ],
          [
            40.2191948,
            44.25108446
          ],
          [
            40.2191808,
            44.25109212
          ],
          [
            40.21916914,
            44.25110012
          ],
          [
            40.21915881,
            44.25110945
          ],
          [
            40.21915048,
            44.25112011
          ],
          [
            40.21914382,
            44.25113011
          ],
          [
            40.21913816,
            44.25114044
          ],
          [
            40.21913283,
            44.25114977
          ],
          [
            40.21912717,
            44.25116077
          ],
          [
            40.21912084,
            44.25117143
          ],
          [
            40.21911318,
            44.25118109
          ],
          [
            40.21910385,
            44.25119008
          ],
          [
            40.21909419,
            44.25119941
          ],
          [
            40.21908319,
            44.2512084
          ],
          [
            40.21906986,
            44.2512164
          ],
          [
            40.21905653,
            44.25122339
          ],
          [
            40.21904253,
            44.25122972
          ],
          [
            40.21903153,
            44.25123672
          ],
          [
            40.2190222,
            44.25124472
          ],
          [
            40.21901587,
            44.25125572
          ],
          [
            40.21901221,
            44.25126771
          ],
          [
            40.21901055,
            44.25128071
          ],
          [
            40.21900822,
            44.2512947
          ],
          [
            40.21900556,
            44.25130836
          ],
          [
            40.21900223,
            44.25132202
          ],
          [
            40.21899724,
            44.25133468
          ],
          [
            40.21899091,
            44.25134568
          ],
          [
            40.21898192,
            44.25135634
          ],
          [
            40.21897126,
            44.25136734
          ],
          [
            40.2189596,
            44.25137934
          ],
          [
            40.21894761,
            44.251391
          ],
          [
            40.21893595,
            44.25140166
          ],
          [
            40.21892429,
            44.25141165
          ],
          [
            40.21891196,
            44.25142064
          ],
          [
            40.2188993,
            44.25142864
          ],
          [
            40.21888697,
            44.25143597
          ],
          [
            40.21887364,
            44.25144163
          ],
          [
            40.21885964,
            44.25144729
          ],
          [
            40.21884498,
            44.25145195
          ],
          [
            40.21883032,
            44.25145661
          ],
          [
            40.21881433,
            44.25146294
          ],
          [
            40.21879867,
            44.2514686
          ],
          [
            40.21878301,
            44.25147393
          ],
          [
            40.21876802,
            44.25147826
          ],
          [
            40.21875202,
            44.25148392
          ],
          [
            40.21873669,
            44.25148892
          ],
          [
            40.21872136,
            44.25149558
          ],
          [
            40.2187067,
            44.25150257
          ],
          [
            40.21869337,
            44.25151023
          ],
          [
            40.21867937,
            44.25151622
          ],
          [
            40.21866771,
            44.25152122
          ],
          [
            40.21866072,
            44.25152455
          ],
          [
            40.21865639,
            44.25152688
          ],
          [
            40.21865306,
            44.25152821
          ],
          [
            40.21865107,
            44.25152887
          ],
          [
            40.21865271,
            44.25153118
          ],
          [
            40.21865238,
            44.25152885
          ],
          [
            40.21865205,
            44.25152419
          ],
          [
            40.21865039,
            44.25151853
          ],
          [
            40.21864706,
            44.2515132
          ],
          [
            40.21864273,
            44.2515082
          ],
          [
            40.2186384,
            44.25150287
          ],
          [
            40.21863574,
            44.25149854
          ],
          [
            40.21863374,
            44.25149455
          ],
          [
            40.21863175,
            44.25149155
          ],
          [
            40.21862909,
            44.25148889
          ],
          [
            40.21862676,
            44.25148689
          ],
          [
            40.21862476,
            44.25148489
          ],
          [
            40.21862476,
            44.25147894
          ],
          [
            40.21862345,
            44.25146937
          ],
          [
            40.21862477,
            44.25146705
          ],
          [
            40.21862544,
            44.25146771
          ],
          [
            40.21862111,
            44.25146937
          ],
          [
            40.21861545,
            44.25147336
          ],
          [
            40.21861012,
            44.25147735
          ],
          [
            40.21860546,
            44.25148201
          ],
          [
            40.21860113,
            44.25148734
          ],
          [
            40.21859814,
            44.25149267
          ],
          [
            40.21859381,
            44.251499
          ],
          [
            40.21858782,
            44.25150633
          ],
          [
            40.21858083,
            44.25151399
          ],
          [
            40.2185745,
            44.25152199
          ],
          [
            40.21856884,
            44.25152999
          ],
          [
            40.21856218,
            44.25153732
          ],
          [
            40.21855418,
            44.25154498
          ],
          [
            40.21854452,
            44.25155098
          ],
          [
            40.21853419,
            44.25155764
          ],
          [
            40.21852253,
            44.25156197
          ],
          [
            40.2185112,
            44.25156597
          ],
          [
            40.21849921,
            44.2515703
          ],
          [
            40.21848688,
            44.25157496
          ],
          [
            40.21847555,
            44.25158029
          ],
          [
            40.21846422,
            44.25158562
          ],
          [
            40.21845322,
            44.25159195
          ],
          [
            40.21844189,
            44.25159928
          ],
          [
            40.21843123,
            44.25160728
          ],
          [
            40.2184209,
            44.25161527
          ],
          [
            40.21841024,
            44.25162193
          ],
          [
            40.21839958,
            44.25162792
          ],
          [
            40.21838925,
            44.25163425
          ],
          [
            40.21838026,
            44.25163991
          ],
          [
            40.2183716,
            44.2516459
          ],
          [
            40.21836394,
            44.2516529
          ],
          [
            40.21835761,
            44.2516579
          ],
          [
            40.21835295,
            44.25166156
          ],
          [
            40.21834729,
            44.25166422
          ],
          [
            40.21833896,
            44.25166721
          ],
          [
            40.21832963,
            44.25167087
          ],
          [
            40.2183193,
            44.25167587
          ],
          [
            40.21830897,
            44.25168186
          ],
          [
            40.21829897,
            44.25168719
          ],
          [
            40.21828764,
            44.25169385
          ],
          [
            40.21827598,
            44.25170051
          ],
          [
            40.21826365,
            44.25170617
          ],
          [
            40.21825099,
            44.2517125
          ],
          [
            40.218239,
            44.25171883
          ],
          [
            40.218225,
            44.25172416
          ],
          [
            40.21820967,
            44.25172916
          ],
          [
            40.21819401,
            44.25173449
          ],
          [
            40.21817868,
            44.25173949
          ],
          [
            40.21816335,
            44.25174448
          ],
          [
            40.21814869,
            44.25174948
          ],
          [
            40.21813403,
            44.25175448
          ],
          [
            40.21811937,
            44.25175914
          ],
          [
            40.21810437,
            44.25176447
          ],
          [
            40.21809037,
            44.25177013
          ],
          [
            40.21807637,
            44.25177479
          ],
          [
            40.21806204,
            44.25177679
          ],
          [
            40.21804804,
            44.25177679
          ],
          [
            40.21803438,
            44.25177346
          ],
          [
            40.21802072,
            44.2517688
          ],
          [
            40.21800672,
            44.25176247
          ],
          [
            40.21799306,
            44.25175648
          ],
          [
            40.21797906,
            44.25174982
          ],
          [
            40.21796373,
            44.25174349
          ],
          [
            40.2179484,
            44.25173549
          ],
          [
            40.21793374,
            44.25172616
          ],
          [
            40.21791974,
            44.2517165
          ],
          [
            40.21790541,
            44.25170651
          ],
          [
            40.21789342,
            44.25169685
          ],
          [
            40.21788143,
            44.25168752
          ],
          [
            40.2178691,
            44.25167986
          ],
          [
            40.2178571,
            44.2516732
          ],
          [
            40.21784511,
            44.2516682
          ],
          [
            40.21783345,
            44.25166354
          ],
          [
            40.21782345,
            44.25166021
          ],
          [
            40.21781746,
            44.25165755
          ],
          [
            40.21781413,
            44.25165589
          ],
          [
            40.2178118,
            44.25165456
          ],
          [
            40.21781047,
            44.25165357
          ],
          [
            40.21781509,
            44.25165026
          ],
          [
            40.21781675,
            44.25165092
          ],
          [
            40.21781875,
            44.25165258
          ],
          [
            40.21782141,
            44.25165357
          ],
          [
            40.21782274,
            44.25165357
          ],
          [
            40.21782241,
            44.25165224
          ],
          [
            40.21781779,
            44.25164728
          ],
          [
            40.21781945,
            44.25164662
          ],
          [
            40.21782111,
            44.25164662
          ],
          [
            40.2178231,
            44.25164629
          ],
          [
            40.21782773,
            44.25164497
          ],
          [
            40.21783039,
            44.25164563
          ],
          [
            40.21783305,
            44.25164696
          ],
          [
            40.21783738,
            44.25164895
          ],
          [
            40.21784238,
            44.25165095
          ],
          [
            40.21784971,
            44.25165394
          ],
          [
            40.21785737,
            44.2516586
          ],
          [
            40.2178647,
            44.25166326
          ],
          [
            40.2178717,
            44.25166859
          ],
          [
            40.21787969,
            44.25167459
          ],
          [
            40.21788869,
            44.25168025
          ],
          [
            40.21789602,
            44.25168691
          ],
          [
            40.21790235,
            44.25169491
          ],
          [
            40.21791035,
            44.25170291
          ],
          [
            40.21791968,
            44.2517119
          ],
          [
            40.21793034,
            44.25172056
          ],
          [
            40.21794167,
            44.25172856
          ],
          [
            40.21795167,
            44.25173589
          ],
          [
            40.21795866,
            44.25174389
          ],
          [
            40.21796266,
            44.25175255
          ],
          [
            40.21796432,
            44.25176154
          ],
          [
            40.21796532,
            44.25177087
          ],
          [
            40.21796532,
            44.25178053
          ],
          [
            40.21796466,
            44.25178986
          ],
          [
            40.21796366,
            44.25179652
          ],
          [
            40.217963,
            44.25180218
          ],
          [
            40.21796201,
            44.25180584
          ],
          [
            40.21796068,
            44.25180883
          ],
          [
            40.21795868,
            44.25181016
          ],
          [
            40.21795406,
            44.25181644
          ],
          [
            40.21795472,
            44.25181877
          ],
          [
            40.21795571,
            44.25182343
          ],
          [
            40.21795771,
            44.25182943
          ],
          [
            40.21795738,
            44.25183776
          ],
          [
            40.21795672,
            44.25184675
          ],
          [
            40.21795506,
            44.25185741
          ],
          [
            40.21795373,
            44.25186774
          ],
          [
            40.2179504,
            44.25187807
          ],
          [
            40.21794774,
            44.25188673
          ],
          [
            40.21794708,
            44.25189272
          ],
          [
            40.21794642,
            44.25189638
          ],
          [
            40.21794609,
            44.25189904
          ],
          [
            40.2179451,
            44.2519007
          ],
          [
            40.21794477,
            44.25190236
          ],
          [
            40.21794543,
            44.25190732
          ],
          [
            40.21794477,
            44.25190965
          ],
          [
            40.21794378,
            44.25191465
          ],
          [
            40.21794178,
            44.25192098
          ],
          [
            40.21793945,
            44.25192831
          ],
          [
            40.21793645,
            44.25193697
          ],
          [
            40.21793412,
            44.25194696
          ],
          [
            40.21793346,
            44.25195762
          ],
          [
            40.2179318,
            44.25196762
          ],
          [
            40.21792914,
            44.25197862
          ],
          [
            40.21792648,
            44.25198928
          ],
          [
            40.21792482,
            44.25200028
          ],
          [
            40.21792183,
            44.25201128
          ],
          [
            40.21791717,
            44.25202294
          ],
          [
            40.21791117,
            44.2520336
          ],
          [
            40.21790351,
            44.25204493
          ],
          [
            40.21789518,
            44.25205559
          ],
          [
            40.21788518,
            44.25206825
          ],
          [
            40.21787485,
            44.25208091
          ],
          [
            40.21786452,
            44.25209391
          ],
          [
            40.21785486,
            44.25210624
          ],
          [
            40.21784653,
            44.2521199
          ],
          [
            40.21783887,
            44.25213323
          ],
          [
            40.21783154,
            44.25214723
          ],
          [
            40.21782654,
            44.25216123
          ],
          [
            40.21782555,
            44.25217389
          ],
          [
            40.21782755,
            44.25218622
          ],
          [
            40.21783021,
            44.25219922
          ],
          [
            40.21783287,
            44.25221155
          ],
          [
            40.21783486,
            44.25222355
          ],
          [
            40.21783652,
            44.25223521
          ],
          [
            40.21784085,
            44.2522472
          ],
          [
            40.21784684,
            44.25225953
          ],
          [
            40.21785483,
            44.25227186
          ],
          [
            40.21786449,
            44.25228385
          ],
          [
            40.21787215,
            44.25229485
          ],
          [
            40.21787748,
            44.25230618
          ],
          [
            40.21788014,
            44.25231718
          ],
          [
            40.21787881,
            44.25232884
          ],
          [
            40.21787415,
            44.25234117
          ],
          [
            40.21786749,
            44.2523545
          ],
          [
            40.21785983,
            44.2523675
          ],
          [
            40.21785284,
            44.25238049
          ],
          [
            40.21784451,
            44.25239349
          ],
          [
            40.21783552,
            44.25240548
          ],
          [
            40.21782619,
            44.25241714
          ],
          [
            40.21781819,
            44.25242947
          ],
          [
            40.21781186,
            44.25244146
          ],
          [
            40.21780587,
            44.25245345
          ],
          [
            40.21780121,
            44.25246545
          ],
          [
            40.21779888,
            44.25247778
          ],
          [
            40.21779822,
            44.25249144
          ],
          [
            40.21779855,
            44.2525041
          ],
          [
            40.21779988,
            44.25251576
          ],
          [
            40.21780154,
            44.25252742
          ],
          [
            40.21780253,
            44.25253975
          ],
          [
            40.21780253,
            44.25255308
          ],
          [
            40.21780253,
            44.25256708
          ],
          [
            40.21780319,
            44.25258108
          ],
          [
            40.21780286,
            44.25259307
          ],
          [
            40.21780319,
            44.25260307
          ],
          [
            40.21780485,
            44.25261173
          ],
          [
            40.21780618,
            44.25262039
          ],
          [
            40.21780718,
            44.25262938
          ],
          [
            40.21780917,
            44.25263871
          ],
          [
            40.21781183,
            44.25264904
          ],
          [
            40.21781416,
            44.2526607
          ],
          [
            40.21781649,
            44.2526737
          ],
          [
            40.21781948,
            44.25268669
          ],
          [
            40.21782114,
            44.25270069
          ],
          [
            40.21782347,
            44.25271369
          ],
          [
            40.2178268,
            44.25272735
          ],
          [
            40.21783113,
            44.25274101
          ],
          [
            40.21783613,
            44.25275534
          ],
          [
            40.21784079,
            44.25276767
          ],
          [
            40.21784278,
            44.252778
          ],
          [
            40.21784378,
            44.25278533
          ],
          [
            40.21784378,
            44.25278966
          ],
          [
            40.21784312,
            44.25279232
          ],
          [
            40.21784146,
            44.25279365
          ],
          [
            40.21783847,
            44.25279465
          ],
          [
            40.21783548,
            44.25279465
          ],
          [
            40.21783349,
            44.25279465
          ],
          [
            40.21783382,
            44.25279664
          ],
          [
            40.21783316,
            44.25279997
          ],
          [
            40.21783017,
            44.25280396
          ],
          [
            40.21782617,
            44.25280862
          ],
          [
            40.21782251,
            44.25281495
          ],
          [
            40.21781985,
            44.25282295
          ],
          [
            40.21781752,
            44.25283095
          ],
          [
            40.21781553,
            44.25283861
          ],
          [
            40.21781287,
            44.25284361
          ],
          [
            40.21781054,
            44.25284694
          ],
          [
            40.21780788,
            44.25284927
          ],
          [
            40.21780622,
            44.25285127
          ],
          [
            40.21780556,
            44.2528526
          ],
          [
            40.21780522,
            44.25285524
          ],
          [
            40.21780755,
            44.25285823
          ],
          [
            40.21781254,
            44.25286356
          ],
          [
            40.2178212,
            44.25286722
          ],
          [
            40.21783353,
            44.25287155
          ],
          [
            40.21784719,
            44.25287688
          ],
          [
            40.21785985,
            44.25288254
          ],
          [
            40.21787085,
            44.25288853
          ],
          [
            40.21788018,
            44.25289519
          ],
          [
            40.21788584,
            44.25289952
          ],
          [
            40.21788917,
            44.25290351
          ],
          [
            40.21789016,
            44.25290651
          ],
          [
            40.21789248,
            44.25290983
          ],
          [
            40.21789546,
            44.25291314
          ],
          [
            40.21789546,
            44.25291447
          ],
          [
            40.21789612,
            44.25291944
          ],
          [
            40.21790112,
            44.25291944
          ],
          [
            40.21791045,
            44.25292077
          ],
          [
            40.21792111,
            44.25292376
          ],
          [
            40.21793277,
            44.25292775
          ],
          [
            40.21794476,
            44.25293241
          ],
          [
            40.21795776,
            44.25293807
          ],
          [
            40.21796942,
            44.2529454
          ],
          [
            40.21798141,
            44.2529544
          ],
          [
            40.21799441,
            44.25296306
          ],
          [
            40.21800874,
            44.25297239
          ],
          [
            40.21802474,
            44.25298105
          ],
          [
            40.2180404,
            44.25298905
          ],
          [
            40.21805573,
            44.25299705
          ],
          [
            40.21807306,
            44.25300471
          ],
          [
            40.21809005,
            44.25301204
          ],
          [
            40.21810671,
            44.25302037
          ],
          [
            40.2181217,
            44.2530307
          ],
          [
            40.21813236,
            44.25304203
          ],
          [
            40.21813835,
            44.25305502
          ],
          [
            40.21814068,
            44.25306902
          ],
          [
            40.21814068,
            44.25308302
          ],
          [
            40.21814002,
            44.25309702
          ],
          [
            40.21813869,
            44.25311002
          ],
          [
            40.2181367,
            44.25312235
          ],
          [
            40.2181357,
            44.25313468
          ],
          [
            40.21813504,
            44.25314401
          ],
          [
            40.21813504,
            44.25315
          ],
          [
            40.21813537,
            44.25315366
          ],
          [
            40.21813537,
            44.25315665
          ],
          [
            40.21813471,
            44.25315898
          ],
          [
            40.21813537,
            44.25316229
          ],
          [
            40.21813004,
            44.25316395
          ],
          [
            40.21812038,
            44.25316661
          ],
          [
            40.21810705,
            44.2531696
          ],
          [
            40.21809172,
            44.25317293
          ],
          [
            40.21807439,
            44.25317626
          ],
          [
            40.21805573,
            44.25317859
          ],
          [
            40.21803574,
            44.25318158
          ],
          [
            40.21801508,
            44.25318524
          ],
          [
            40.21799442,
            44.25318957
          ],
          [
            40.21797509,
            44.2531949
          ],
          [
            40.21795576,
            44.25320056
          ],
          [
            40.2179371,
            44.25320622
          ],
          [
            40.21791844,
            44.25321122
          ],
          [
            40.21790011,
            44.25321588
          ],
          [
            40.21788078,
            44.25321921
          ],
          [
            40.21786079,
            44.25322254
          ],
          [
            40.21784146,
            44.25322587
          ],
          [
            40.21782246,
            44.2532292
          ],
          [
            40.21780346,
            44.25323253
          ],
          [
            40.2177848,
            44.25323586
          ],
          [
            40.21776714,
            44.25323852
          ],
          [
            40.21775048,
            44.25324018
          ],
          [
            40.21773382,
            44.25323919
          ],
          [
            40.21771716,
            44.25323586
          ],
          [
            40.2177005,
            44.25323186
          ],
          [
            40.21768384,
            44.2532282
          ],
          [
            40.21766718,
            44.25322454
          ],
          [
            40.21764985,
            44.25322121
          ],
          [
            40.21763286,
            44.25321755
          ],
          [
            40.2176152,
            44.25321422
          ],
          [
            40.21759754,
            44.25321089
          ],
          [
            40.21757955,
            44.25320689
          ],
          [
            40.21756122,
            44.25320323
          ],
          [
            40.21754356,
            44.2532009
          ],
          [
            40.21752723,
            44.25319891
          ],
          [
            40.2175099,
            44.25319791
          ],
          [
            40.21749224,
            44.25319725
          ],
          [
            40.21747358,
            44.25319525
          ],
          [
            40.21745492,
            44.25319359
          ],
          [
            40.21743726,
            44.25319226
          ],
          [
            40.21741727,
            44.2531916
          ],
          [
            40.21739728,
            44.25319127
          ],
          [
            40.21737862,
            44.25319193
          ],
          [
            40.21735829,
            44.25319292
          ],
          [
            40.21733796,
            44.25319425
          ],
          [
            40.21731696,
            44.25319558
          ],
          [
            40.2172963,
            44.25319758
          ],
          [
            40.21727631,
            44.25320157
          ],
          [
            40.21725465,
            44.2532059
          ],
          [
            40.21723299,
            44.25321056
          ],
          [
            40.21721233,
            44.25321689
          ],
          [
            40.21719167,
            44.25322355
          ],
          [
            40.21717267,
            44.25323121
          ],
          [
            40.21715534,
            44.25324054
          ],
          [
            40.21713934,
            44.25325054
          ],
          [
            40.21712534,
            44.2532622
          ],
          [
            40.21711335,
            44.25327419
          ],
          [
            40.21710302,
            44.25328685
          ],
          [
            40.21709403,
            44.25329785
          ],
          [
            40.21708804,
            44.25330451
          ],
          [
            40.21708405,
            44.2533085
          ],
          [
            40.21708005,
            44.2533115
          ],
          [
            40.21707706,
            44.25331383
          ],
          [
            40.21707308,
            44.25331749
          ],
          [
            40.21707208,
            44.25331948
          ],
          [
            40.21707009,
            44.25332214
          ],
          [
            40.21706776,
            44.25332513
          ],
          [
            40.2170651,
            44.25332779
          ],
          [
            40.21706211,
            44.25333112
          ],
          [
            40.21706011,
            44.25333411
          ],
          [
            40.21705712,
            44.25333744
          ],
          [
            40.21705479,
            44.2533401
          ],
          [
            40.21704979,
            44.25334376
          ],
          [
            40.21704146,
            44.25334742
          ],
          [
            40.21703113,
            44.25335075
          ],
          [
            40.21701913,
            44.25335474
          ],
          [
            40.21700647,
            44.25335974
          ],
          [
            40.21699481,
            44.25336507
          ],
          [
            40.21698448,
            44.2533694
          ],
          [
            40.21697515,
            44.25337206
          ],
          [
            40.21696616,
            44.25337406
          ],
          [
            40.21695816,
            44.25337539
          ],
          [
            40.21695183,
            44.25337672
          ],
          [
            40.21694417,
            44.25337905
          ],
          [
            40.21693484,
            44.25338104
          ],
          [
            40.21692318,
            44.25338204
          ],
          [
            40.21691185,
            44.2533827
          ],
          [
            40.21690019,
            44.25338204
          ],
          [
            40.21688853,
            44.25337971
          ],
          [
            40.2168782,
            44.25337672
          ],
          [
            40.2168672,
            44.25337572
          ],
          [
            40.21685421,
            44.25337705
          ],
          [
            40.21684088,
            44.25337971
          ],
          [
            40.21682822,
            44.25338404
          ],
          [
            40.21681456,
            44.25338937
          ],
          [
            40.21680156,
            44.2533927
          ],
          [
            40.2167889,
            44.25339336
          ],
          [
            40.21677357,
            44.25339236
          ],
          [
            40.21675791,
            44.25339037
          ],
          [
            40.21674258,
            44.25338704
          ],
          [
            40.21672725,
            44.25338271
          ],
          [
            40.21671325,
            44.25337771
          ],
          [
            40.21669992,
            44.25337305
          ],
          [
            40.21668626,
            44.25336806
          ],
          [
            40.21667293,
            44.25336306
          ],
          [
            40.21666094,
            44.25335673
          ],
          [
            40.21664961,
            44.2533504
          ],
          [
            40.21663828,
            44.25334541
          ],
          [
            40.21662728,
            44.25334075
          ],
          [
            40.21661529,
            44.25333609
          ],
          [
            40.21660229,
            44.25333143
          ],
          [
            40.21658763,
            44.2533271
          ],
          [
            40.21657363,
            44.25332311
          ],
          [
            40.2165593,
            44.25331845
          ],
          [
            40.2165453,
            44.25331345
          ],
          [
            40.21653164,
            44.25330845
          ],
          [
            40.21651798,
            44.25330279
          ],
          [
            40.21650532,
            44.25329713
          ],
          [
            40.21649232,
            44.25329147
          ],
          [
            40.21647766,
            44.25328648
          ],
          [
            40.216465,
            44.25328248
          ],
          [
            40.21645601,
            44.25327982
          ],
          [
            40.21645002,
            44.25327816
          ],
          [
            40.21644669,
            44.25327816
          ],
          [
            40.21644503,
            44.25327783
          ],
          [
            40.21644338,
            44.25327551
          ],
          [
            40.21644172,
            44.25327351
          ],
          [
            40.21643806,
            44.25327118
          ],
          [
            40.21643273,
            44.25326852
          ],
          [
            40.21642607,
            44.25326519
          ],
          [
            40.21642007,
            44.25326286
          ],
          [
            40.21641508,
            44.2532602
          ],
          [
            40.21641142,
            44.25325854
          ],
          [
            40.21641009,
            44.25325688
          ],
          [
            40.21640976,
            44.25325522
          ],
          [
            40.21641207,
            44.25325589
          ],
          [
            40.21641372,
            44.2532602
          ],
          [
            40.21641934,
            44.25326053
          ],
          [
            40.21641934,
            44.25326153
          ],
          [
            40.21642134,
            44.25326252
          ],
          [
            40.216424,
            44.25326318
          ],
          [
            40.21642566,
            44.25326418
          ],
          [
            40.21642699,
            44.25326551
          ],
          [
            40.21643095,
            44.25326915
          ],
          [
            40.21642896,
            44.25326849
          ],
          [
            40.2164273,
            44.25326816
          ],
          [
            40.21642397,
            44.25326783
          ],
          [
            40.21642164,
            44.25326783
          ],
          [
            40.21641998,
            44.25326617
          ],
          [
            40.21641073,
            44.25326387
          ],
          [
            40.21641173,
            44.25326686
          ],
          [
            40.21641206,
            44.25326952
          ],
          [
            40.21641106,
            44.25327218
          ],
          [
            40.21640907,
            44.25327384
          ],
          [
            40.21640674,
            44.2532745
          ],
          [
            40.21640375,
            44.25327516
          ],
          [
            40.21639942,
            44.2532735
          ],
          [
            40.21639543,
            44.25327184
          ],
          [
            40.2163931,
            44.25327151
          ],
          [
            40.2163911,
            44.25327052
          ],
          [
            40.2163901,
            44.25327151
          ],
          [
            40.21639109,
            44.25327251
          ],
          [
            40.21639375,
            44.25327317
          ],
          [
            40.21639541,
            44.25327416
          ],
          [
            40.21639508,
            44.25327283
          ],
          [
            40.21639475,
            44.25327083
          ],
          [
            40.21639541,
            44.25326883
          ],
          [
            40.21639574,
            44.25326684
          ],
          [
            40.2163964,
            44.25326551
          ],
          [
            40.21640104,
            44.25326089
          ],
          [
            40.21640038,
            44.25326355
          ],
          [
            40.21640071,
            44.25326721
          ],
          [
            40.21640137,
            44.25327054
          ],
          [
            40.2164027,
            44.25327353
          ],
          [
            40.21640502,
            44.25327452
          ],
          [
            40.216408,
            44.25327254
          ],
          [
            40.21641133,
            44.25327387
          ],
          [
            40.21641666,
            44.25327387
          ],
          [
            40.21642299,
            44.25327321
          ],
          [
            40.21642698,
            44.25327121
          ],
          [
            40.21642864,
            44.25327121
          ],
          [
            40.2164303,
            44.25327221
          ],
          [
            40.2164353,
            44.2532752
          ],
          [
            40.21644163,
            44.25327886
          ],
          [
            40.21644929,
            44.25328352
          ],
          [
            40.21645862,
            44.25328918
          ],
          [
            40.21646828,
            44.25329517
          ],
          [
            40.21647861,
            44.2533015
          ],
          [
            40.21649094,
            44.25330716
          ],
          [
            40.21650293,
            44.25331382
          ],
          [
            40.21651426,
            44.25332115
          ],
          [
            40.21652559,
            44.25332781
          ],
          [
            40.21653692,
            44.25333514
          ],
          [
            40.21654925,
            44.25334147
          ],
          [
            40.21656125,
            44.25334713
          ],
          [
            40.21657391,
            44.25335179
          ],
          [
            40.21658691,
            44.25335679
          ],
          [
            40.21659857,
            44.25336112
          ],
          [
            40.2166089,
            44.25336645
          ],
          [
            40.21661723,
            44.25337145
          ],
          [
            40.21662456,
            44.25337645
          ],
          [
            40.21662989,
            44.25338144
          ],
          [
            40.21663422,
            44.25338744
          ],
          [
            40.21663688,
            44.2533961
          ],
          [
            40.21663987,
            44.25340643
          ],
          [
            40.21664286,
            44.25341609
          ],
          [
            40.21664419,
            44.25342475
          ],
          [
            40.21664353,
            44.25343241
          ],
          [
            40.21664187,
            44.25343974
          ],
          [
            40.21663888,
            44.2534474
          ],
          [
            40.21663422,
            44.2534554
          ],
          [
            40.21662956,
            44.25346273
          ],
          [
            40.21662357,
            44.25347073
          ],
          [
            40.21661657,
            44.25347873
          ],
          [
            40.21660958,
            44.25348673
          ],
          [
            40.21660525,
            44.25349506
          ],
          [
            40.21660292,
            44.25350339
          ],
          [
            40.21660126,
            44.25351172
          ],
          [
            40.2166006,
            44.25352005
          ],
          [
            40.2165986,
            44.25352838
          ],
          [
            40.21659627,
            44.25353737
          ],
          [
            40.21659361,
            44.25354736
          ],
          [
            40.21658895,
            44.25355802
          ],
          [
            40.21658462,
            44.25356935
          ],
          [
            40.21657929,
            44.25357935
          ],
          [
            40.2165733,
            44.25358801
          ],
          [
            40.2165663,
            44.253595
          ],
          [
            40.21655664,
            44.253602
          ],
          [
            40.21654498,
            44.25360866
          ],
          [
            40.21653432,
            44.25361532
          ],
          [
            40.21652366,
            44.25362198
          ],
          [
            40.216516,
            44.25362864
          ],
          [
            40.216512,
            44.25363497
          ],
          [
            40.21650967,
            44.25364196
          ],
          [
            40.21650501,
            44.25364896
          ],
          [
            40.21650001,
            44.25365762
          ],
          [
            40.21649735,
            44.25366695
          ],
          [
            40.21649535,
            44.25367628
          ],
          [
            40.21649635,
            44.25368461
          ],
          [
            40.21649635,
            44.25369027
          ],
          [
            40.21649635,
            44.2536936
          ],
          [
            40.21649502,
            44.2536956
          ],
          [
            40.21649136,
            44.25369626
          ],
          [
            40.21648403,
            44.25369826
          ],
          [
            40.2164747,
            44.25369826
          ],
          [
            40.21646404,
            44.25369859
          ],
          [
            40.21645338,
            44.25369992
          ],
          [
            40.21644405,
            44.25370358
          ],
          [
            40.21643739,
            44.25370924
          ],
          [
            40.21643239,
            44.2537159
          ],
          [
            40.21642773,
            44.25372323
          ],
          [
            40.2164244,
            44.25373123
          ],
          [
            40.2164224,
            44.25374122
          ],
          [
            40.2164234,
            44.25375088
          ],
          [
            40.21642373,
            44.25376154
          ],
          [
            40.21642273,
            44.2537722
          ],
          [
            40.21642074,
            44.25378353
          ],
          [
            40.21641808,
            44.25379586
          ],
          [
            40.21641542,
            44.25380852
          ],
          [
            40.21641243,
            44.25382052
          ],
          [
            40.21641143,
            44.25383251
          ],
          [
            40.21641476,
            44.25384584
          ],
          [
            40.21641942,
            44.2538585
          ],
          [
            40.21642342,
            44.25386983
          ],
          [
            40.21642708,
            44.25388016
          ],
          [
            40.21642874,
            44.25389015
          ],
          [
            40.21642708,
            44.25390115
          ],
          [
            40.21642275,
            44.25391215
          ],
          [
            40.21641676,
            44.25392481
          ],
          [
            40.21640977,
            44.25393647
          ],
          [
            40.21640177,
            44.2539468
          ],
          [
            40.21639411,
            44.25395746
          ],
          [
            40.21638911,
            44.25396879
          ],
          [
            40.21638545,
            44.25398012
          ],
          [
            40.21638512,
            44.25399178
          ],
          [
            40.21638611,
            44.25400244
          ],
          [
            40.21638478,
            44.25401177
          ],
          [
            40.21638145,
            44.2540201
          ],
          [
            40.21637679,
            44.25402676
          ],
          [
            40.21636913,
            44.25403242
          ],
          [
            40.21636014,
            44.25403742
          ],
          [
            40.21634981,
            44.25404375
          ],
          [
            40.21634115,
            44.25405041
          ],
          [
            40.21633382,
            44.2540564
          ],
          [
            40.21632616,
            44.25406206
          ],
          [
            40.21632017,
            44.25406806
          ],
          [
            40.21631451,
            44.25407439
          ],
          [
            40.21630985,
            44.25408072
          ],
          [
            40.21630586,
            44.25408638
          ],
          [
            40.21630386,
            44.25409204
          ],
          [
            40.21630153,
            44.25409803
          ],
          [
            40.2163002,
            44.25410503
          ],
          [
            40.21629987,
            44.25411269
          ],
          [
            40.21629954,
            44.25412035
          ],
          [
            40.21629954,
            44.25412835
          ],
          [
            40.21629954,
            44.25413534
          ],
          [
            40.21629954,
            44.254144
          ],
          [
            40.21629888,
            44.25415133
          ],
          [
            40.21629655,
            44.25415899
          ],
          [
            40.21629289,
            44.25416632
          ],
          [
            40.21628956,
            44.25417332
          ],
          [
            40.2162869,
            44.25417998
          ],
          [
            40.21628557,
            44.25418764
          ],
          [
            40.21628258,
            44.25419397
          ],
          [
            40.21627858,
            44.25419963
          ],
          [
            40.21627358,
            44.25420596
          ],
          [
            40.21626792,
            44.25421162
          ],
          [
            40.21626326,
            44.25421861
          ],
          [
            40.21625993,
            44.25422661
          ],
          [
            40.21625727,
            44.25423527
          ],
          [
            40.21625327,
            44.25424527
          ],
          [
            40.21625061,
            44.2542546
          ],
          [
            40.21624762,
            44.25426359
          ],
          [
            40.21624363,
            44.25427159
          ],
          [
            40.2162403,
            44.25428058
          ],
          [
            40.21623664,
            44.25429024
          ],
          [
            40.21623331,
            44.25430157
          ],
          [
            40.21623065,
            44.25431256
          ],
          [
            40.21622799,
            44.25432289
          ],
          [
            40.21622599,
            44.25433389
          ],
          [
            40.21622433,
            44.25434455
          ],
          [
            40.21622167,
            44.25435555
          ],
          [
            40.21621967,
            44.25436688
          ],
          [
            40.21621767,
            44.25437687
          ],
          [
            40.21621501,
            44.25438687
          ],
          [
            40.21621235,
            44.25439686
          ],
          [
            40.21621202,
            44.25440552
          ],
          [
            40.21621302,
            44.25441551
          ],
          [
            40.21621435,
            44.25442584
          ],
          [
            40.21621768,
            44.2544375
          ],
          [
            40.21622134,
            44.25444949
          ],
          [
            40.216224,
            44.25446049
          ],
          [
            40.21622499,
            44.25447082
          ],
          [
            40.216224,
            44.25448215
          ],
          [
            40.21622367,
            44.25449348
          ],
          [
            40.21622201,
            44.25450614
          ],
          [
            40.21622035,
            44.25451847
          ],
          [
            40.21621769,
            44.25453046
          ],
          [
            40.21621036,
            44.25454179
          ],
          [
            40.21620203,
            44.25455312
          ],
          [
            40.2161967,
            44.25456445
          ],
          [
            40.21619204,
            44.25457478
          ],
          [
            40.21618771,
            44.25458411
          ],
          [
            40.21618371,
            44.25459244
          ],
          [
            40.21618172,
            44.2546001
          ],
          [
            40.21617939,
            44.25460876
          ],
          [
            40.21617806,
            44.25461709
          ],
          [
            40.21617607,
            44.25462708
          ],
          [
            40.21617441,
            44.25463708
          ],
          [
            40.21617175,
            44.25464774
          ],
          [
            40.21616975,
            44.2546574
          ],
          [
            40.21616709,
            44.25466639
          ],
          [
            40.21616343,
            44.25467605
          ],
          [
            40.2161601,
            44.25468604
          ],
          [
            40.2161581,
            44.25469704
          ],
          [
            40.21615611,
            44.25470837
          ],
          [
            40.21615345,
            44.25471903
          ],
          [
            40.21615079,
            44.25472936
          ],
          [
            40.21614579,
            44.25473902
          ],
          [
            40.21614079,
            44.25474768
          ],
          [
            40.21613579,
            44.25475701
          ],
          [
            40.21612913,
            44.25476701
          ],
          [
            40.21612213,
            44.25477634
          ],
          [
            40.21611414,
            44.25478634
          ],
          [
            40.21610448,
            44.254796
          ],
          [
            40.21609515,
            44.25480433
          ],
          [
            40.21608649,
            44.25481199
          ],
          [
            40.2160805,
            44.25482132
          ],
          [
            40.21607817,
            44.25483198
          ],
          [
            40.2160815,
            44.25484397
          ],
          [
            40.2160895,
            44.2548543
          ],
          [
            40.21609916,
            44.25486329
          ],
          [
            40.21610882,
            44.25487129
          ],
          [
            40.21611781,
            44.25487929
          ],
          [
            40.21612547,
            44.25488828
          ],
          [
            40.2161318,
            44.25489761
          ],
          [
            40.21613779,
            44.25490694
          ],
          [
            40.21614245,
            44.25491693
          ],
          [
            40.21614678,
            44.25492659
          ],
          [
            40.21615111,
            44.25493525
          ],
          [
            40.2161551,
            44.25494391
          ],
          [
            40.21615843,
            44.25495357
          ],
          [
            40.21616109,
            44.2549629
          ],
          [
            40.21616408,
            44.25497156
          ],
          [
            40.21616707,
            44.25498022
          ],
          [
            40.21617073,
            44.25498888
          ],
          [
            40.21617439,
            44.25499787
          ],
          [
            40.21617805,
            44.25500587
          ],
          [
            40.21618271,
            44.25501486
          ],
          [
            40.21618737,
            44.25502419
          ],
          [
            40.21619303,
            44.25503385
          ],
          [
            40.21619836,
            44.25504284
          ],
          [
            40.21620569,
            44.25505084
          ],
          [
            40.21621402,
            44.2550585
          ],
          [
            40.21622301,
            44.25506583
          ],
          [
            40.21623234,
            44.25507216
          ],
          [
            40.216242,
            44.25507982
          ],
          [
            40.21625099,
            44.25508848
          ],
          [
            40.21625932,
            44.25509714
          ],
          [
            40.21626665,
            44.2551068
          ],
          [
            40.21627331,
            44.25511746
          ],
          [
            40.21627964,
            44.25512846
          ],
          [
            40.21628497,
            44.25513912
          ],
          [
            40.21628963,
            44.25514945
          ],
          [
            40.21629429,
            44.25516011
          ],
          [
            40.21630062,
            44.25517144
          ],
          [
            40.21630862,
            44.25518277
          ],
          [
            40.21631928,
            44.25519377
          ],
          [
            40.21633061,
            44.2552041
          ],
          [
            40.2163436,
            44.25521443
          ],
          [
            40.21635693,
            44.25522443
          ],
          [
            40.21636993,
            44.25523409
          ],
          [
            40.21638426,
            44.25524308
          ],
          [
            40.21639925,
            44.25525174
          ],
          [
            40.21641424,
            44.25526007
          ],
          [
            40.21642957,
            44.2552694
          ],
          [
            40.21644556,
            44.25527839
          ],
          [
            40.21646056,
            44.25528738
          ],
          [
            40.21647422,
            44.25529704
          ],
          [
            40.21648721,
            44.25530604
          ],
          [
            40.21649954,
            44.25531537
          ],
          [
            40.21651087,
            44.25532503
          ],
          [
            40.2165222,
            44.25533569
          ],
          [
            40.21653386,
            44.25534802
          ],
          [
            40.21654486,
            44.25536068
          ],
          [
            40.21655452,
            44.25537368
          ],
          [
            40.21656452,
            44.25538601
          ],
          [
            40.21657585,
            44.25539967
          ],
          [
            40.21658651,
            44.255413
          ],
          [
            40.2165965,
            44.25542566
          ],
          [
            40.21660483,
            44.25543932
          ],
          [
            40.21661283,
            44.25545265
          ],
          [
            40.21662016,
            44.25546698
          ],
          [
            40.21662649,
            44.25548064
          ],
          [
            40.21663115,
            44.2554943
          ],
          [
            40.21663381,
            44.25550696
          ],
          [
            40.21663414,
            44.25551962
          ],
          [
            40.21663348,
            44.25553161
          ],
          [
            40.21663149,
            44.25554427
          ],
          [
            40.21662749,
            44.25555627
          ],
          [
            40.21662283,
            44.25556893
          ],
          [
            40.21661884,
            44.25558193
          ],
          [
            40.21661451,
            44.25559426
          ],
          [
            40.21660918,
            44.25560592
          ],
          [
            40.21660418,
            44.25561725
          ],
          [
            40.21659885,
            44.25562958
          ],
          [
            40.21659452,
            44.25564224
          ],
          [
            40.21659119,
            44.2556539
          ],
          [
            40.2165892,
            44.25566556
          ],
          [
            40.2165872,
            44.25567656
          ],
          [
            40.21658487,
            44.25568656
          ],
          [
            40.21658287,
            44.25569655
          ],
          [
            40.21658154,
            44.25570855
          ],
          [
            40.21657754,
            44.25572288
          ],
          [
            40.21657255,
            44.25573688
          ],
          [
            40.21656589,
            44.25574921
          ],
          [
            40.21655756,
            44.25576054
          ],
          [
            40.21654823,
            44.2557722
          ],
          [
            40.2165389,
            44.2557832
          ],
          [
            40.2165299,
            44.25579386
          ],
          [
            40.21652057,
            44.25580552
          ],
          [
            40.21651358,
            44.25581785
          ],
          [
            40.21651125,
            44.25582851
          ],
          [
            40.21651191,
            44.25583684
          ],
          [
            40.2165149,
            44.25584317
          ],
          [
            40.21652023,
            44.25584916
          ],
          [
            40.21652589,
            44.25585449
          ],
          [
            40.21653155,
            44.25586115
          ],
          [
            40.21653588,
            44.25586848
          ],
          [
            40.21653787,
            44.25587814
          ],
          [
            40.21653853,
            44.25588814
          ],
          [
            40.21653952,
            44.25589813
          ],
          [
            40.21654152,
            44.25590846
          ],
          [
            40.21654351,
            44.25591979
          ],
          [
            40.21654584,
            44.25593045
          ],
          [
            40.21654817,
            44.25594078
          ],
          [
            40.2165495,
            44.25595078
          ],
          [
            40.21655083,
            44.25596077
          ],
          [
            40.21655182,
            44.25597077
          ],
          [
            40.21655215,
            44.2559801
          ],
          [
            40.21655581,
            44.25599143
          ],
          [
            40.2165608,
            44.25600276
          ],
          [
            40.21656746,
            44.25601476
          ],
          [
            40.21657412,
            44.25602675
          ],
          [
            40.21658178,
            44.25603908
          ],
          [
            40.21659011,
            44.25605074
          ],
          [
            40.2165971,
            44.2560614
          ],
          [
            40.21660009,
            44.2560714
          ],
          [
            40.2165981,
            44.25608073
          ],
          [
            40.21659177,
            44.25609006
          ],
          [
            40.21658344,
            44.25609839
          ],
          [
            40.21657311,
            44.25610705
          ],
          [
            40.21656378,
            44.25611571
          ],
          [
            40.21655345,
            44.25612371
          ],
          [
            40.21654179,
            44.25613004
          ],
          [
            40.21653079,
            44.2561357
          ],
          [
            40.21651813,
            44.25614269
          ],
          [
            40.21650614,
            44.25615135
          ],
          [
            40.21649681,
            44.25615801
          ],
          [
            40.21649181,
            44.25616334
          ],
          [
            40.21648948,
            44.256167
          ],
          [
            40.21649148,
            44.25617066
          ],
          [
            40.21649481,
            44.25617399
          ],
          [
            40.21650014,
            44.25617765
          ],
          [
            40.2165078,
            44.25618098
          ],
          [
            40.21651779,
            44.25618364
          ],
          [
            40.21652912,
            44.25618663
          ],
          [
            40.21654111,
            44.25618896
          ],
          [
            40.21655311,
            44.25619262
          ],
          [
            40.2165651,
            44.25619661
          ],
          [
            40.21657476,
            44.25620227
          ],
          [
            40.21658376,
            44.25620893
          ],
          [
            40.21659342,
            44.25621726
          ],
          [
            40.21660475,
            44.25622525
          ],
          [
            40.21661508,
            44.25623425
          ],
          [
            40.21662541,
            44.25624291
          ],
          [
            40.21663374,
            44.25625157
          ],
          [
            40.21664207,
            44.25625856
          ],
          [
            40.21665107,
            44.25626356
          ],
          [
            40.21665973,
            44.25626822
          ],
          [
            40.21666872,
            44.25627521
          ],
          [
            40.21667771,
            44.25628487
          ],
          [
            40.21668637,
            44.2562932
          ],
          [
            40.21669303,
            44.25630219
          ],
          [
            40.21669836,
            44.25631185
          ],
          [
            40.21670202,
            44.25632185
          ],
          [
            40.21670301,
            44.25633351
          ],
          [
            40.21670068,
            44.25634384
          ],
          [
            40.21669635,
            44.25635383
          ],
          [
            40.21669036,
            44.25636449
          ],
          [
            40.21668303,
            44.25637515
          ],
          [
            40.21667503,
            44.25638615
          ],
          [
            40.21666403,
            44.25639748
          ],
          [
            40.21665137,
            44.25640747
          ],
          [
            40.21663804,
            44.2564168
          ],
          [
            40.21662538,
            44.25642446
          ],
          [
            40.21661239,
            44.25643212
          ],
          [
            40.21660173,
            44.25644045
          ],
          [
            40.21659307,
            44.25644978
          ],
          [
            40.21658641,
            44.25646144
          ],
          [
            40.21658241,
            44.25647377
          ],
          [
            40.21658108,
            44.25648543
          ],
          [
            40.21658108,
            44.25649543
          ],
          [
            40.21658108,
            44.25650442
          ],
          [
            40.21658174,
            44.25651208
          ],
          [
            40.2165834,
            44.25652108
          ],
          [
            40.21658673,
            44.25652974
          ],
          [
            40.21659039,
            44.25653873
          ],
          [
            40.21659672,
            44.25654806
          ],
          [
            40.21660438,
            44.25655772
          ],
          [
            40.21661371,
            44.25656705
          ],
          [
            40.21662337,
            44.25657438
          ],
          [
            40.2166347,
            44.25658104
          ],
          [
            40.21664536,
            44.25658803
          ],
          [
            40.21665569,
            44.25659703
          ],
          [
            40.21666635,
            44.25660602
          ],
          [
            40.21667868,
            44.25661335
          ],
          [
            40.21668701,
            44.25662201
          ],
          [
            40.21669,
            44.25663234
          ],
          [
            40.21669033,
            44.25664433
          ],
          [
            40.21669,
            44.25665833
          ],
          [
            40.21668934,
            44.25667199
          ],
          [
            40.21668734,
            44.25668532
          ],
          [
            40.21668368,
            44.25669898
          ],
          [
            40.21667868,
            44.25671231
          ],
          [
            40.21667402,
            44.25672497
          ],
          [
            40.21666969,
            44.2567373
          ],
          [
            40.21666303,
            44.2567493
          ],
          [
            40.21665503,
            44.2567603
          ],
          [
            40.2166467,
            44.25677196
          ],
          [
            40.21663704,
            44.25678395
          ],
          [
            40.21662738,
            44.25679594
          ],
          [
            40.21661739,
            44.25680794
          ],
          [
            40.21660706,
            44.25682027
          ],
          [
            40.21659606,
            44.2568326
          ],
          [
            40.2165854,
            44.25684426
          ],
          [
            40.21657507,
            44.25685592
          ],
          [
            40.21656407,
            44.25686858
          ],
          [
            40.21655441,
            44.25688158
          ],
          [
            40.21654508,
            44.25689391
          ],
          [
            40.21653475,
            44.2569059
          ],
          [
            40.21652476,
            44.2569169
          ],
          [
            40.21651443,
            44.25692923
          ],
          [
            40.21650443,
            44.25694023
          ],
          [
            40.2164951,
            44.25695189
          ],
          [
            40.21648611,
            44.25696322
          ],
          [
            40.21647878,
            44.25697555
          ],
          [
            40.21647245,
            44.25698754
          ],
          [
            40.21646579,
            44.2570002
          ],
          [
            40.21645913,
            44.25701153
          ],
          [
            40.21645214,
            44.25702319
          ],
          [
            40.21644448,
            44.25703485
          ],
          [
            40.21643515,
            44.25704585
          ],
          [
            40.21642415,
            44.25705585
          ],
          [
            40.21641182,
            44.25706484
          ],
          [
            40.21639949,
            44.25707517
          ],
          [
            40.2163875,
            44.25708516
          ],
          [
            40.21637617,
            44.25709549
          ],
          [
            40.21636484,
            44.25710615
          ],
          [
            40.21635418,
            44.25711648
          ],
          [
            40.21634318,
            44.25712748
          ],
          [
            40.21633218,
            44.25713781
          ],
          [
            40.21632252,
            44.25714947
          ],
          [
            40.21631252,
            44.25716113
          ],
          [
            40.21630319,
            44.25717213
          ],
          [
            40.21629519,
            44.25718412
          ],
          [
            40.21628753,
            44.25719612
          ],
          [
            40.21627987,
            44.25720845
          ],
          [
            40.21627154,
            44.25722111
          ],
          [
            40.21626354,
            44.25723444
          ],
          [
            40.21625654,
            44.2572481
          ],
          [
            40.21624988,
            44.25726243
          ],
          [
            40.21624389,
            44.25727576
          ],
          [
            40.21623923,
            44.25728842
          ],
          [
            40.2162359,
            44.25730108
          ],
          [
            40.21623357,
            44.25731508
          ],
          [
            40.21622991,
            44.25732908
          ],
          [
            40.21622491,
            44.25734374
          ],
          [
            40.21621892,
            44.2573584
          ],
          [
            40.21621192,
            44.25737273
          ],
          [
            40.21620426,
            44.25738639
          ],
          [
            40.2161966,
            44.25740005
          ],
          [
            40.21618927,
            44.25741371
          ],
          [
            40.21618128,
            44.25742704
          ],
          [
            40.21617262,
            44.2574397
          ],
          [
            40.21616329,
            44.2574527
          ],
          [
            40.21615463,
            44.25746569
          ],
          [
            40.21614464,
            44.25747902
          ],
          [
            40.21613398,
            44.25749168
          ],
          [
            40.21612432,
            44.25750367
          ],
          [
            40.21611466,
            44.25751633
          ],
          [
            40.21610466,
            44.25752933
          ],
          [
            40.21609467,
            44.25754233
          ],
          [
            40.21608467,
            44.25755566
          ],
          [
            40.21607534,
            44.25756832
          ],
          [
            40.21606601,
            44.25758031
          ],
          [
            40.21605668,
            44.25759297
          ],
          [
            40.21604802,
            44.25760596
          ],
          [
            40.21604069,
            44.25761962
          ],
          [
            40.21603369,
            44.25763328
          ],
          [
            40.2160267,
            44.25764728
          ],
          [
            40.21601837,
            44.25766061
          ],
          [
            40.21601104,
            44.25767294
          ],
          [
            40.21600304,
            44.25768594
          ],
          [
            40.21599504,
            44.2576986
          ],
          [
            40.21598638,
            44.25771059
          ],
          [
            40.21597705,
            44.25772325
          ],
          [
            40.21596672,
            44.25773591
          ],
          [
            40.21595539,
            44.25774791
          ],
          [
            40.21594306,
            44.25776024
          ],
          [
            40.2159324,
            44.25777357
          ],
          [
            40.21592274,
            44.2577869
          ],
          [
            40.21591274,
            44.25780023
          ],
          [
            40.21590241,
            44.25781356
          ],
          [
            40.21589141,
            44.25782622
          ],
          [
            40.21587942,
            44.25783788
          ],
          [
            40.21586709,
            44.25785021
          ],
          [
            40.21585543,
            44.2578622
          ],
          [
            40.21584443,
            44.25787453
          ],
          [
            40.2158341,
            44.25788752
          ],
          [
            40.21582277,
            44.25789985
          ],
          [
            40.21581111,
            44.25791184
          ],
          [
            40.21579878,
            44.2579245
          ],
          [
            40.21578578,
            44.25793683
          ],
          [
            40.21577412,
            44.25794882
          ],
          [
            40.21576246,
            44.25796015
          ],
          [
            40.21575213,
            44.25797148
          ],
          [
            40.2157418,
            44.25798281
          ],
          [
            40.21573314,
            44.25799447
          ],
          [
            40.21572448,
            44.2580068
          ],
          [
            40.21571648,
            44.25801946
          ],
          [
            40.21571049,
            44.25803179
          ],
          [
            40.21570716,
            44.25804445
          ],
          [
            40.21570483,
            44.25805811
          ],
          [
            40.21570483,
            44.2580731
          ],
          [
            40.21570683,
            44.2580871
          ],
          [
            40.21571016,
            44.2580991
          ],
          [
            40.21571482,
            44.25811076
          ],
          [
            40.21572015,
            44.25812242
          ],
          [
            40.21572614,
            44.25813342
          ],
          [
            40.21573213,
            44.25814408
          ],
          [
            40.21573846,
            44.25815374
          ],
          [
            40.21574445,
            44.2581644
          ],
          [
            40.21574978,
            44.25817606
          ],
          [
            40.21575378,
            44.25818839
          ],
          [
            40.21575777,
            44.25820039
          ],
          [
            40.21575977,
            44.25821272
          ],
          [
            40.21575911,
            44.25822572
          ],
          [
            40.21575678,
            44.25823871
          ],
          [
            40.21575345,
            44.25825204
          ],
          [
            40.21574846,
            44.2582657
          ],
          [
            40.21574113,
            44.2582797
          ],
          [
            40.21573114,
            44.25829236
          ],
          [
            40.21572148,
            44.25830469
          ],
          [
            40.21571149,
            44.25831768
          ],
          [
            40.21570149,
            44.25833168
          ],
          [
            40.21569083,
            44.25834501
          ],
          [
            40.2156785,
            44.25835634
          ],
          [
            40.2156645,
            44.25836734
          ],
          [
            40.21564984,
            44.25837767
          ],
          [
            40.21563451,
            44.25838733
          ],
          [
            40.21561818,
            44.25839699
          ],
          [
            40.21560219,
            44.25840699
          ],
          [
            40.21558586,
            44.25841699
          ],
          [
            40.21556953,
            44.25842665
          ],
          [
            40.21555287,
            44.25843531
          ],
          [
            40.21553721,
            44.25844364
          ],
          [
            40.21552022,
            44.2584523
          ],
          [
            40.21550422,
            44.25845996
          ],
          [
            40.21548923,
            44.25846796
          ],
          [
            40.21547357,
            44.25847596
          ],
          [
            40.21545791,
            44.25848362
          ],
          [
            40.21544225,
            44.25849228
          ],
          [
            40.21542592,
            44.25850061
          ],
          [
            40.21540893,
            44.25850927
          ],
          [
            40.21539194,
            44.2585176
          ],
          [
            40.21537528,
            44.2585256
          ],
          [
            40.21535928,
            44.25853393
          ],
          [
            40.21534262,
            44.25854193
          ],
          [
            40.21532496,
            44.25854993
          ],
          [
            40.2153083,
            44.25855793
          ],
          [
            40.21529231,
            44.25856593
          ],
          [
            40.21527631,
            44.25857426
          ],
          [
            40.21525898,
            44.25858326
          ],
          [
            40.21524265,
            44.25859192
          ],
          [
            40.21522832,
            44.25860125
          ],
          [
            40.21521366,
            44.25860991
          ],
          [
            40.21519833,
            44.25861857
          ],
          [
            40.21518233,
            44.25862923
          ],
          [
            40.21516667,
            44.25863956
          ],
          [
            40.21515267,
            44.25864955
          ],
          [
            40.21513901,
            44.25866055
          ],
          [
            40.21512535,
            44.25867155
          ],
          [
            40.21511135,
            44.25868354
          ],
          [
            40.21509802,
            44.2586962
          ],
          [
            40.21508469,
            44.25870753
          ],
          [
            40.21507003,
            44.25871986
          ],
          [
            40.21505537,
            44.25873052
          ],
          [
            40.21504137,
            44.25874218
          ],
          [
            40.21502804,
            44.25875451
          ],
          [
            40.21501638,
            44.2587665
          ],
          [
            40.21500505,
            44.25877849
          ],
          [
            40.21499439,
            44.25879115
          ],
          [
            40.21498406,
            44.25880381
          ],
          [
            40.21497473,
            44.25881681
          ],
          [
            40.21496407,
            44.25882947
          ],
          [
            40.21495374,
            44.25884247
          ],
          [
            40.21494308,
            44.2588548
          ],
          [
            40.21493242,
            44.25886813
          ],
          [
            40.21492109,
            44.25888079
          ],
          [
            40.21490743,
            44.25889379
          ],
          [
            40.21489377,
            44.25890612
          ],
          [
            40.21487944,
            44.25891712
          ],
          [
            40.21486511,
            44.25892745
          ],
          [
            40.21485111,
            44.25893778
          ],
          [
            40.21483678,
            44.25894811
          ],
          [
            40.21482145,
            44.25895677
          ],
          [
            40.21480545,
            44.25896543
          ],
          [
            40.21479012,
            44.25897376
          ],
          [
            40.21477479,
            44.25898209
          ],
          [
            40.21475979,
            44.25899075
          ],
          [
            40.21474446,
            44.25900041
          ],
          [
            40.21472946,
            44.25901074
          ],
          [
            40.2147138,
            44.25902107
          ],
          [
            40.21469681,
            44.25903073
          ],
          [
            40.21468015,
            44.25903972
          ],
          [
            40.21466349,
            44.25904772
          ],
          [
            40.21464616,
            44.25905605
          ],
          [
            40.21462783,
            44.25906271
          ],
          [
            40.2146095,
            44.25906971
          ],
          [
            40.21459184,
            44.2590757
          ],
          [
            40.21457451,
            44.25908169
          ],
          [
            40.21455752,
            44.25908835
          ],
          [
            40.21453986,
            44.25909501
          ],
          [
            40.2145222,
            44.25910134
          ],
          [
            40.2145042,
            44.259108
          ],
          [
            40.21448521,
            44.25911466
          ],
          [
            40.21446588,
            44.25912199
          ],
          [
            40.21444688,
            44.25912899
          ],
          [
            40.21442755,
            44.25913532
          ],
          [
            40.21440855,
            44.25914098
          ],
          [
            40.21438989,
            44.25914731
          ],
          [
            40.21437223,
            44.25915364
          ],
          [
            40.21435623,
            44.25916064
          ],
          [
            40.21434057,
            44.2591683
          ],
          [
            40.21432391,
            44.25917563
          ],
          [
            40.21430658,
            44.25918263
          ],
          [
            40.21428859,
            44.25918962
          ],
          [
            40.21427126,
            44.25919695
          ],
          [
            40.21425493,
            44.25920528
          ],
          [
            40.2142396,
            44.25921461
          ],
          [
            40.21422394,
            44.25922394
          ],
          [
            40.21420961,
            44.2592336
          ],
          [
            40.21419528,
            44.25924326
          ],
          [
            40.21418062,
            44.25925225
          ],
          [
            40.21416529,
            44.25926125
          ],
          [
            40.21415129,
            44.25926991
          ],
          [
            40.21413696,
            44.25927924
          ],
          [
            40.21412363,
            44.25928957
          ],
          [
            40.2141103,
            44.25929956
          ],
          [
            40.21409764,
            44.25930956
          ],
          [
            40.21408464,
            44.25931955
          ],
          [
            40.21407098,
            44.25932888
          ],
          [
            40.21405665,
            44.25933854
          ],
          [
            40.21404332,
            44.25934753
          ],
          [
            40.21402932,
            44.25935653
          ],
          [
            40.21401632,
            44.25936519
          ],
          [
            40.21400332,
            44.25937418
          ],
          [
            40.21399066,
            44.25938384
          ],
          [
            40.21397733,
            44.25939217
          ],
          [
            40.21396167,
            44.2594005
          ],
          [
            40.21394567,
            44.25940816
          ],
          [
            40.21392967,
            44.25941682
          ],
          [
            40.21391468,
            44.25942581
          ],
          [
            40.21389902,
            44.2594348
          ],
          [
            40.21388303,
            44.25944346
          ],
          [
            40.21386637,
            44.25945179
          ],
          [
            40.21385004,
            44.25945979
          ],
          [
            40.21383238,
            44.25946679
          ],
          [
            40.21381438,
            44.25947312
          ],
          [
            40.21379538,
            44.25948112
          ],
          [
            40.21377739,
            44.25948912
          ],
          [
            40.21376006,
            44.25949745
          ],
          [
            40.21374273,
            44.25950545
          ],
          [
            40.21372574,
            44.25951444
          ],
          [
            40.21370974,
            44.25952443
          ],
          [
            40.21369441,
            44.25953509
          ],
          [
            40.21368008,
            44.25954542
          ],
          [
            40.21366708,
            44.25955642
          ],
          [
            40.21365575,
            44.25956841
          ],
          [
            40.21364775,
            44.25958074
          ],
          [
            40.21364209,
            44.25959374
          ],
          [
            40.2136381,
            44.2596074
          ],
          [
            40.21363444,
            44.2596214
          ],
          [
            40.21363011,
            44.2596354
          ],
          [
            40.21362611,
            44.25964906
          ],
          [
            40.21362378,
            44.25966205
          ],
          [
            40.21362312,
            44.25967505
          ],
          [
            40.21362213,
            44.25968804
          ],
          [
            40.21361813,
            44.2597017
          ],
          [
            40.21361047,
            44.25971536
          ],
          [
            40.21360181,
            44.25972836
          ],
          [
            40.21359248,
            44.25974135
          ],
          [
            40.21358315,
            44.25975401
          ],
          [
            40.21357349,
            44.25976667
          ],
          [
            40.21356216,
            44.259779
          ],
          [
            40.21355016,
            44.25979066
          ],
          [
            40.2135375,
            44.25980265
          ],
          [
            40.2135235,
            44.25981464
          ],
          [
            40.2135075,
            44.25982664
          ],
          [
            40.21349217,
            44.25983897
          ],
          [
            40.21347817,
            44.2598523
          ],
          [
            40.21346551,
            44.25986529
          ],
          [
            40.21345285,
            44.25987729
          ],
          [
            40.21344252,
            44.25988895
          ],
          [
            40.21343186,
            44.25990061
          ],
          [
            40.21342253,
            44.25991194
          ],
          [
            40.21341387,
            44.2599236
          ],
          [
            40.21340321,
            44.2599346
          ],
          [
            40.21339088,
            44.2599456
          ],
          [
            40.21337555,
            44.2599556
          ],
          [
            40.21336022,
            44.25996626
          ],
          [
            40.21334489,
            44.25997692
          ],
          [
            40.21333056,
            44.25998792
          ],
          [
            40.21331656,
            44.25999825
          ],
          [
            40.2133029,
            44.26000891
          ],
          [
            40.21329024,
            44.26001824
          ],
          [
            40.21327624,
            44.2600279
          ],
          [
            40.21326125,
            44.2600379
          ],
          [
            40.21324725,
            44.26004723
          ],
          [
            40.21323459,
            44.26005656
          ],
          [
            40.21322226,
            44.26006689
          ],
          [
            40.21320893,
            44.26007722
          ],
          [
            40.21319627,
            44.26008822
          ],
          [
            40.21318394,
            44.26009855
          ],
          [
            40.21317128,
            44.26010888
          ],
          [
            40.21315828,
            44.26011821
          ],
          [
            40.21314462,
            44.26012821
          ],
          [
            40.21313096,
            44.26013787
          ],
          [
            40.21311763,
            44.2601482
          ],
          [
            40.2131043,
            44.26015886
          ],
          [
            40.2130903,
            44.26016885
          ],
          [
            40.21307497,
            44.26017818
          ],
          [
            40.21305998,
            44.26018884
          ],
          [
            40.21304565,
            44.26019884
          ],
          [
            40.21303165,
            44.26020984
          ],
          [
            40.21301699,
            44.26022017
          ],
          [
            40.21300199,
            44.26023183
          ],
          [
            40.212988,
            44.26024349
          ],
          [
            40.21297434,
            44.26025515
          ],
          [
            40.21296101,
            44.26026681
          ],
          [
            40.21294768,
            44.26027847
          ],
          [
            40.21293502,
            44.2602898
          ],
          [
            40.21292202,
            44.2603018
          ],
          [
            40.21290936,
            44.26031346
          ],
          [
            40.2128967,
            44.26032479
          ],
          [
            40.21288437,
            44.26033678
          ],
          [
            40.21287337,
            44.26034911
          ],
          [
            40.21286304,
            44.26036177
          ],
          [
            40.21285405,
            44.26037477
          ],
          [
            40.21284672,
            44.26038776
          ],
          [
            40.21283973,
            44.26040109
          ],
          [
            40.21283307,
            44.26041509
          ],
          [
            40.21282674,
            44.26042942
          ],
          [
            40.21282108,
            44.26044308
          ],
          [
            40.21281642,
            44.26045774
          ],
          [
            40.21281209,
            44.2604714
          ],
          [
            40.21280843,
            44.26048506
          ],
          [
            40.2128061,
            44.26049939
          ],
          [
            40.21280377,
            44.26051405
          ],
          [
            40.21280244,
            44.26052871
          ],
          [
            40.21280111,
            44.26054304
          ],
          [
            40.21279911,
            44.26055737
          ],
          [
            40.21279578,
            44.26057203
          ],
          [
            40.21279245,
            44.26058702
          ],
          [
            40.21278846,
            44.26060168
          ],
          [
            40.2127848,
            44.26061668
          ],
          [
            40.21278181,
            44.26063101
          ],
          [
            40.21277948,
            44.26064501
          ],
          [
            40.21277682,
            44.260658
          ],
          [
            40.21277083,
            44.26066966
          ],
          [
            40.21276217,
            44.26068066
          ],
          [
            40.21275084,
            44.26069199
          ],
          [
            40.21273951,
            44.26070332
          ],
          [
            40.21272818,
            44.26071498
          ],
          [
            40.21271652,
            44.26072664
          ],
          [
            40.21270552,
            44.2607383
          ],
          [
            40.21269586,
            44.26074996
          ],
          [
            40.21268586,
            44.26076162
          ],
          [
            40.2126752,
            44.26077328
          ],
          [
            40.21266387,
            44.26078494
          ],
          [
            40.21265421,
            44.2607966
          ],
          [
            40.21264421,
            44.26080826
          ],
          [
            40.21263355,
            44.26081926
          ],
          [
            40.21262256,
            44.26082859
          ],
          [
            40.21261056,
            44.26083792
          ],
          [
            40.21259823,
            44.26084825
          ],
          [
            40.21258523,
            44.26085791
          ],
          [
            40.21257157,
            44.26086724
          ],
          [
            40.21255658,
            44.26087657
          ],
          [
            40.21254325,
            44.26088757
          ],
          [
            40.21253159,
            44.2608989
          ],
          [
            40.21252126,
            44.26091089
          ],
          [
            40.2125106,
            44.26092288
          ],
          [
            40.21249861,
            44.26093454
          ],
          [
            40.21248495,
            44.26094587
          ],
          [
            40.21246929,
            44.26095586
          ],
          [
            40.21245329,
            44.26096552
          ],
          [
            40.21243796,
            44.26097618
          ],
          [
            40.21242263,
            44.26098651
          ],
          [
            40.2124073,
            44.26099684
          ],
          [
            40.21239297,
            44.26100683
          ],
          [
            40.21237798,
            44.26101683
          ],
          [
            40.21236298,
            44.26102716
          ],
          [
            40.21234832,
            44.26103782
          ],
          [
            40.21233399,
            44.26104815
          ],
          [
            40.21231966,
            44.26105781
          ],
          [
            40.212304,
            44.26106681
          ],
          [
            40.21228867,
            44.26107547
          ],
          [
            40.21227368,
            44.2610848
          ],
          [
            40.21225902,
            44.26109379
          ],
          [
            40.21224436,
            44.26110245
          ],
          [
            40.2122297,
            44.26111078
          ],
          [
            40.21221437,
            44.26111844
          ],
          [
            40.21219904,
            44.26112644
          ],
          [
            40.21218471,
            44.26113543
          ],
          [
            40.21217038,
            44.26114409
          ],
          [
            40.21215605,
            44.26115342
          ],
          [
            40.21214139,
            44.26116208
          ],
          [
            40.21212673,
            44.26117074
          ],
          [
            40.21211174,
            44.26118007
          ],
          [
            40.21209608,
            44.2611884
          ],
          [
            40.21208009,
            44.26119439
          ],
          [
            40.2120631,
            44.26120038
          ],
          [
            40.21204577,
            44.26120637
          ],
          [
            40.21202811,
            44.2612127
          ],
          [
            40.21201045,
            44.26121903
          ],
          [
            40.21199279,
            44.26122769
          ],
          [
            40.21197613,
            44.26123602
          ],
          [
            40.2119608,
            44.26124501
          ],
          [
            40.21194781,
            44.26125534
          ],
          [
            40.21193581,
            44.261266
          ],
          [
            40.21192482,
            44.26127766
          ],
          [
            40.21191549,
            44.26128965
          ],
          [
            40.21190716,
            44.26130131
          ],
          [
            40.2119015,
            44.26131297
          ],
          [
            40.21189817,
            44.26132463
          ],
          [
            40.21189718,
            44.26133696
          ],
          [
            40.21189751,
            44.26134895
          ],
          [
            40.21189685,
            44.26136094
          ],
          [
            40.21189619,
            44.26137327
          ],
          [
            40.21189353,
            44.2613866
          ],
          [
            40.21188854,
            44.26140026
          ],
          [
            40.21188154,
            44.26141292
          ],
          [
            40.21187488,
            44.26142625
          ],
          [
            40.21186889,
            44.26144058
          ],
          [
            40.21186256,
            44.26145524
          ],
          [
            40.21185523,
            44.26146857
          ],
          [
            40.2118469,
            44.2614819
          ],
          [
            40.21183824,
            44.26149523
          ],
          [
            40.21182758,
            44.26150789
          ],
          [
            40.21181492,
            44.26152022
          ],
          [
            40.21180092,
            44.26153155
          ],
          [
            40.21178593,
            44.26154154
          ],
          [
            40.21176927,
            44.26155054
          ],
          [
            40.21175228,
            44.2615592
          ],
          [
            40.21173429,
            44.26156619
          ],
          [
            40.21171796,
            44.26157252
          ],
          [
            40.2117013,
            44.26157818
          ],
          [
            40.21168331,
            44.26158318
          ],
          [
            40.21166465,
            44.26158718
          ],
          [
            40.21164666,
            44.26159251
          ],
          [
            40.21162866,
            44.26159817
          ],
          [
            40.21161167,
            44.26160517
          ],
          [
            40.21159501,
            44.2616105
          ],
          [
            40.21157835,
            44.26161516
          ],
          [
            40.21156102,
            44.26161782
          ],
          [
            40.21154436,
            44.26162015
          ],
          [
            40.2115267,
            44.26162215
          ],
          [
            40.21150804,
            44.26162481
          ],
          [
            40.21148871,
            44.26162814
          ],
          [
            40.21147038,
            44.2616318
          ],
          [
            40.21145239,
            44.2616338
          ],
          [
            40.21143373,
            44.2616358
          ],
          [
            40.21141607,
            44.26163746
          ],
          [
            40.21139707,
            44.26163912
          ],
          [
            40.21137807,
            44.26164045
          ],
          [
            40.21135941,
            44.26164178
          ],
          [
            40.21134141,
            44.26164244
          ],
          [
            40.21132342,
            44.26164344
          ],
          [
            40.21130542,
            44.26164477
          ],
          [
            40.21128643,
            44.26164576
          ],
          [
            40.21126777,
            44.26164742
          ],
          [
            40.21124911,
            44.26164942
          ],
          [
            40.21123078,
            44.26165141
          ],
          [
            40.21121312,
            44.2616544
          ],
          [
            40.21119579,
            44.26165673
          ],
          [
            40.2111788,
            44.26165873
          ],
          [
            40.21116247,
            44.26166006
          ],
          [
            40.21114614,
            44.26166006
          ],
          [
            40.21113048,
            44.26165873
          ],
          [
            40.21111415,
            44.26165707
          ],
          [
            40.21109682,
            44.26165574
          ],
          [
            40.21107816,
            44.26165607
          ],
          [
            40.21106016,
            44.26165773
          ],
          [
            40.21104116,
            44.26166006
          ],
          [
            40.21102283,
            44.26166139
          ],
          [
            40.2110035,
            44.26166205
          ],
          [
            40.21098551,
            44.26166405
          ],
          [
            40.21096651,
            44.26166638
          ],
          [
            40.21094718,
            44.26166837
          ],
          [
            40.21092752,
            44.26167037
          ],
          [
            40.21090786,
            44.26167303
          ],
          [
            40.21088787,
            44.26167569
          ],
          [
            40.21086821,
            44.26167835
          ],
          [
            40.21084822,
            44.26168168
          ],
          [
            40.21082956,
            44.26168701
          ],
          [
            40.21081123,
            44.26169201
          ],
          [
            40.2107939,
            44.261698
          ],
          [
            40.21077657,
            44.26170266
          ],
          [
            40.21075791,
            44.26170565
          ],
          [
            40.21073891,
            44.26170831
          ],
          [
            40.21071991,
            44.26171164
          ],
          [
            40.21070125,
            44.26171563
          ],
          [
            40.21068292,
            44.26172063
          ],
          [
            40.21066493,
            44.26172629
          ],
          [
            40.21064693,
            44.26173262
          ],
          [
            40.21062894,
            44.26173895
          ],
          [
            40.21061061,
            44.26174461
          ],
          [
            40.21059328,
            44.26175127
          ],
          [
            40.21057662,
            44.2617586
          ],
          [
            40.21055863,
            44.26176659
          ],
          [
            40.2105403,
            44.26177392
          ],
          [
            40.21052297,
            44.26178192
          ],
          [
            40.21050664,
            44.26178925
          ],
          [
            40.21049065,
            44.26179691
          ],
          [
            40.21047432,
            44.26180424
          ],
          [
            40.21045733,
            44.26181123
          ],
          [
            40.21043967,
            44.26181789
          ],
          [
            40.21042334,
            44.26182622
          ],
          [
            40.21040734,
            44.26183455
          ],
          [
            40.21039168,
            44.26184254
          ],
          [
            40.21037568,
            44.2618502
          ],
          [
            40.21035935,
            44.26185686
          ],
          [
            40.21034302,
            44.26186419
          ],
          [
            40.21032669,
            44.26187085
          ],
          [
            40.21031003,
            44.26187785
          ],
          [
            40.21029337,
            44.26188484
          ],
          [
            40.21027671,
            44.26189084
          ],
          [
            40.21026071,
            44.2618965
          ],
          [
            40.21024471,
            44.26190183
          ],
          [
            40.21022938,
            44.26190716
          ],
          [
            40.21021572,
            44.26191416
          ],
          [
            40.21020139,
            44.26192182
          ],
          [
            40.2101864,
            44.26193048
          ],
          [
            40.2101704,
            44.26193881
          ],
          [
            40.2101544,
            44.2619468
          ],
          [
            40.21013774,
            44.26195513
          ],
          [
            40.21012208,
            44.26196379
          ],
          [
            40.21010742,
            44.26197345
          ],
          [
            40.21009309,
            44.26198411
          ],
          [
            40.2100801,
            44.26199511
          ],
          [
            40.21006677,
            44.26200611
          ],
          [
            40.21005411,
            44.26201744
          ],
          [
            40.21004245,
            44.2620291
          ],
          [
            40.21003146,
            44.26204076
          ],
          [
            40.21002046,
            44.26205242
          ],
          [
            40.2100098,
            44.26206408
          ],
          [
            40.20999781,
            44.26207508
          ],
          [
            40.20998681,
            44.26208674
          ],
          [
            40.20997681,
            44.2620994
          ],
          [
            40.20996682,
            44.26211006
          ],
          [
            40.20995616,
            44.26211972
          ],
          [
            40.20994516,
            44.26212971
          ],
          [
            40.20993383,
            44.26214037
          ],
          [
            40.20992383,
            44.26215137
          ],
          [
            40.2099125,
            44.26216203
          ],
          [
            40.20990084,
            44.26217369
          ],
          [
            40.20989085,
            44.26218635
          ],
          [
            40.20988052,
            44.26219901
          ],
          [
            40.20987086,
            44.26221201
          ],
          [
            40.20986053,
            44.26222434
          ],
          [
            40.20984887,
            44.26223567
          ],
          [
            40.20983687,
            44.26224733
          ],
          [
            40.20982488,
            44.26225899
          ],
          [
            40.20981289,
            44.26227065
          ],
          [
            40.20980123,
            44.26228231
          ],
          [
            40.20979023,
            44.26229397
          ],
          [
            40.20978023,
            44.26230563
          ],
          [
            40.20976957,
            44.26231663
          ],
          [
            40.20975858,
            44.26232796
          ],
          [
            40.20974725,
            44.26233862
          ],
          [
            40.20973625,
            44.26234962
          ],
          [
            40.20972659,
            44.26236095
          ],
          [
            40.20971693,
            44.26237228
          ],
          [
            40.2097076,
            44.26238461
          ],
          [
            40.20969861,
            44.26239527
          ],
          [
            40.20968995,
            44.26240693
          ],
          [
            40.20968162,
            44.26241859
          ],
          [
            40.20967229,
            44.26243025
          ],
          [
            40.20966363,
            44.26244191
          ],
          [
            40.20965497,
            44.26245424
          ],
          [
            40.20964664,
            44.26246623
          ],
          [
            40.20963731,
            44.26247822
          ],
          [
            40.20962865,
            44.26249088
          ],
          [
            40.20961932,
            44.26250354
          ],
          [
            40.20960999,
            44.2625162
          ],
          [
            40.20959999,
            44.26252819
          ],
          [
            40.209591,
            44.26253952
          ],
          [
            40.20958201,
            44.26254952
          ],
          [
            40.20957401,
            44.26255951
          ],
          [
            40.20956601,
            44.26257017
          ],
          [
            40.20955702,
            44.2625805
          ],
          [
            40.20954836,
            44.26259216
          ],
          [
            40.20953836,
            44.26260382
          ],
          [
            40.20952837,
            44.26261615
          ],
          [
            40.20951904,
            44.26262815
          ],
          [
            40.20950971,
            44.26263981
          ],
          [
            40.20950072,
            44.26265247
          ],
          [
            40.20949139,
            44.26266547
          ],
          [
            40.20948073,
            44.2626778
          ],
          [
            40.20947007,
            44.2626898
          ],
          [
            40.20945841,
            44.26270246
          ],
          [
            40.20944708,
            44.26271546
          ],
          [
            40.20943642,
            44.26272812
          ],
          [
            40.20942609,
            44.26274145
          ],
          [
            40.20941576,
            44.26275478
          ],
          [
            40.20940643,
            44.26276644
          ],
          [
            40.20939543,
            44.26277843
          ],
          [
            40.2093841,
            44.26278943
          ],
          [
            40.20937244,
            44.26280076
          ],
          [
            40.20936045,
            44.26281242
          ],
          [
            40.20934779,
            44.26282375
          ],
          [
            40.20933613,
            44.26283541
          ],
          [
            40.20932414,
            44.26284707
          ],
          [
            40.20931281,
            44.26285873
          ],
          [
            40.20930248,
            44.26287106
          ],
          [
            40.20929249,
            44.26288239
          ],
          [
            40.20928249,
            44.26289339
          ],
          [
            40.2092725,
            44.26290439
          ],
          [
            40.20926317,
            44.26291572
          ],
          [
            40.20925384,
            44.26292638
          ],
          [
            40.20924385,
            44.26293771
          ],
          [
            40.20923385,
            44.26294904
          ],
          [
            40.20922385,
            44.26296037
          ],
          [
            40.20921386,
            44.2629727
          ],
          [
            40.20920386,
            44.26298469
          ],
          [
            40.20919387,
            44.26299602
          ],
          [
            40.20918321,
            44.26300668
          ],
          [
            40.20917288,
            44.26301768
          ],
          [
            40.20916389,
            44.26302901
          ],
          [
            40.20915456,
            44.26304067
          ],
          [
            40.2091459,
            44.263052
          ],
          [
            40.2091379,
            44.26306366
          ],
          [
            40.20912957,
            44.26307532
          ],
          [
            40.20912058,
            44.26308698
          ],
          [
            40.20911192,
            44.26309764
          ],
          [
            40.20910359,
            44.2631083
          ],
          [
            40.2090946,
            44.26311896
          ],
          [
            40.2090856,
            44.26312962
          ],
          [
            40.20907627,
            44.26314095
          ],
          [
            40.20906661,
            44.26315228
          ],
          [
            40.20905695,
            44.26316427
          ],
          [
            40.20904729,
            44.26317627
          ],
          [
            40.20903729,
            44.26318893
          ],
          [
            40.20902796,
            44.26320092
          ],
          [
            40.20901897,
            44.26321292
          ],
          [
            40.20901031,
            44.26322491
          ],
          [
            40.20900165,
            44.26323657
          ],
          [
            40.20899332,
            44.26324823
          ],
          [
            40.20898433,
            44.26325956
          ],
          [
            40.20897633,
            44.26326789
          ],
          [
            40.20897067,
            44.26327255
          ],
          [
            40.20896734,
            44.26327454
          ],
          [
            40.20896601,
            44.26327421
          ],
          [
            40.20896667,
            44.26327155
          ],
          [
            40.20896966,
            44.26326822
          ],
          [
            40.20897399,
            44.26326256
          ],
          [
            40.20897865,
            44.26325523
          ],
          [
            40.20898431,
            44.2632469
          ],
          [
            40.2089903,
            44.2632379
          ],
          [
            40.2089963,
            44.26322924
          ],
          [
            40.20900263,
            44.26321991
          ],
          [
            40.20900996,
            44.26321092
          ],
          [
            40.20901762,
            44.26320092
          ],
          [
            40.20902628,
            44.26319159
          ],
          [
            40.20903461,
            44.26318126
          ],
          [
            40.2090436,
            44.26317127
          ],
          [
            40.2090526,
            44.26316061
          ],
          [
            40.20906126,
            44.26314995
          ],
          [
            40.20907025,
            44.26313996
          ],
          [
            40.20907924,
            44.26312963
          ],
          [
            40.20908857,
            44.26311963
          ],
          [
            40.20909723,
            44.26310964
          ],
          [
            40.20910589,
            44.26309898
          ],
          [
            40.20911522,
            44.26308832
          ],
          [
            40.20912455,
            44.26307833
          ],
          [
            40.20913288,
            44.263068
          ],
          [
            40.20914088,
            44.263057
          ],
          [
            40.20914921,
            44.26304667
          ],
          [
            40.20915787,
            44.26303634
          ],
          [
            40.20916686,
            44.26302634
          ],
          [
            40.20917619,
            44.26301601
          ],
          [
            40.20918485,
            44.26300601
          ],
          [
            40.20919218,
            44.26299601
          ],
          [
            40.20920084,
            44.26298668
          ],
          [
            40.20921084,
            44.26297702
          ],
          [
            40.2092215,
            44.26296869
          ],
          [
            40.20923116,
            44.26295903
          ],
          [
            40.20924015,
            44.26294904
          ],
          [
            40.20924914,
            44.26293938
          ],
          [
            40.20925747,
            44.26293005
          ],
          [
            40.2092668,
            44.26292106
          ],
          [
            40.2092748,
            44.26291106
          ],
          [
            40.20928313,
            44.26290107
          ],
          [
            40.20929146,
            44.26289041
          ],
          [
            40.20930045,
            44.26287941
          ],
          [
            40.20931044,
            44.26286875
          ],
          [
            40.2093211,
            44.26285842
          ],
          [
            40.20933143,
            44.26284809
          ],
          [
            40.20934243,
            44.26283809
          ],
          [
            40.20935309,
            44.26282843
          ],
          [
            40.20936275,
            44.26281877
          ],
          [
            40.20937174,
            44.26280844
          ],
          [
            40.20938107,
            44.26279778
          ],
          [
            40.2093904,
            44.26278645
          ],
          [
            40.20939906,
            44.26277579
          ],
          [
            40.20940706,
            44.26276513
          ],
          [
            40.20941639,
            44.2627548
          ],
          [
            40.20942672,
            44.26274414
          ],
          [
            40.20943671,
            44.26273314
          ],
          [
            40.20944637,
            44.26272115
          ],
          [
            40.20945536,
            44.26270915
          ],
          [
            40.20946202,
            44.26269682
          ],
          [
            40.20946935,
            44.26268516
          ],
          [
            40.20947768,
            44.2626735
          ],
          [
            40.20948701,
            44.26266217
          ],
          [
            40.20949567,
            44.26265084
          ],
          [
            40.20950367,
            44.26264051
          ],
          [
            40.209511,
            44.26263218
          ],
          [
            40.20951599,
            44.26262652
          ],
          [
            40.20951898,
            44.26262353
          ],
          [
            40.20952064,
            44.26262287
          ],
          [
            40.20952627,
            44.26262617
          ],
          [
            40.20952793,
            44.26262484
          ],
          [
            40.20953226,
            44.26262051
          ],
          [
            40.20953792,
            44.26261351
          ],
          [
            40.20954425,
            44.26260552
          ],
          [
            40.20955125,
            44.26259586
          ],
          [
            40.20955824,
            44.2625852
          ],
          [
            40.20956524,
            44.26257454
          ],
          [
            40.20957257,
            44.26256321
          ],
          [
            40.2095789,
            44.26255188
          ],
          [
            40.2095869,
            44.26254088
          ],
          [
            40.20959489,
            44.26253022
          ],
          [
            40.20960289,
            44.26252022
          ],
          [
            40.20961122,
            44.26250922
          ],
          [
            40.20961822,
            44.26249789
          ],
          [
            40.20962521,
            44.26248723
          ],
          [
            40.2096312,
            44.2624769
          ],
          [
            40.20963786,
            44.2624669
          ],
          [
            40.20964552,
            44.2624559
          ],
          [
            40.20965352,
            44.26244457
          ],
          [
            40.20966018,
            44.26243324
          ],
          [
            40.20966817,
            44.26242325
          ],
          [
            40.20967583,
            44.26241325
          ],
          [
            40.20968016,
            44.26240259
          ],
          [
            40.20968149,
            44.2623926
          ],
          [
            40.20967816,
            44.26238627
          ],
          [
            40.20967316,
            44.26238427
          ],
          [
            40.20966683,
            44.26238493
          ],
          [
            40.2096575,
            44.26238759
          ],
          [
            40.2096465,
            44.26239125
          ],
          [
            40.20963484,
            44.26239391
          ],
          [
            40.20962351,
            44.26239624
          ],
          [
            40.20961751,
            44.2623969
          ],
          [
            40.20962151,
            44.2623969
          ],
          [
            40.2096275,
            44.26239457
          ],
          [
            40.20963583,
            44.26239124
          ],
          [
            40.20964583,
            44.26238591
          ],
          [
            40.20965682,
            44.26238058
          ],
          [
            40.20966815,
            44.26237692
          ],
          [
            40.20967748,
            44.26237493
          ],
          [
            40.20968414,
            44.2623736
          ],
          [
            40.20968847,
            44.26237194
          ],
          [
            40.20969113,
            44.26237094
          ],
          [
            40.20969346,
            44.26237227
          ],
          [
            40.20969612,
            44.26237593
          ],
          [
            40.20969579,
            44.26238293
          ],
          [
            40.2096928,
            44.26239226
          ],
          [
            40.20968714,
            44.26240326
          ],
          [
            40.20968048,
            44.26241392
          ],
          [
            40.20967248,
            44.26242558
          ],
          [
            40.20966349,
            44.26243724
          ],
          [
            40.20965416,
            44.26244957
          ],
          [
            40.2096445,
            44.26246156
          ],
          [
            40.20963484,
            44.26247289
          ],
          [
            40.20962484,
            44.26248422
          ],
          [
            40.20961518,
            44.26249555
          ],
          [
            40.20960585,
            44.26250654
          ],
          [
            40.20959686,
            44.2625172
          ],
          [
            40.2095882,
            44.26252786
          ],
          [
            40.20957887,
            44.26253852
          ],
          [
            40.20957021,
            44.26254885
          ],
          [
            40.20956155,
            44.26255918
          ],
          [
            40.20955389,
            44.26256951
          ],
          [
            40.20954589,
            44.26258017
          ],
          [
            40.2095389,
            44.26259117
          ],
          [
            40.20953157,
            44.26260183
          ],
          [
            40.20952391,
            44.26261216
          ],
          [
            40.20951725,
            44.26262249
          ],
          [
            40.20950992,
            44.26263282
          ],
          [
            40.20950126,
            44.26264282
          ],
          [
            40.20949293,
            44.26265348
          ],
          [
            40.20948394,
            44.26266448
          ],
          [
            40.20947528,
            44.26267514
          ],
          [
            40.20946595,
            44.26268614
          ],
          [
            40.20945629,
            44.2626968
          ],
          [
            40.2094473,
            44.2627078
          ],
          [
            40.20943797,
            44.26271913
          ],
          [
            40.20942864,
            44.26273046
          ],
          [
            40.20941931,
            44.26274146
          ],
          [
            40.20940931,
            44.26275212
          ],
          [
            40.20939832,
            44.26276312
          ],
          [
            40.20938766,
            44.26277378
          ],
          [
            40.20937833,
            44.26278478
          ],
          [
            40.209369,
            44.26279611
          ],
          [
            40.20935901,
            44.26280744
          ],
          [
            40.20934835,
            44.26281877
          ],
          [
            40.20933635,
            44.26282977
          ],
          [
            40.20932469,
            44.26284043
          ],
          [
            40.20931303,
            44.26285209
          ],
          [
            40.20930203,
            44.26286309
          ],
          [
            40.20929137,
            44.26287442
          ],
          [
            40.20928104,
            44.26288575
          ],
          [
            40.20927071,
            44.26289675
          ],
          [
            40.20926105,
            44.26290775
          ],
          [
            40.20925206,
            44.26291841
          ],
          [
            40.20924273,
            44.26292941
          ],
          [
            40.2092334,
            44.26294007
          ],
          [
            40.20922407,
            44.2629514
          ],
          [
            40.20921541,
            44.26296206
          ],
          [
            40.20920942,
            44.26296939
          ],
          [
            40.20920709,
            44.26297405
          ],
          [
            40.20920676,
            44.26297869
          ],
          [
            40.2092061,
            44.26297969
          ],
          [
            40.20920277,
            44.26298368
          ],
          [
            40.20919711,
            44.26299034
          ],
          [
            40.20918978,
            44.26299934
          ],
          [
            40.20918145,
            44.26300933
          ],
          [
            40.20917179,
            44.26301933
          ],
          [
            40.20916113,
            44.26303066
          ],
          [
            40.20915114,
            44.26304199
          ],
          [
            40.20914081,
            44.26305432
          ],
          [
            40.20913148,
            44.26306698
          ],
          [
            40.20912115,
            44.26307864
          ],
          [
            40.20911082,
            44.26309097
          ],
          [
            40.20910049,
            44.26310296
          ],
          [
            40.20909049,
            44.26311496
          ],
          [
            40.20908116,
            44.26312729
          ],
          [
            40.20907083,
            44.26313962
          ],
          [
            40.20906084,
            44.26315228
          ],
          [
            40.20905084,
            44.26316427
          ],
          [
            40.20904084,
            44.26317693
          ],
          [
            40.20903051,
            44.26319026
          ],
          [
            40.20902118,
            44.26320392
          ],
          [
            40.20901219,
            44.26321692
          ],
          [
            40.20900353,
            44.26322925
          ],
          [
            40.2089952,
            44.26324191
          ],
          [
            40.20898654,
            44.26325457
          ],
          [
            40.20897821,
            44.26326723
          ],
          [
            40.20896922,
            44.26327856
          ],
          [
            40.20896156,
            44.26329022
          ],
          [
            40.20895523,
            44.26330188
          ],
          [
            40.2089479,
            44.26331354
          ],
          [
            40.20894091,
            44.2633252
          ],
          [
            40.20893291,
            44.2633372
          ],
          [
            40.20892458,
            44.26334953
          ],
          [
            40.20891692,
            44.26336219
          ],
          [
            40.20890993,
            44.26337418
          ],
          [
            40.20890193,
            44.26338617
          ],
          [
            40.20889427,
            44.26339816
          ],
          [
            40.20888661,
            44.26340916
          ],
          [
            40.20887961,
            44.26342049
          ],
          [
            40.20887161,
            44.26343215
          ],
          [
            40.20886262,
            44.26344281
          ],
          [
            40.20885296,
            44.26345414
          ],
          [
            40.20884396,
            44.2634648
          ],
          [
            40.2088353,
            44.2634758
          ],
          [
            40.20882631,
            44.26348713
          ],
          [
            40.20881665,
            44.26349879
          ],
          [
            40.20880632,
            44.26351012
          ],
          [
            40.20879599,
            44.26352112
          ],
          [
            40.208786,
            44.26353311
          ],
          [
            40.208776,
            44.26354477
          ],
          [
            40.208765,
            44.26355576
          ],
          [
            40.208754,
            44.26356709
          ],
          [
            40.20874334,
            44.26357875
          ],
          [
            40.20873301,
            44.26358941
          ],
          [
            40.20872268,
            44.26360007
          ],
          [
            40.20871202,
            44.26361007
          ],
          [
            40.20870169,
            44.2636204
          ],
          [
            40.20869069,
            44.26363106
          ],
          [
            40.20867936,
            44.26364239
          ],
          [
            40.2086687,
            44.26365372
          ],
          [
            40.20865804,
            44.26366472
          ],
          [
            40.20864871,
            44.26367505
          ],
          [
            40.20863871,
            44.26368538
          ],
          [
            40.20862872,
            44.26369538
          ],
          [
            40.20861906,
            44.26370604
          ],
          [
            40.20860907,
            44.2637167
          ],
          [
            40.20859841,
            44.2637277
          ],
          [
            40.20858875,
            44.26373903
          ],
          [
            40.20857809,
            44.26375036
          ],
          [
            40.20856676,
            44.26376102
          ],
          [
            40.20855477,
            44.26377235
          ],
          [
            40.20854244,
            44.26378368
          ],
          [
            40.20853111,
            44.26379534
          ],
          [
            40.20851978,
            44.263806
          ],
          [
            40.20850812,
            44.26381733
          ],
          [
            40.20849712,
            44.26382799
          ],
          [
            40.20848679,
            44.26383899
          ],
          [
            40.20847713,
            44.26385032
          ],
          [
            40.20846713,
            44.26386132
          ],
          [
            40.2084568,
            44.26387165
          ],
          [
            40.20844614,
            44.26388265
          ],
          [
            40.20843548,
            44.26389398
          ],
          [
            40.20842515,
            44.26390464
          ],
          [
            40.20841349,
            44.26391497
          ],
          [
            40.20840249,
            44.26392597
          ],
          [
            40.20839183,
            44.26393597
          ],
          [
            40.2083815,
            44.26394563
          ],
          [
            40.20837117,
            44.26395629
          ],
          [
            40.20836251,
            44.26396828
          ],
          [
            40.20835385,
            44.26397994
          ],
          [
            40.20834452,
            44.2639916
          ],
          [
            40.20833452,
            44.2640026
          ],
          [
            40.20832386,
            44.26401326
          ],
          [
            40.20831253,
            44.26402426
          ],
          [
            40.20830053,
            44.26403559
          ],
          [
            40.2082882,
            44.26404625
          ],
          [
            40.20827587,
            44.26405658
          ],
          [
            40.20826454,
            44.26406758
          ],
          [
            40.20825421,
            44.26407858
          ],
          [
            40.20824421,
            44.26408924
          ],
          [
            40.20823288,
            44.2640999
          ],
          [
            40.20822155,
            44.26411023
          ],
          [
            40.20820989,
            44.26411956
          ],
          [
            40.20819856,
            44.26412922
          ],
          [
            40.20818623,
            44.26413922
          ],
          [
            40.20817457,
            44.26414888
          ],
          [
            40.20816324,
            44.26415954
          ],
          [
            40.20815225,
            44.26417087
          ],
          [
            40.20814259,
            44.26418153
          ],
          [
            40.20813126,
            44.26419152
          ],
          [
            40.20811993,
            44.26420185
          ],
          [
            40.2081076,
            44.26421185
          ],
          [
            40.20809427,
            44.26422151
          ],
          [
            40.20808161,
            44.26423184
          ],
          [
            40.20806928,
            44.26424183
          ],
          [
            40.20805729,
            44.26425149
          ],
          [
            40.20804496,
            44.26426082
          ],
          [
            40.20803263,
            44.26427082
          ],
          [
            40.20802064,
            44.26428148
          ],
          [
            40.20800864,
            44.26429248
          ],
          [
            40.20799698,
            44.26430314
          ],
          [
            40.20798399,
            44.2643138
          ],
          [
            40.20797099,
            44.26432446
          ],
          [
            40.20795766,
            44.26433579
          ],
          [
            40.20794366,
            44.26434578
          ],
          [
            40.20792867,
            44.26435511
          ],
          [
            40.20791434,
            44.26436444
          ],
          [
            40.20790034,
            44.2643741
          ],
          [
            40.20788734,
            44.2643841
          ],
          [
            40.20787501,
            44.26439409
          ],
          [
            40.20786268,
            44.26440409
          ],
          [
            40.20785068,
            44.26441375
          ],
          [
            40.20783869,
            44.26442375
          ],
          [
            40.20782636,
            44.26443441
          ],
          [
            40.2078137,
            44.26444507
          ],
          [
            40.20780137,
            44.26445506
          ],
          [
            40.20779004,
            44.26446539
          ],
          [
            40.20777838,
            44.26447605
          ],
          [
            40.20776638,
            44.26448571
          ],
          [
            40.20775372,
            44.26449571
          ],
          [
            40.20774039,
            44.2645057
          ],
          [
            40.20772806,
            44.2645157
          ],
          [
            40.2077154,
            44.26452469
          ],
          [
            40.20770274,
            44.26453435
          ],
          [
            40.20769075,
            44.26454334
          ],
          [
            40.20767909,
            44.26455267
          ],
          [
            40.2076671,
            44.26456266
          ],
          [
            40.2076561,
            44.26457232
          ],
          [
            40.20764477,
            44.26458298
          ],
          [
            40.20763344,
            44.26459331
          ],
          [
            40.20762111,
            44.26460331
          ],
          [
            40.20760911,
            44.26461364
          ],
          [
            40.20759678,
            44.26462364
          ],
          [
            40.20758445,
            44.2646343
          ],
          [
            40.20757245,
            44.26464463
          ],
          [
            40.20756179,
            44.26465496
          ],
          [
            40.20755179,
            44.26466529
          ],
          [
            40.20754146,
            44.26467595
          ],
          [
            40.2075308,
            44.26468695
          ],
          [
            40.20752047,
            44.26469761
          ],
          [
            40.20751047,
            44.26470827
          ],
          [
            40.20750148,
            44.26471827
          ],
          [
            40.20749215,
            44.2647286
          ],
          [
            40.20748282,
            44.26473926
          ],
          [
            40.20747349,
            44.26475026
          ],
          [
            40.2074635,
            44.26476092
          ],
          [
            40.20745317,
            44.26477192
          ],
          [
            40.20744384,
            44.26478325
          ],
          [
            40.20743518,
            44.26479425
          ],
          [
            40.20742618,
            44.26480525
          ],
          [
            40.20741752,
            44.26481658
          ],
          [
            40.20740853,
            44.26482857
          ],
          [
            40.20739887,
            44.26484056
          ],
          [
            40.20738988,
            44.26485322
          ],
          [
            40.20738122,
            44.26486521
          ],
          [
            40.20737323,
            44.26487787
          ],
          [
            40.20736623,
            44.26489087
          ],
          [
            40.20735957,
            44.2649042
          ],
          [
            40.20735291,
            44.26491653
          ],
          [
            40.20734692,
            44.26492852
          ],
          [
            40.20734126,
            44.26494052
          ],
          [
            40.20733527,
            44.26495251
          ],
          [
            40.20732861,
            44.26496484
          ],
          [
            40.20732228,
            44.2649765
          ],
          [
            40.20731728,
            44.26498883
          ],
          [
            40.20731429,
            44.26500149
          ],
          [
            40.20731196,
            44.26501415
          ],
          [
            40.20730963,
            44.26502648
          ],
          [
            40.20730697,
            44.26503881
          ],
          [
            40.20730197,
            44.26505147
          ],
          [
            40.20729731,
            44.26506413
          ],
          [
            40.20729231,
            44.26507712
          ],
          [
            40.20728598,
            44.26509045
          ],
          [
            40.20727665,
            44.26510178
          ],
          [
            40.20726599,
            44.26511244
          ],
          [
            40.20725633,
            44.2651241
          ],
          [
            40.20724767,
            44.26513743
          ],
          [
            40.20723934,
            44.26514976
          ],
          [
            40.20723134,
            44.26516209
          ],
          [
            40.20722334,
            44.26517409
          ],
          [
            40.20721668,
            44.26518642
          ],
          [
            40.20720902,
            44.26519908
          ],
          [
            40.20720136,
            44.26521241
          ],
          [
            40.2071927,
            44.26522474
          ],
          [
            40.20718337,
            44.26523673
          ],
          [
            40.20717537,
            44.26524939
          ],
          [
            40.20716638,
            44.26526305
          ],
          [
            40.20715838,
            44.26527638
          ],
          [
            40.20715272,
            44.26529137
          ],
          [
            40.20714839,
            44.26530537
          ],
          [
            40.20714339,
            44.26531937
          ],
          [
            40.20713806,
            44.26533237
          ],
          [
            40.20713207,
            44.2653467
          ],
          [
            40.20712641,
            44.26536136
          ],
          [
            40.20712175,
            44.26537536
          ],
          [
            40.20711709,
            44.26538936
          ],
          [
            40.20711276,
            44.26540302
          ],
          [
            40.20710776,
            44.26541635
          ],
          [
            40.20710043,
            44.26543001
          ],
          [
            40.20709277,
            44.26544334
          ],
          [
            40.20708544,
            44.26545734
          ],
          [
            40.20707978,
            44.265472
          ],
          [
            40.20707312,
            44.265486
          ],
          [
            40.20706646,
            44.26549966
          ],
          [
            40.20705913,
            44.26551299
          ],
          [
            40.2070528,
            44.26552732
          ],
          [
            40.20704681,
            44.26554165
          ],
          [
            40.20704081,
            44.26555631
          ],
          [
            40.20703515,
            44.26557097
          ],
          [
            40.20702982,
            44.26558596
          ],
          [
            40.20702382,
            44.26560129
          ],
          [
            40.20701749,
            44.26561762
          ],
          [
            40.20701116,
            44.26563328
          ],
          [
            40.20700483,
            44.26564928
          ],
          [
            40.2069995,
            44.26566494
          ],
          [
            40.20699384,
            44.26568027
          ],
          [
            40.20698884,
            44.26569626
          ],
          [
            40.20698451,
            44.26571192
          ],
          [
            40.20698085,
            44.26572658
          ],
          [
            40.20697752,
            44.26574058
          ],
          [
            40.20697586,
            44.26575491
          ],
          [
            40.20697487,
            44.26576957
          ],
          [
            40.20697487,
            44.2657839
          ],
          [
            40.20697421,
            44.26579823
          ],
          [
            40.20697255,
            44.26581289
          ],
          [
            40.20697089,
            44.26582755
          ],
          [
            40.20696923,
            44.26584254
          ],
          [
            40.2069669,
            44.26585754
          ],
          [
            40.20696357,
            44.26587154
          ],
          [
            40.20695891,
            44.2658862
          ],
          [
            40.20695325,
            44.26589986
          ],
          [
            40.20694726,
            44.26591319
          ],
          [
            40.2069396,
            44.26592519
          ],
          [
            40.20692994,
            44.26593619
          ],
          [
            40.20691795,
            44.26594785
          ],
          [
            40.20690629,
            44.26595851
          ],
          [
            40.20689363,
            44.26596917
          ],
          [
            40.20688097,
            44.2659795
          ],
          [
            40.20686864,
            44.26598983
          ],
          [
            40.20685731,
            44.26599982
          ],
          [
            40.20684631,
            44.26600982
          ],
          [
            40.20683531,
            44.26601981
          ],
          [
            40.20682265,
            44.26602981
          ],
          [
            40.20680899,
            44.26604047
          ],
          [
            40.20679466,
            44.2660508
          ],
          [
            40.20678033,
            44.26606046
          ],
          [
            40.20676567,
            44.26607012
          ],
          [
            40.20675067,
            44.26607945
          ],
          [
            40.20673634,
            44.26608878
          ],
          [
            40.20672168,
            44.26609944
          ],
          [
            40.20670768,
            44.26610877
          ],
          [
            40.20669468,
            44.26611843
          ],
          [
            40.20668335,
            44.26612776
          ],
          [
            40.20667269,
            44.26613576
          ],
          [
            40.20666169,
            44.26614409
          ],
          [
            40.20664969,
            44.26615109
          ],
          [
            40.20663836,
            44.26615742
          ],
          [
            40.20662703,
            44.26616175
          ],
          [
            40.2066147,
            44.26616474
          ],
          [
            40.20660204,
            44.26616807
          ],
          [
            40.20658938,
            44.26617273
          ],
          [
            40.20657705,
            44.26617806
          ],
          [
            40.20656439,
            44.26618539
          ],
          [
            40.20655206,
            44.26619339
          ],
          [
            40.20654006,
            44.26620172
          ],
          [
            40.2065294,
            44.26621172
          ],
          [
            40.20651874,
            44.26622171
          ],
          [
            40.20650874,
            44.26623171
          ],
          [
            40.20649675,
            44.26624104
          ],
          [
            40.20648476,
            44.26625037
          ],
          [
            40.20647443,
            44.2662597
          ],
          [
            40.20646544,
            44.26626969
          ],
          [
            40.20645578,
            44.26627969
          ],
          [
            40.20644645,
            44.26629035
          ],
          [
            40.20643646,
            44.26630135
          ],
          [
            40.20642713,
            44.26631268
          ],
          [
            40.20641913,
            44.26632368
          ],
          [
            40.2064108,
            44.26633401
          ],
          [
            40.20640347,
            44.26634501
          ],
          [
            40.20639681,
            44.26635634
          ],
          [
            40.20639082,
            44.26636833
          ],
          [
            40.20638583,
            44.26637999
          ],
          [
            40.20638183,
            44.26639199
          ],
          [
            40.20637717,
            44.26640432
          ],
          [
            40.20637151,
            44.26641732
          ],
          [
            40.20636552,
            44.26642965
          ],
          [
            40.20636086,
            44.26644231
          ],
          [
            40.2063572,
            44.26645464
          ],
          [
            40.20635587,
            44.26646597
          ],
          [
            40.20635554,
            44.26647463
          ],
          [
            40.20635488,
            44.26648062
          ],
          [
            40.20635355,
            44.26648495
          ],
          [
            40.20635222,
            44.26648828
          ],
          [
            40.20634891,
            44.26649259
          ],
          [
            40.20634825,
            44.26649392
          ],
          [
            40.20634759,
            44.26649825
          ],
          [
            40.20634759,
            44.26650425
          ],
          [
            40.2063466,
            44.26651158
          ],
          [
            40.20634394,
            44.26652024
          ],
          [
            40.20634061,
            44.26652857
          ],
          [
            40.20633728,
            44.26653723
          ],
          [
            40.20633529,
            44.26654556
          ],
          [
            40.20633329,
            44.26655422
          ],
          [
            40.20633063,
            44.26656422
          ],
          [
            40.20632797,
            44.26657588
          ],
          [
            40.20632498,
            44.26658688
          ],
          [
            40.20632298,
            44.26659587
          ],
          [
            40.20632199,
            44.2666032
          ],
          [
            40.20632199,
            44.26660786
          ],
          [
            40.20632265,
            44.26661186
          ],
          [
            40.20632364,
            44.26661485
          ],
          [
            40.20632497,
            44.26661651
          ],
          [
            40.20632828,
            44.26661883
          ],
          [
            40.20632795,
            44.26662082
          ],
          [
            40.20632696,
            44.26662448
          ],
          [
            40.20632496,
            44.26662981
          ],
          [
            40.20632263,
            44.26663714
          ],
          [
            40.20631897,
            44.26664613
          ],
          [
            40.20631598,
            44.26665546
          ],
          [
            40.20631332,
            44.26666579
          ],
          [
            40.20631066,
            44.26667712
          ],
          [
            40.206308,
            44.26668812
          ],
          [
            40.20630367,
            44.26669978
          ],
          [
            40.20629901,
            44.26671177
          ],
          [
            40.20629468,
            44.2667241
          ],
          [
            40.20629102,
            44.26673676
          ],
          [
            40.20628902,
            44.26674976
          ],
          [
            40.20628803,
            44.26676309
          ],
          [
            40.20628836,
            44.26677575
          ],
          [
            40.20628836,
            44.26678774
          ],
          [
            40.2062877,
            44.2668004
          ],
          [
            40.20628637,
            44.26681206
          ],
          [
            40.20628371,
            44.26682372
          ],
          [
            40.20628171,
            44.26683538
          ],
          [
            40.20627938,
            44.26684604
          ],
          [
            40.20627639,
            44.26685803
          ],
          [
            40.20627273,
            44.26687036
          ],
          [
            40.20626907,
            44.26688335
          ],
          [
            40.20626574,
            44.26689568
          ],
          [
            40.20626241,
            44.26690801
          ],
          [
            40.20625908,
            44.26691934
          ],
          [
            40.20625409,
            44.26693067
          ],
          [
            40.20624943,
            44.266942
          ],
          [
            40.20624443,
            44.266955
          ],
          [
            40.2062381,
            44.26696666
          ],
          [
            40.20623177,
            44.26697865
          ],
          [
            40.20622578,
            44.26699031
          ],
          [
            40.20622045,
            44.26700097
          ],
          [
            40.20621512,
            44.2670123
          ],
          [
            40.20621012,
            44.26702363
          ],
          [
            40.20620346,
            44.26703529
          ],
          [
            40.2061958,
            44.26704695
          ],
          [
            40.20618747,
            44.26705795
          ],
          [
            40.20618014,
            44.26706961
          ],
          [
            40.20617181,
            44.2670816
          ],
          [
            40.20616382,
            44.26709326
          ],
          [
            40.20615649,
            44.26710426
          ],
          [
            40.20615016,
            44.26711559
          ],
          [
            40.2061445,
            44.26712692
          ],
          [
            40.20613817,
            44.26713858
          ],
          [
            40.20613118,
            44.26715024
          ],
          [
            40.20612352,
            44.2671619
          ],
          [
            40.20611552,
            44.26717356
          ],
          [
            40.20610753,
            44.26718556
          ],
          [
            40.2060992,
            44.26719689
          ],
          [
            40.2060912,
            44.26720789
          ],
          [
            40.20608287,
            44.26721722
          ],
          [
            40.20607621,
            44.26722621
          ],
          [
            40.20606855,
            44.26723621
          ],
          [
            40.20606055,
            44.2672462
          ],
          [
            40.20605389,
            44.2672572
          ],
          [
            40.20604723,
            44.2672682
          ],
          [
            40.20604124,
            44.26727853
          ],
          [
            40.20603591,
            44.26728953
          ],
          [
            40.20603025,
            44.26729986
          ],
          [
            40.20602525,
            44.26731019
          ],
          [
            40.20601992,
            44.26732119
          ],
          [
            40.20601493,
            44.26733085
          ],
          [
            40.20600993,
            44.26734085
          ],
          [
            40.2060056,
            44.26735084
          ],
          [
            40.20600094,
            44.26736217
          ],
          [
            40.20599694,
            44.2673735
          ],
          [
            40.20599261,
            44.26738516
          ],
          [
            40.20598861,
            44.26739682
          ],
          [
            40.20598328,
            44.26740848
          ],
          [
            40.20597762,
            44.26742081
          ],
          [
            40.20597163,
            44.26743281
          ],
          [
            40.20596797,
            44.26744547
          ],
          [
            40.20596498,
            44.26745746
          ],
          [
            40.20596265,
            44.26746946
          ],
          [
            40.20595999,
            44.26748012
          ],
          [
            40.205957,
            44.26749012
          ],
          [
            40.20595367,
            44.26750178
          ],
          [
            40.20595201,
            44.26751411
          ],
          [
            40.20595002,
            44.2675261
          ],
          [
            40.20594836,
            44.26753776
          ],
          [
            40.20594737,
            44.26755042
          ],
          [
            40.20594671,
            44.26756342
          ],
          [
            40.20594638,
            44.26757508
          ],
          [
            40.20594605,
            44.26758741
          ],
          [
            40.20594539,
            44.2675994
          ],
          [
            40.20594306,
            44.26761206
          ],
          [
            40.20594007,
            44.26762406
          ],
          [
            40.20593807,
            44.26763605
          ],
          [
            40.20593574,
            44.26764871
          ],
          [
            40.20593441,
            44.26766137
          ],
          [
            40.20593308,
            44.2676737
          ],
          [
            40.20593075,
            44.26768603
          ],
          [
            40.20592942,
            44.26769869
          ],
          [
            40.20592876,
            44.26771135
          ],
          [
            40.20592777,
            44.26772434
          ],
          [
            40.20592544,
            44.26773767
          ],
          [
            40.20592378,
            44.267751
          ],
          [
            40.20592178,
            44.26776333
          ],
          [
            40.20591879,
            44.26777633
          ],
          [
            40.20591513,
            44.26778799
          ],
          [
            40.2059108,
            44.26779965
          ],
          [
            40.20590547,
            44.26781164
          ],
          [
            40.20590081,
            44.26782297
          ],
          [
            40.20589682,
            44.26783563
          ],
          [
            40.20589116,
            44.26784762
          ],
          [
            40.2058825,
            44.26785895
          ],
          [
            40.20587184,
            44.26786895
          ],
          [
            40.20586084,
            44.26787894
          ],
          [
            40.20584885,
            44.26788827
          ],
          [
            40.20583585,
            44.26789793
          ],
          [
            40.20582185,
            44.26790692
          ],
          [
            40.20580885,
            44.26791591
          ],
          [
            40.20579586,
            44.26792524
          ],
          [
            40.20578253,
            44.26793324
          ],
          [
            40.20576853,
            44.26794157
          ],
          [
            40.20575553,
            44.26794923
          ],
          [
            40.20574187,
            44.26795589
          ],
          [
            40.20572754,
            44.26796188
          ],
          [
            40.20571288,
            44.26796721
          ],
          [
            40.20569722,
            44.26797254
          ],
          [
            40.20568222,
            44.2679782
          ],
          [
            40.20566656,
            44.26798386
          ],
          [
            40.20565023,
            44.26798919
          ],
          [
            40.20563324,
            44.26799452
          ],
          [
            40.20561758,
            44.26800085
          ],
          [
            40.20560225,
            44.26800818
          ],
          [
            40.20558726,
            44.26801518
          ],
          [
            40.20557193,
            44.26802117
          ],
          [
            40.2055576,
            44.26802783
          ],
          [
            40.2055436,
            44.26803483
          ],
          [
            40.20552994,
            44.26804316
          ],
          [
            40.20551661,
            44.26805082
          ],
          [
            40.20550295,
            44.26805848
          ],
          [
            40.20548962,
            44.26806681
          ],
          [
            40.20547629,
            44.26807481
          ],
          [
            40.20546329,
            44.2680838
          ],
          [
            40.2054513,
            44.26809246
          ],
          [
            40.20543864,
            44.26810179
          ],
          [
            40.20542498,
            44.26811045
          ],
          [
            40.20541198,
            44.26811978
          ],
          [
            40.20539965,
            44.26812944
          ],
          [
            40.20538699,
            44.26813843
          ],
          [
            40.20537266,
            44.26814676
          ],
          [
            40.20535866,
            44.26815509
          ],
          [
            40.20534567,
            44.26816309
          ],
          [
            40.20533267,
            44.26817208
          ],
          [
            40.20531867,
            44.26818074
          ],
          [
            40.20530434,
            44.2681884
          ],
          [
            40.20528901,
            44.26819606
          ],
          [
            40.20527435,
            44.26820372
          ],
          [
            40.20525969,
            44.26821172
          ],
          [
            40.20524536,
            44.26821971
          ],
          [
            40.20523236,
            44.26822804
          ],
          [
            40.20521937,
            44.26823637
          ],
          [
            40.20520537,
            44.2682437
          ],
          [
            40.20519237,
            44.2682517
          ],
          [
            40.20518004,
            44.26826003
          ],
          [
            40.20516704,
            44.26826836
          ],
          [
            40.20515471,
            44.26827702
          ],
          [
            40.20514272,
            44.26828502
          ],
          [
            40.20513006,
            44.26829235
          ],
          [
            40.2051164,
            44.26830035
          ],
          [
            40.20510374,
            44.26830835
          ],
          [
            40.20509074,
            44.26831701
          ],
          [
            40.20507875,
            44.26832634
          ],
          [
            40.20506709,
            44.26833533
          ],
          [
            40.20505609,
            44.26834333
          ],
          [
            40.20504409,
            44.26835166
          ],
          [
            40.20503143,
            44.26835899
          ],
          [
            40.20501877,
            44.26836699
          ],
          [
            40.20500644,
            44.26837499
          ],
          [
            40.20499378,
            44.26838298
          ],
          [
            40.20498012,
            44.26839131
          ],
          [
            40.20496712,
            44.26839964
          ],
          [
            40.20495412,
            44.26840797
          ],
          [
            40.20494046,
            44.2684163
          ],
          [
            40.20492646,
            44.26842463
          ],
          [
            40.2049138,
            44.26843296
          ],
          [
            40.20490214,
            44.26844195
          ],
          [
            40.20488981,
            44.26845128
          ],
          [
            40.20487681,
            44.26846094
          ],
          [
            40.20486381,
            44.26846993
          ],
          [
            40.20485148,
            44.26847926
          ],
          [
            40.20483882,
            44.26848859
          ],
          [
            40.20482582,
            44.26849725
          ],
          [
            40.20481216,
            44.26850525
          ],
          [
            40.20479883,
            44.26851391
          ],
          [
            40.20478717,
            44.26852191
          ],
          [
            40.20477551,
            44.26852991
          ],
          [
            40.20476185,
            44.26853724
          ],
          [
            40.20474686,
            44.26854524
          ],
          [
            40.20473053,
            44.26855324
          ],
          [
            40.2047142,
            44.26856157
          ],
          [
            40.20469921,
            44.26856957
          ],
          [
            40.20468521,
            44.26857856
          ],
          [
            40.20467188,
            44.26858722
          ],
          [
            40.20465822,
            44.26859588
          ],
          [
            40.20464323,
            44.26860421
          ],
          [
            40.20462923,
            44.26861287
          ],
          [
            40.20461557,
            44.26862053
          ],
          [
            40.20460124,
            44.26862853
          ],
          [
            40.20458724,
            44.26863719
          ],
          [
            40.20457358,
            44.26864552
          ],
          [
            40.20455859,
            44.26865385
          ],
          [
            40.20454459,
            44.26866185
          ],
          [
            40.20453059,
            44.26867051
          ],
          [
            40.20451693,
            44.26867917
          ],
          [
            40.20450327,
            44.2686875
          ],
          [
            40.20449061,
            44.26869616
          ],
          [
            40.20447761,
            44.26870482
          ],
          [
            40.20446361,
            44.26871282
          ],
          [
            40.20444961,
            44.26872048
          ],
          [
            40.20443495,
            44.26872814
          ],
          [
            40.20442095,
            44.26873614
          ],
          [
            40.20440629,
            44.2687438
          ],
          [
            40.20439229,
            44.26875113
          ],
          [
            40.20437796,
            44.26875879
          ],
          [
            40.2043633,
            44.26876679
          ],
          [
            40.2043493,
            44.26877412
          ],
          [
            40.2043363,
            44.26878178
          ],
          [
            40.20432297,
            44.26878978
          ],
          [
            40.20430831,
            44.26879711
          ],
          [
            40.20429498,
            44.26880477
          ],
          [
            40.20428098,
            44.2688131
          ],
          [
            40.20426698,
            44.26882043
          ],
          [
            40.20425365,
            44.26882843
          ],
          [
            40.20423932,
            44.26883576
          ],
          [
            40.20422599,
            44.26884409
          ],
          [
            40.20421199,
            44.26885275
          ],
          [
            40.20419799,
            44.26886108
          ],
          [
            40.20418333,
            44.26886874
          ],
          [
            40.20416833,
            44.26887674
          ],
          [
            40.204155,
            44.26888474
          ],
          [
            40.20414201,
            44.2688934
          ],
          [
            40.20412835,
            44.2689014
          ],
          [
            40.20411469,
            44.26890973
          ],
          [
            40.20410136,
            44.26891706
          ],
          [
            40.20408803,
            44.26892372
          ],
          [
            40.2040747,
            44.26893038
          ],
          [
            40.20406204,
            44.26893704
          ],
          [
            40.20404838,
            44.2689437
          ],
          [
            40.20403438,
            44.26895103
          ],
          [
            40.20402005,
            44.26895803
          ],
          [
            40.20400539,
            44.26896536
          ],
          [
            40.2039904,
            44.26897336
          ],
          [
            40.20397607,
            44.26898136
          ],
          [
            40.20396307,
            44.26899035
          ],
          [
            40.20395108,
            44.26899935
          ],
          [
            40.20393875,
            44.26900901
          ],
          [
            40.20392575,
            44.26901867
          ],
          [
            40.20391275,
            44.26902767
          ],
          [
            40.20389942,
            44.26903666
          ],
          [
            40.20388642,
            44.26904532
          ],
          [
            40.20387242,
            44.26905332
          ],
          [
            40.20385809,
            44.26906132
          ],
          [
            40.20384409,
            44.26906898
          ],
          [
            40.20382976,
            44.26907531
          ],
          [
            40.20381443,
            44.2690813
          ],
          [
            40.2037981,
            44.26908729
          ],
          [
            40.20378077,
            44.26909229
          ],
          [
            40.20376378,
            44.26909695
          ],
          [
            40.20374745,
            44.26910128
          ],
          [
            40.20373112,
            44.26910628
          ],
          [
            40.20371612,
            44.26911227
          ],
          [
            40.20370146,
            44.2691196
          ],
          [
            40.20368746,
            44.26912693
          ],
          [
            40.20367313,
            44.26913359
          ],
          [
            40.20365847,
            44.26914025
          ],
          [
            40.20364314,
            44.26914691
          ],
          [
            40.20362781,
            44.26915357
          ],
          [
            40.20361282,
            44.26915923
          ],
          [
            40.20359682,
            44.26916556
          ],
          [
            40.20358116,
            44.26917122
          ],
          [
            40.2035655,
            44.26917755
          ],
          [
            40.20354917,
            44.26918388
          ],
          [
            40.20353351,
            44.26918954
          ],
          [
            40.20351818,
            44.26919587
          ],
          [
            40.20350352,
            44.26920287
          ],
          [
            40.20348886,
            44.2692102
          ],
          [
            40.2034732,
            44.26921753
          ],
          [
            40.20345787,
            44.26922453
          ],
          [
            40.20344254,
            44.26923119
          ],
          [
            40.20342755,
            44.26923852
          ],
          [
            40.20341389,
            44.26924651
          ],
          [
            40.20340023,
            44.26925517
          ],
          [
            40.20338757,
            44.26926383
          ],
          [
            40.20337391,
            44.26927149
          ],
          [
            40.20335892,
            44.26927882
          ],
          [
            40.20334459,
            44.26928682
          ],
          [
            40.20333026,
            44.26929415
          ],
          [
            40.2033156,
            44.26930115
          ],
          [
            40.20330061,
            44.26930848
          ],
          [
            40.20328561,
            44.26931581
          ],
          [
            40.20326995,
            44.26932214
          ],
          [
            40.20325395,
            44.2693278
          ],
          [
            40.20323762,
            44.26933246
          ],
          [
            40.20322063,
            44.26933679
          ],
          [
            40.20320364,
            44.26934078
          ],
          [
            40.20318765,
            44.26934644
          ],
          [
            40.20317199,
            44.26935243
          ],
          [
            40.20315666,
            44.26935809
          ],
          [
            40.20314066,
            44.26936275
          ],
          [
            40.203125,
            44.26936741
          ],
          [
            40.20310901,
            44.26937241
          ],
          [
            40.20309301,
            44.26937674
          ],
          [
            40.20307701,
            44.26938207
          ],
          [
            40.20306102,
            44.26938773
          ],
          [
            40.20304569,
            44.26939406
          ],
          [
            40.20303136,
            44.26939939
          ],
          [
            40.20301637,
            44.26940439
          ],
          [
            40.20300104,
            44.26940938
          ],
          [
            40.20298471,
            44.26941404
          ],
          [
            40.20296838,
            44.26941904
          ],
          [
            40.20295172,
            44.2694247
          ],
          [
            40.20293506,
            44.26943003
          ],
          [
            40.2029184,
            44.26943602
          ],
          [
            40.2029024,
            44.26944168
          ],
          [
            40.20288607,
            44.26944767
          ],
          [
            40.20286974,
            44.26945233
          ],
          [
            40.20285308,
            44.26945799
          ],
          [
            40.20283708,
            44.26946398
          ],
          [
            40.20282175,
            44.26946964
          ],
          [
            40.20280575,
            44.26947497
          ],
          [
            40.20278942,
            44.26947996
          ],
          [
            40.20277243,
            44.26948462
          ],
          [
            40.20275544,
            44.26948928
          ],
          [
            40.20273878,
            44.26949261
          ],
          [
            40.20272212,
            44.2694966
          ],
          [
            40.20270546,
            44.26950026
          ],
          [
            40.20268813,
            44.26950359
          ],
          [
            40.2026708,
            44.26950658
          ],
          [
            40.20265381,
            44.26950991
          ],
          [
            40.20263715,
            44.26951257
          ],
          [
            40.20261949,
            44.26951523
          ],
          [
            40.20260183,
            44.26951822
          ],
          [
            40.20258384,
            44.26952088
          ],
          [
            40.20256518,
            44.26952387
          ],
          [
            40.20254719,
            44.26952686
          ],
          [
            40.2025292,
            44.26952919
          ],
          [
            40.20251087,
            44.26953119
          ],
          [
            40.20249321,
            44.26953385
          ],
          [
            40.20247622,
            44.26953618
          ],
          [
            40.20245923,
            44.26953884
          ],
          [
            40.20244157,
            44.26954183
          ],
          [
            40.20242458,
            44.26954416
          ],
          [
            40.20240725,
            44.26954715
          ],
          [
            40.20239059,
            44.26955014
          ],
          [
            40.20237526,
            44.26955314
          ],
          [
            40.20235993,
            44.26955647
          ],
          [
            40.20234327,
            44.26956046
          ],
          [
            40.20232627,
            44.26956412
          ],
          [
            40.20230928,
            44.26956745
          ],
          [
            40.20229162,
            44.26957111
          ],
          [
            40.20227463,
            44.26957377
          ],
          [
            40.20225764,
            44.2695761
          ],
          [
            40.20224065,
            44.26957876
          ],
          [
            40.20222332,
            44.26958109
          ],
          [
            40.20220566,
            44.26958375
          ],
          [
            40.20218766,
            44.26958608
          ],
          [
            40.20216933,
            44.26958874
          ],
          [
            40.20215033,
            44.26959173
          ],
          [
            40.20213167,
            44.26959539
          ],
          [
            40.20211368,
            44.26959972
          ],
          [
            40.20209568,
            44.26960338
          ],
          [
            40.20207702,
            44.26960671
          ],
          [
            40.20205836,
            44.26961037
          ],
          [
            40.20204037,
            44.2696147
          ],
          [
            40.20202371,
            44.26962003
          ],
          [
            40.20200771,
            44.26962636
          ],
          [
            40.20199172,
            44.26963169
          ],
          [
            40.20197439,
            44.26963602
          ],
          [
            40.20195706,
            44.26964068
          ],
          [
            40.20193973,
            44.26964534
          ],
          [
            40.20192274,
            44.26965034
          ],
          [
            40.20190508,
            44.26965467
          ],
          [
            40.20188675,
            44.269658
          ],
          [
            40.20186742,
            44.26966133
          ],
          [
            40.20184876,
            44.26966532
          ],
          [
            40.2018301,
            44.26967032
          ],
          [
            40.20181177,
            44.26967498
          ],
          [
            40.20179377,
            44.26967998
          ],
          [
            40.20177578,
            44.26968431
          ],
          [
            40.20175778,
            44.26968964
          ],
          [
            40.20174012,
            44.26969497
          ],
          [
            40.20172313,
            44.26969997
          ],
          [
            40.20170514,
            44.26970497
          ],
          [
            40.20168714,
            44.2697093
          ],
          [
            40.20166915,
            44.26971396
          ],
          [
            40.20165182,
            44.26971729
          ],
          [
            40.20163483,
            44.26972095
          ],
          [
            40.2016185,
            44.26972495
          ],
          [
            40.20160184,
            44.26972794
          ],
          [
            40.20158485,
            44.2697306
          ],
          [
            40.20156652,
            44.26973426
          ],
          [
            40.20154786,
            44.26973759
          ],
          [
            40.20153087,
            44.26974025
          ],
          [
            40.20151621,
            44.26974391
          ],
          [
            40.20150121,
            44.26974724
          ],
          [
            40.20148555,
            44.2697509
          ],
          [
            40.20146889,
            44.26975423
          ],
          [
            40.20145223,
            44.26975756
          ],
          [
            40.2014369,
            44.26976089
          ],
          [
            40.20142324,
            44.26976422
          ],
          [
            40.20141025,
            44.26976688
          ],
          [
            40.20139859,
            44.26976921
          ],
          [
            40.20138659,
            44.26977121
          ],
          [
            40.20137493,
            44.2697722
          ],
          [
            40.20136393,
            44.26977453
          ],
          [
            40.20135327,
            44.26977653
          ],
          [
            40.20134427,
            44.26977752
          ],
          [
            40.20133728,
            44.26977752
          ],
          [
            40.20133195,
            44.26977686
          ],
          [
            40.20132762,
            44.2697752
          ],
          [
            40.20132363,
            44.26977287
          ],
          [
            40.2013183,
            44.26976954
          ],
          [
            40.20131064,
            44.26976621
          ],
          [
            40.20130131,
            44.26976322
          ],
          [
            40.20129098,
            44.26975989
          ],
          [
            40.20128032,
            44.2697569
          ],
          [
            40.20126899,
            44.26975591
          ],
          [
            40.20125833,
            44.26975525
          ],
          [
            40.20125,
            44.26975558
          ],
          [
            40.20124434,
            44.26975591
          ],
          [
            40.20124034,
            44.26975591
          ],
          [
            40.20123501,
            44.26975525
          ],
          [
            40.20122801,
            44.26975492
          ],
          [
            40.20122035,
            44.26975525
          ],
          [
            40.20121136,
            44.26975558
          ],
          [
            40.2011997,
            44.26975624
          ],
          [
            40.20118737,
            44.26975624
          ],
          [
            40.20117337,
            44.26975657
          ],
          [
            40.20115904,
            44.26975857
          ],
          [
            40.20114304,
            44.2697609
          ],
          [
            40.20112671,
            44.2697629
          ],
          [
            40.20110972,
            44.26976556
          ],
          [
            40.20109206,
            44.26976889
          ],
          [
            40.2010764,
            44.26977522
          ],
          [
            40.20106407,
            44.26978355
          ],
          [
            40.20105074,
            44.26979188
          ],
          [
            40.20103741,
            44.26979954
          ],
          [
            40.20102475,
            44.2698062
          ],
          [
            40.20101209,
            44.26981219
          ],
          [
            40.20099743,
            44.26981752
          ],
          [
            40.20098077,
            44.26982285
          ],
          [
            40.20096278,
            44.26982685
          ],
          [
            40.20094478,
            44.26982951
          ],
          [
            40.20092779,
            44.26983284
          ],
          [
            40.20091113,
            44.26983583
          ],
          [
            40.20089514,
            44.26983982
          ],
          [
            40.20087881,
            44.26984448
          ],
          [
            40.20086215,
            44.26984781
          ],
          [
            40.20084516,
            44.26985047
          ],
          [
            40.20082817,
            44.26985247
          ],
          [
            40.20081118,
            44.26985447
          ],
          [
            40.20079452,
            44.26985713
          ],
          [
            40.20077852,
            44.26985979
          ],
          [
            40.20076186,
            44.26986145
          ],
          [
            40.20074553,
            44.26986245
          ],
          [
            40.2007282,
            44.26986444
          ],
          [
            40.20071121,
            44.26986644
          ],
          [
            40.20069455,
            44.2698681
          ],
          [
            40.20067756,
            44.26987043
          ],
          [
            40.2006609,
            44.26987309
          ],
          [
            40.20064357,
            44.26987575
          ],
          [
            40.20062658,
            44.26987775
          ],
          [
            40.20061059,
            44.26988041
          ],
          [
            40.20059393,
            44.26988241
          ],
          [
            40.2005776,
            44.26988507
          ],
          [
            40.20056094,
            44.26988806
          ],
          [
            40.20054428,
            44.26989039
          ],
          [
            40.20052762,
            44.26989272
          ],
          [
            40.20051096,
            44.26989538
          ],
          [
            40.2004943,
            44.26989804
          ],
          [
            40.20047831,
            44.26990137
          ],
          [
            40.20046198,
            44.26990503
          ],
          [
            40.20044499,
            44.26990802
          ],
          [
            40.200428,
            44.26991168
          ],
          [
            40.20041067,
            44.26991467
          ],
          [
            40.20039267,
            44.26991833
          ],
          [
            40.20037401,
            44.26992133
          ],
          [
            40.20035501,
            44.26992299
          ],
          [
            40.20033468,
            44.26992499
          ],
          [
            40.20031535,
            44.26992665
          ],
          [
            40.20029502,
            44.26992865
          ],
          [
            40.20027403,
            44.26993098
          ],
          [
            40.2002537,
            44.26993231
          ],
          [
            40.20023304,
            44.26993364
          ],
          [
            40.20021371,
            44.2699353
          ],
          [
            40.20019671,
            44.2699373
          ],
          [
            40.20017972,
            44.26993996
          ],
          [
            40.20016273,
            44.26994229
          ],
          [
            40.20014474,
            44.26994429
          ],
          [
            40.20012741,
            44.26994628
          ],
          [
            40.20010941,
            44.26994728
          ],
          [
            40.20009142,
            44.26994794
          ],
          [
            40.20007143,
            44.26994927
          ],
          [
            40.2000501,
            44.26994993
          ],
          [
            40.20002911,
            44.26995059
          ],
          [
            40.20000845,
            44.26995192
          ],
          [
            40.19998679,
            44.26995325
          ],
          [
            40.19996479,
            44.26995491
          ],
          [
            40.19994346,
            44.26995791
          ],
          [
            40.19992247,
            44.2699609
          ],
          [
            40.19990248,
            44.26996356
          ],
          [
            40.19988348,
            44.26996555
          ],
          [
            40.19986382,
            44.26996755
          ],
          [
            40.19984416,
            44.26997088
          ],
          [
            40.19982417,
            44.26997421
          ],
          [
            40.19980584,
            44.26997887
          ],
          [
            40.19978651,
            44.26998353
          ],
          [
            40.19976851,
            44.26998752
          ],
          [
            40.19975018,
            44.26999285
          ],
          [
            40.19973185,
            44.26999851
          ],
          [
            40.19971386,
            44.27000317
          ],
          [
            40.19969586,
            44.2700075
          ],
          [
            40.1996782,
            44.27001216
          ],
          [
            40.19965954,
            44.27001615
          ],
          [
            40.19964088,
            44.27002048
          ],
          [
            40.19962222,
            44.27002514
          ],
          [
            40.19960389,
            44.27003014
          ],
          [
            40.19958556,
            44.27003414
          ],
          [
            40.1995659,
            44.27003813
          ],
          [
            40.19954591,
            44.27004246
          ],
          [
            40.19952691,
            44.27004679
          ],
          [
            40.19950792,
            44.27005145
          ],
          [
            40.19948859,
            44.27005645
          ],
          [
            40.19946826,
            44.27006078
          ],
          [
            40.19944826,
            44.27006544
          ],
          [
            40.19942827,
            44.27006943
          ],
          [
            40.19940894,
            44.27007242
          ],
          [
            40.19938928,
            44.27007575
          ],
          [
            40.19936928,
            44.27007908
          ],
          [
            40.19934962,
            44.27008174
          ],
          [
            40.19932963,
            44.2700844
          ],
          [
            40.1993103,
            44.27008673
          ],
          [
            40.19929064,
            44.27009006
          ],
          [
            40.19927231,
            44.27009572
          ],
          [
            40.19925398,
            44.27010105
          ],
          [
            40.19923665,
            44.27010538
          ],
          [
            40.19921866,
            44.27010871
          ],
          [
            40.19919966,
            44.27011137
          ],
          [
            40.19918033,
            44.27011436
          ],
          [
            40.19916034,
            44.27011836
          ],
          [
            40.19914001,
            44.27012169
          ],
          [
            40.19912002,
            44.27012535
          ],
          [
            40.19910003,
            44.27012801
          ],
          [
            40.19908004,
            44.27013034
          ],
          [
            40.19906071,
            44.270133
          ],
          [
            40.19904105,
            44.27013566
          ],
          [
            40.19902106,
            44.27013899
          ],
          [
            40.1990014,
            44.27014232
          ],
          [
            40.19898207,
            44.27014565
          ],
          [
            40.19896307,
            44.27014898
          ],
          [
            40.19894374,
            44.27015164
          ],
          [
            40.19892508,
            44.2701543
          ],
          [
            40.19890642,
            44.27015796
          ],
          [
            40.19888709,
            44.27016162
          ],
          [
            40.19886743,
            44.27016528
          ],
          [
            40.19884843,
            44.27016794
          ],
          [
            40.1988291,
            44.27017027
          ],
          [
            40.19880844,
            44.27017227
          ],
          [
            40.19878845,
            44.27017493
          ],
          [
            40.19876912,
            44.27017692
          ],
          [
            40.19874979,
            44.27018092
          ],
          [
            40.1987318,
            44.27018525
          ],
          [
            40.1987138,
            44.27018858
          ],
          [
            40.19869547,
            44.27019057
          ],
          [
            40.19867748,
            44.27019323
          ],
          [
            40.19866015,
            44.27019656
          ],
          [
            40.19864282,
            44.27020056
          ],
          [
            40.19862449,
            44.27020389
          ],
          [
            40.19860516,
            44.27020722
          ],
          [
            40.1985845,
            44.27021021
          ],
          [
            40.19856317,
            44.27021287
          ],
          [
            40.19854251,
            44.27021586
          ],
          [
            40.19852151,
            44.27021819
          ],
          [
            40.19850018,
            44.27022118
          ],
          [
            40.19847952,
            44.27022417
          ],
          [
            40.19845819,
            44.27022783
          ],
          [
            40.19843753,
            44.27023149
          ],
          [
            40.19841654,
            44.27023415
          ],
          [
            40.19839521,
            44.27023714
          ],
          [
            40.19837455,
            44.2702398
          ],
          [
            40.19835355,
            44.27024246
          ],
          [
            40.19833289,
            44.27024579
          ],
          [
            40.19831223,
            44.27024812
          ],
          [
            40.19829157,
            44.27025012
          ],
          [
            40.19827091,
            44.27025211
          ],
          [
            40.19825058,
            44.27025477
          ],
          [
            40.19822958,
            44.2702571
          ],
          [
            40.19820925,
            44.27025943
          ],
          [
            40.19818892,
            44.27026109
          ],
          [
            40.19816859,
            44.27026175
          ],
          [
            40.19814793,
            44.27026374
          ],
          [
            40.19812827,
            44.2702664
          ],
          [
            40.19810828,
            44.2702684
          ],
          [
            40.19808829,
            44.27027106
          ],
          [
            40.19806896,
            44.27027405
          ],
          [
            40.1980493,
            44.27027771
          ],
          [
            40.19802964,
            44.27028137
          ],
          [
            40.19801131,
            44.27028636
          ],
          [
            40.19799265,
            44.27029102
          ],
          [
            40.19797566,
            44.27029602
          ],
          [
            40.197958,
            44.27030001
          ],
          [
            40.19793967,
            44.27030467
          ],
          [
            40.19792034,
            44.270309
          ],
          [
            40.19790168,
            44.270312
          ],
          [
            40.19788368,
            44.27031399
          ],
          [
            40.19786635,
            44.27031565
          ],
          [
            40.19784869,
            44.27031798
          ],
          [
            40.19782969,
            44.27032031
          ],
          [
            40.19781003,
            44.2703223
          ],
          [
            40.19778937,
            44.27032396
          ],
          [
            40.19776904,
            44.27032429
          ],
          [
            40.19774871,
            44.27032462
          ],
          [
            40.19772872,
            44.27032628
          ],
          [
            40.19770839,
            44.27032761
          ],
          [
            40.1976884,
            44.27032927
          ],
          [
            40.19766907,
            44.27033093
          ],
          [
            40.19764974,
            44.27033392
          ],
          [
            40.19763175,
            44.27033691
          ],
          [
            40.19761509,
            44.27034024
          ],
          [
            40.19759776,
            44.2703429
          ],
          [
            40.19757943,
            44.27034489
          ],
          [
            40.19755977,
            44.27034689
          ],
          [
            40.19754111,
            44.27034922
          ],
          [
            40.19752278,
            44.27035221
          ],
          [
            40.19750445,
            44.27035454
          ],
          [
            40.19748612,
            44.27035753
          ],
          [
            40.19746846,
            44.27036019
          ],
          [
            40.19745046,
            44.27036352
          ],
          [
            40.19743313,
            44.27036685
          ],
          [
            40.19741514,
            44.27037018
          ],
          [
            40.19739714,
            44.27037418
          ],
          [
            40.19737781,
            44.27037784
          ],
          [
            40.19735781,
            44.27038117
          ],
          [
            40.19733815,
            44.27038383
          ],
          [
            40.19731849,
            44.27038549
          ],
          [
            40.19729983,
            44.27038715
          ],
          [
            40.1972805,
            44.27039048
          ],
          [
            40.19726184,
            44.27039347
          ],
          [
            40.19724318,
            44.27039646
          ],
          [
            40.19722418,
            44.27040045
          ],
          [
            40.19720518,
            44.27040511
          ],
          [
            40.19718652,
            44.27040944
          ],
          [
            40.19716686,
            44.27041444
          ],
          [
            40.1971462,
            44.27041843
          ],
          [
            40.19712587,
            44.27042309
          ],
          [
            40.19710554,
            44.27042775
          ],
          [
            40.19708621,
            44.27043174
          ],
          [
            40.19706721,
            44.2704364
          ],
          [
            40.19704688,
            44.27044106
          ],
          [
            40.19702689,
            44.27044505
          ],
          [
            40.1970069,
            44.27044838
          ],
          [
            40.19698691,
            44.27045171
          ],
          [
            40.19696758,
            44.27045437
          ],
          [
            40.19694858,
            44.2704577
          ],
          [
            40.19692859,
            44.27046136
          ],
          [
            40.19690926,
            44.27046469
          ],
          [
            40.1968896,
            44.27046735
          ],
          [
            40.19686927,
            44.27046834
          ],
          [
            40.19684961,
            44.27046934
          ],
          [
            40.19682995,
            44.270471
          ],
          [
            40.19681029,
            44.270473
          ],
          [
            40.19679096,
            44.270475
          ],
          [
            40.1967713,
            44.27047766
          ],
          [
            40.1967523,
            44.27048132
          ],
          [
            40.19673531,
            44.27048665
          ],
          [
            40.19671998,
            44.27049298
          ],
          [
            40.19670565,
            44.27049964
          ],
          [
            40.19668932,
            44.27050563
          ],
          [
            40.19667266,
            44.27051129
          ],
          [
            40.19665567,
            44.27051662
          ],
          [
            40.19663734,
            44.27052128
          ],
          [
            40.19661868,
            44.27052594
          ],
          [
            40.19660068,
            44.27052993
          ],
          [
            40.19658269,
            44.27053292
          ],
          [
            40.19656436,
            44.27053692
          ],
          [
            40.19654537,
            44.27054191
          ],
          [
            40.19652737,
            44.27054824
          ],
          [
            40.19651004,
            44.2705549
          ],
          [
            40.19649271,
            44.2705619
          ],
          [
            40.19647605,
            44.27056923
          ],
          [
            40.19645906,
            44.27057656
          ],
          [
            40.1964424,
            44.27058456
          ],
          [
            40.1964264,
            44.27059322
          ],
          [
            40.19641141,
            44.27060188
          ],
          [
            40.19639708,
            44.27061087
          ],
          [
            40.19638242,
            44.27061953
          ],
          [
            40.19636776,
            44.27062819
          ],
          [
            40.19635276,
            44.27063652
          ],
          [
            40.1963381,
            44.27064585
          ],
          [
            40.19632244,
            44.27065551
          ],
          [
            40.19630745,
            44.27066584
          ],
          [
            40.19629279,
            44.2706765
          ],
          [
            40.19627913,
            44.2706885
          ],
          [
            40.1962648,
            44.27069949
          ],
          [
            40.19625047,
            44.27071082
          ],
          [
            40.19623581,
            44.27072148
          ],
          [
            40.19622115,
            44.27073281
          ],
          [
            40.19620616,
            44.27074347
          ],
          [
            40.19619016,
            44.2707528
          ],
          [
            40.19617417,
            44.27076146
          ],
          [
            40.19615917,
            44.27077046
          ],
          [
            40.19614584,
            44.27078012
          ],
          [
            40.19613251,
            44.27079012
          ],
          [
            40.19611851,
            44.27079978
          ],
          [
            40.19610451,
            44.27080978
          ],
          [
            40.19609185,
            44.27082078
          ],
          [
            40.19607985,
            44.27083244
          ],
          [
            40.19606819,
            44.27084377
          ],
          [
            40.19605653,
            44.27085543
          ],
          [
            40.19604487,
            44.27086643
          ],
          [
            40.19603321,
            44.27087776
          ],
          [
            40.19602155,
            44.27088909
          ],
          [
            40.19600955,
            44.27090009
          ],
          [
            40.19599822,
            44.27091042
          ],
          [
            40.19598856,
            44.27092208
          ],
          [
            40.19597856,
            44.27093374
          ],
          [
            40.19596857,
            44.2709454
          ],
          [
            40.19595824,
            44.27095706
          ],
          [
            40.19594791,
            44.27096872
          ],
          [
            40.19593558,
            44.27097938
          ],
          [
            40.19592158,
            44.27098937
          ],
          [
            40.19590725,
            44.27099937
          ],
          [
            40.19589392,
            44.27101003
          ],
          [
            40.19588126,
            44.27102103
          ],
          [
            40.19586893,
            44.27103169
          ],
          [
            40.1958576,
            44.27104235
          ],
          [
            40.19584627,
            44.27105368
          ],
          [
            40.19583527,
            44.27106601
          ],
          [
            40.19582461,
            44.271078
          ],
          [
            40.19581461,
            44.27108999
          ],
          [
            40.19580428,
            44.27110165
          ],
          [
            40.19579395,
            44.27111331
          ],
          [
            40.19578262,
            44.27112464
          ],
          [
            40.19577129,
            44.27113597
          ],
          [
            40.19575963,
            44.2711473
          ],
          [
            40.19574864,
            44.27115896
          ],
          [
            40.19573898,
            44.27117095
          ],
          [
            40.19572899,
            44.27118228
          ],
          [
            40.19571966,
            44.27119361
          ],
          [
            40.19570967,
            44.27120461
          ],
          [
            40.19569867,
            44.27121561
          ],
          [
            40.19568767,
            44.27122661
          ],
          [
            40.19567601,
            44.27123694
          ],
          [
            40.19566468,
            44.27124727
          ],
          [
            40.19565302,
            44.27125793
          ],
          [
            40.19564336,
            44.27126926
          ],
          [
            40.1956337,
            44.27128059
          ],
          [
            40.19562337,
            44.27129125
          ],
          [
            40.19561371,
            44.27130191
          ],
          [
            40.19560405,
            44.27131224
          ],
          [
            40.19559406,
            44.2713229
          ],
          [
            40.1955834,
            44.27133489
          ],
          [
            40.19557174,
            44.27134655
          ],
          [
            40.19556074,
            44.27135821
          ],
          [
            40.19555008,
            44.27136987
          ],
          [
            40.19554109,
            44.27138253
          ],
          [
            40.19553143,
            44.27139452
          ],
          [
            40.19552244,
            44.27140652
          ],
          [
            40.19551311,
            44.27141752
          ],
          [
            40.19550445,
            44.27142885
          ],
          [
            40.19549445,
            44.27144018
          ],
          [
            40.19548345,
            44.27145184
          ],
          [
            40.19547379,
            44.27146417
          ],
          [
            40.19546413,
            44.27147617
          ],
          [
            40.1954548,
            44.2714875
          ],
          [
            40.1954438,
            44.27149816
          ],
          [
            40.19543181,
            44.27150849
          ],
          [
            40.19541948,
            44.27151815
          ],
          [
            40.19540682,
            44.27152781
          ],
          [
            40.19539382,
            44.2715378
          ],
          [
            40.19538116,
            44.2715478
          ],
          [
            40.19537016,
            44.27155713
          ],
          [
            40.19535916,
            44.27156646
          ],
          [
            40.19534917,
            44.27157645
          ],
          [
            40.19533851,
            44.27158611
          ],
          [
            40.19532685,
            44.2715961
          ],
          [
            40.19531452,
            44.2716061
          ],
          [
            40.19530219,
            44.27161809
          ],
          [
            40.1952902,
            44.27163042
          ],
          [
            40.19527854,
            44.27164275
          ],
          [
            40.19526688,
            44.27165375
          ],
          [
            40.19525455,
            44.27166508
          ],
          [
            40.19524189,
            44.27167674
          ],
          [
            40.19522856,
            44.27168774
          ],
          [
            40.19521556,
            44.27169807
          ],
          [
            40.19520357,
            44.2717094
          ],
          [
            40.19519257,
            44.27171906
          ],
          [
            40.19518124,
            44.27172839
          ],
          [
            40.19516858,
            44.27173738
          ],
          [
            40.19515559,
            44.27174604
          ],
          [
            40.19514193,
            44.2717547
          ],
          [
            40.19512893,
            44.27176303
          ],
          [
            40.1951156,
            44.27177069
          ],
          [
            40.19510261,
            44.27177735
          ],
          [
            40.19508928,
            44.27178201
          ],
          [
            40.19507528,
            44.27178667
          ],
          [
            40.19506029,
            44.271791
          ],
          [
            40.19504596,
            44.27179633
          ],
          [
            40.19503263,
            44.27180266
          ],
          [
            40.19501997,
            44.27181065
          ],
          [
            40.19500898,
            44.27181931
          ],
          [
            40.19499898,
            44.27182864
          ],
          [
            40.19498865,
            44.2718373
          ],
          [
            40.19497832,
            44.27184663
          ],
          [
            40.19496732,
            44.27185562
          ],
          [
            40.19495632,
            44.27186562
          ],
          [
            40.19494466,
            44.27187562
          ],
          [
            40.19493333,
            44.27188561
          ],
          [
            40.19492167,
            44.27189427
          ],
          [
            40.19491001,
            44.2719036
          ],
          [
            40.19489768,
            44.2719136
          ],
          [
            40.19488635,
            44.27192293
          ],
          [
            40.19487436,
            44.27193359
          ],
          [
            40.1948617,
            44.27194359
          ],
          [
            40.19485004,
            44.27195425
          ],
          [
            40.19484071,
            44.27196525
          ],
          [
            40.19483138,
            44.27197625
          ],
          [
            40.19482205,
            44.27198725
          ],
          [
            40.19481439,
            44.27199858
          ],
          [
            40.19480706,
            44.27200991
          ],
          [
            40.19480073,
            44.27202224
          ],
          [
            40.19479573,
            44.2720349
          ],
          [
            40.19479107,
            44.27204723
          ],
          [
            40.19478774,
            44.27205989
          ],
          [
            40.19478441,
            44.27207222
          ],
          [
            40.19478108,
            44.27208488
          ],
          [
            40.19477842,
            44.27209788
          ],
          [
            40.19477576,
            44.27211087
          ],
          [
            40.19477243,
            44.27212353
          ],
          [
            40.19476944,
            44.27213552
          ],
          [
            40.19476678,
            44.27214751
          ],
          [
            40.19476379,
            44.2721595
          ],
          [
            40.19476013,
            44.2721705
          ],
          [
            40.19475647,
            44.27218183
          ],
          [
            40.19475381,
            44.27219316
          ],
          [
            40.19475148,
            44.27220482
          ],
          [
            40.19474948,
            44.27221648
          ],
          [
            40.19474749,
            44.27222881
          ],
          [
            40.19474616,
            44.2722408
          ],
          [
            40.19474616,
            44.27225346
          ],
          [
            40.19474682,
            44.27226545
          ],
          [
            40.19474682,
            44.27227744
          ],
          [
            40.19474649,
            44.27228877
          ],
          [
            40.19474782,
            44.2723001
          ],
          [
            40.19475048,
            44.27231176
          ],
          [
            40.19475347,
            44.27232375
          ],
          [
            40.19475646,
            44.27233641
          ],
          [
            40.19475912,
            44.27234874
          ],
          [
            40.19476412,
            44.27236073
          ],
          [
            40.19477078,
            44.27237272
          ],
          [
            40.19477677,
            44.27238438
          ],
          [
            40.19478177,
            44.27239671
          ],
          [
            40.1947861,
            44.2724097
          ],
          [
            40.1947901,
            44.2724217
          ],
          [
            40.19479376,
            44.27243403
          ],
          [
            40.19479742,
            44.27244536
          ],
          [
            40.19480041,
            44.27245669
          ],
          [
            40.1948034,
            44.27246868
          ],
          [
            40.1948064,
            44.27248001
          ],
          [
            40.19481039,
            44.27249067
          ],
          [
            40.19481338,
            44.272502
          ],
          [
            40.19481637,
            44.27251399
          ],
          [
            40.19482103,
            44.27252599
          ],
          [
            40.19482502,
            44.27253765
          ],
          [
            40.19482968,
            44.27254865
          ],
          [
            40.19483367,
            44.27255998
          ],
          [
            40.19483666,
            44.27256964
          ],
          [
            40.19483832,
            44.2725743
          ],
          [
            40.19483898,
            44.27257829
          ],
          [
            40.19483698,
            44.27257962
          ],
          [
            40.19483301,
            44.2725816
          ],
          [
            40.19483235,
            44.27258326
          ],
          [
            40.19483401,
            44.27258792
          ],
          [
            40.19483667,
            44.27259625
          ],
          [
            40.19484067,
            44.27260725
          ],
          [
            40.19484533,
            44.27261924
          ],
          [
            40.19485099,
            44.27263224
          ],
          [
            40.19485565,
            44.27264557
          ],
          [
            40.19485965,
            44.27265923
          ],
          [
            40.19486298,
            44.27267356
          ],
          [
            40.19486697,
            44.27268689
          ],
          [
            40.19487163,
            44.27269955
          ],
          [
            40.19487629,
            44.27271188
          ],
          [
            40.19487929,
            44.27272454
          ],
          [
            40.19488262,
            44.27273754
          ],
          [
            40.19488595,
            44.2727512
          ],
          [
            40.19488928,
            44.27276486
          ],
          [
            40.19489327,
            44.27277819
          ],
          [
            40.19489727,
            44.27279185
          ],
          [
            40.1949006,
            44.27280518
          ],
          [
            40.19490526,
            44.27281851
          ],
          [
            40.19490959,
            44.27283251
          ],
          [
            40.19491425,
            44.27284684
          ],
          [
            40.19491691,
            44.2728615
          ],
          [
            40.19492057,
            44.27287583
          ],
          [
            40.1949239,
            44.27289016
          ],
          [
            40.19492756,
            44.27290482
          ],
          [
            40.19493022,
            44.27292048
          ],
          [
            40.19493321,
            44.27293648
          ],
          [
            40.1949362,
            44.27295114
          ],
          [
            40.19493786,
            44.27296547
          ],
          [
            40.19494052,
            44.27298013
          ],
          [
            40.19494385,
            44.27299413
          ],
          [
            40.19494751,
            44.27300846
          ],
          [
            40.19495084,
            44.27302312
          ],
          [
            40.1949535,
            44.27303778
          ],
          [
            40.19495583,
            44.27305277
          ],
          [
            40.19495782,
            44.27306743
          ],
          [
            40.19496048,
            44.27308209
          ],
          [
            40.19496314,
            44.27309709
          ],
          [
            40.19496514,
            44.27311242
          ],
          [
            40.19496647,
            44.27312742
          ],
          [
            40.1949698,
            44.27314308
          ],
          [
            40.19497346,
            44.27315774
          ],
          [
            40.19497779,
            44.27317207
          ],
          [
            40.19498178,
            44.27318607
          ],
          [
            40.19498477,
            44.2732004
          ],
          [
            40.1949871,
            44.2732144
          ],
          [
            40.19499143,
            44.27322773
          ],
          [
            40.19499643,
            44.27324073
          ],
          [
            40.19500109,
            44.27325372
          ],
          [
            40.19500475,
            44.27326705
          ],
          [
            40.19500774,
            44.27328005
          ],
          [
            40.19500907,
            44.27329405
          ],
          [
            40.19500907,
            44.27330771
          ],
          [
            40.19500973,
            44.27332204
          ],
          [
            40.19501272,
            44.2733367
          ],
          [
            40.19501671,
            44.2733507
          ],
          [
            40.19502004,
            44.27336503
          ],
          [
            40.19502303,
            44.27337903
          ],
          [
            40.19502702,
            44.27339336
          ],
          [
            40.19503301,
            44.27340736
          ],
          [
            40.19504034,
            44.27342036
          ],
          [
            40.19504633,
            44.27343436
          ],
          [
            40.19505133,
            44.27344802
          ],
          [
            40.19505532,
            44.27346135
          ],
          [
            40.19505932,
            44.27347501
          ],
          [
            40.19506398,
            44.27348834
          ],
          [
            40.19506798,
            44.27350167
          ],
          [
            40.19507164,
            44.273515
          ],
          [
            40.1950753,
            44.27352833
          ],
          [
            40.19507963,
            44.27354166
          ],
          [
            40.19508463,
            44.27355499
          ],
          [
            40.19508896,
            44.27356765
          ],
          [
            40.19509296,
            44.27357998
          ],
          [
            40.19509662,
            44.27359331
          ],
          [
            40.19510028,
            44.27360664
          ],
          [
            40.19510394,
            44.2736193
          ],
          [
            40.19510727,
            44.2736323
          ],
          [
            40.1951106,
            44.27364596
          ],
          [
            40.19511326,
            44.27365962
          ],
          [
            40.19511625,
            44.27367328
          ],
          [
            40.19511825,
            44.27368661
          ],
          [
            40.19511725,
            44.27369994
          ],
          [
            40.19511592,
            44.2737126
          ],
          [
            40.19511592,
            44.27372559
          ],
          [
            40.19511858,
            44.27373725
          ],
          [
            40.19512257,
            44.27374825
          ],
          [
            40.1951279,
            44.27375891
          ],
          [
            40.19513223,
            44.27376957
          ],
          [
            40.19513489,
            44.27378023
          ],
          [
            40.19513655,
            44.27379222
          ],
          [
            40.19513754,
            44.27380388
          ],
          [
            40.1951382,
            44.27381654
          ],
          [
            40.19513986,
            44.27382854
          ],
          [
            40.19514419,
            44.2738392
          ],
          [
            40.19515052,
            44.27384786
          ],
          [
            40.19515785,
            44.27385619
          ],
          [
            40.19516418,
            44.27386552
          ],
          [
            40.19516951,
            44.27387585
          ],
          [
            40.19517317,
            44.27388618
          ],
          [
            40.1951755,
            44.27389718
          ],
          [
            40.19517949,
            44.27390884
          ],
          [
            40.19518449,
            44.27392084
          ],
          [
            40.19518915,
            44.27393383
          ],
          [
            40.19519381,
            44.27394816
          ],
          [
            40.19519847,
            44.27396282
          ],
          [
            40.19520213,
            44.27397782
          ],
          [
            40.19520479,
            44.27399248
          ],
          [
            40.19520845,
            44.27400747
          ],
          [
            40.19521178,
            44.2740218
          ],
          [
            40.19521444,
            44.2740358
          ],
          [
            40.19521777,
            44.27404946
          ],
          [
            40.19522076,
            44.27406312
          ],
          [
            40.19522442,
            44.27407645
          ],
          [
            40.19522875,
            44.27408911
          ],
          [
            40.19523274,
            44.27410211
          ],
          [
            40.1952364,
            44.27411511
          ],
          [
            40.19524006,
            44.27412844
          ],
          [
            40.19524405,
            44.2741411
          ],
          [
            40.19524971,
            44.27415243
          ],
          [
            40.19525604,
            44.27416409
          ],
          [
            40.19526203,
            44.27417642
          ],
          [
            40.19526736,
            44.27418908
          ],
          [
            40.19527135,
            44.27420207
          ],
          [
            40.19527501,
            44.27421573
          ],
          [
            40.195278,
            44.27422939
          ],
          [
            40.19528099,
            44.27424272
          ],
          [
            40.19528332,
            44.27425638
          ],
          [
            40.19528598,
            44.27426837
          ],
          [
            40.19528897,
            44.2742797
          ],
          [
            40.19529163,
            44.27429036
          ],
          [
            40.19529496,
            44.27430069
          ],
          [
            40.19529929,
            44.27431035
          ],
          [
            40.19530295,
            44.27431934
          ],
          [
            40.19530528,
            44.274328
          ],
          [
            40.19530594,
            44.27433733
          ],
          [
            40.1953066,
            44.27434699
          ],
          [
            40.1953066,
            44.27435665
          ],
          [
            40.19530693,
            44.27436731
          ],
          [
            40.19530759,
            44.27437831
          ],
          [
            40.19530858,
            44.2743903
          ],
          [
            40.19531058,
            44.27440196
          ],
          [
            40.19531324,
            44.27441395
          ],
          [
            40.19531657,
            44.27442561
          ],
          [
            40.19532023,
            44.27443694
          ],
          [
            40.19532356,
            44.27444827
          ],
          [
            40.19532622,
            44.27445893
          ],
          [
            40.19532921,
            44.27446993
          ],
          [
            40.1953342,
            44.27448093
          ],
          [
            40.19533953,
            44.27449259
          ],
          [
            40.19534453,
            44.27450258
          ],
          [
            40.19534686,
            44.27451258
          ],
          [
            40.19534952,
            44.27452324
          ],
          [
            40.19535285,
            44.2745339
          ],
          [
            40.19535651,
            44.2745449
          ],
          [
            40.1953595,
            44.27455556
          ],
          [
            40.19536183,
            44.27456556
          ],
          [
            40.19536449,
            44.27457656
          ],
          [
            40.19536682,
            44.27458789
          ],
          [
            40.19536882,
            44.27459922
          ],
          [
            40.19537015,
            44.27460955
          ],
          [
            40.19537215,
            44.27461955
          ],
          [
            40.19537348,
            44.27463021
          ],
          [
            40.19537481,
            44.27464121
          ],
          [
            40.19537747,
            44.27465187
          ],
          [
            40.19538046,
            44.27466187
          ],
          [
            40.19538445,
            44.2746722
          ],
          [
            40.19538811,
            44.27468253
          ],
          [
            40.1953921,
            44.27469319
          ],
          [
            40.19539743,
            44.27470452
          ],
          [
            40.19540109,
            44.27471585
          ],
          [
            40.19540342,
            44.27472685
          ],
          [
            40.19540342,
            44.27473451
          ],
          [
            40.19540276,
            44.27473917
          ],
          [
            40.19540176,
            44.27474216
          ],
          [
            40.1954011,
            44.27474382
          ],
          [
            40.19539977,
            44.27474548
          ],
          [
            40.19539911,
            44.27474714
          ],
          [
            40.19539944,
            44.27475147
          ],
          [
            40.19540043,
            44.27475613
          ],
          [
            40.19540243,
            44.27476013
          ],
          [
            40.19540409,
            44.27476379
          ],
          [
            40.19540542,
            44.27476612
          ],
          [
            40.19540941,
            44.27476745
          ],
          [
            40.19541674,
            44.27476845
          ],
          [
            40.19542873,
            44.27476878
          ],
          [
            40.19544273,
            44.27476977
          ],
          [
            40.19545772,
            44.2747711
          ],
          [
            40.19547405,
            44.2747731
          ],
          [
            40.19549038,
            44.27477509
          ],
          [
            40.19550571,
            44.27477742
          ],
          [
            40.19552004,
            44.27478108
          ],
          [
            40.19553203,
            44.27478641
          ],
          [
            40.19554469,
            44.27479307
          ],
          [
            40.19555935,
            44.27479773
          ],
          [
            40.19557368,
            44.27480173
          ],
          [
            40.19558701,
            44.27480606
          ],
          [
            40.19559801,
            44.27481205
          ],
          [
            40.19560867,
            44.27481804
          ],
          [
            40.19562,
            44.27482404
          ],
          [
            40.19563066,
            44.27483037
          ],
          [
            40.19564065,
            44.2748367
          ],
          [
            40.19564898,
            44.27484303
          ],
          [
            40.19565864,
            44.27484969
          ],
          [
            40.1956693,
            44.27485469
          ],
          [
            40.19568096,
            44.27485935
          ],
          [
            40.19569196,
            44.27486401
          ],
          [
            40.19570262,
            44.27486967
          ],
          [
            40.19571262,
            44.27487467
          ],
          [
            40.19572295,
            44.274881
          ],
          [
            40.19573328,
            44.27488699
          ],
          [
            40.19574328,
            44.27489332
          ],
          [
            40.19575394,
            44.27489898
          ],
          [
            40.1957656,
            44.27490364
          ],
          [
            40.19577826,
            44.2749073
          ],
          [
            40.19579092,
            44.27490963
          ],
          [
            40.19580325,
            44.27491229
          ],
          [
            40.19581458,
            44.27491429
          ],
          [
            40.19582624,
            44.27491695
          ],
          [
            40.19583557,
            44.27491928
          ],
          [
            40.1958439,
            44.27492061
          ],
          [
            40.19585156,
            44.27491928
          ],
          [
            40.19585956,
            44.27491729
          ],
          [
            40.19586855,
            44.27491629
          ],
          [
            40.19587721,
            44.27491662
          ],
          [
            40.19588421,
            44.27491861
          ],
          [
            40.1958912,
            44.27492094
          ],
          [
            40.1958962,
            44.27492494
          ],
          [
            40.19589886,
            44.2749286
          ],
          [
            40.19590086,
            44.27493226
          ],
          [
            40.19590119,
            44.27493792
          ],
          [
            40.19589919,
            44.27494458
          ],
          [
            40.19589553,
            44.27495157
          ],
          [
            40.19589187,
            44.2749599
          ],
          [
            40.19589121,
            44.27496823
          ],
          [
            40.19589287,
            44.27497656
          ],
          [
            40.1958942,
            44.27498489
          ],
          [
            40.19589653,
            44.27499255
          ],
          [
            40.19589986,
            44.27499854
          ],
          [
            40.19590319,
            44.2750042
          ],
          [
            40.19590518,
            44.27500819
          ],
          [
            40.19590851,
            44.27501285
          ],
          [
            40.19591284,
            44.27501718
          ],
          [
            40.19591817,
            44.27502218
          ],
          [
            40.19592483,
            44.27502751
          ],
          [
            40.19593349,
            44.2750335
          ],
          [
            40.19594282,
            44.27503916
          ],
          [
            40.19594981,
            44.27504449
          ],
          [
            40.19595781,
            44.27504982
          ],
          [
            40.19596614,
            44.27505548
          ],
          [
            40.19597414,
            44.27506247
          ],
          [
            40.1959838,
            44.2750698
          ],
          [
            40.19599413,
            44.27507746
          ],
          [
            40.19600246,
            44.27508479
          ],
          [
            40.19600812,
            44.27509279
          ],
          [
            40.19601345,
            44.27510079
          ],
          [
            40.19601878,
            44.27510678
          ],
          [
            40.19602311,
            44.27511244
          ],
          [
            40.19602577,
            44.27511777
          ],
          [
            40.19602876,
            44.27512443
          ],
          [
            40.19603376,
            44.27513109
          ],
          [
            40.19603975,
            44.27513775
          ],
          [
            40.19604641,
            44.27514441
          ],
          [
            40.19605307,
            44.27515174
          ],
          [
            40.19605906,
            44.2751594
          ],
          [
            40.19606672,
            44.27516806
          ],
          [
            40.19607338,
            44.27517705
          ],
          [
            40.19607904,
            44.27518604
          ],
          [
            40.1960847,
            44.27519537
          ],
          [
            40.19609136,
            44.27520536
          ],
          [
            40.19609869,
            44.27521769
          ],
          [
            40.19610768,
            44.27522968
          ],
          [
            40.19611634,
            44.27524068
          ],
          [
            40.19612567,
            44.27525334
          ],
          [
            40.19613266,
            44.27526567
          ],
          [
            40.19613932,
            44.275277
          ],
          [
            40.19614631,
            44.27528733
          ],
          [
            40.19615164,
            44.27529733
          ],
          [
            40.19615864,
            44.27530599
          ],
          [
            40.1961673,
            44.27531399
          ],
          [
            40.19617563,
            44.27532065
          ],
          [
            40.19618462,
            44.27532798
          ],
          [
            40.19619395,
            44.27533564
          ],
          [
            40.19620495,
            44.27534297
          ],
          [
            40.19621561,
            44.2753493
          ],
          [
            40.19622594,
            44.27535663
          ],
          [
            40.1962356,
            44.27536363
          ],
          [
            40.19624259,
            44.27536962
          ],
          [
            40.19624792,
            44.27537528
          ],
          [
            40.19625391,
            44.27538127
          ],
          [
            40.19625957,
            44.27538826
          ],
          [
            40.19626423,
            44.27539592
          ],
          [
            40.19626889,
            44.27540392
          ],
          [
            40.19627522,
            44.27541258
          ],
          [
            40.19628222,
            44.27542191
          ],
          [
            40.19629188,
            44.2754309
          ],
          [
            40.19630221,
            44.2754399
          ],
          [
            40.19631454,
            44.27544889
          ],
          [
            40.19632787,
            44.27545822
          ],
          [
            40.1963412,
            44.27546788
          ],
          [
            40.1963532,
            44.27547754
          ],
          [
            40.19636453,
            44.27548687
          ],
          [
            40.19637452,
            44.27549553
          ],
          [
            40.19638518,
            44.27550553
          ],
          [
            40.19639651,
            44.27551553
          ],
          [
            40.19640651,
            44.27552552
          ],
          [
            40.19641584,
            44.27553485
          ],
          [
            40.1964245,
            44.27554218
          ],
          [
            40.19643316,
            44.27555018
          ],
          [
            40.19644182,
            44.27555717
          ],
          [
            40.19645015,
            44.2755645
          ],
          [
            40.19645681,
            44.27557216
          ],
          [
            40.19646247,
            44.27558015
          ],
          [
            40.19646813,
            44.27558715
          ],
          [
            40.19647379,
            44.27559381
          ],
          [
            40.19647878,
            44.27560181
          ],
          [
            40.19648578,
            44.27560981
          ],
          [
            40.19649444,
            44.2756188
          ],
          [
            40.19650377,
            44.2756288
          ],
          [
            40.19651343,
            44.27563879
          ],
          [
            40.19652276,
            44.27564945
          ],
          [
            40.19653209,
            44.27565945
          ],
          [
            40.19654242,
            44.27566844
          ],
          [
            40.19655308,
            44.27567777
          ],
          [
            40.19656374,
            44.27568676
          ],
          [
            40.19657407,
            44.27569642
          ],
          [
            40.19658473,
            44.27570541
          ],
          [
            40.19659672,
            44.27571274
          ],
          [
            40.19660972,
            44.2757204
          ],
          [
            40.19662372,
            44.27572706
          ],
          [
            40.19663672,
            44.27573305
          ],
          [
            40.19664771,
            44.27573871
          ],
          [
            40.19665771,
            44.27574337
          ],
          [
            40.19666637,
            44.2757487
          ],
          [
            40.1966757,
            44.27575336
          ],
          [
            40.1966837,
            44.27575736
          ],
          [
            40.19669136,
            44.27576269
          ],
          [
            40.19669802,
            44.27576835
          ],
          [
            40.19670468,
            44.27577335
          ],
          [
            40.19671067,
            44.27577901
          ],
          [
            40.19671733,
            44.27578467
          ],
          [
            40.19672433,
            44.27579033
          ],
          [
            40.19673032,
            44.27579366
          ],
          [
            40.19673398,
            44.27579832
          ],
          [
            40.19673664,
            44.27580298
          ],
          [
            40.19673797,
            44.27580864
          ],
          [
            40.19673896,
            44.27581397
          ],
          [
            40.19674262,
            44.2758193
          ],
          [
            40.19674795,
            44.27582363
          ],
          [
            40.19675528,
            44.27582829
          ],
          [
            40.19676594,
            44.27583295
          ],
          [
            40.1967786,
            44.27583861
          ],
          [
            40.1967916,
            44.27584461
          ],
          [
            40.19680526,
            44.27584794
          ],
          [
            40.19681959,
            44.27585027
          ],
          [
            40.19683258,
            44.27585293
          ],
          [
            40.19684524,
            44.27585593
          ],
          [
            40.19685557,
            44.27586159
          ],
          [
            40.19686257,
            44.27586925
          ],
          [
            40.19686723,
            44.27587625
          ],
          [
            40.19687056,
            44.27588324
          ],
          [
            40.19687089,
            44.2758899
          ],
          [
            40.19687023,
            44.27589889
          ],
          [
            40.19687056,
            44.27590755
          ],
          [
            40.19687255,
            44.27591454
          ],
          [
            40.19687788,
            44.2759202
          ],
          [
            40.19688454,
            44.27592486
          ],
          [
            40.19688987,
            44.27592952
          ],
          [
            40.19689353,
            44.27593585
          ],
          [
            40.19689719,
            44.27594418
          ],
          [
            40.19689985,
            44.27595317
          ],
          [
            40.19690018,
            44.2759635
          ],
          [
            40.19689785,
            44.27597549
          ],
          [
            40.19689486,
            44.27598815
          ],
          [
            40.19689153,
            44.27600014
          ],
          [
            40.19688987,
            44.27601213
          ],
          [
            40.19688921,
            44.27602346
          ],
          [
            40.19688722,
            44.27603412
          ],
          [
            40.19688489,
            44.27604445
          ],
          [
            40.1968819,
            44.27605411
          ],
          [
            40.1968799,
            44.27606444
          ],
          [
            40.1968779,
            44.27607544
          ],
          [
            40.19687457,
            44.27608543
          ],
          [
            40.19687257,
            44.27609442
          ],
          [
            40.19686858,
            44.27610342
          ],
          [
            40.19686192,
            44.27611208
          ],
          [
            40.19685359,
            44.27611974
          ],
          [
            40.19684393,
            44.27612774
          ],
          [
            40.1968326,
            44.27613607
          ],
          [
            40.19682061,
            44.27614373
          ],
          [
            40.19681095,
            44.27615072
          ],
          [
            40.19680296,
            44.27615905
          ],
          [
            40.1967963,
            44.27616771
          ],
          [
            40.19679297,
            44.27617804
          ],
          [
            40.19679031,
            44.27618937
          ],
          [
            40.19678665,
            44.2762037
          ],
          [
            40.19678165,
            44.27621736
          ],
          [
            40.19677399,
            44.27623235
          ],
          [
            40.19676366,
            44.27624601
          ],
          [
            40.19675066,
            44.27625901
          ],
          [
            40.196738,
            44.27627134
          ],
          [
            40.196726,
            44.27628134
          ],
          [
            40.19671334,
            44.276289
          ],
          [
            40.19669901,
            44.27629333
          ],
          [
            40.19668401,
            44.27629533
          ],
          [
            40.19666868,
            44.27629632
          ],
          [
            40.19665435,
            44.27629698
          ],
          [
            40.19664369,
            44.27629831
          ],
          [
            40.19663603,
            44.27629897
          ],
          [
            40.19663137,
            44.2763003
          ],
          [
            40.19662871,
            44.27630096
          ],
          [
            40.19662572,
            44.27630063
          ],
          [
            40.19662006,
            44.27629897
          ],
          [
            40.19661306,
            44.27629731
          ],
          [
            40.19660307,
            44.27629532
          ],
          [
            40.19659041,
            44.27629299
          ],
          [
            40.19657508,
            44.27629099
          ],
          [
            40.19655975,
            44.27628933
          ],
          [
            40.19654209,
            44.27628767
          ],
          [
            40.19652443,
            44.27628534
          ],
          [
            40.19651043,
            44.27628534
          ],
          [
            40.19650343,
            44.27628867
          ],
          [
            40.1965011,
            44.27629433
          ],
          [
            40.19650443,
            44.27630066
          ],
          [
            40.19650909,
            44.27630832
          ],
          [
            40.19651442,
            44.27631765
          ],
          [
            40.19651908,
            44.27632931
          ],
          [
            40.19652474,
            44.27634164
          ],
          [
            40.19652873,
            44.27635497
          ],
          [
            40.19653373,
            44.2763683
          ],
          [
            40.19653939,
            44.27638163
          ],
          [
            40.19654605,
            44.27639563
          ],
          [
            40.19655405,
            44.27640996
          ],
          [
            40.19656438,
            44.27642529
          ],
          [
            40.19657371,
            44.27644028
          ],
          [
            40.19658204,
            44.27645561
          ],
          [
            40.19658837,
            44.27646994
          ],
          [
            40.1965947,
            44.27648327
          ],
          [
            40.19660203,
            44.2764966
          ],
          [
            40.19661036,
            44.27650926
          ],
          [
            40.19662069,
            44.27652159
          ],
          [
            40.19663202,
            44.27653225
          ],
          [
            40.19664368,
            44.27654225
          ],
          [
            40.19665401,
            44.27655258
          ],
          [
            40.19666501,
            44.27656358
          ],
          [
            40.19667534,
            44.27657557
          ],
          [
            40.19668567,
            44.2765879
          ],
          [
            40.19669633,
            44.27659989
          ],
          [
            40.19670699,
            44.27661188
          ],
          [
            40.19671598,
            44.27662388
          ],
          [
            40.19672331,
            44.27663554
          ],
          [
            40.1967293,
            44.2766472
          ],
          [
            40.19673463,
            44.2766582
          ],
          [
            40.19673996,
            44.27666686
          ],
          [
            40.19674295,
            44.27667219
          ],
          [
            40.19674594,
            44.27667652
          ],
          [
            40.19674927,
            44.27668118
          ],
          [
            40.19675193,
            44.27668584
          ],
          [
            40.19675692,
            44.27669217
          ],
          [
            40.19676192,
            44.27669983
          ],
          [
            40.19676791,
            44.27670849
          ],
          [
            40.19677457,
            44.27671715
          ],
          [
            40.19678156,
            44.27672614
          ],
          [
            40.19678822,
            44.27673547
          ],
          [
            40.19679388,
            44.27674513
          ],
          [
            40.19680054,
            44.27675646
          ],
          [
            40.1968072,
            44.27676845
          ],
          [
            40.19681353,
            44.27678044
          ],
          [
            40.19681819,
            44.2767921
          ],
          [
            40.19682418,
            44.2768031
          ],
          [
            40.19682951,
            44.27681443
          ],
          [
            40.19683417,
            44.27682543
          ],
          [
            40.19683816,
            44.27683643
          ],
          [
            40.19684249,
            44.27684776
          ],
          [
            40.19684915,
            44.27686009
          ],
          [
            40.19685715,
            44.27687175
          ],
          [
            40.19686515,
            44.27688374
          ],
          [
            40.19687348,
            44.27689674
          ],
          [
            40.19688114,
            44.27691007
          ],
          [
            40.19688847,
            44.2769234
          ],
          [
            40.19689446,
            44.27693606
          ],
          [
            40.19689912,
            44.27694939
          ],
          [
            40.19690445,
            44.27696305
          ],
          [
            40.19691111,
            44.27697504
          ],
          [
            40.19691911,
            44.27698537
          ],
          [
            40.19692844,
            44.27699436
          ],
          [
            40.19693743,
            44.27700236
          ],
          [
            40.19694676,
            44.27701202
          ],
          [
            40.19695476,
            44.27702168
          ],
          [
            40.19696309,
            44.27703034
          ],
          [
            40.19697042,
            44.27703734
          ],
          [
            40.19697842,
            44.27704233
          ],
          [
            40.19698542,
            44.27704733
          ],
          [
            40.19699175,
            44.27705299
          ],
          [
            40.19699741,
            44.27705898
          ],
          [
            40.1970034,
            44.27706364
          ],
          [
            40.1970084,
            44.27706963
          ],
          [
            40.19701339,
            44.27707496
          ],
          [
            40.19701839,
            44.27708095
          ],
          [
            40.19702472,
            44.27708694
          ],
          [
            40.19703038,
            44.27709293
          ],
          [
            40.19703571,
            44.27709826
          ],
          [
            40.19704171,
            44.27710359
          ],
          [
            40.19704804,
            44.27710925
          ],
          [
            40.19705437,
            44.27711491
          ],
          [
            40.19706103,
            44.27711991
          ],
          [
            40.19706703,
            44.27712524
          ],
          [
            40.19707369,
            44.27712957
          ],
          [
            40.19708068,
            44.27713423
          ],
          [
            40.19708534,
            44.27713856
          ],
          [
            40.197088,
            44.27714422
          ],
          [
            40.19708899,
            44.27715121
          ],
          [
            40.19709165,
            44.27715854
          ],
          [
            40.19709665,
            44.27716553
          ],
          [
            40.19710298,
            44.27717253
          ],
          [
            40.19710998,
            44.27717886
          ],
          [
            40.19711631,
            44.27718386
          ],
          [
            40.19712197,
            44.27718885
          ],
          [
            40.19712763,
            44.27719385
          ],
          [
            40.19713296,
            44.27719818
          ],
          [
            40.19713796,
            44.27720318
          ],
          [
            40.19714395,
            44.27720851
          ],
          [
            40.19715128,
            44.27721351
          ],
          [
            40.19715827,
            44.27722084
          ],
          [
            40.1971646,
            44.27722817
          ],
          [
            40.19717026,
            44.27723483
          ],
          [
            40.19717592,
            44.27724149
          ],
          [
            40.19718058,
            44.27724715
          ],
          [
            40.19718724,
            44.27725148
          ],
          [
            40.19719657,
            44.27725481
          ],
          [
            40.19720523,
            44.27725847
          ],
          [
            40.19721356,
            44.27726247
          ],
          [
            40.19722055,
            44.27726713
          ],
          [
            40.19722521,
            44.27727346
          ],
          [
            40.19722854,
            44.27728079
          ],
          [
            40.1972332,
            44.27728745
          ],
          [
            40.19723819,
            44.27729278
          ],
          [
            40.19724185,
            44.27729878
          ],
          [
            40.19724418,
            44.27730511
          ],
          [
            40.19724551,
            44.2773121
          ],
          [
            40.19724751,
            44.27731976
          ],
          [
            40.1972505,
            44.27732675
          ],
          [
            40.19725316,
            44.27733475
          ],
          [
            40.19725549,
            44.27734141
          ],
          [
            40.19725748,
            44.27734807
          ],
          [
            40.19725948,
            44.2773534
          ],
          [
            40.19725981,
            44.2773584
          ],
          [
            40.19726014,
            44.2773634
          ],
          [
            40.19726014,
            44.27736839
          ],
          [
            40.19725981,
            44.27737372
          ],
          [
            40.19725882,
            44.27737872
          ],
          [
            40.19725749,
            44.27738238
          ],
          [
            40.19725483,
            44.27738571
          ],
          [
            40.19725117,
            44.27738771
          ],
          [
            40.19724684,
            44.27739037
          ],
          [
            40.19724151,
            44.27739336
          ],
          [
            40.19723451,
            44.27739469
          ],
          [
            40.19722485,
            44.27739635
          ],
          [
            40.19721385,
            44.27739835
          ],
          [
            40.19720119,
            44.27740068
          ],
          [
            40.19718853,
            44.27740334
          ],
          [
            40.19717853,
            44.27740767
          ],
          [
            40.19717154,
            44.27741167
          ],
          [
            40.19716621,
            44.277416
          ],
          [
            40.19716221,
            44.27742266
          ],
          [
            40.19715755,
            44.27742999
          ],
          [
            40.19715189,
            44.27743932
          ],
          [
            40.19714756,
            44.27744798
          ],
          [
            40.1971419,
            44.27745597
          ],
          [
            40.19713657,
            44.27746263
          ],
          [
            40.19713024,
            44.27746929
          ],
          [
            40.19712358,
            44.27747528
          ],
          [
            40.19711792,
            44.27748094
          ],
          [
            40.19711092,
            44.27748693
          ],
          [
            40.19710493,
            44.27749059
          ],
          [
            40.1970976,
            44.27749425
          ],
          [
            40.19708961,
            44.27749691
          ],
          [
            40.19707995,
            44.27749924
          ],
          [
            40.19707029,
            44.27750124
          ],
          [
            40.19705963,
            44.2775039
          ],
          [
            40.19704897,
            44.2775069
          ],
          [
            40.19703764,
            44.27750756
          ],
          [
            40.19702531,
            44.27750889
          ],
          [
            40.19701431,
            44.27751222
          ],
          [
            40.19700431,
            44.27751688
          ],
          [
            40.19699398,
            44.27752188
          ],
          [
            40.19698598,
            44.27752688
          ],
          [
            40.19698098,
            44.27753187
          ],
          [
            40.19697965,
            44.27753553
          ],
          [
            40.19698131,
            44.27753752
          ],
          [
            40.19698331,
            44.27753952
          ],
          [
            40.19698464,
            44.27754085
          ],
          [
            40.19698464,
            44.27754284
          ],
          [
            40.19698298,
            44.27754484
          ],
          [
            40.19697999,
            44.2775465
          ],
          [
            40.19697633,
            44.27754949
          ],
          [
            40.19697334,
            44.27755282
          ],
          [
            40.19696901,
            44.27755648
          ],
          [
            40.19696501,
            44.27756048
          ],
          [
            40.19696202,
            44.27756447
          ],
          [
            40.19696036,
            44.2775698
          ],
          [
            40.19695903,
            44.27757546
          ],
          [
            40.19695637,
            44.27758079
          ],
          [
            40.19695404,
            44.27758612
          ],
          [
            40.19695138,
            44.27759011
          ],
          [
            40.19694672,
            44.27759244
          ],
          [
            40.19694039,
            44.27759444
          ],
          [
            40.19693306,
            44.27759643
          ],
          [
            40.1969264,
            44.27759876
          ],
          [
            40.19691807,
            44.27760309
          ],
          [
            40.19691074,
            44.27760742
          ],
          [
            40.19690475,
            44.27761341
          ],
          [
            40.19689842,
            44.27761841
          ],
          [
            40.19689409,
            44.27762407
          ],
          [
            40.19689143,
            44.27762873
          ],
          [
            40.1968911,
            44.27763373
          ],
          [
            40.19689376,
            44.27763772
          ],
          [
            40.19689775,
            44.27764105
          ],
          [
            40.19690308,
            44.27764438
          ],
          [
            40.19690874,
            44.27764738
          ],
          [
            40.19691374,
            44.27765137
          ],
          [
            40.19691773,
            44.2776557
          ],
          [
            40.19692173,
            44.27766036
          ],
          [
            40.19692673,
            44.27766402
          ],
          [
            40.19692939,
            44.27766668
          ],
          [
            40.19693138,
            44.27767234
          ],
          [
            40.19693171,
            44.27767767
          ],
          [
            40.19693237,
            44.277681
          ],
          [
            40.19693303,
            44.27768466
          ],
          [
            40.19693204,
            44.27768899
          ],
          [
            40.19692905,
            44.27769498
          ],
          [
            40.19692572,
            44.27770198
          ],
          [
            40.19692306,
            44.27770831
          ],
          [
            40.19692007,
            44.27771464
          ],
          [
            40.19691708,
            44.27772097
          ],
          [
            40.19691342,
            44.27772696
          ],
          [
            40.19691043,
            44.27773295
          ],
          [
            40.19690977,
            44.27773795
          ],
          [
            40.19691143,
            44.27774428
          ],
          [
            40.19691343,
            44.27775027
          ],
          [
            40.19691376,
            44.2777546
          ],
          [
            40.1969131,
            44.27775893
          ],
          [
            40.19691244,
            44.27776293
          ],
          [
            40.19691178,
            44.27776659
          ],
          [
            40.19691013,
            44.27777125
          ],
          [
            40.19690847,
            44.27777092
          ],
          [
            40.19690614,
            44.27777192
          ],
          [
            40.19690481,
            44.27777126
          ],
          [
            40.19690315,
            44.27777192
          ],
          [
            40.19690016,
            44.27777126
          ],
          [
            40.1968965,
            44.27777026
          ],
          [
            40.19689217,
            44.27776927
          ],
          [
            40.19689051,
            44.27776761
          ],
          [
            40.19688851,
            44.27776628
          ],
          [
            40.19688618,
            44.27776462
          ],
          [
            40.19688352,
            44.27776462
          ],
          [
            40.19688053,
            44.27776562
          ],
          [
            40.19687654,
            44.27776562
          ],
          [
            40.19687388,
            44.27776562
          ],
          [
            40.19687255,
            44.27776496
          ],
          [
            40.19687122,
            44.27776397
          ],
          [
            40.19687122,
            44.27776231
          ],
          [
            40.19687056,
            44.27776364
          ],
          [
            40.19686923,
            44.2777663
          ],
          [
            40.19686923,
            44.27776929
          ],
          [
            40.19687056,
            44.27777362
          ],
          [
            40.19687322,
            44.27777962
          ],
          [
            40.19687488,
            44.27778695
          ],
          [
            40.19687588,
            44.27779294
          ],
          [
            40.19687721,
            44.27779927
          ],
          [
            40.1968802,
            44.2778056
          ],
          [
            40.1968842,
            44.27781093
          ],
          [
            40.19688886,
            44.27781759
          ],
          [
            40.19689352,
            44.27782425
          ],
          [
            40.19689785,
            44.27783058
          ],
          [
            40.19690118,
            44.27783791
          ],
          [
            40.19690417,
            44.27784591
          ],
          [
            40.19690683,
            44.27785391
          ],
          [
            40.19690849,
            44.27786191
          ],
          [
            40.19690816,
            44.27787057
          ],
          [
            40.19690583,
            44.2778819
          ],
          [
            40.19690317,
            44.27789189
          ],
          [
            40.19690118,
            44.27790222
          ],
          [
            40.19689852,
            44.27791155
          ],
          [
            40.19689352,
            44.27791855
          ],
          [
            40.19688686,
            44.27792388
          ],
          [
            40.19688253,
            44.27792921
          ],
          [
            40.19687987,
            44.2779352
          ],
          [
            40.19687688,
            44.27794053
          ],
          [
            40.19687255,
            44.27794586
          ],
          [
            40.19686722,
            44.27795252
          ],
          [
            40.19686289,
            44.27796052
          ],
          [
            40.19685956,
            44.27796852
          ],
          [
            40.19685657,
            44.27797718
          ],
          [
            40.19685358,
            44.27798584
          ],
          [
            40.19685192,
            44.2779935
          ],
          [
            40.19684893,
            44.27800083
          ],
          [
            40.19684494,
            44.27800816
          ],
          [
            40.19684028,
            44.27801482
          ],
          [
            40.19683395,
            44.27802115
          ],
          [
            40.19682729,
            44.27802781
          ],
          [
            40.19682063,
            44.27803414
          ],
          [
            40.1968143,
            44.2780398
          ],
          [
            40.19680764,
            44.27804546
          ],
          [
            40.19680098,
            44.27805145
          ],
          [
            40.19679432,
            44.27805711
          ],
          [
            40.19678699,
            44.27806244
          ],
          [
            40.19677933,
            44.27807044
          ],
          [
            40.19677334,
            44.2780791
          ],
          [
            40.19676801,
            44.2780891
          ],
          [
            40.19676535,
            44.27809909
          ],
          [
            40.19676668,
            44.27810775
          ],
          [
            40.19677067,
            44.27811541
          ],
          [
            40.19677467,
            44.27812341
          ],
          [
            40.19678133,
            44.27813174
          ],
          [
            40.19678566,
            44.27814107
          ],
          [
            40.19678999,
            44.27815207
          ],
          [
            40.19679165,
            44.27816473
          ],
          [
            40.19679364,
            44.27817806
          ],
          [
            40.19679464,
            44.27819039
          ],
          [
            40.19679663,
            44.27820172
          ],
          [
            40.19680029,
            44.27821272
          ],
          [
            40.19680528,
            44.27822238
          ],
          [
            40.19681028,
            44.27823304
          ],
          [
            40.19681461,
            44.27824337
          ],
          [
            40.19681794,
            44.27825403
          ],
          [
            40.1968206,
            44.27826536
          ],
          [
            40.19682193,
            44.27827669
          ],
          [
            40.19682226,
            44.27828769
          ],
          [
            40.19682259,
            44.27829735
          ],
          [
            40.19682592,
            44.27830701
          ],
          [
            40.19683258,
            44.27831634
          ],
          [
            40.19684058,
            44.27832534
          ],
          [
            40.19684858,
            44.278334
          ],
          [
            40.19685691,
            44.27834266
          ],
          [
            40.19686524,
            44.27835099
          ],
          [
            40.19687457,
            44.27836032
          ],
          [
            40.1968859,
            44.27836898
          ],
          [
            40.19689856,
            44.27837698
          ],
          [
            40.19691155,
            44.27838498
          ],
          [
            40.19692455,
            44.27839264
          ],
          [
            40.19693788,
            44.2784003
          ],
          [
            40.19694954,
            44.27840896
          ],
          [
            40.19695953,
            44.27841796
          ],
          [
            40.19696519,
            44.27842895
          ],
          [
            40.19696619,
            44.27844028
          ],
          [
            40.19696286,
            44.27845028
          ],
          [
            40.19695553,
            44.27845961
          ],
          [
            40.1969442,
            44.27846794
          ],
          [
            40.19693154,
            44.27847494
          ],
          [
            40.19691821,
            44.2784816
          ],
          [
            40.19690455,
            44.27848826
          ],
          [
            40.19688989,
            44.27849559
          ],
          [
            40.19687556,
            44.27850225
          ],
          [
            40.19686123,
            44.27850925
          ],
          [
            40.1968479,
            44.27851658
          ],
          [
            40.1968329,
            44.27852324
          ],
          [
            40.19681824,
            44.27853023
          ],
          [
            40.19680325,
            44.27853756
          ],
          [
            40.19678859,
            44.27854389
          ],
          [
            40.19677259,
            44.27854988
          ],
          [
            40.19675526,
            44.27855454
          ],
          [
            40.19673693,
            44.27855887
          ],
          [
            40.19671927,
            44.27856353
          ],
          [
            40.19670194,
            44.27856619
          ],
          [
            40.19668495,
            44.27856719
          ],
          [
            40.19666729,
            44.27856686
          ],
          [
            40.19664796,
            44.27856686
          ],
          [
            40.1966293,
            44.27856752
          ],
          [
            40.19661131,
            44.27856951
          ],
          [
            40.19659298,
            44.27857051
          ],
          [
            40.19657499,
            44.27857117
          ],
          [
            40.19655599,
            44.27857183
          ],
          [
            40.19653733,
            44.27857316
          ],
          [
            40.19651833,
            44.27857382
          ],
          [
            40.1965,
            44.27857515
          ],
          [
            40.19648267,
            44.27857648
          ],
          [
            40.19646467,
            44.27857747
          ],
          [
            40.19644668,
            44.27857847
          ],
          [
            40.19642835,
            44.27857913
          ],
          [
            40.19640969,
            44.27857979
          ],
          [
            40.19639103,
            44.27858045
          ],
          [
            40.19637104,
            44.27858078
          ],
          [
            40.19635171,
            44.27858211
          ],
          [
            40.19633205,
            44.27858277
          ],
          [
            40.19631306,
            44.2785831
          ],
          [
            40.1962944,
            44.27858376
          ],
          [
            40.1962764,
            44.27858509
          ],
          [
            40.19625941,
            44.27858642
          ],
          [
            40.19624208,
            44.27858775
          ],
          [
            40.19622442,
            44.27858874
          ],
          [
            40.19620709,
            44.27859007
          ],
          [
            40.19618943,
            44.27859206
          ],
          [
            40.19617077,
            44.27859472
          ],
          [
            40.19615244,
            44.27859738
          ],
          [
            40.19613445,
            44.27859938
          ],
          [
            40.19611712,
            44.27860071
          ],
          [
            40.19610146,
            44.27860337
          ],
          [
            40.19608513,
            44.27860537
          ],
          [
            40.19606947,
            44.27860803
          ],
          [
            40.19605547,
            44.27861136
          ],
          [
            40.19604181,
            44.27861502
          ],
          [
            40.19602881,
            44.27861835
          ],
          [
            40.19601582,
            44.27862234
          ],
          [
            40.19600282,
            44.278626
          ],
          [
            40.19598949,
            44.27863033
          ],
          [
            40.19597549,
            44.27863499
          ],
          [
            40.19596116,
            44.27863898
          ],
          [
            40.1959465,
            44.27864331
          ],
          [
            40.19593117,
            44.27864797
          ],
          [
            40.19591584,
            44.2786523
          ],
          [
            40.19590118,
            44.27865529
          ],
          [
            40.19588718,
            44.27865795
          ],
          [
            40.19587419,
            44.27865928
          ],
          [
            40.19586386,
            44.27866028
          ],
          [
            40.1958542,
            44.27866161
          ],
          [
            40.19584387,
            44.27866227
          ],
          [
            40.19583454,
            44.27866327
          ],
          [
            40.19582521,
            44.2786646
          ],
          [
            40.19581721,
            44.27866693
          ],
          [
            40.19580888,
            44.27867026
          ],
          [
            40.19580222,
            44.27867359
          ],
          [
            40.19579722,
            44.27867892
          ],
          [
            40.19579156,
            44.27868592
          ],
          [
            40.1957829,
            44.27869358
          ],
          [
            40.19577224,
            44.27870157
          ],
          [
            40.19576124,
            44.27870823
          ],
          [
            40.19574858,
            44.27871489
          ],
          [
            40.19573758,
            44.27872088
          ],
          [
            40.19573058,
            44.27872454
          ],
          [
            40.19572559,
            44.2787272
          ],
          [
            40.19572193,
            44.27872953
          ],
          [
            40.19571894,
            44.27873119
          ],
          [
            40.19571728,
            44.27873317
          ],
          [
            40.19571562,
            44.27873317
          ],
          [
            40.19570963,
            44.2787345
          ],
          [
            40.1957023,
            44.27873749
          ],
          [
            40.19569331,
            44.27874115
          ],
          [
            40.19568398,
            44.27874581
          ],
          [
            40.19567332,
            44.27875081
          ],
          [
            40.19566333,
            44.27875514
          ],
          [
            40.19565267,
            44.27875914
          ],
          [
            40.19564134,
            44.27876414
          ],
          [
            40.19562934,
            44.27876813
          ],
          [
            40.19561568,
            44.27877213
          ],
          [
            40.19560135,
            44.27877746
          ],
          [
            40.19558669,
            44.27878079
          ],
          [
            40.19557203,
            44.27878378
          ],
          [
            40.1955557,
            44.27878611
          ],
          [
            40.19553871,
            44.2787891
          ],
          [
            40.19552272,
            44.27879243
          ],
          [
            40.19550606,
            44.27879743
          ],
          [
            40.19549006,
            44.27880309
          ],
          [
            40.19547406,
            44.27880908
          ],
          [
            40.19545907,
            44.27881541
          ],
          [
            40.19544541,
            44.27882174
          ],
          [
            40.19543241,
            44.2788284
          ],
          [
            40.19541942,
            44.27883406
          ],
          [
            40.19540609,
            44.27883972
          ],
          [
            40.19539309,
            44.27884505
          ],
          [
            40.1953811,
            44.27885105
          ],
          [
            40.19536877,
            44.27885638
          ],
          [
            40.19535644,
            44.27886171
          ],
          [
            40.19534311,
            44.27886571
          ],
          [
            40.19532845,
            44.27886737
          ],
          [
            40.19531312,
            44.27886837
          ],
          [
            40.19529646,
            44.27886837
          ],
          [
            40.19527913,
            44.27886671
          ],
          [
            40.19526214,
            44.27886538
          ],
          [
            40.19524515,
            44.27886505
          ],
          [
            40.19522849,
            44.27886571
          ],
          [
            40.19521183,
            44.2788667
          ],
          [
            40.19519517,
            44.27886803
          ],
          [
            40.19517851,
            44.27886936
          ],
          [
            40.19516252,
            44.27887136
          ],
          [
            40.19514619,
            44.27887336
          ],
          [
            40.19513086,
            44.27887602
          ],
          [
            40.1951152,
            44.27887802
          ],
          [
            40.19509887,
            44.27887868
          ],
          [
            40.19508354,
            44.27887868
          ],
          [
            40.19506821,
            44.27887835
          ],
          [
            40.19505288,
            44.27887769
          ],
          [
            40.19503788,
            44.27887802
          ],
          [
            40.19502322,
            44.27887736
          ],
          [
            40.19500922,
            44.27887637
          ],
          [
            40.19499556,
            44.27887371
          ],
          [
            40.19498456,
            44.27886971
          ],
          [
            40.19497557,
            44.27886238
          ],
          [
            40.19496591,
            44.27885538
          ],
          [
            40.19495691,
            44.27884972
          ],
          [
            40.19494892,
            44.27884639
          ],
          [
            40.19493926,
            44.2788424
          ],
          [
            40.1949296,
            44.27883807
          ],
          [
            40.19492027,
            44.27883141
          ],
          [
            40.19491094,
            44.27882408
          ],
          [
            40.19490128,
            44.27881575
          ],
          [
            40.19489162,
            44.27880609
          ],
          [
            40.19488296,
            44.27879609
          ],
          [
            40.19487363,
            44.2787861
          ],
          [
            40.19486563,
            44.27877544
          ],
          [
            40.19485797,
            44.27876544
          ],
          [
            40.19484898,
            44.27875511
          ],
          [
            40.19483798,
            44.27874578
          ],
          [
            40.19482599,
            44.27873579
          ],
          [
            40.19481433,
            44.27872613
          ],
          [
            40.19480267,
            44.27871714
          ],
          [
            40.19479101,
            44.27870881
          ],
          [
            40.19478002,
            44.27870048
          ],
          [
            40.19476936,
            44.27869215
          ],
          [
            40.19475903,
            44.27868449
          ],
          [
            40.1947487,
            44.27867816
          ],
          [
            40.19473804,
            44.2786735
          ],
          [
            40.19472771,
            44.27866951
          ],
          [
            40.19471705,
            44.27866352
          ],
          [
            40.19470706,
            44.27865619
          ],
          [
            40.19469573,
            44.27864953
          ],
          [
            40.1946834,
            44.27864287
          ],
          [
            40.19467074,
            44.27863654
          ],
          [
            40.19465908,
            44.27862854
          ],
          [
            40.19464842,
            44.27862055
          ],
          [
            40.19463776,
            44.27861089
          ],
          [
            40.19462877,
            44.27860056
          ],
          [
            40.19462144,
            44.2785889
          ],
          [
            40.19461545,
            44.27857657
          ],
          [
            40.19461146,
            44.27856324
          ],
          [
            40.19460847,
            44.27854991
          ],
          [
            40.19460514,
            44.27853725
          ],
          [
            40.19460181,
            44.27852425
          ],
          [
            40.19459981,
            44.27851126
          ],
          [
            40.19459915,
            44.27849793
          ],
          [
            40.19459782,
            44.27848493
          ],
          [
            40.19459582,
            44.27847227
          ],
          [
            40.19459316,
            44.27845927
          ],
          [
            40.19458917,
            44.27844827
          ],
          [
            40.19458351,
            44.27843628
          ],
          [
            40.19457818,
            44.27842495
          ],
          [
            40.19457285,
            44.27841429
          ],
          [
            40.19456852,
            44.27840396
          ],
          [
            40.19456453,
            44.2783943
          ],
          [
            40.19455953,
            44.27838531
          ],
          [
            40.19455453,
            44.27837698
          ],
          [
            40.19454954,
            44.27836765
          ],
          [
            40.19454388,
            44.27835799
          ],
          [
            40.19453855,
            44.27834766
          ],
          [
            40.19453189,
            44.27833666
          ],
          [
            40.19452389,
            44.27832666
          ],
          [
            40.1945139,
            44.27831667
          ],
          [
            40.19450057,
            44.27830867
          ],
          [
            40.19448491,
            44.27830134
          ],
          [
            40.19446925,
            44.27829435
          ],
          [
            40.19445292,
            44.27828669
          ],
          [
            40.19443993,
            44.27827869
          ],
          [
            40.19442993,
            44.27826936
          ],
          [
            40.19442294,
            44.2782577
          ],
          [
            40.19441861,
            44.2782447
          ],
          [
            40.19441661,
            44.2782317
          ],
          [
            40.19441462,
            44.27821904
          ],
          [
            40.19441029,
            44.27820538
          ],
          [
            40.19440496,
            44.27819272
          ],
          [
            40.19439963,
            44.27817972
          ],
          [
            40.19439464,
            44.27816639
          ],
          [
            40.19438898,
            44.2781534
          ],
          [
            40.19438165,
            44.27814074
          ],
          [
            40.19437232,
            44.27812841
          ],
          [
            40.19436066,
            44.27811708
          ],
          [
            40.194348,
            44.27810642
          ],
          [
            40.194335,
            44.27809743
          ],
          [
            40.194321,
            44.27809043
          ],
          [
            40.19430634,
            44.2780851
          ],
          [
            40.19429135,
            44.27808111
          ],
          [
            40.19427535,
            44.27808012
          ],
          [
            40.19425935,
            44.27808078
          ],
          [
            40.19424302,
            44.27808244
          ],
          [
            40.19422536,
            44.27808477
          ],
          [
            40.19420737,
            44.2780861
          ],
          [
            40.19419004,
            44.27808709
          ],
          [
            40.19417371,
            44.27808909
          ],
          [
            40.19416038,
            44.27809208
          ],
          [
            40.19415305,
            44.27809941
          ],
          [
            40.19415072,
            44.27810874
          ],
          [
            40.19415072,
            44.2781194
          ],
          [
            40.19415105,
            44.27813106
          ],
          [
            40.19415138,
            44.27814339
          ],
          [
            40.19415039,
            44.27815605
          ],
          [
            40.19414773,
            44.27816804
          ],
          [
            40.19414207,
            44.27818103
          ],
          [
            40.19413474,
            44.27819336
          ],
          [
            40.19412508,
            44.27820469
          ],
          [
            40.19411308,
            44.27821569
          ],
          [
            40.19409942,
            44.27822468
          ],
          [
            40.19408442,
            44.27823268
          ],
          [
            40.19406876,
            44.27823967
          ],
          [
            40.19405143,
            44.278246
          ],
          [
            40.19403377,
            44.27825066
          ],
          [
            40.19401444,
            44.27825532
          ],
          [
            40.19399478,
            44.27825865
          ],
          [
            40.19397512,
            44.27826065
          ],
          [
            40.19395546,
            44.27826231
          ],
          [
            40.19393613,
            44.27826464
          ],
          [
            40.19391713,
            44.27826797
          ],
          [
            40.1938978,
            44.27827096
          ],
          [
            40.19387847,
            44.27827395
          ],
          [
            40.19385781,
            44.27827628
          ],
          [
            40.19383782,
            44.27827927
          ],
          [
            40.19381749,
            44.27828226
          ],
          [
            40.19379716,
            44.27828459
          ],
          [
            40.19377717,
            44.27828692
          ],
          [
            40.19375784,
            44.27828892
          ],
          [
            40.19373818,
            44.27829058
          ],
          [
            40.19371785,
            44.27829191
          ],
          [
            40.19369786,
            44.2782929
          ],
          [
            40.19367753,
            44.27829356
          ],
          [
            40.1936572,
            44.27829422
          ],
          [
            40.19363721,
            44.27829422
          ],
          [
            40.19361722,
            44.27829521
          ],
          [
            40.19359723,
            44.27829587
          ],
          [
            40.19357724,
            44.2782962
          ],
          [
            40.19355725,
            44.27829521
          ],
          [
            40.19353859,
            44.27829321
          ],
          [
            40.19351993,
            44.27829122
          ],
          [
            40.19350093,
            44.27829022
          ],
          [
            40.1934816,
            44.27828889
          ],
          [
            40.19346194,
            44.27828723
          ],
          [
            40.19344161,
            44.27828624
          ],
          [
            40.19342261,
            44.27828524
          ],
          [
            40.19340361,
            44.27828524
          ],
          [
            40.19338462,
            44.27828524
          ],
          [
            40.19336496,
            44.2782859
          ],
          [
            40.1933453,
            44.27828557
          ],
          [
            40.19332697,
            44.2782859
          ],
          [
            40.19330831,
            44.27828623
          ],
          [
            40.19328998,
            44.27828656
          ],
          [
            40.19327165,
            44.27828656
          ],
          [
            40.19325332,
            44.27828789
          ],
          [
            40.19323499,
            44.27828955
          ],
          [
            40.193217,
            44.27829155
          ],
          [
            40.19320001,
            44.27829554
          ],
          [
            40.19318235,
            44.2783012
          ],
          [
            40.19316569,
            44.27830886
          ],
          [
            40.19314969,
            44.27831585
          ],
          [
            40.19313336,
            44.27832285
          ],
          [
            40.19311703,
            44.27832884
          ],
          [
            40.19310037,
            44.27833483
          ],
          [
            40.19308271,
            44.27834016
          ],
          [
            40.19306472,
            44.27834549
          ],
          [
            40.19304773,
            44.27835182
          ],
          [
            40.1930314,
            44.27835848
          ],
          [
            40.19301607,
            44.27836447
          ],
          [
            40.19300074,
            44.2783698
          ],
          [
            40.19298541,
            44.27837513
          ],
          [
            40.19297041,
            44.27838046
          ],
          [
            40.19295575,
            44.27838679
          ],
          [
            40.19294242,
            44.27839412
          ],
          [
            40.19292976,
            44.27840112
          ],
          [
            40.19291743,
            44.27840912
          ],
          [
            40.19290544,
            44.27841745
          ],
          [
            40.19289511,
            44.27842711
          ],
          [
            40.19288745,
            44.27843677
          ],
          [
            40.19288079,
            44.27844743
          ],
          [
            40.19287413,
            44.27845809
          ],
          [
            40.19286747,
            44.27846875
          ],
          [
            40.19285947,
            44.27848008
          ],
          [
            40.19285147,
            44.27849141
          ],
          [
            40.19284181,
            44.27850274
          ],
          [
            40.19283148,
            44.27851473
          ],
          [
            40.19282115,
            44.27852672
          ],
          [
            40.19281182,
            44.27853938
          ],
          [
            40.19280349,
            44.27855204
          ],
          [
            40.1927945,
            44.2785637
          ],
          [
            40.19278417,
            44.2785717
          ],
          [
            40.19277284,
            44.27857536
          ],
          [
            40.19275884,
            44.27857835
          ],
          [
            40.19274318,
            44.27858101
          ],
          [
            40.19272618,
            44.278584
          ],
          [
            40.19270885,
            44.27858766
          ],
          [
            40.19269052,
            44.27859032
          ],
          [
            40.19267119,
            44.27859198
          ],
          [
            40.1926512,
            44.27859297
          ],
          [
            40.19263087,
            44.27859363
          ],
          [
            40.19261154,
            44.27859463
          ],
          [
            40.19259188,
            44.27859596
          ],
          [
            40.19257155,
            44.27859762
          ],
          [
            40.19255189,
            44.27859895
          ],
          [
            40.19253223,
            44.27860194
          ],
          [
            40.1925109,
            44.27860493
          ],
          [
            40.19248957,
            44.27860826
          ],
          [
            40.19246824,
            44.27861292
          ],
          [
            40.19244724,
            44.27861825
          ],
          [
            40.19242758,
            44.27862491
          ],
          [
            40.19240759,
            44.27863224
          ],
          [
            40.1923876,
            44.27863757
          ],
          [
            40.19236694,
            44.27864257
          ],
          [
            40.19234728,
            44.2786469
          ],
          [
            40.19232729,
            44.27864923
          ],
          [
            40.19230763,
            44.27865156
          ],
          [
            40.19228697,
            44.27865489
          ],
          [
            40.19226664,
            44.27865722
          ],
          [
            40.19224565,
            44.27865955
          ],
          [
            40.19222532,
            44.27866088
          ],
          [
            40.19220433,
            44.27866321
          ],
          [
            40.19218367,
            44.27866587
          ],
          [
            40.19216267,
            44.27866787
          ],
          [
            40.19214134,
            44.27867053
          ],
          [
            40.19212068,
            44.27867352
          ],
          [
            40.19210002,
            44.27867685
          ],
          [
            40.19208036,
            44.27867984
          ],
          [
            40.19206003,
            44.27868383
          ],
          [
            40.19204037,
            44.27868716
          ],
          [
            40.19202071,
            44.27869016
          ],
          [
            40.19200105,
            44.27869215
          ],
          [
            40.19198172,
            44.27869315
          ],
          [
            40.19196139,
            44.27869282
          ],
          [
            40.19194206,
            44.27869149
          ],
          [
            40.1919224,
            44.27869016
          ],
          [
            40.19190241,
            44.27868716
          ],
          [
            40.19188341,
            44.27868417
          ],
          [
            40.19186508,
            44.27868084
          ],
          [
            40.19184775,
            44.27867851
          ],
          [
            40.19183042,
            44.27867618
          ],
          [
            40.19181276,
            44.27867684
          ],
          [
            40.19179476,
            44.2786785
          ],
          [
            40.19177743,
            44.27868083
          ],
          [
            40.1917611,
            44.27868449
          ],
          [
            40.19174444,
            44.27868915
          ],
          [
            40.19172711,
            44.27869548
          ],
          [
            40.19171212,
            44.27870248
          ],
          [
            40.19169846,
            44.27871114
          ],
          [
            40.19168746,
            44.2787218
          ],
          [
            40.1916778,
            44.27873346
          ],
          [
            40.1916678,
            44.27874612
          ],
          [
            40.19165847,
            44.27875812
          ],
          [
            40.19164814,
            44.27876912
          ],
          [
            40.19163548,
            44.27877778
          ],
          [
            40.19161982,
            44.27878444
          ],
          [
            40.19160283,
            44.27879043
          ],
          [
            40.19158617,
            44.27879543
          ],
          [
            40.19157084,
            44.27880043
          ],
          [
            40.19155784,
            44.27880609
          ],
          [
            40.19154518,
            44.27881275
          ],
          [
            40.19153285,
            44.27882075
          ],
          [
            40.19152086,
            44.27882841
          ],
          [
            40.19150887,
            44.27883407
          ],
          [
            40.19149721,
            44.27883873
          ],
          [
            40.19148488,
            44.27884506
          ],
          [
            40.19147355,
            44.27885372
          ],
          [
            40.19146255,
            44.27886271
          ],
          [
            40.19145189,
            44.2788727
          ],
          [
            40.19144189,
            44.2788827
          ],
          [
            40.19143356,
            44.2788927
          ],
          [
            40.1914259,
            44.27890336
          ],
          [
            40.19141824,
            44.27891402
          ],
          [
            40.19141224,
            44.27892468
          ],
          [
            40.19140658,
            44.27893601
          ],
          [
            40.19139959,
            44.27894734
          ],
          [
            40.19139159,
            44.27895767
          ],
          [
            40.1913816,
            44.27896766
          ],
          [
            40.19136994,
            44.27897832
          ],
          [
            40.19135861,
            44.27898998
          ],
          [
            40.19134828,
            44.27900231
          ],
          [
            40.19133962,
            44.27901464
          ],
          [
            40.19133162,
            44.27902597
          ],
          [
            40.19132362,
            44.27903663
          ],
          [
            40.19131463,
            44.27904696
          ],
          [
            40.19130597,
            44.27905796
          ],
          [
            40.19129764,
            44.27906762
          ],
          [
            40.19128831,
            44.27907761
          ],
          [
            40.19127798,
            44.27908827
          ],
          [
            40.19126665,
            44.27909827
          ],
          [
            40.19125465,
            44.27910726
          ],
          [
            40.19124266,
            44.27911592
          ],
          [
            40.191231,
            44.27912458
          ],
          [
            40.19121834,
            44.27913391
          ],
          [
            40.19120468,
            44.27914324
          ],
          [
            40.19119135,
            44.27915223
          ],
          [
            40.19117802,
            44.27916256
          ],
          [
            40.19116669,
            44.27917322
          ],
          [
            40.19115536,
            44.27918355
          ],
          [
            40.19114436,
            44.27919455
          ],
          [
            40.19113336,
            44.27920521
          ],
          [
            40.19112137,
            44.27921487
          ],
          [
            40.19111004,
            44.2792252
          ],
          [
            40.19109904,
            44.2792362
          ],
          [
            40.19108938,
            44.2792472
          ],
          [
            40.19108172,
            44.27925919
          ],
          [
            40.19107539,
            44.27927252
          ],
          [
            40.19107073,
            44.27928585
          ],
          [
            40.19106707,
            44.27929985
          ],
          [
            40.19106408,
            44.27931351
          ],
          [
            40.19106175,
            44.27932717
          ],
          [
            40.19105809,
            44.27934083
          ],
          [
            40.19105409,
            44.27935416
          ],
          [
            40.19104909,
            44.27936749
          ],
          [
            40.19104276,
            44.27938149
          ],
          [
            40.1910371,
            44.27939615
          ],
          [
            40.19102877,
            44.27941015
          ],
          [
            40.19101978,
            44.27942381
          ],
          [
            40.19100912,
            44.27943714
          ],
          [
            40.19099946,
            44.27945014
          ],
          [
            40.19098946,
            44.27946114
          ],
          [
            40.19097747,
            44.27947047
          ],
          [
            40.19096514,
            44.27947913
          ],
          [
            40.19095381,
            44.27948779
          ],
          [
            40.19094415,
            44.27949779
          ],
          [
            40.19093582,
            44.27950812
          ],
          [
            40.19092883,
            44.27951878
          ],
          [
            40.19092383,
            44.27952944
          ],
          [
            40.19091883,
            44.27954177
          ],
          [
            40.1909125,
            44.27955477
          ],
          [
            40.19090684,
            44.27956776
          ],
          [
            40.19090218,
            44.27958109
          ],
          [
            40.19089852,
            44.27959375
          ],
          [
            40.19089586,
            44.27960641
          ],
          [
            40.19089353,
            44.27961974
          ],
          [
            40.19088987,
            44.2796334
          ],
          [
            40.19088721,
            44.27964773
          ],
          [
            40.19088488,
            44.27966173
          ],
          [
            40.19088222,
            44.27967539
          ],
          [
            40.19087889,
            44.27968838
          ],
          [
            40.19087456,
            44.27970038
          ],
          [
            40.1908709,
            44.27971304
          ],
          [
            40.19086657,
            44.2797257
          ],
          [
            40.19086258,
            44.27973769
          ],
          [
            40.19085825,
            44.27975035
          ],
          [
            40.19085159,
            44.27976235
          ],
          [
            40.19084426,
            44.27977434
          ],
          [
            40.19083626,
            44.279787
          ],
          [
            40.19082893,
            44.27979966
          ],
          [
            40.1908226,
            44.27981232
          ],
          [
            40.1908156,
            44.27982432
          ],
          [
            40.19080661,
            44.27983532
          ],
          [
            40.19079662,
            44.27984632
          ],
          [
            40.19078596,
            44.27985798
          ],
          [
            40.19077563,
            44.27986964
          ],
          [
            40.1907653,
            44.2798813
          ],
          [
            40.19075497,
            44.27989296
          ],
          [
            40.19074631,
            44.27990529
          ],
          [
            40.19073898,
            44.27991862
          ],
          [
            40.19073232,
            44.27993128
          ],
          [
            40.19072666,
            44.27994461
          ],
          [
            40.190722,
            44.27995761
          ],
          [
            40.19071734,
            44.27997094
          ],
          [
            40.19071301,
            44.27998427
          ],
          [
            40.19070935,
            44.27999726
          ],
          [
            40.19070602,
            44.28001059
          ],
          [
            40.19070369,
            44.28002325
          ],
          [
            40.19070103,
            44.28003691
          ],
          [
            40.19070037,
            44.28005057
          ],
          [
            40.19070103,
            44.2800639
          ],
          [
            40.19070103,
            44.28007723
          ],
          [
            40.19069937,
            44.28009056
          ],
          [
            40.19069504,
            44.28010389
          ],
          [
            40.19068771,
            44.28011655
          ],
          [
            40.19067738,
            44.28012754
          ],
          [
            40.19066439,
            44.2801372
          ],
          [
            40.19065006,
            44.28014586
          ],
          [
            40.19063473,
            44.28015452
          ],
          [
            40.19061974,
            44.28016218
          ],
          [
            40.19060441,
            44.28017018
          ],
          [
            40.19059008,
            44.28017817
          ],
          [
            40.19057608,
            44.28018783
          ],
          [
            40.19056109,
            44.28019682
          ],
          [
            40.1905441,
            44.28020581
          ],
          [
            40.19052844,
            44.28021314
          ],
          [
            40.19051311,
            44.28021947
          ],
          [
            40.19049778,
            44.28022647
          ],
          [
            40.19048412,
            44.28023413
          ],
          [
            40.19047046,
            44.28024146
          ],
          [
            40.19045813,
            44.28024979
          ],
          [
            40.1904478,
            44.28025878
          ],
          [
            40.19043747,
            44.28026878
          ],
          [
            40.19042714,
            44.28027877
          ],
          [
            40.19041581,
            44.28028877
          ],
          [
            40.19040282,
            44.2802981
          ],
          [
            40.19038849,
            44.28030576
          ],
          [
            40.19037383,
            44.28031242
          ],
          [
            40.19035983,
            44.28031975
          ],
          [
            40.1903455,
            44.28032775
          ],
          [
            40.1903315,
            44.28033708
          ],
          [
            40.19031684,
            44.28034574
          ],
          [
            40.19030151,
            44.28035507
          ],
          [
            40.19028585,
            44.28036373
          ],
          [
            40.19026952,
            44.28037306
          ],
          [
            40.19025386,
            44.28038272
          ],
          [
            40.1902392,
            44.28039038
          ],
          [
            40.19022554,
            44.28039838
          ],
          [
            40.19021288,
            44.28040737
          ],
          [
            40.19019988,
            44.2804167
          ],
          [
            40.19018655,
            44.28042603
          ],
          [
            40.19017255,
            44.28043536
          ],
          [
            40.19015855,
            44.28044469
          ],
          [
            40.19014455,
            44.28045435
          ],
          [
            40.19013022,
            44.28046334
          ],
          [
            40.19011556,
            44.28047233
          ],
          [
            40.19010023,
            44.28048033
          ],
          [
            40.19008357,
            44.28048766
          ],
          [
            40.19006624,
            44.28049465
          ],
          [
            40.19004925,
            44.28050164
          ],
          [
            40.19003226,
            44.28050697
          ],
          [
            40.19001493,
            44.2805123
          ],
          [
            40.18999627,
            44.28051763
          ],
          [
            40.18997794,
            44.28052263
          ],
          [
            40.18995961,
            44.28052763
          ],
          [
            40.18994195,
            44.28053262
          ],
          [
            40.18992395,
            44.28053695
          ],
          [
            40.18990662,
            44.28054094
          ],
          [
            40.18988796,
            44.28054427
          ],
          [
            40.18986963,
            44.2805466
          ],
          [
            40.18985063,
            44.2805486
          ],
          [
            40.1898313,
            44.28054993
          ],
          [
            40.18981097,
            44.28054993
          ],
          [
            40.18979064,
            44.28055092
          ],
          [
            40.18977065,
            44.28055125
          ],
          [
            40.18974899,
            44.28055291
          ],
          [
            40.18972833,
            44.2805539
          ],
          [
            40.189707,
            44.2805539
          ],
          [
            40.18968634,
            44.28055324
          ],
          [
            40.18966534,
            44.28055191
          ],
          [
            40.18964401,
            44.28054992
          ],
          [
            40.18962335,
            44.28054826
          ],
          [
            40.18960302,
            44.2805456
          ],
          [
            40.18958336,
            44.28054227
          ],
          [
            40.18956337,
            44.28053894
          ],
          [
            40.18954437,
            44.28053528
          ],
          [
            40.18952471,
            44.28053195
          ],
          [
            40.18950572,
            44.28052796
          ],
          [
            40.18948706,
            44.28052263
          ],
          [
            40.1894684,
            44.28051864
          ],
          [
            40.18944974,
            44.28051398
          ],
          [
            40.18943141,
            44.28050932
          ],
          [
            40.18941308,
            44.28050432
          ],
          [
            40.18939408,
            44.28049999
          ],
          [
            40.18937542,
            44.28049599
          ],
          [
            40.18935676,
            44.28049233
          ],
          [
            40.18933743,
            44.28048834
          ],
          [
            40.18931944,
            44.28048235
          ],
          [
            40.18930044,
            44.28047569
          ],
          [
            40.18928111,
            44.28046936
          ],
          [
            40.18926211,
            44.28046403
          ],
          [
            40.18924412,
            44.28045903
          ],
          [
            40.18922612,
            44.2804557
          ],
          [
            40.18920713,
            44.28045204
          ],
          [
            40.18918847,
            44.28044938
          ],
          [
            40.18917014,
            44.28044705
          ],
          [
            40.18915181,
            44.28044572
          ],
          [
            40.18913382,
            44.28044506
          ],
          [
            40.18911649,
            44.28044407
          ],
          [
            40.18910016,
            44.28044174
          ],
          [
            40.1890835,
            44.28043941
          ],
          [
            40.18906684,
            44.28043842
          ],
          [
            40.18905051,
            44.28043908
          ],
          [
            40.18903385,
            44.28043974
          ],
          [
            40.18901719,
            44.28044074
          ],
          [
            40.18899986,
            44.2804414
          ],
          [
            40.18898353,
            44.28044239
          ],
          [
            40.18896787,
            44.28044572
          ],
          [
            40.18895287,
            44.28045038
          ],
          [
            40.18894021,
            44.28045571
          ],
          [
            40.18892755,
            44.28046237
          ],
          [
            40.18891489,
            44.2804687
          ],
          [
            40.18890189,
            44.28047469
          ],
          [
            40.18888889,
            44.28048035
          ],
          [
            40.18887556,
            44.28048501
          ],
          [
            40.18886156,
            44.28049
          ],
          [
            40.1888479,
            44.28049533
          ],
          [
            40.18883357,
            44.28050132
          ],
          [
            40.18881957,
            44.28050698
          ],
          [
            40.18880624,
            44.28051231
          ],
          [
            40.18879325,
            44.28051897
          ],
          [
            40.18878159,
            44.2805253
          ],
          [
            40.18876993,
            44.28052996
          ],
          [
            40.1887576,
            44.28053462
          ],
          [
            40.18874561,
            44.28054028
          ],
          [
            40.18873428,
            44.28054627
          ],
          [
            40.18872395,
            44.28055327
          ],
          [
            40.18871529,
            44.28056127
          ],
          [
            40.18870763,
            44.2805696
          ],
          [
            40.18869963,
            44.28057793
          ],
          [
            40.18868997,
            44.28058559
          ],
          [
            40.18867798,
            44.28059092
          ],
          [
            40.18866465,
            44.28059458
          ],
          [
            40.18864899,
            44.28059757
          ],
          [
            40.18863233,
            44.28060056
          ],
          [
            40.18861634,
            44.28060389
          ],
          [
            40.18860134,
            44.28060855
          ],
          [
            40.18858801,
            44.28061388
          ],
          [
            40.18857501,
            44.28061821
          ],
          [
            40.18856135,
            44.28062054
          ],
          [
            40.18854569,
            44.28062187
          ],
          [
            40.18852903,
            44.2806232
          ],
          [
            40.1885117,
            44.28062519
          ],
          [
            40.18849537,
            44.28062852
          ],
          [
            40.18847904,
            44.28063185
          ],
          [
            40.18846304,
            44.28063518
          ],
          [
            40.18844738,
            44.28063917
          ],
          [
            40.18843205,
            44.28064417
          ],
          [
            40.18841605,
            44.28065016
          ],
          [
            40.18840139,
            44.28065615
          ],
          [
            40.18838906,
            44.28066448
          ],
          [
            40.18837973,
            44.28067481
          ],
          [
            40.18837007,
            44.28068547
          ],
          [
            40.18835907,
            44.28069546
          ],
          [
            40.18834574,
            44.28070412
          ],
          [
            40.18832975,
            44.28071045
          ],
          [
            40.18831309,
            44.28071711
          ],
          [
            40.18829676,
            44.28072277
          ],
          [
            40.18828043,
            44.28072843
          ],
          [
            40.18826344,
            44.28073309
          ],
          [
            40.18824578,
            44.28073708
          ],
          [
            40.18822978,
            44.28074241
          ],
          [
            40.18821479,
            44.28074807
          ],
          [
            40.18820013,
            44.2807544
          ],
          [
            40.18818513,
            44.28075906
          ],
          [
            40.18816814,
            44.28076439
          ],
          [
            40.18815048,
            44.28077005
          ],
          [
            40.18813382,
            44.28077471
          ],
          [
            40.18811982,
            44.28077804
          ],
          [
            40.18810549,
            44.28078003
          ],
          [
            40.18808983,
            44.28078069
          ],
          [
            40.1880735,
            44.28078235
          ],
          [
            40.18805717,
            44.28078534
          ],
          [
            40.18804151,
            44.280788
          ],
          [
            40.18802518,
            44.280788
          ],
          [
            40.18800752,
            44.280788
          ],
          [
            40.18798953,
            44.28078966
          ],
          [
            40.1879712,
            44.28079166
          ],
          [
            40.18795321,
            44.28079432
          ],
          [
            40.18793622,
            44.28079731
          ],
          [
            40.18792089,
            44.28080097
          ],
          [
            40.18790623,
            44.28080463
          ],
          [
            40.1878909,
            44.28080729
          ],
          [
            40.18787424,
            44.28081062
          ],
          [
            40.18785758,
            44.28081428
          ],
          [
            40.18784158,
            44.28081927
          ],
          [
            40.18782592,
            44.28082427
          ],
          [
            40.18780992,
            44.28082927
          ],
          [
            40.18779426,
            44.28083427
          ],
          [
            40.18777827,
            44.28083927
          ],
          [
            40.18776194,
            44.28084426
          ],
          [
            40.18774561,
            44.28084892
          ],
          [
            40.18772961,
            44.28085491
          ],
          [
            40.18771428,
            44.28086024
          ],
          [
            40.18769828,
            44.28086524
          ],
          [
            40.18768195,
            44.28087123
          ],
          [
            40.18766629,
            44.28087722
          ],
          [
            40.18765096,
            44.28088355
          ],
          [
            40.18763563,
            44.28089055
          ],
          [
            40.18761997,
            44.28089754
          ],
          [
            40.18760364,
            44.28090454
          ],
          [
            40.18758798,
            44.28091087
          ],
          [
            40.18757132,
            44.2809162
          ],
          [
            40.18755532,
            44.28092186
          ],
          [
            40.18753866,
            44.28092719
          ],
          [
            40.187523,
            44.28093285
          ],
          [
            40.18750834,
            44.28093984
          ],
          [
            40.18749201,
            44.2809465
          ],
          [
            40.18747568,
            44.28095316
          ],
          [
            40.18745968,
            44.28095982
          ],
          [
            40.18744369,
            44.28096648
          ],
          [
            40.1874267,
            44.28097181
          ],
          [
            40.18740904,
            44.2809768
          ],
          [
            40.18739171,
            44.28098213
          ],
          [
            40.18737572,
            44.28098713
          ],
          [
            40.18735906,
            44.28099312
          ],
          [
            40.18734273,
            44.28099911
          ],
          [
            40.18732607,
            44.28100511
          ],
          [
            40.18730941,
            44.2810111
          ],
          [
            40.18729275,
            44.28101743
          ],
          [
            40.18727609,
            44.28102243
          ],
          [
            40.18725943,
            44.28102743
          ],
          [
            40.1872421,
            44.28103242
          ],
          [
            40.18722377,
            44.28103875
          ],
          [
            40.18720611,
            44.28104574
          ],
          [
            40.18718945,
            44.28105207
          ],
          [
            40.18717479,
            44.28105773
          ],
          [
            40.18716146,
            44.28106439
          ],
          [
            40.18714947,
            44.28107272
          ],
          [
            40.18713748,
            44.28108138
          ],
          [
            40.18712582,
            44.28109137
          ],
          [
            40.18711249,
            44.28110003
          ],
          [
            40.18709883,
            44.28110836
          ],
          [
            40.18708483,
            44.28111636
          ],
          [
            40.18707217,
            44.28112436
          ],
          [
            40.18705984,
            44.28113335
          ],
          [
            40.18704751,
            44.28114234
          ],
          [
            40.18703651,
            44.281152
          ],
          [
            40.18702385,
            44.28116033
          ],
          [
            40.18700985,
            44.28116732
          ],
          [
            40.18699585,
            44.28117365
          ],
          [
            40.18698119,
            44.28117865
          ],
          [
            40.18696653,
            44.28118431
          ],
          [
            40.18695387,
            44.28119097
          ],
          [
            40.18694221,
            44.2811983
          ],
          [
            40.18693055,
            44.2812063
          ],
          [
            40.18691756,
            44.2812143
          ],
          [
            40.1869029,
            44.28122163
          ],
          [
            40.1868869,
            44.28122762
          ],
          [
            40.18687024,
            44.28123328
          ],
          [
            40.18685391,
            44.28123894
          ],
          [
            40.18683892,
            44.28124593
          ],
          [
            40.18682459,
            44.28125359
          ],
          [
            40.18681059,
            44.28126058
          ],
          [
            40.18679526,
            44.28126691
          ],
          [
            40.1867806,
            44.2812719
          ],
          [
            40.18676561,
            44.2812779
          ],
          [
            40.18675061,
            44.28128389
          ],
          [
            40.18673628,
            44.28129022
          ],
          [
            40.18672228,
            44.28129655
          ],
          [
            40.18670795,
            44.28130321
          ],
          [
            40.18669329,
            44.2813092
          ],
          [
            40.18667863,
            44.28131519
          ],
          [
            40.1866643,
            44.28132152
          ],
          [
            40.18664897,
            44.28132818
          ],
          [
            40.18663398,
            44.28133451
          ],
          [
            40.18661832,
            44.2813405
          ],
          [
            40.18660333,
            44.28134616
          ],
          [
            40.18658867,
            44.28135149
          ],
          [
            40.18657434,
            44.28135682
          ],
          [
            40.18656034,
            44.28136248
          ],
          [
            40.18654701,
            44.28136947
          ],
          [
            40.18653268,
            44.2813768
          ],
          [
            40.18651902,
            44.28138513
          ],
          [
            40.18650536,
            44.28139379
          ],
          [
            40.18649103,
            44.28140112
          ],
          [
            40.18647737,
            44.28140845
          ],
          [
            40.18646371,
            44.28141678
          ],
          [
            40.18645005,
            44.28142544
          ],
          [
            40.18643639,
            44.2814331
          ],
          [
            40.18642239,
            44.2814411
          ],
          [
            40.18640673,
            44.28144909
          ],
          [
            40.18639074,
            44.28145675
          ],
          [
            40.18637508,
            44.28146375
          ],
          [
            40.18636042,
            44.28147074
          ],
          [
            40.18634676,
            44.28147907
          ],
          [
            40.18633376,
            44.2814884
          ],
          [
            40.1863231,
            44.28149906
          ],
          [
            40.18631244,
            44.28150906
          ],
          [
            40.18630144,
            44.28152006
          ],
          [
            40.18629078,
            44.28153039
          ],
          [
            40.18628045,
            44.28154139
          ],
          [
            40.18627146,
            44.28155272
          ],
          [
            40.18626213,
            44.28156405
          ],
          [
            40.18625247,
            44.28157471
          ],
          [
            40.18624281,
            44.28158604
          ],
          [
            40.18623248,
            44.2815967
          ],
          [
            40.18622115,
            44.28160703
          ],
          [
            40.18621015,
            44.28161669
          ],
          [
            40.18619882,
            44.28162702
          ],
          [
            40.18618782,
            44.28163802
          ],
          [
            40.18617783,
            44.28164868
          ],
          [
            40.1861675,
            44.28165868
          ],
          [
            40.18615717,
            44.28166901
          ],
          [
            40.18614617,
            44.28168001
          ],
          [
            40.18613717,
            44.281691
          ],
          [
            40.18612751,
            44.28170166
          ],
          [
            40.18611651,
            44.28171132
          ],
          [
            40.18610385,
            44.28172131
          ],
          [
            40.18609252,
            44.28173131
          ],
          [
            40.18608119,
            44.28174197
          ],
          [
            40.18607086,
            44.2817523
          ],
          [
            40.18606053,
            44.2817623
          ],
          [
            40.18604953,
            44.28177229
          ],
          [
            40.1860382,
            44.28178262
          ],
          [
            40.18602754,
            44.28179262
          ],
          [
            40.18601721,
            44.28180261
          ],
          [
            40.18600788,
            44.28181194
          ],
          [
            40.18599855,
            44.28182094
          ],
          [
            40.18599055,
            44.28183027
          ],
          [
            40.18598289,
            44.2818406
          ],
          [
            40.18597723,
            44.28185226
          ],
          [
            40.18597223,
            44.28186292
          ],
          [
            40.18596823,
            44.28187358
          ],
          [
            40.1859649,
            44.28188358
          ],
          [
            40.18596424,
            44.28189391
          ],
          [
            40.18596391,
            44.28190157
          ],
          [
            40.18596358,
            44.2819059
          ],
          [
            40.18596292,
            44.28190856
          ],
          [
            40.18596259,
            44.28191089
          ],
          [
            40.18596126,
            44.28191355
          ],
          [
            40.18596027,
            44.28191788
          ],
          [
            40.18595761,
            44.28192421
          ],
          [
            40.18595361,
            44.28193354
          ],
          [
            40.18595028,
            44.2819452
          ],
          [
            40.18594762,
            44.28195753
          ],
          [
            40.18594463,
            44.28197019
          ],
          [
            40.1859393,
            44.28198185
          ],
          [
            40.18593231,
            44.28199351
          ],
          [
            40.18592465,
            44.28200517
          ],
          [
            40.18591665,
            44.28201683
          ],
          [
            40.18591066,
            44.28202849
          ],
          [
            40.185906,
            44.28204082
          ],
          [
            40.18590301,
            44.28205348
          ],
          [
            40.18590035,
            44.28206581
          ],
          [
            40.18589769,
            44.28207647
          ],
          [
            40.18589336,
            44.28208413
          ],
          [
            40.18588936,
            44.28208746
          ],
          [
            40.18588637,
            44.28208879
          ],
          [
            40.18588371,
            44.28208912
          ],
          [
            40.18588105,
            44.28208846
          ],
          [
            40.18587508,
            44.28208615
          ],
          [
            40.18587442,
            44.28208815
          ],
          [
            40.18587376,
            44.28209181
          ],
          [
            40.18587376,
            44.28209681
          ],
          [
            40.18587343,
            44.28210414
          ],
          [
            40.18587343,
            44.28211414
          ],
          [
            40.18587277,
            44.28212613
          ],
          [
            40.18587111,
            44.28213913
          ],
          [
            40.18586878,
            44.28215246
          ],
          [
            40.18586645,
            44.28216646
          ],
          [
            40.18586445,
            44.28218079
          ],
          [
            40.18586212,
            44.28219479
          ],
          [
            40.18585946,
            44.28220878
          ],
          [
            40.18585713,
            44.28222211
          ],
          [
            40.18585513,
            44.28223577
          ],
          [
            40.18585313,
            44.2822491
          ],
          [
            40.1858508,
            44.28226243
          ],
          [
            40.18584847,
            44.28227576
          ],
          [
            40.18584581,
            44.28228909
          ],
          [
            40.18584348,
            44.28230242
          ],
          [
            40.18584082,
            44.28231508
          ],
          [
            40.18583882,
            44.28232808
          ],
          [
            40.18583583,
            44.28234074
          ],
          [
            40.1858335,
            44.28235274
          ],
          [
            40.18583084,
            44.28236507
          ],
          [
            40.18582751,
            44.2823774
          ],
          [
            40.18582318,
            44.2823894
          ],
          [
            40.18581918,
            44.28240073
          ],
          [
            40.18581585,
            44.28241206
          ],
          [
            40.18581286,
            44.28242272
          ],
          [
            40.1858092,
            44.28243405
          ],
          [
            40.18580554,
            44.28244604
          ],
          [
            40.18580155,
            44.28245937
          ],
          [
            40.18579756,
            44.2824727
          ],
          [
            40.1857939,
            44.2824857
          ],
          [
            40.18579057,
            44.28249903
          ],
          [
            40.18578758,
            44.28251303
          ],
          [
            40.18578492,
            44.28252669
          ],
          [
            40.18578159,
            44.28254035
          ],
          [
            40.18577926,
            44.28255468
          ],
          [
            40.1857776,
            44.28256834
          ],
          [
            40.18577594,
            44.28258267
          ],
          [
            40.18577394,
            44.28259633
          ],
          [
            40.18577128,
            44.28261033
          ],
          [
            40.18576795,
            44.28262366
          ],
          [
            40.18576496,
            44.28263632
          ],
          [
            40.1857633,
            44.28265032
          ],
          [
            40.18576197,
            44.28266365
          ],
          [
            40.18576064,
            44.28267631
          ],
          [
            40.18575931,
            44.28268864
          ],
          [
            40.18575765,
            44.2827003
          ],
          [
            40.18575599,
            44.28271096
          ],
          [
            40.18575366,
            44.28272162
          ],
          [
            40.18575033,
            44.28273262
          ],
          [
            40.185747,
            44.28274295
          ],
          [
            40.185743,
            44.28275261
          ],
          [
            40.18573934,
            44.28276327
          ],
          [
            40.18573501,
            44.28277426
          ],
          [
            40.18573035,
            44.28278626
          ],
          [
            40.18572569,
            44.28279859
          ],
          [
            40.18572103,
            44.28281225
          ],
          [
            40.1857167,
            44.28282491
          ],
          [
            40.1857127,
            44.28283791
          ],
          [
            40.18570937,
            44.28285091
          ],
          [
            40.18570571,
            44.28286424
          ],
          [
            40.18570238,
            44.28287757
          ],
          [
            40.18569972,
            44.2828909
          ],
          [
            40.18569806,
            44.2829039
          ],
          [
            40.18569507,
            44.2829179
          ],
          [
            40.18569108,
            44.28293123
          ],
          [
            40.18568675,
            44.28294489
          ],
          [
            40.18568309,
            44.28295922
          ],
          [
            40.18567943,
            44.28297222
          ],
          [
            40.18567777,
            44.28298622
          ],
          [
            40.18567711,
            44.28299921
          ],
          [
            40.18567445,
            44.28301254
          ],
          [
            40.18567079,
            44.28302587
          ],
          [
            40.1856668,
            44.28303887
          ],
          [
            40.18566281,
            44.2830522
          ],
          [
            40.18565848,
            44.28306486
          ],
          [
            40.18565348,
            44.28307652
          ],
          [
            40.18564682,
            44.28308885
          ],
          [
            40.18564049,
            44.28310085
          ],
          [
            40.18563516,
            44.28311351
          ],
          [
            40.1856315,
            44.28312617
          ],
          [
            40.18562717,
            44.28313916
          ],
          [
            40.18562118,
            44.28315249
          ],
          [
            40.18561418,
            44.28316549
          ],
          [
            40.18560752,
            44.28317882
          ],
          [
            40.18560086,
            44.28319215
          ],
          [
            40.18559553,
            44.28320548
          ],
          [
            40.1855922,
            44.28321881
          ],
          [
            40.1855882,
            44.28323147
          ],
          [
            40.18558387,
            44.28324447
          ],
          [
            40.18557921,
            44.28325813
          ],
          [
            40.18557421,
            44.28327113
          ],
          [
            40.18556888,
            44.28328413
          ],
          [
            40.18556222,
            44.28329746
          ],
          [
            40.18555623,
            44.28331046
          ],
          [
            40.18555057,
            44.28332379
          ],
          [
            40.18554524,
            44.28333712
          ],
          [
            40.18553925,
            44.28335112
          ],
          [
            40.18553459,
            44.28336511
          ],
          [
            40.18553093,
            44.28337911
          ],
          [
            40.18552693,
            44.28339244
          ],
          [
            40.18552294,
            44.28340544
          ],
          [
            40.18551794,
            44.28341877
          ],
          [
            40.18551361,
            44.28343143
          ],
          [
            40.18550928,
            44.28344443
          ],
          [
            40.18550428,
            44.28345776
          ],
          [
            40.18549895,
            44.28347076
          ],
          [
            40.18549362,
            44.28348409
          ],
          [
            40.18548863,
            44.28349708
          ],
          [
            40.18548397,
            44.28350974
          ],
          [
            40.18547998,
            44.28352274
          ],
          [
            40.18547632,
            44.28353507
          ],
          [
            40.18547199,
            44.28354807
          ],
          [
            40.18546766,
            44.2835604
          ],
          [
            40.185462,
            44.28357373
          ],
          [
            40.18545767,
            44.28358706
          ],
          [
            40.18545367,
            44.28360039
          ],
          [
            40.18544901,
            44.28361372
          ],
          [
            40.18544301,
            44.28362772
          ],
          [
            40.18543768,
            44.28364172
          ],
          [
            40.18543202,
            44.28365505
          ],
          [
            40.18542836,
            44.28366871
          ],
          [
            40.1854247,
            44.28368204
          ],
          [
            40.18542104,
            44.28369537
          ],
          [
            40.18541838,
            44.2837087
          ],
          [
            40.18541438,
            44.28372136
          ],
          [
            40.18541172,
            44.28373436
          ],
          [
            40.18540739,
            44.28374802
          ],
          [
            40.18540273,
            44.28376168
          ],
          [
            40.1853994,
            44.28377434
          ],
          [
            40.18539674,
            44.283788
          ],
          [
            40.18539408,
            44.28380166
          ],
          [
            40.18539142,
            44.28381499
          ],
          [
            40.18538843,
            44.28382932
          ],
          [
            40.18538544,
            44.28384232
          ],
          [
            40.18538278,
            44.28385498
          ],
          [
            40.18538012,
            44.28386731
          ],
          [
            40.18537713,
            44.28387964
          ],
          [
            40.18537447,
            44.28389197
          ],
          [
            40.18537314,
            44.28390463
          ],
          [
            40.18537081,
            44.28391696
          ],
          [
            40.18536815,
            44.28393029
          ],
          [
            40.18536615,
            44.28394362
          ],
          [
            40.18536415,
            44.28395695
          ],
          [
            40.18536216,
            44.28397028
          ],
          [
            40.18536016,
            44.28398294
          ],
          [
            40.18535783,
            44.28399594
          ],
          [
            40.18535517,
            44.2840096
          ],
          [
            40.18535151,
            44.28402326
          ],
          [
            40.18534718,
            44.28403626
          ],
          [
            40.18534285,
            44.28404926
          ],
          [
            40.18533819,
            44.28406225
          ],
          [
            40.18533319,
            44.28407558
          ],
          [
            40.1853292,
            44.28408858
          ],
          [
            40.18532454,
            44.28410191
          ],
          [
            40.18532021,
            44.28411591
          ],
          [
            40.18531722,
            44.28412957
          ],
          [
            40.18531556,
            44.2841439
          ],
          [
            40.18531423,
            44.2841579
          ],
          [
            40.1853129,
            44.28417156
          ],
          [
            40.18531157,
            44.28418489
          ],
          [
            40.18530858,
            44.28419855
          ],
          [
            40.18530492,
            44.28421121
          ],
          [
            40.18529993,
            44.2842232
          ],
          [
            40.18529527,
            44.28423553
          ],
          [
            40.18529228,
            44.28424819
          ],
          [
            40.18528895,
            44.28426085
          ],
          [
            40.18528596,
            44.28427418
          ],
          [
            40.18528396,
            44.28428784
          ],
          [
            40.1852823,
            44.2843015
          ],
          [
            40.18527964,
            44.28431516
          ],
          [
            40.18527831,
            44.28432916
          ],
          [
            40.18527665,
            44.28434282
          ],
          [
            40.18527366,
            44.28435582
          ],
          [
            40.18527067,
            44.28436848
          ],
          [
            40.18526901,
            44.28438114
          ],
          [
            40.18526835,
            44.28439313
          ],
          [
            40.18526835,
            44.28440479
          ],
          [
            40.18526736,
            44.28441678
          ],
          [
            40.18526603,
            44.28442944
          ],
          [
            40.18526404,
            44.28444243
          ],
          [
            40.18526138,
            44.28445509
          ],
          [
            40.18525938,
            44.28446775
          ],
          [
            40.18525672,
            44.28448008
          ],
          [
            40.18525373,
            44.28449207
          ],
          [
            40.18525074,
            44.28450406
          ],
          [
            40.18524675,
            44.28451572
          ],
          [
            40.18524209,
            44.28452772
          ],
          [
            40.18523676,
            44.28453872
          ],
          [
            40.18523343,
            44.28455071
          ],
          [
            40.18523044,
            44.28456237
          ],
          [
            40.18522745,
            44.28457403
          ],
          [
            40.18522279,
            44.28458602
          ],
          [
            40.18521746,
            44.28459768
          ],
          [
            40.18521246,
            44.28460934
          ],
          [
            40.18520647,
            44.284621
          ],
          [
            40.18520114,
            44.28463266
          ],
          [
            40.18519581,
            44.28464432
          ],
          [
            40.18519115,
            44.28465665
          ],
          [
            40.18518782,
            44.28466864
          ],
          [
            40.18518382,
            44.28468097
          ],
          [
            40.18518016,
            44.2846933
          ],
          [
            40.1851765,
            44.28470529
          ],
          [
            40.18517184,
            44.28471728
          ],
          [
            40.18516551,
            44.28472894
          ],
          [
            40.18515718,
            44.28474094
          ],
          [
            40.18514885,
            44.2847526
          ],
          [
            40.18514152,
            44.28476459
          ],
          [
            40.18513553,
            44.28477692
          ],
          [
            40.18512987,
            44.28478958
          ],
          [
            40.18512454,
            44.28480157
          ],
          [
            40.18511855,
            44.28481356
          ],
          [
            40.18511355,
            44.28482489
          ],
          [
            40.18510922,
            44.28483689
          ],
          [
            40.18510623,
            44.28484888
          ],
          [
            40.1851029,
            44.28486054
          ],
          [
            40.18509957,
            44.2848722
          ],
          [
            40.18509691,
            44.28488386
          ],
          [
            40.18509392,
            44.28489552
          ],
          [
            40.18509093,
            44.28490718
          ],
          [
            40.1850866,
            44.28491951
          ],
          [
            40.18508127,
            44.28493184
          ],
          [
            40.18507461,
            44.2849435
          ],
          [
            40.18506795,
            44.28495549
          ],
          [
            40.18506062,
            44.28496649
          ],
          [
            40.18505296,
            44.28497782
          ],
          [
            40.18504563,
            44.28498882
          ],
          [
            40.18503864,
            44.28500048
          ],
          [
            40.18503164,
            44.28501214
          ],
          [
            40.18502565,
            44.2850238
          ],
          [
            40.18502065,
            44.28503579
          ],
          [
            40.18501565,
            44.28504745
          ],
          [
            40.18500999,
            44.28505911
          ],
          [
            40.185006,
            44.28507077
          ],
          [
            40.18500467,
            44.28508243
          ],
          [
            40.18500401,
            44.28509476
          ],
          [
            40.18500235,
            44.28510676
          ],
          [
            40.18499936,
            44.28511875
          ],
          [
            40.1849957,
            44.28513108
          ],
          [
            40.18499271,
            44.28514374
          ],
          [
            40.18498938,
            44.28515673
          ],
          [
            40.18498639,
            44.28516873
          ],
          [
            40.1849804,
            44.28518039
          ],
          [
            40.1849734,
            44.28519238
          ],
          [
            40.18496741,
            44.28520404
          ],
          [
            40.18496175,
            44.28521537
          ],
          [
            40.18495675,
            44.28522736
          ],
          [
            40.18495209,
            44.28523969
          ],
          [
            40.18494709,
            44.28525168
          ],
          [
            40.18494343,
            44.28526367
          ],
          [
            40.18494077,
            44.28527533
          ],
          [
            40.18493778,
            44.28528699
          ],
          [
            40.18493479,
            44.28529898
          ],
          [
            40.18493013,
            44.28530998
          ],
          [
            40.1849248,
            44.28532164
          ],
          [
            40.18491947,
            44.28533363
          ],
          [
            40.18491414,
            44.28534529
          ],
          [
            40.18491048,
            44.28535695
          ],
          [
            40.18490615,
            44.28536928
          ],
          [
            40.18490382,
            44.28538228
          ],
          [
            40.18490149,
            44.28539527
          ],
          [
            40.18489816,
            44.28540827
          ],
          [
            40.18489416,
            44.2854216
          ],
          [
            40.18488983,
            44.28543493
          ],
          [
            40.1848865,
            44.28544826
          ],
          [
            40.18488384,
            44.28546126
          ],
          [
            40.18488151,
            44.28547392
          ],
          [
            40.18487951,
            44.28548625
          ],
          [
            40.18487652,
            44.28549824
          ],
          [
            40.18487319,
            44.28551023
          ],
          [
            40.18487053,
            44.28552256
          ],
          [
            40.18486887,
            44.28553556
          ],
          [
            40.18486588,
            44.28554822
          ],
          [
            40.18486155,
            44.28556155
          ],
          [
            40.18485755,
            44.28557388
          ],
          [
            40.18485322,
            44.28558754
          ],
          [
            40.18484922,
            44.28560087
          ],
          [
            40.18484623,
            44.28561487
          ],
          [
            40.1848429,
            44.28562887
          ],
          [
            40.18484024,
            44.28564253
          ],
          [
            40.18483891,
            44.28565586
          ],
          [
            40.18483725,
            44.28566919
          ],
          [
            40.18483392,
            44.28568218
          ],
          [
            40.18482959,
            44.28569518
          ],
          [
            40.1848256,
            44.28570751
          ],
          [
            40.18482294,
            44.28571917
          ],
          [
            40.18482028,
            44.2857305
          ],
          [
            40.18481962,
            44.28574283
          ],
          [
            40.18481929,
            44.28575549
          ],
          [
            40.1848183,
            44.28576849
          ],
          [
            40.18481764,
            44.28578082
          ],
          [
            40.18481665,
            44.28579315
          ],
          [
            40.18481532,
            44.28580214
          ],
          [
            40.18481499,
            44.2858078
          ],
          [
            40.18481499,
            44.28581113
          ],
          [
            40.18480641,
            44.28581478
          ],
          [
            40.18480575,
            44.28581811
          ],
          [
            40.18480575,
            44.28582477
          ],
          [
            40.18480542,
            44.28583476
          ],
          [
            40.18480476,
            44.28584676
          ],
          [
            40.18480377,
            44.28585909
          ],
          [
            40.18480211,
            44.28587175
          ],
          [
            40.18480078,
            44.28588474
          ],
          [
            40.18479912,
            44.28589707
          ],
          [
            40.18479679,
            44.2859094
          ],
          [
            40.1847948,
            44.28592206
          ],
          [
            40.18479247,
            44.28593506
          ],
          [
            40.18478881,
            44.28594806
          ],
          [
            40.18478348,
            44.28596139
          ],
          [
            40.18477682,
            44.28597405
          ],
          [
            40.18477016,
            44.28598771
          ],
          [
            40.1847635,
            44.28600171
          ],
          [
            40.1847575,
            44.28601604
          ],
          [
            40.18475051,
            44.28603004
          ],
          [
            40.18474385,
            44.2860437
          ],
          [
            40.18473619,
            44.28605736
          ],
          [
            40.18472786,
            44.28607069
          ],
          [
            40.18471887,
            44.28608435
          ],
          [
            40.18471154,
            44.28609835
          ],
          [
            40.18470354,
            44.28611268
          ],
          [
            40.18469688,
            44.28612601
          ],
          [
            40.18468955,
            44.28613934
          ],
          [
            40.18468322,
            44.28615267
          ],
          [
            40.18467723,
            44.286166
          ],
          [
            40.18467223,
            44.28617866
          ],
          [
            40.18466757,
            44.28619032
          ],
          [
            40.18466258,
            44.28620198
          ],
          [
            40.18465892,
            44.28621464
          ],
          [
            40.18465626,
            44.28622797
          ],
          [
            40.18465393,
            44.2862403
          ],
          [
            40.18465127,
            44.28625329
          ],
          [
            40.18464961,
            44.28626662
          ],
          [
            40.18464928,
            44.28627962
          ],
          [
            40.18464829,
            44.28629295
          ],
          [
            40.18464663,
            44.28630528
          ],
          [
            40.18464397,
            44.28631827
          ],
          [
            40.18464197,
            44.2863316
          ],
          [
            40.18463931,
            44.28634393
          ],
          [
            40.18463632,
            44.28635626
          ],
          [
            40.18463266,
            44.28636792
          ],
          [
            40.184629,
            44.28638058
          ],
          [
            40.184625,
            44.28639358
          ],
          [
            40.18462134,
            44.28640557
          ],
          [
            40.18461934,
            44.2864189
          ],
          [
            40.18461801,
            44.28643223
          ],
          [
            40.18461568,
            44.28644589
          ],
          [
            40.18461368,
            44.28645855
          ],
          [
            40.18461102,
            44.28647088
          ],
          [
            40.18460803,
            44.28648354
          ],
          [
            40.18460437,
            44.28649587
          ],
          [
            40.18460004,
            44.2865072
          ],
          [
            40.18459505,
            44.28651853
          ],
          [
            40.18458972,
            44.28653019
          ],
          [
            40.18458539,
            44.28654185
          ],
          [
            40.18458073,
            44.28655418
          ],
          [
            40.1845774,
            44.28656684
          ],
          [
            40.18457474,
            44.28657983
          ],
          [
            40.18457175,
            44.28659283
          ],
          [
            40.18456709,
            44.28660549
          ],
          [
            40.18456176,
            44.28661782
          ],
          [
            40.1845561,
            44.28662948
          ],
          [
            40.18455044,
            44.28664147
          ],
          [
            40.18454511,
            44.28665313
          ],
          [
            40.18454045,
            44.28666546
          ],
          [
            40.18453646,
            44.28667912
          ],
          [
            40.18453347,
            44.28669312
          ],
          [
            40.18452914,
            44.28670611
          ],
          [
            40.18452348,
            44.28671877
          ],
          [
            40.18451915,
            44.28673143
          ],
          [
            40.18451515,
            44.28674409
          ],
          [
            40.18451049,
            44.28675608
          ],
          [
            40.18450583,
            44.28676807
          ],
          [
            40.18450117,
            44.28677973
          ],
          [
            40.18449551,
            44.28679139
          ],
          [
            40.18448885,
            44.28680339
          ],
          [
            40.18448286,
            44.28681538
          ],
          [
            40.18447753,
            44.28682904
          ],
          [
            40.18447287,
            44.28684237
          ],
          [
            40.18446854,
            44.28685637
          ],
          [
            40.18446454,
            44.28687037
          ],
          [
            40.18446221,
            44.2868837
          ],
          [
            40.18446155,
            44.28689703
          ],
          [
            40.18446255,
            44.28690936
          ],
          [
            40.18446454,
            44.28692136
          ],
          [
            40.18446753,
            44.28693302
          ],
          [
            40.18447219,
            44.28694402
          ],
          [
            40.18447885,
            44.28695535
          ],
          [
            40.18448818,
            44.28696568
          ],
          [
            40.18449851,
            44.28697634
          ],
          [
            40.18450851,
            44.28698734
          ],
          [
            40.1845185,
            44.28699867
          ],
          [
            40.18453016,
            44.28700967
          ],
          [
            40.18454215,
            44.28702
          ],
          [
            40.18455481,
            44.28703033
          ],
          [
            40.18456714,
            44.28704099
          ],
          [
            40.1845778,
            44.28705232
          ],
          [
            40.18458613,
            44.28706431
          ],
          [
            40.18459346,
            44.28707664
          ],
          [
            40.18459945,
            44.28708897
          ],
          [
            40.18460311,
            44.28710163
          ],
          [
            40.18460544,
            44.28711529
          ],
          [
            40.1846061,
            44.28712895
          ],
          [
            40.18460444,
            44.28714161
          ],
          [
            40.18459978,
            44.28715527
          ],
          [
            40.18459312,
            44.2871696
          ],
          [
            40.18458746,
            44.28718326
          ],
          [
            40.1845808,
            44.28719692
          ],
          [
            40.18457347,
            44.28721092
          ],
          [
            40.18456547,
            44.28722425
          ],
          [
            40.18455747,
            44.28723691
          ],
          [
            40.18454947,
            44.2872489
          ],
          [
            40.18454114,
            44.28726023
          ],
          [
            40.18453315,
            44.28727189
          ],
          [
            40.18452482,
            44.28728322
          ],
          [
            40.18451582,
            44.28729488
          ],
          [
            40.18450783,
            44.28730654
          ],
          [
            40.18450017,
            44.28731853
          ],
          [
            40.18449384,
            44.28733119
          ],
          [
            40.18448851,
            44.28734452
          ],
          [
            40.18448485,
            44.28735752
          ],
          [
            40.18448186,
            44.28736951
          ],
          [
            40.18447853,
            44.28738051
          ],
          [
            40.1844752,
            44.2873905
          ],
          [
            40.18447154,
            44.2874005
          ],
          [
            40.18446721,
            44.28740983
          ],
          [
            40.18446188,
            44.28741949
          ],
          [
            40.18445622,
            44.28742982
          ],
          [
            40.18444923,
            44.28744082
          ],
          [
            40.18444123,
            44.28745215
          ],
          [
            40.18443224,
            44.28746348
          ],
          [
            40.18442358,
            44.28747548
          ],
          [
            40.18441625,
            44.28748814
          ],
          [
            40.18440992,
            44.28750114
          ],
          [
            40.18440292,
            44.28751413
          ],
          [
            40.18439593,
            44.28752746
          ],
          [
            40.18438927,
            44.28754046
          ],
          [
            40.18438294,
            44.28755446
          ],
          [
            40.18437595,
            44.28756745
          ],
          [
            40.18436862,
            44.28758078
          ],
          [
            40.18436096,
            44.28759344
          ],
          [
            40.18435363,
            44.28760543
          ],
          [
            40.1843463,
            44.28761809
          ],
          [
            40.18433864,
            44.28763042
          ],
          [
            40.18433165,
            44.28764308
          ],
          [
            40.18432332,
            44.28765474
          ],
          [
            40.18431566,
            44.2876664
          ],
          [
            40.18430833,
            44.28767806
          ],
          [
            40.18430133,
            44.28768906
          ],
          [
            40.18429367,
            44.28770039
          ],
          [
            40.18428534,
            44.28771105
          ],
          [
            40.18427601,
            44.28772071
          ],
          [
            40.18426668,
            44.2877307
          ],
          [
            40.18425769,
            44.2877407
          ],
          [
            40.18424903,
            44.28775036
          ],
          [
            40.1842397,
            44.28776102
          ],
          [
            40.18423004,
            44.28777135
          ],
          [
            40.18422038,
            44.28778235
          ],
          [
            40.18421139,
            44.28779234
          ],
          [
            40.18420039,
            44.28780133
          ],
          [
            40.18418873,
            44.28781033
          ],
          [
            40.18417607,
            44.28782032
          ],
          [
            40.18416474,
            44.28783098
          ],
          [
            40.18415308,
            44.28784264
          ],
          [
            40.18414175,
            44.28785397
          ],
          [
            40.18413076,
            44.28786563
          ],
          [
            40.18411943,
            44.28787829
          ],
          [
            40.18410943,
            44.28789195
          ],
          [
            40.18410077,
            44.28790528
          ],
          [
            40.18409211,
            44.28791861
          ],
          [
            40.18408445,
            44.28793194
          ],
          [
            40.18407679,
            44.28794527
          ],
          [
            40.18406846,
            44.2879586
          ],
          [
            40.18405947,
            44.28797126
          ],
          [
            40.18405081,
            44.28798425
          ],
          [
            40.18404215,
            44.28799658
          ],
          [
            40.18403349,
            44.28800857
          ],
          [
            40.18402583,
            44.28802123
          ],
          [
            40.18401917,
            44.28803289
          ],
          [
            40.18401384,
            44.28804522
          ],
          [
            40.18400884,
            44.28805721
          ],
          [
            40.18400151,
            44.28806987
          ],
          [
            40.18399318,
            44.2880812
          ],
          [
            40.18398585,
            44.28809353
          ],
          [
            40.18397852,
            44.28810619
          ],
          [
            40.18397219,
            44.28811918
          ],
          [
            40.18396553,
            44.28813084
          ],
          [
            40.18396053,
            44.28814317
          ],
          [
            40.1839552,
            44.28815583
          ],
          [
            40.1839502,
            44.28816916
          ],
          [
            40.18394454,
            44.28818216
          ],
          [
            40.18393921,
            44.28819549
          ],
          [
            40.18393322,
            44.28820848
          ],
          [
            40.18392756,
            44.28822114
          ],
          [
            40.18392223,
            44.28823347
          ],
          [
            40.18391657,
            44.28824546
          ],
          [
            40.18391091,
            44.28825746
          ],
          [
            40.18390492,
            44.28826979
          ],
          [
            40.18389926,
            44.28828245
          ],
          [
            40.18389393,
            44.28829578
          ],
          [
            40.18388827,
            44.28830878
          ],
          [
            40.18388128,
            44.28832211
          ],
          [
            40.18387395,
            44.28833577
          ],
          [
            40.18386729,
            44.28834943
          ],
          [
            40.18386296,
            44.28836376
          ],
          [
            40.1838603,
            44.28837776
          ],
          [
            40.18385697,
            44.28839142
          ],
          [
            40.18385398,
            44.28840475
          ],
          [
            40.18384999,
            44.28841741
          ],
          [
            40.18384499,
            44.28842974
          ],
          [
            40.18383966,
            44.28844273
          ],
          [
            40.18383333,
            44.28845539
          ],
          [
            40.183827,
            44.28846939
          ],
          [
            40.183822,
            44.28848339
          ],
          [
            40.18381767,
            44.28849739
          ],
          [
            40.18381368,
            44.28851205
          ],
          [
            40.18381102,
            44.28852671
          ],
          [
            40.18380836,
            44.28854004
          ],
          [
            40.18380537,
            44.28855337
          ],
          [
            40.18380238,
            44.2885667
          ],
          [
            40.18379838,
            44.28858003
          ],
          [
            40.18379372,
            44.28859269
          ],
          [
            40.18378872,
            44.28860568
          ],
          [
            40.18378439,
            44.28861868
          ],
          [
            40.1837804,
            44.28863201
          ],
          [
            40.18377607,
            44.288645
          ],
          [
            40.18377141,
            44.28865833
          ],
          [
            40.18376641,
            44.28867166
          ],
          [
            40.18376242,
            44.28868499
          ],
          [
            40.18375776,
            44.28869832
          ],
          [
            40.18375243,
            44.28871165
          ],
          [
            40.18374677,
            44.28872431
          ],
          [
            40.18373977,
            44.2887373
          ],
          [
            40.18373378,
            44.2887503
          ],
          [
            40.18372879,
            44.28876296
          ],
          [
            40.18372379,
            44.28877596
          ],
          [
            40.18371946,
            44.28878896
          ],
          [
            40.1837148,
            44.28880195
          ],
          [
            40.18370947,
            44.28881528
          ],
          [
            40.18370547,
            44.28882861
          ],
          [
            40.18370281,
            44.28884194
          ],
          [
            40.18370148,
            44.2888546
          ],
          [
            40.18370049,
            44.28886659
          ],
          [
            40.18369883,
            44.28887858
          ],
          [
            40.1836965,
            44.28889058
          ],
          [
            40.18369317,
            44.28890291
          ],
          [
            40.18368851,
            44.28891591
          ],
          [
            40.18368418,
            44.2889289
          ],
          [
            40.18368018,
            44.2889419
          ],
          [
            40.18367552,
            44.28895556
          ],
          [
            40.18367119,
            44.28896956
          ],
          [
            40.18366786,
            44.28898289
          ],
          [
            40.1836652,
            44.28899622
          ],
          [
            40.18366221,
            44.28900888
          ],
          [
            40.18365988,
            44.28902221
          ],
          [
            40.18365788,
            44.28903454
          ],
          [
            40.18365455,
            44.2890472
          ],
          [
            40.18365189,
            44.2890602
          ],
          [
            40.18364956,
            44.28907286
          ],
          [
            40.18364757,
            44.28908586
          ],
          [
            40.18364458,
            44.28909819
          ],
          [
            40.18363992,
            44.28911019
          ],
          [
            40.18363593,
            44.28912252
          ],
          [
            40.1836326,
            44.28913485
          ],
          [
            40.18363027,
            44.28914685
          ],
          [
            40.18362727,
            44.28915884
          ],
          [
            40.18362361,
            44.28917117
          ],
          [
            40.18361928,
            44.28918317
          ],
          [
            40.18361495,
            44.28919583
          ],
          [
            40.18361096,
            44.28920749
          ],
          [
            40.18360696,
            44.28921982
          ],
          [
            40.18360297,
            44.28923181
          ],
          [
            40.18359964,
            44.28924447
          ],
          [
            40.18359831,
            44.28925713
          ],
          [
            40.18359765,
            44.28926879
          ],
          [
            40.18359732,
            44.28928012
          ],
          [
            40.18359466,
            44.28929012
          ],
          [
            40.183592,
            44.28929911
          ],
          [
            40.18358901,
            44.28930677
          ],
          [
            40.18358668,
            44.2893141
          ],
          [
            40.18358335,
            44.2893211
          ],
          [
            40.18357869,
            44.28932776
          ],
          [
            40.18357303,
            44.28933542
          ],
          [
            40.1835677,
            44.28934241
          ],
          [
            40.18356204,
            44.28934941
          ],
          [
            40.18355704,
            44.2893554
          ],
          [
            40.18355338,
            44.28935973
          ],
          [
            40.18355072,
            44.28936239
          ],
          [
            40.18354739,
            44.28936605
          ],
          [
            40.18354573,
            44.28937004
          ],
          [
            40.1835434,
            44.28937337
          ],
          [
            40.18354274,
            44.28937603
          ],
          [
            40.18354208,
            44.28937736
          ],
          [
            40.18354109,
            44.28937902
          ],
          [
            40.18353943,
            44.28938268
          ],
          [
            40.18353743,
            44.28938667
          ],
          [
            40.18353577,
            44.28939
          ],
          [
            40.18353411,
            44.289394
          ],
          [
            40.18353245,
            44.28939699
          ],
          [
            40.18353079,
            44.28939998
          ],
          [
            40.18352913,
            44.28940397
          ],
          [
            40.18352747,
            44.28940897
          ],
          [
            40.18352714,
            44.28941596
          ],
          [
            40.18352681,
            44.28942462
          ],
          [
            40.18352615,
            44.28943462
          ],
          [
            40.18352516,
            44.28944595
          ],
          [
            40.18352316,
            44.28945661
          ],
          [
            40.18351917,
            44.28946794
          ],
          [
            40.18351351,
            44.28947927
          ],
          [
            40.18350752,
            44.28949093
          ],
          [
            40.18350119,
            44.28950226
          ],
          [
            40.18349486,
            44.28951459
          ],
          [
            40.1834882,
            44.28952725
          ],
          [
            40.18348287,
            44.28954025
          ],
          [
            40.18347821,
            44.28955324
          ],
          [
            40.18347355,
            44.2895659
          ],
          [
            40.18346889,
            44.28957789
          ],
          [
            40.18346523,
            44.28958988
          ],
          [
            40.1834619,
            44.28960221
          ],
          [
            40.18345857,
            44.28961454
          ],
          [
            40.18345391,
            44.28962587
          ],
          [
            40.18344758,
            44.28963687
          ],
          [
            40.18344192,
            44.28964853
          ],
          [
            40.18343726,
            44.28966086
          ],
          [
            40.18343293,
            44.28967252
          ],
          [
            40.1834286,
            44.28968385
          ],
          [
            40.18342427,
            44.28969618
          ],
          [
            40.18342128,
            44.28970817
          ],
          [
            40.18341862,
            44.28972117
          ],
          [
            40.18341529,
            44.28973383
          ],
          [
            40.18341029,
            44.28974683
          ],
          [
            40.18340496,
            44.28975916
          ],
          [
            40.1834003,
            44.28977216
          ],
          [
            40.1833963,
            44.28978449
          ],
          [
            40.18339164,
            44.28979649
          ],
          [
            40.18338564,
            44.28980915
          ],
          [
            40.18337798,
            44.28982048
          ],
          [
            40.18336965,
            44.28983281
          ],
          [
            40.18336032,
            44.2898448
          ],
          [
            40.18335099,
            44.28985746
          ],
          [
            40.18334133,
            44.28986946
          ],
          [
            40.18333067,
            44.28988145
          ],
          [
            40.18332067,
            44.28989378
          ],
          [
            40.18331168,
            44.28990678
          ],
          [
            40.18330235,
            44.28991977
          ],
          [
            40.18329469,
            44.28993377
          ],
          [
            40.18328703,
            44.28994743
          ],
          [
            40.18327937,
            44.28996076
          ],
          [
            40.18327237,
            44.28997376
          ],
          [
            40.18326404,
            44.28998675
          ],
          [
            40.18325538,
            44.28999908
          ],
          [
            40.18324639,
            44.29001207
          ],
          [
            40.18323773,
            44.29002507
          ],
          [
            40.18323007,
            44.2900374
          ],
          [
            40.18322207,
            44.29005006
          ],
          [
            40.18321474,
            44.29006339
          ],
          [
            40.18320774,
            44.29007705
          ],
          [
            40.18320008,
            44.29009071
          ],
          [
            40.18319209,
            44.29010404
          ],
          [
            40.18318409,
            44.29011737
          ],
          [
            40.18317576,
            44.29013137
          ],
          [
            40.1831681,
            44.29014537
          ],
          [
            40.18316077,
            44.29015903
          ],
          [
            40.18315311,
            44.29017169
          ],
          [
            40.18314478,
            44.29018469
          ],
          [
            40.18313678,
            44.29019802
          ],
          [
            40.18313012,
            44.29021202
          ],
          [
            40.18312346,
            44.29022568
          ],
          [
            40.1831168,
            44.29023934
          ],
          [
            40.18311081,
            44.29025334
          ],
          [
            40.18310482,
            44.29026634
          ],
          [
            40.18309882,
            44.29027967
          ],
          [
            40.18309316,
            44.290293
          ],
          [
            40.18308817,
            44.29030499
          ],
          [
            40.18308351,
            44.29031399
          ],
          [
            40.18307952,
            44.29032098
          ],
          [
            40.18307519,
            44.29032631
          ],
          [
            40.18307186,
            44.2903303
          ],
          [
            40.18306986,
            44.29033329
          ],
          [
            40.18306721,
            44.29033594
          ],
          [
            40.18306388,
            44.29033794
          ],
          [
            40.18305888,
            44.2903406
          ],
          [
            40.1830549,
            44.29034061
          ],
          [
            40.18305457,
            44.29034227
          ],
          [
            40.18305158,
            44.29034693
          ],
          [
            40.18304758,
            44.29035526
          ],
          [
            40.18304192,
            44.29036559
          ],
          [
            40.18303526,
            44.29037692
          ],
          [
            40.1830286,
            44.29038858
          ],
          [
            40.18302261,
            44.29040091
          ],
          [
            40.18301695,
            44.29041357
          ],
          [
            40.18301362,
            44.29042657
          ],
          [
            40.18301296,
            44.29043956
          ],
          [
            40.18301529,
            44.29045222
          ],
          [
            40.18301995,
            44.29046421
          ],
          [
            40.18302528,
            44.29047487
          ],
          [
            40.18303261,
            44.29048453
          ],
          [
            40.18304127,
            44.29049219
          ],
          [
            40.18305026,
            44.29049985
          ],
          [
            40.18305959,
            44.29050618
          ],
          [
            40.18306858,
            44.29051351
          ],
          [
            40.18307791,
            44.29052017
          ],
          [
            40.18308891,
            44.29052783
          ],
          [
            40.18310157,
            44.29053716
          ],
          [
            40.1831139,
            44.29054649
          ],
          [
            40.18312723,
            44.29055582
          ],
          [
            40.18314022,
            44.29056448
          ],
          [
            40.18315355,
            44.29057314
          ],
          [
            40.18316755,
            44.29058213
          ],
          [
            40.18318155,
            44.29059112
          ],
          [
            40.18319421,
            44.29060011
          ],
          [
            40.18320754,
            44.29060977
          ],
          [
            40.1832212,
            44.29061876
          ],
          [
            40.18323486,
            44.29062742
          ],
          [
            40.18324719,
            44.29063742
          ],
          [
            40.18325885,
            44.29064808
          ],
          [
            40.18327018,
            44.29065941
          ],
          [
            40.18328151,
            44.29067074
          ],
          [
            40.18329384,
            44.29068207
          ],
          [
            40.18330517,
            44.29069407
          ],
          [
            40.18331583,
            44.29070606
          ],
          [
            40.18332683,
            44.29071805
          ],
          [
            40.18333816,
            44.29072905
          ],
          [
            40.18334949,
            44.29074038
          ],
          [
            40.18336115,
            44.29075171
          ],
          [
            40.18337281,
            44.29076271
          ],
          [
            40.1833848,
            44.29077337
          ],
          [
            40.18339713,
            44.29078337
          ],
          [
            40.18340979,
            44.2907937
          ],
          [
            40.18342245,
            44.2908037
          ],
          [
            40.18343411,
            44.29081403
          ],
          [
            40.1834461,
            44.29082469
          ],
          [
            40.18345676,
            44.29083502
          ],
          [
            40.18346809,
            44.29084602
          ],
          [
            40.18348042,
            44.29085668
          ],
          [
            40.18349075,
            44.29086834
          ],
          [
            40.18350108,
            44.29087934
          ],
          [
            40.18351274,
            44.29089067
          ],
          [
            40.1835244,
            44.29090133
          ],
          [
            40.1835354,
            44.29091233
          ],
          [
            40.18354339,
            44.29092299
          ],
          [
            40.18354739,
            44.29093465
          ],
          [
            40.18354573,
            44.29094665
          ],
          [
            40.18354074,
            44.29095831
          ],
          [
            40.18353408,
            44.29096897
          ],
          [
            40.18352509,
            44.29097963
          ],
          [
            40.18351709,
            44.29098896
          ],
          [
            40.18351176,
            44.29099429
          ],
          [
            40.18350843,
            44.29099762
          ],
          [
            40.18350643,
            44.29099961
          ],
          [
            40.18350146,
            44.29099994
          ],
          [
            40.18350146,
            44.29100293
          ],
          [
            40.18350612,
            44.29100326
          ],
          [
            40.18351511,
            44.29100293
          ],
          [
            40.18352644,
            44.29100426
          ],
          [
            40.1835381,
            44.29100759
          ],
          [
            40.18355009,
            44.29101292
          ],
          [
            40.18356275,
            44.29101925
          ],
          [
            40.18357708,
            44.29102591
          ],
          [
            40.18359308,
            44.2910319
          ],
          [
            40.18360908,
            44.29103856
          ],
          [
            40.18362474,
            44.29104622
          ],
          [
            40.1836394,
            44.29105388
          ],
          [
            40.18365306,
            44.29106254
          ],
          [
            40.18366506,
            44.29107087
          ],
          [
            40.18367705,
            44.29107953
          ],
          [
            40.18368904,
            44.29108919
          ],
          [
            40.1837007,
            44.29109818
          ],
          [
            40.18371236,
            44.29110784
          ],
          [
            40.18372502,
            44.2911175
          ],
          [
            40.18373835,
            44.29112616
          ],
          [
            40.18375434,
            44.29113382
          ],
          [
            40.18377,
            44.29114048
          ],
          [
            40.183784,
            44.29114781
          ],
          [
            40.183797,
            44.2911568
          ],
          [
            40.18381033,
            44.29116646
          ],
          [
            40.18382433,
            44.29117579
          ],
          [
            40.18383766,
            44.29118579
          ],
          [
            40.18385199,
            44.29119545
          ],
          [
            40.18386665,
            44.29120478
          ],
          [
            40.18388065,
            44.29121444
          ],
          [
            40.18389431,
            44.29122343
          ],
          [
            40.18390731,
            44.29123276
          ],
          [
            40.1839203,
            44.29124276
          ],
          [
            40.18393363,
            44.29125242
          ],
          [
            40.18394663,
            44.29126242
          ],
          [
            40.18396129,
            44.29127308
          ],
          [
            40.18397395,
            44.29128341
          ],
          [
            40.18398394,
            44.29129407
          ],
          [
            40.1839916,
            44.2913054
          ],
          [
            40.18399759,
            44.29131606
          ],
          [
            40.18400125,
            44.29132706
          ],
          [
            40.18400059,
            44.29133905
          ],
          [
            40.1839976,
            44.29135005
          ],
          [
            40.18399127,
            44.29136005
          ],
          [
            40.18398294,
            44.29136971
          ],
          [
            40.18397228,
            44.2913787
          ],
          [
            40.18396195,
            44.29138603
          ],
          [
            40.18395062,
            44.29139369
          ],
          [
            40.18393763,
            44.29140035
          ],
          [
            40.18392597,
            44.29140568
          ],
          [
            40.18391498,
            44.29141101
          ],
          [
            40.18390498,
            44.29141534
          ],
          [
            40.18389565,
            44.29141867
          ],
          [
            40.18388599,
            44.291422
          ],
          [
            40.18387499,
            44.29142399
          ],
          [
            40.183865,
            44.29142499
          ],
          [
            40.183855,
            44.29142565
          ],
          [
            40.18384367,
            44.29142565
          ],
          [
            40.18383267,
            44.29142565
          ],
          [
            40.18382167,
            44.29142499
          ],
          [
            40.18381034,
            44.29142433
          ],
          [
            40.18379901,
            44.29142433
          ],
          [
            40.18378735,
            44.29142334
          ],
          [
            40.18377602,
            44.29142235
          ],
          [
            40.18376436,
            44.29142069
          ],
          [
            40.1837527,
            44.29142135
          ],
          [
            40.1837417,
            44.29142235
          ],
          [
            40.18373237,
            44.29142401
          ],
          [
            40.18372337,
            44.29142667
          ],
          [
            40.18371538,
            44.29142933
          ],
          [
            40.18371038,
            44.29143166
          ],
          [
            40.18370705,
            44.29143299
          ],
          [
            40.18370505,
            44.29143532
          ],
          [
            40.18370239,
            44.29143865
          ],
          [
            40.18369873,
            44.29144198
          ],
          [
            40.18369407,
            44.29144597
          ],
          [
            40.18368841,
            44.29145063
          ],
          [
            40.18368242,
            44.29145462
          ],
          [
            40.18367576,
            44.29145962
          ],
          [
            40.1836681,
            44.29146361
          ],
          [
            40.1836601,
            44.29146827
          ],
          [
            40.18365411,
            44.29147226
          ],
          [
            40.18365078,
            44.29147492
          ],
          [
            40.18364712,
            44.29147558
          ],
          [
            40.18364712,
            44.29147425
          ],
          [
            40.18365045,
            44.29147126
          ],
          [
            40.18365678,
            44.29146626
          ],
          [
            40.18366544,
            44.2914596
          ],
          [
            40.1836761,
            44.29145327
          ],
          [
            40.18368476,
            44.29144861
          ],
          [
            40.18369175,
            44.29144462
          ],
          [
            40.18369641,
            44.29144229
          ],
          [
            40.18369907,
            44.29144163
          ],
          [
            40.18369441,
            44.29144396
          ],
          [
            40.18368542,
            44.29144829
          ],
          [
            40.18367376,
            44.29145495
          ],
          [
            40.1836611,
            44.29146328
          ],
          [
            40.18364644,
            44.29147194
          ],
          [
            40.18363278,
            44.29148127
          ],
          [
            40.18361945,
            44.2914916
          ],
          [
            40.18360846,
            44.29150326
          ],
          [
            40.18360313,
            44.29151592
          ],
          [
            40.18360612,
            44.29152758
          ],
          [
            40.18361345,
            44.29153924
          ],
          [
            40.18362411,
            44.29154957
          ],
          [
            40.1836361,
            44.2915599
          ],
          [
            40.1836491,
            44.2915709
          ],
          [
            40.18366276,
            44.29158123
          ],
          [
            40.18367642,
            44.29159223
          ],
          [
            40.18369042,
            44.29160289
          ],
          [
            40.18370475,
            44.29161322
          ],
          [
            40.18371875,
            44.29162321
          ],
          [
            40.18373275,
            44.29163287
          ],
          [
            40.18374641,
            44.29164253
          ],
          [
            40.18376041,
            44.29165286
          ],
          [
            40.18377307,
            44.29166252
          ],
          [
            40.18378206,
            44.29167085
          ],
          [
            40.18378772,
            44.29167718
          ],
          [
            40.18379205,
            44.29168051
          ],
          [
            40.18379471,
            44.29168251
          ],
          [
            40.18379704,
            44.29168417
          ],
          [
            40.1837987,
            44.2916855
          ],
          [
            40.1838007,
            44.2916865
          ],
          [
            40.18380235,
            44.29168816
          ],
          [
            40.18380368,
            44.29168816
          ],
          [
            40.18380501,
            44.29168982
          ],
          [
            40.18380834,
            44.29169181
          ],
          [
            40.18381433,
            44.29169447
          ],
          [
            40.18381999,
            44.2916978
          ],
          [
            40.18382398,
            44.29170146
          ],
          [
            40.18382664,
            44.29170379
          ],
          [
            40.18382598,
            44.29170677
          ],
          [
            40.18382499,
            44.29170544
          ],
          [
            40.18382099,
            44.29170078
          ],
          [
            40.18381466,
            44.29169378
          ],
          [
            40.183805,
            44.29168578
          ],
          [
            40.18379301,
            44.29167679
          ],
          [
            40.18378035,
            44.2916668
          ],
          [
            40.18376702,
            44.2916568
          ],
          [
            40.18375336,
            44.29164681
          ],
          [
            40.18374003,
            44.29163681
          ],
          [
            40.18372537,
            44.29162681
          ],
          [
            40.18371071,
            44.29161615
          ],
          [
            40.18369638,
            44.29160582
          ],
          [
            40.18368238,
            44.29159549
          ],
          [
            40.18366805,
            44.29158616
          ],
          [
            40.18365405,
            44.2915765
          ],
          [
            40.18364005,
            44.29156717
          ],
          [
            40.18362605,
            44.29155784
          ],
          [
            40.18361239,
            44.29154784
          ],
          [
            40.18359939,
            44.29153885
          ],
          [
            40.18358706,
            44.29153085
          ],
          [
            40.18357773,
            44.29152386
          ],
          [
            40.18357207,
            44.29152053
          ],
          [
            40.18356874,
            44.2915182
          ],
          [
            40.18356675,
            44.29151687
          ],
          [
            40.18356377,
            44.29151389
          ],
          [
            40.18356311,
            44.29151489
          ],
          [
            40.18356045,
            44.29151788
          ],
          [
            40.18355645,
            44.29152154
          ],
          [
            40.18355112,
            44.29152553
          ],
          [
            40.18354479,
            44.29152953
          ],
          [
            40.18353813,
            44.29153319
          ],
          [
            40.18353313,
            44.29153585
          ],
          [
            40.1835278,
            44.29153951
          ],
          [
            40.1835228,
            44.29154384
          ],
          [
            40.1835178,
            44.2915475
          ],
          [
            40.18351214,
            44.29155116
          ],
          [
            40.18350548,
            44.29155549
          ],
          [
            40.18350015,
            44.29155882
          ],
          [
            40.18349549,
            44.29156215
          ],
          [
            40.1834915,
            44.29156615
          ],
          [
            40.18348817,
            44.29156981
          ],
          [
            40.18348584,
            44.29157247
          ],
          [
            40.18348285,
            44.2915748
          ],
          [
            40.18348052,
            44.29157713
          ],
          [
            40.18347819,
            44.29157846
          ],
          [
            40.1834762,
            44.29157912
          ],
          [
            40.18347387,
            44.29158012
          ],
          [
            40.18346921,
            44.29158012
          ],
          [
            40.18346022,
            44.29158012
          ],
          [
            40.18344823,
            44.29158012
          ],
          [
            40.18343323,
            44.29157879
          ],
          [
            40.1834169,
            44.2915768
          ],
          [
            40.18340091,
            44.2915728
          ],
          [
            40.18338458,
            44.29156714
          ],
          [
            40.18336825,
            44.29156048
          ],
          [
            40.18335226,
            44.29155382
          ],
          [
            40.18333626,
            44.29154716
          ],
          [
            40.18331993,
            44.29154117
          ],
          [
            40.18330393,
            44.29153551
          ],
          [
            40.1832886,
            44.29152785
          ],
          [
            40.18327394,
            44.29152019
          ],
          [
            40.18325994,
            44.29151153
          ],
          [
            40.18324594,
            44.2915032
          ],
          [
            40.18323228,
            44.29149387
          ],
          [
            40.18321895,
            44.29148521
          ],
          [
            40.18320562,
            44.29147721
          ],
          [
            40.18319162,
            44.29146955
          ],
          [
            40.18317762,
            44.29146189
          ],
          [
            40.18316429,
            44.29145456
          ],
          [
            40.18314996,
            44.29144757
          ],
          [
            40.18313563,
            44.29143991
          ],
          [
            40.18312063,
            44.29143358
          ],
          [
            40.1831053,
            44.29142759
          ],
          [
            40.18309064,
            44.29142193
          ],
          [
            40.18307598,
            44.29141593
          ],
          [
            40.18306032,
            44.29140994
          ],
          [
            40.18304432,
            44.29140261
          ],
          [
            40.18302866,
            44.29139662
          ],
          [
            40.183014,
            44.29139062
          ],
          [
            40.183,
            44.29138396
          ],
          [
            40.18298634,
            44.29137697
          ],
          [
            40.18297168,
            44.29137164
          ],
          [
            40.18295802,
            44.29136598
          ],
          [
            40.18294369,
            44.29135965
          ],
          [
            40.18292969,
            44.29135266
          ],
          [
            40.18291603,
            44.291345
          ],
          [
            40.1829017,
            44.29133634
          ],
          [
            40.18288671,
            44.29132868
          ],
          [
            40.18287105,
            44.29132269
          ],
          [
            40.18285472,
            44.29131636
          ],
          [
            40.18283839,
            44.2913107
          ],
          [
            40.18282206,
            44.29130537
          ],
          [
            40.18280473,
            44.29130071
          ],
          [
            40.18278707,
            44.29129672
          ],
          [
            40.18276907,
            44.29129339
          ],
          [
            40.18275108,
            44.29129173
          ],
          [
            40.18273275,
            44.29128974
          ],
          [
            40.18271376,
            44.29128808
          ],
          [
            40.1826951,
            44.29128709
          ],
          [
            40.18267644,
            44.29128643
          ],
          [
            40.18265811,
            44.29128676
          ],
          [
            40.18263978,
            44.29128709
          ],
          [
            40.18262145,
            44.29128709
          ],
          [
            40.18260379,
            44.29128775
          ],
          [
            40.1825858,
            44.29128874
          ],
          [
            40.18256714,
            44.2912914
          ],
          [
            40.18254848,
            44.29129573
          ],
          [
            40.18253082,
            44.29129939
          ],
          [
            40.18251216,
            44.29130305
          ],
          [
            40.18249417,
            44.29130738
          ],
          [
            40.18247717,
            44.29131137
          ],
          [
            40.18246118,
            44.2913157
          ],
          [
            40.18244552,
            44.29131969
          ],
          [
            40.18243019,
            44.29132435
          ],
          [
            40.18241586,
            44.29133034
          ],
          [
            40.18240186,
            44.29133633
          ],
          [
            40.18238786,
            44.29134399
          ],
          [
            40.18237353,
            44.29135232
          ],
          [
            40.1823602,
            44.29136165
          ],
          [
            40.1823472,
            44.29136965
          ],
          [
            40.1823332,
            44.29137731
          ],
          [
            40.18231887,
            44.2913843
          ],
          [
            40.18230354,
            44.29139196
          ],
          [
            40.18228921,
            44.29139929
          ],
          [
            40.18227521,
            44.29140762
          ],
          [
            40.18226055,
            44.29141628
          ],
          [
            40.18224589,
            44.29142361
          ],
          [
            40.18223189,
            44.29143027
          ],
          [
            40.18221823,
            44.29143693
          ],
          [
            40.18220524,
            44.29144359
          ],
          [
            40.18219524,
            44.29144958
          ],
          [
            40.18218625,
            44.29145524
          ],
          [
            40.18217792,
            44.2914599
          ],
          [
            40.18217093,
            44.29146356
          ],
          [
            40.1821656,
            44.29146489
          ],
          [
            40.18216128,
            44.29146456
          ],
          [
            40.18216261,
            44.2914629
          ],
          [
            40.1821646,
            44.2914629
          ],
          [
            40.18216361,
            44.29146456
          ],
          [
            40.18216262,
            44.29146689
          ],
          [
            40.18216196,
            44.29146888
          ],
          [
            40.18216063,
            44.29146988
          ],
          [
            40.18215863,
            44.29147121
          ],
          [
            40.18215697,
            44.29147287
          ],
          [
            40.18215597,
            44.2914732
          ],
          [
            40.18215431,
            44.29147386
          ],
          [
            40.18215265,
            44.29147717
          ],
          [
            40.18214599,
            44.29147551
          ],
          [
            40.18214066,
            44.29147351
          ],
          [
            40.18213733,
            44.29147218
          ],
          [
            40.18213467,
            44.29147085
          ],
          [
            40.18213136,
            44.29146754
          ],
          [
            40.18213036,
            44.29146488
          ],
          [
            40.18213003,
            44.29146222
          ],
          [
            40.1821297,
            44.29146022
          ],
          [
            40.18212871,
            44.29145889
          ],
          [
            40.18212772,
            44.29145657
          ],
          [
            40.182219215,
            44.29147556
          ],
          [
            40.18231071,
            44.29149455
          ],
          [
            40.18231204,
            44.29149555
          ],
          [
            40.18231004,
            44.29149621
          ],
          [
            40.18230504,
            44.29149455
          ],
          [
            40.18229605,
            44.29149089
          ],
          [
            40.18228139,
            44.29148923
          ],
          [
            40.18226839,
            44.29148956
          ],
          [
            40.18225873,
            44.29148923
          ],
          [
            40.18224807,
            44.2914869
          ],
          [
            40.18223707,
            44.29148424
          ],
          [
            40.18222808,
            44.29147924
          ],
          [
            40.18222442,
            44.29147858
          ],
          [
            40.18222109,
            44.29147725
          ],
          [
            40.18221315,
            44.29147295
          ],
          [
            40.18221116,
            44.29146998
          ],
          [
            40.18220785,
            44.291468
          ],
          [
            40.18220818,
            44.29146766
          ],
          [
            40.18220685,
            44.29146733
          ],
          [
            40.18220785,
            44.29146633
          ],
          [
            40.18221216,
            44.29146732
          ],
          [
            40.18221382,
            44.29146732
          ],
          [
            40.18221217,
            44.29146533
          ],
          [
            40.18220556,
            44.29146731
          ],
          [
            40.18220589,
            44.291464
          ],
          [
            40.18220357,
            44.29146268
          ],
          [
            40.18220124,
            44.29146102
          ],
          [
            40.18219991,
            44.29146003
          ],
          [
            40.18219825,
            44.29145937
          ],
          [
            40.18221145,
            44.29144419
          ],
          [
            40.18220979,
            44.29144386
          ],
          [
            40.18220649,
            44.29143823
          ],
          [
            40.1822055,
            44.29143923
          ],
          [
            40.1822045,
            44.29143989
          ],
          [
            40.18220317,
            44.29144022
          ],
          [
            40.18220151,
            44.29144055
          ],
          [
            40.18219985,
            44.29143989
          ],
          [
            40.1821929,
            44.29144088
          ],
          [
            40.18219357,
            44.29143823
          ],
          [
            40.18219257,
            44.29143657
          ],
          [
            40.1821896,
            44.29143953
          ],
          [
            40.18218993,
            44.29144119
          ],
          [
            40.18219225,
            44.29144086
          ],
          [
            40.18219357,
            44.29144051
          ],
          [
            40.18219191,
            44.29144117
          ],
          [
            40.18218958,
            44.2914435
          ],
          [
            40.18218725,
            44.29144616
          ],
          [
            40.18218592,
            44.29144882
          ],
          [
            40.18218492,
            44.29145577
          ],
          [
            40.18218691,
            44.29145841
          ],
          [
            40.18218327,
            44.29145841
          ],
          [
            40.18218327,
            44.29146007
          ],
          [
            40.18218294,
            44.29146306
          ],
          [
            40.18218294,
            44.29146539
          ],
          [
            40.18218327,
            44.29146672
          ],
          [
            40.1821846,
            44.29146772
          ],
          [
            40.1821866,
            44.29146805
          ],
          [
            40.18218826,
            44.29146904
          ],
          [
            40.18219024,
            44.29146638
          ],
          [
            40.18218926,
            44.29146572
          ],
          [
            40.18218727,
            44.2914644
          ],
          [
            40.18218232,
            44.29145977
          ],
          [
            40.18217571,
            44.29145317
          ],
          [
            40.18217836,
            44.29144821
          ],
          [
            40.182182,
            44.29144556
          ],
          [
            40.18218235,
            44.29144954
          ],
          [
            40.18218467,
            44.29145087
          ],
          [
            40.18220681,
            44.29145021
          ],
          [
            40.18220781,
            44.29145682
          ],
          [
            40.18220186,
            44.29145715
          ],
          [
            40.18219723,
            44.29144758
          ],
          [
            40.1821959,
            44.29144824
          ],
          [
            40.18219457,
            44.29144791
          ],
          [
            40.18219225,
            44.29144758
          ],
          [
            40.18218233,
            44.2914423
          ],
          [
            40.182181,
            44.2914423
          ],
          [
            40.18217901,
            44.2914489
          ],
          [
            40.18218265,
            44.2914489
          ]
        ]
      },
      "properties": {
        "name": "Track"
      }
    }
  ]
}