{
  "type": "FeatureCollection",
  "features": [
    {
      "type": "Feature",
      "geometry": {
        "type": "LineString",
        "coordinates": [
          [
            39.68915466,
            43.70847866
          ],
          [
            39.68916632,
            43.70847899
          ],
          [
            39.68918032,
            43.70848065
          ],
          [
            39.68919598,
            43.70848298
          ],
          [
            39.68921064,
            43.70848431
          ],
          [
            39.68922697,
            43.70848664
          ],
          [
            39.68924363,
            43.70848963
          ],
          [
            39.68926062,
            43.70849229
          ],
          [
            39.68927828,
            43.70849595
          ],
          [
            39.68929561,
            43.70850028
          ],
          [
            39.6893136,
            43.70850528
          ],
          [
            39.6893316,
            43.70850961
          ],
          [
            39.68934959,
            43.70851494
          ],
          [
            39.68936759,
            43.70852027
          ],
          [
            39.68938458,
            43.70852593
          ],
          [
            39.68939924,
            43.70853226
          ],
          [
            39.68941257,
            43.70853726
          ],
          [
            39.68942556,
            43.70853959
          ],
          [
            39.68943922,
            43.70853959
          ],
          [
            39.68945355,
            43.70853826
          ],
          [
            39.68946855,
            43.70853626
          ],
          [
            39.68948488,
            43.70853426
          ],
          [
            39.68950088,
            43.70853327
          ],
          [
            39.68951587,
            43.70853261
          ],
          [
            39.6895272,
            43.70853128
          ],
          [
            39.68953953,
            43.70853062
          ],
          [
            39.68955353,
            43.70852962
          ],
          [
            39.68956886,
            43.70852896
          ],
          [
            39.68958452,
            43.7085273
          ],
          [
            39.68960051,
            43.70852497
          ],
          [
            39.6896175,
            43.70852297
          ],
          [
            39.68963516,
            43.70852297
          ],
          [
            39.68965215,
            43.70852231
          ],
          [
            39.68967048,
            43.70852131
          ],
          [
            39.68968814,
            43.70852131
          ],
          [
            39.68970447,
            43.70852397
          ],
          [
            39.68972047,
            43.70852696
          ],
          [
            39.68973746,
            43.70852962
          ],
          [
            39.68975479,
            43.70853162
          ],
          [
            39.68977212,
            43.70853362
          ],
          [
            39.68978778,
            43.70853528
          ],
          [
            39.68980311,
            43.70853794
          ],
          [
            39.68981844,
            43.70853994
          ],
          [
            39.68983277,
            43.70854327
          ],
          [
            39.68984743,
            43.7085456
          ],
          [
            39.68986209,
            43.70854859
          ],
          [
            39.68987709,
            43.70855158
          ],
          [
            39.68989208,
            43.70855491
          ],
          [
            39.68990707,
            43.70855757
          ],
          [
            39.68992207,
            43.70855923
          ],
          [
            39.68993706,
            43.70855923
          ],
          [
            39.68995072,
            43.70856022
          ],
          [
            39.68996438,
            43.70856055
          ],
          [
            39.68997771,
            43.70856221
          ],
          [
            39.68999104,
            43.7085652
          ],
          [
            39.69000504,
            43.70856819
          ],
          [
            39.6900187,
            43.70856952
          ],
          [
            39.69003636,
            43.70857018
          ],
          [
            39.69005436,
            43.70857384
          ],
          [
            39.69007235,
            43.70857817
          ],
          [
            39.69008934,
            43.70858383
          ],
          [
            39.69010067,
            43.70859216
          ],
          [
            39.690108,
            43.70860249
          ],
          [
            39.69011333,
            43.70861482
          ],
          [
            39.69011499,
            43.70862815
          ],
          [
            39.69011466,
            43.70864215
          ],
          [
            39.69011532,
            43.70865515
          ],
          [
            39.69011565,
            43.70866748
          ],
          [
            39.69011532,
            43.70867914
          ],
          [
            39.69011366,
            43.7086898
          ],
          [
            39.69011333,
            43.70870046
          ],
          [
            39.69011499,
            43.70871146
          ],
          [
            39.69011732,
            43.70872212
          ],
          [
            39.69011998,
            43.70873245
          ],
          [
            39.69012331,
            43.70874378
          ],
          [
            39.6901263,
            43.70875544
          ],
          [
            39.69012963,
            43.70876777
          ],
          [
            39.69013329,
            43.7087791
          ],
          [
            39.69013795,
            43.70879076
          ],
          [
            39.69014261,
            43.70880142
          ],
          [
            39.69014794,
            43.70881208
          ],
          [
            39.6901546,
            43.70882241
          ],
          [
            39.69016126,
            43.70883207
          ],
          [
            39.69016725,
            43.70884173
          ],
          [
            39.69017324,
            43.70885073
          ],
          [
            39.69017957,
            43.70886072
          ],
          [
            39.69018556,
            43.70887038
          ],
          [
            39.69019222,
            43.70887904
          ],
          [
            39.69019921,
            43.7088877
          ],
          [
            39.69020654,
            43.70889636
          ],
          [
            39.6902142,
            43.70890469
          ],
          [
            39.69022153,
            43.70891335
          ],
          [
            39.69022953,
            43.70892101
          ],
          [
            39.69023753,
            43.708929
          ],
          [
            39.69024553,
            43.70893666
          ],
          [
            39.69025452,
            43.70894366
          ],
          [
            39.69026318,
            43.70894932
          ],
          [
            39.69026818,
            43.70895398
          ],
          [
            39.69026984,
            43.70895764
          ],
          [
            39.69026951,
            43.70896163
          ],
          [
            39.69026885,
            43.70896596
          ],
          [
            39.69026786,
            43.70896995
          ],
          [
            39.6902672,
            43.70897161
          ],
          [
            39.69026654,
            43.70897327
          ],
          [
            39.69026654,
            43.70897493
          ],
          [
            39.6902682,
            43.70897726
          ],
          [
            39.69027253,
            43.70897959
          ],
          [
            39.69027919,
            43.70898225
          ],
          [
            39.69028785,
            43.70898425
          ],
          [
            39.69029751,
            43.70898691
          ],
          [
            39.69030751,
            43.70899057
          ],
          [
            39.6903175,
            43.7089949
          ],
          [
            39.6903275,
            43.70899923
          ],
          [
            39.69033883,
            43.70900389
          ],
          [
            39.69035049,
            43.70900955
          ],
          [
            39.69036282,
            43.70901488
          ],
          [
            39.69037348,
            43.70902054
          ],
          [
            39.69038514,
            43.7090262
          ],
          [
            39.69039614,
            43.70903186
          ],
          [
            39.69040614,
            43.70903752
          ],
          [
            39.69041513,
            43.70904285
          ],
          [
            39.69042679,
            43.70904785
          ],
          [
            39.69043912,
            43.70905251
          ],
          [
            39.69044978,
            43.70905717
          ],
          [
            39.69046144,
            43.70906116
          ],
          [
            39.69047477,
            43.70906649
          ],
          [
            39.69048843,
            43.70907015
          ],
          [
            39.69050276,
            43.70907448
          ],
          [
            39.69051742,
            43.70907948
          ],
          [
            39.69053142,
            43.70908481
          ],
          [
            39.69054575,
            43.70909047
          ],
          [
            39.69055975,
            43.7090968
          ],
          [
            39.69057375,
            43.70910313
          ],
          [
            39.69058708,
            43.70910813
          ],
          [
            39.69060074,
            43.70911379
          ],
          [
            39.6906134,
            43.70912012
          ],
          [
            39.69062373,
            43.70912512
          ],
          [
            39.69062972,
            43.70912878
          ],
          [
            39.69063405,
            43.70913011
          ],
          [
            39.69063938,
            43.70913177
          ],
          [
            39.69064804,
            43.7091341
          ],
          [
            39.6906577,
            43.70913876
          ],
          [
            39.69066836,
            43.70914409
          ],
          [
            39.69067902,
            43.70915075
          ],
          [
            39.69069035,
            43.70915875
          ],
          [
            39.69069968,
            43.70916841
          ],
          [
            39.69070768,
            43.70917874
          ],
          [
            39.69071301,
            43.70918874
          ],
          [
            39.690716,
            43.7092004
          ],
          [
            39.69071666,
            43.70921173
          ],
          [
            39.69071567,
            43.70922339
          ],
          [
            39.69071301,
            43.70923572
          ],
          [
            39.69070935,
            43.70924771
          ],
          [
            39.69070535,
            43.70926037
          ],
          [
            39.69070102,
            43.7092727
          ],
          [
            39.69069702,
            43.70928503
          ],
          [
            39.69069303,
            43.70929669
          ],
          [
            39.6906887,
            43.70930835
          ],
          [
            39.69068437,
            43.70932035
          ],
          [
            39.69067937,
            43.70933334
          ],
          [
            39.69067437,
            43.70934634
          ],
          [
            39.69066904,
            43.70935933
          ],
          [
            39.69066238,
            43.70937266
          ],
          [
            39.69065705,
            43.70938432
          ],
          [
            39.69065139,
            43.70939698
          ],
          [
            39.69064573,
            43.70940831
          ],
          [
            39.69064107,
            43.70941997
          ],
          [
            39.69063708,
            43.70943163
          ],
          [
            39.69063308,
            43.70944296
          ],
          [
            39.69062875,
            43.70945495
          ],
          [
            39.69062576,
            43.70946695
          ],
          [
            39.69062376,
            43.70947994
          ],
          [
            39.69062376,
            43.70949327
          ],
          [
            39.6906231,
            43.70950693
          ],
          [
            39.69062343,
            43.70951892
          ],
          [
            39.69062442,
            43.70953091
          ],
          [
            39.69062575,
            43.70954291
          ],
          [
            39.69062775,
            43.70955457
          ],
          [
            39.69063041,
            43.70956723
          ],
          [
            39.69063307,
            43.70958056
          ],
          [
            39.69063707,
            43.70959322
          ],
          [
            39.6906404,
            43.70960621
          ],
          [
            39.69064406,
            43.70961921
          ],
          [
            39.69064672,
            43.70963254
          ],
          [
            39.69065038,
            43.70964487
          ],
          [
            39.69065404,
            43.70965787
          ],
          [
            39.69065803,
            43.7096712
          ],
          [
            39.69066169,
            43.70968353
          ],
          [
            39.69066568,
            43.70969619
          ],
          [
            39.69066968,
            43.70970885
          ],
          [
            39.69067367,
            43.70972218
          ],
          [
            39.690677,
            43.70973484
          ],
          [
            39.69068066,
            43.70974784
          ],
          [
            39.69068332,
            43.70976017
          ],
          [
            39.69068631,
            43.70977216
          ],
          [
            39.6906893,
            43.70978415
          ],
          [
            39.6906933,
            43.70979681
          ],
          [
            39.69069696,
            43.70980914
          ],
          [
            39.69070129,
            43.70982114
          ],
          [
            39.69070495,
            43.7098328
          ],
          [
            39.69070928,
            43.70984446
          ],
          [
            39.69071327,
            43.70985679
          ],
          [
            39.6907176,
            43.70986912
          ],
          [
            39.69072293,
            43.70988111
          ],
          [
            39.69072793,
            43.70989211
          ],
          [
            39.69073293,
            43.7099041
          ],
          [
            39.69073759,
            43.70991609
          ],
          [
            39.69074092,
            43.70992709
          ],
          [
            39.69074458,
            43.70993842
          ],
          [
            39.69074824,
            43.70995008
          ],
          [
            39.6907519,
            43.70996208
          ],
          [
            39.69075556,
            43.70997407
          ],
          [
            39.69075756,
            43.70998507
          ],
          [
            39.69075922,
            43.70999607
          ],
          [
            39.69076122,
            43.7100084
          ],
          [
            39.69076288,
            43.71002073
          ],
          [
            39.69076454,
            43.71003272
          ],
          [
            39.69076654,
            43.71004438
          ],
          [
            39.69076953,
            43.71005604
          ],
          [
            39.69077186,
            43.71006637
          ],
          [
            39.69077352,
            43.71007737
          ],
          [
            39.69077286,
            43.71008936
          ],
          [
            39.69077253,
            43.71010169
          ],
          [
            39.6907722,
            43.71011469
          ],
          [
            39.69077154,
            43.71012702
          ],
          [
            39.69077253,
            43.71013768
          ],
          [
            39.6907722,
            43.71014868
          ],
          [
            39.69077087,
            43.71015934
          ],
          [
            39.69076887,
            43.710169
          ],
          [
            39.69076554,
            43.710179
          ],
          [
            39.69076288,
            43.71018799
          ],
          [
            39.69076222,
            43.71019765
          ],
          [
            39.69076089,
            43.71020798
          ],
          [
            39.69076023,
            43.71021831
          ],
          [
            39.69076023,
            43.71022864
          ],
          [
            39.69076056,
            43.7102393
          ],
          [
            39.69076256,
            43.71025163
          ],
          [
            39.69076355,
            43.71026429
          ],
          [
            39.69076588,
            43.71027695
          ],
          [
            39.69076721,
            43.71028894
          ],
          [
            39.69076854,
            43.71029994
          ],
          [
            39.69077053,
            43.7103116
          ],
          [
            39.69077119,
            43.71032226
          ],
          [
            39.69077152,
            43.71033292
          ],
          [
            39.69077119,
            43.71034358
          ],
          [
            39.69077086,
            43.71035491
          ],
          [
            39.69077053,
            43.71036724
          ],
          [
            39.69077053,
            43.7103799
          ],
          [
            39.69077053,
            43.7103919
          ],
          [
            39.69076987,
            43.71040456
          ],
          [
            39.69076754,
            43.71041689
          ],
          [
            39.69076488,
            43.71042955
          ],
          [
            39.69076255,
            43.71044255
          ],
          [
            39.69076022,
            43.71045488
          ],
          [
            39.69075856,
            43.71046754
          ],
          [
            39.69075656,
            43.71048087
          ],
          [
            39.69075423,
            43.71049387
          ],
          [
            39.6907509,
            43.7105072
          ],
          [
            39.69074891,
            43.71052053
          ],
          [
            39.69074891,
            43.71053386
          ],
          [
            39.69074758,
            43.71054786
          ],
          [
            39.69074359,
            43.71056152
          ],
          [
            39.6907376,
            43.71057485
          ],
          [
            39.69073027,
            43.71058851
          ],
          [
            39.69072227,
            43.71060184
          ],
          [
            39.69071294,
            43.7106145
          ],
          [
            39.69070228,
            43.71062649
          ],
          [
            39.69069029,
            43.71063815
          ],
          [
            39.69067763,
            43.71064881
          ],
          [
            39.69066363,
            43.71065947
          ],
          [
            39.6906513,
            43.71066846
          ],
          [
            39.69064097,
            43.71067512
          ],
          [
            39.69063431,
            43.71067978
          ],
          [
            39.69062898,
            43.71068211
          ],
          [
            39.69062632,
            43.71068277
          ],
          [
            39.69062201,
            43.71068046
          ],
          [
            39.69062001,
            43.71068112
          ],
          [
            39.69061235,
            43.71068278
          ],
          [
            39.69060102,
            43.71068611
          ],
          [
            39.69058769,
            43.71069044
          ],
          [
            39.69057403,
            43.71069577
          ],
          [
            39.69056203,
            43.71070143
          ],
          [
            39.6905517,
            43.71070709
          ],
          [
            39.69054137,
            43.71071108
          ],
          [
            39.69052837,
            43.71071441
          ],
          [
            39.69051404,
            43.71071874
          ],
          [
            39.69049671,
            43.7107234
          ],
          [
            39.69047905,
            43.71072806
          ],
          [
            39.69046105,
            43.71073339
          ],
          [
            39.69044306,
            43.71073872
          ],
          [
            39.69042406,
            43.71074471
          ],
          [
            39.69040473,
            43.71075037
          ],
          [
            39.69038574,
            43.7107557
          ],
          [
            39.69036708,
            43.7107607
          ],
          [
            39.69034808,
            43.71076569
          ],
          [
            39.69032842,
            43.71077102
          ],
          [
            39.69030942,
            43.71077535
          ],
          [
            39.69029076,
            43.71078035
          ],
          [
            39.6902721,
            43.71078634
          ],
          [
            39.69025477,
            43.71079233
          ],
          [
            39.69023844,
            43.71079866
          ],
          [
            39.69022278,
            43.71080465
          ],
          [
            39.69020745,
            43.71081098
          ],
          [
            39.69019212,
            43.71081664
          ],
          [
            39.69017646,
            43.71082197
          ],
          [
            39.69015947,
            43.71082663
          ],
          [
            39.69014248,
            43.71083196
          ],
          [
            39.69012648,
            43.71083729
          ],
          [
            39.69011049,
            43.71084095
          ],
          [
            39.69009383,
            43.71084328
          ],
          [
            39.69007483,
            43.71084394
          ],
          [
            39.69005517,
            43.71084427
          ],
          [
            39.69003551,
            43.71084527
          ],
          [
            39.69001618,
            43.71084693
          ],
          [
            39.68999819,
            43.71084959
          ],
          [
            39.6899812,
            43.71085292
          ],
          [
            39.68996454,
            43.71085625
          ],
          [
            39.68994755,
            43.71085991
          ],
          [
            39.68993089,
            43.7108639
          ],
          [
            39.68991489,
            43.71086823
          ],
          [
            39.68989956,
            43.71087289
          ],
          [
            39.68988356,
            43.71087722
          ],
          [
            39.6898679,
            43.71088222
          ],
          [
            39.68985224,
            43.71088821
          ],
          [
            39.68983791,
            43.71089621
          ],
          [
            39.68982258,
            43.71090421
          ],
          [
            39.68980659,
            43.71091187
          ],
          [
            39.6897896,
            43.71091853
          ],
          [
            39.68977294,
            43.71092452
          ],
          [
            39.68975528,
            43.71092985
          ],
          [
            39.68973762,
            43.71093518
          ],
          [
            39.68971963,
            43.71093984
          ],
          [
            39.68970297,
            43.71094517
          ],
          [
            39.68968631,
            43.71095083
          ],
          [
            39.68966965,
            43.71095649
          ],
          [
            39.68965299,
            43.71096248
          ],
          [
            39.68963666,
            43.71096881
          ],
          [
            39.68962167,
            43.71097614
          ],
          [
            39.68960767,
            43.7109828
          ],
          [
            39.68959367,
            43.71099046
          ],
          [
            39.68958001,
            43.71099812
          ],
          [
            39.68956568,
            43.71100545
          ],
          [
            39.68955102,
            43.71101345
          ],
          [
            39.68953702,
            43.71102178
          ],
          [
            39.68952336,
            43.71102911
          ],
          [
            39.68951003,
            43.71103544
          ],
          [
            39.68949637,
            43.7110411
          ],
          [
            39.68948171,
            43.71104676
          ],
          [
            39.68946472,
            43.71105142
          ],
          [
            39.68944873,
            43.71105608
          ],
          [
            39.6894324,
            43.71106074
          ],
          [
            39.68941674,
            43.71106574
          ],
          [
            39.68940108,
            43.71107074
          ],
          [
            39.68938708,
            43.71107673
          ],
          [
            39.68937275,
            43.71108473
          ],
          [
            39.68935809,
            43.71109206
          ],
          [
            39.68934343,
            43.71109839
          ],
          [
            39.68932777,
            43.71110505
          ],
          [
            39.68931177,
            43.71111104
          ],
          [
            39.68929611,
            43.71111703
          ],
          [
            39.68928012,
            43.71112269
          ],
          [
            39.68926279,
            43.71112769
          ],
          [
            39.68924413,
            43.71113235
          ],
          [
            39.68922647,
            43.71113801
          ],
          [
            39.68920914,
            43.71114467
          ],
          [
            39.68919115,
            43.71115066
          ],
          [
            39.68917382,
            43.71115632
          ],
          [
            39.68915616,
            43.71116231
          ],
          [
            39.68913883,
            43.71116864
          ],
          [
            39.68912117,
            43.7111743
          ],
          [
            39.68910318,
            43.71117996
          ],
          [
            39.68908518,
            43.71118496
          ],
          [
            39.68906819,
            43.71119029
          ],
          [
            39.68905086,
            43.71119529
          ],
          [
            39.68903287,
            43.71120029
          ],
          [
            39.68901554,
            43.71120529
          ],
          [
            39.68899921,
            43.71121128
          ],
          [
            39.68898288,
            43.71121727
          ],
          [
            39.68896622,
            43.71122293
          ],
          [
            39.68894956,
            43.71122759
          ],
          [
            39.68893423,
            43.71123158
          ],
          [
            39.68892257,
            43.71123491
          ],
          [
            39.68891524,
            43.71123691
          ],
          [
            39.68891058,
            43.71123857
          ],
          [
            39.68890759,
            43.71123923
          ],
          [
            39.68890626,
            43.71124022
          ],
          [
            39.68890493,
            43.71124122
          ],
          [
            39.68889894,
            43.71124388
          ],
          [
            39.68888794,
            43.71124754
          ],
          [
            39.68887394,
            43.71125087
          ],
          [
            39.68885828,
            43.71125587
          ],
          [
            39.68884162,
            43.71126053
          ],
          [
            39.68882429,
            43.71126619
          ],
          [
            39.68880629,
            43.71127152
          ],
          [
            39.68879029,
            43.71127885
          ],
          [
            39.68877563,
            43.71128584
          ],
          [
            39.68876064,
            43.71129184
          ],
          [
            39.68874631,
            43.71129817
          ],
          [
            39.68873365,
            43.71130283
          ],
          [
            39.68872399,
            43.71130616
          ],
          [
            39.68871566,
            43.71130949
          ],
          [
            39.688706,
            43.71131282
          ],
          [
            39.688695,
            43.71131615
          ],
          [
            39.68868234,
            43.71132015
          ],
          [
            39.68866768,
            43.71132448
          ],
          [
            39.68865235,
            43.71132981
          ],
          [
            39.68863536,
            43.71133447
          ],
          [
            39.68861803,
            43.71133913
          ],
          [
            39.68860004,
            43.71134379
          ],
          [
            39.68858238,
            43.71135012
          ],
          [
            39.68856338,
            43.71135512
          ],
          [
            39.68854472,
            43.71135945
          ],
          [
            39.68852539,
            43.71136411
          ],
          [
            39.68850573,
            43.71136911
          ],
          [
            39.6884874,
            43.71137377
          ],
          [
            39.68846907,
            43.7113781
          ],
          [
            39.68845141,
            43.7113821
          ],
          [
            39.68843408,
            43.71138509
          ],
          [
            39.68841775,
            43.71138808
          ],
          [
            39.68840209,
            43.71139141
          ],
          [
            39.68838643,
            43.71139474
          ],
          [
            39.68836977,
            43.71139707
          ],
          [
            39.68835311,
            43.7113994
          ],
          [
            39.68833578,
            43.7114014
          ],
          [
            39.68831879,
            43.71140339
          ],
          [
            39.68830113,
            43.71140505
          ],
          [
            39.68828414,
            43.71140671
          ],
          [
            39.68826548,
            43.71140904
          ],
          [
            39.68824615,
            43.71141137
          ],
          [
            39.68822816,
            43.7114137
          ],
          [
            39.68821216,
            43.71141669
          ],
          [
            39.68819717,
            43.71142035
          ],
          [
            39.68818184,
            43.71142401
          ],
          [
            39.68816651,
            43.71142767
          ],
          [
            39.68815051,
            43.711431
          ],
          [
            39.68813418,
            43.71143433
          ],
          [
            39.68811785,
            43.71143699
          ],
          [
            39.68810186,
            43.71143932
          ],
          [
            39.68808586,
            43.71144132
          ],
          [
            39.6880702,
            43.71144265
          ],
          [
            39.68805287,
            43.71144465
          ],
          [
            39.68803688,
            43.71144731
          ],
          [
            39.68802155,
            43.71144897
          ],
          [
            39.68800689,
            43.71145097
          ],
          [
            39.68799156,
            43.7114523
          ],
          [
            39.68797623,
            43.71145429
          ],
          [
            39.68796023,
            43.71145562
          ],
          [
            39.68794424,
            43.71145496
          ],
          [
            39.68792858,
            43.7114523
          ],
          [
            39.68791392,
            43.71144564
          ],
          [
            39.68789959,
            43.71143931
          ],
          [
            39.68788593,
            43.71143465
          ],
          [
            39.68787094,
            43.71143199
          ],
          [
            39.68785395,
            43.711429
          ],
          [
            39.68783362,
            43.71142634
          ],
          [
            39.68781329,
            43.71142435
          ],
          [
            39.6877953,
            43.71142235
          ],
          [
            39.68777797,
            43.71141936
          ],
          [
            39.68776164,
            43.7114147
          ],
          [
            39.68774631,
            43.71140804
          ],
          [
            39.68773231,
            43.71139905
          ],
          [
            39.68771965,
            43.71138939
          ],
          [
            39.68770899,
            43.71137806
          ],
          [
            39.6877,
            43.71136673
          ],
          [
            39.68769267,
            43.7113544
          ],
          [
            39.68768501,
            43.71134174
          ],
          [
            39.68767768,
            43.71132808
          ],
          [
            39.68767069,
            43.71131408
          ],
          [
            39.68766369,
            43.71129942
          ],
          [
            39.68765703,
            43.71128476
          ],
          [
            39.68765104,
            43.71127076
          ],
          [
            39.68764604,
            43.71125676
          ],
          [
            39.68764171,
            43.71124343
          ],
          [
            39.68763905,
            43.71122977
          ],
          [
            39.68763606,
            43.71121677
          ],
          [
            39.68763373,
            43.71120377
          ],
          [
            39.6876314,
            43.71119078
          ],
          [
            39.68763007,
            43.71117845
          ],
          [
            39.68763007,
            43.71116546
          ],
          [
            39.68763073,
            43.71115146
          ],
          [
            39.68763173,
            43.71113813
          ],
          [
            39.68763306,
            43.7111238
          ],
          [
            39.68763306,
            43.71111014
          ],
          [
            39.68763273,
            43.71109648
          ],
          [
            39.6876324,
            43.71108248
          ],
          [
            39.68763207,
            43.71106815
          ],
          [
            39.68763207,
            43.71105349
          ],
          [
            39.68763107,
            43.7110385
          ],
          [
            39.68763008,
            43.71102417
          ],
          [
            39.68762875,
            43.71100951
          ],
          [
            39.68762809,
            43.71099551
          ],
          [
            39.68762875,
            43.71098252
          ],
          [
            39.68763208,
            43.71096986
          ],
          [
            39.68763841,
            43.7109572
          ],
          [
            39.68764907,
            43.71094487
          ],
          [
            39.68766173,
            43.71093254
          ],
          [
            39.68767373,
            43.71091988
          ],
          [
            39.68768439,
            43.71090789
          ],
          [
            39.68769339,
            43.7108959
          ],
          [
            39.68770138,
            43.71088424
          ],
          [
            39.68770738,
            43.71087224
          ],
          [
            39.68771204,
            43.71086058
          ],
          [
            39.68771404,
            43.71084825
          ],
          [
            39.68771503,
            43.71083425
          ],
          [
            39.68771503,
            43.71082059
          ],
          [
            39.68771503,
            43.71080826
          ],
          [
            39.6877137,
            43.7107956
          ],
          [
            39.68771304,
            43.71078194
          ],
          [
            39.68771271,
            43.71076828
          ],
          [
            39.68771172,
            43.71075429
          ],
          [
            39.68771106,
            43.71074129
          ],
          [
            39.68771073,
            43.71072729
          ],
          [
            39.68771172,
            43.71071429
          ],
          [
            39.68771238,
            43.71070096
          ],
          [
            39.68771205,
            43.71068763
          ],
          [
            39.68771205,
            43.71067363
          ],
          [
            39.68771139,
            43.7106603
          ],
          [
            39.68770939,
            43.71064597
          ],
          [
            39.68770773,
            43.71063197
          ],
          [
            39.68770607,
            43.71061797
          ],
          [
            39.68770508,
            43.71060397
          ],
          [
            39.68770442,
            43.71058964
          ],
          [
            39.68770409,
            43.71057564
          ],
          [
            39.6877031,
            43.71056164
          ],
          [
            39.68770211,
            43.71054831
          ],
          [
            39.68770011,
            43.71053431
          ],
          [
            39.68769811,
            43.71051965
          ],
          [
            39.68769578,
            43.71050565
          ],
          [
            39.68769212,
            43.71049132
          ],
          [
            39.68768979,
            43.71047732
          ],
          [
            39.6876878,
            43.71046366
          ],
          [
            39.6876868,
            43.71045
          ],
          [
            39.6876868,
            43.71043667
          ],
          [
            39.6876868,
            43.71042334
          ],
          [
            39.68768746,
            43.71041001
          ],
          [
            39.68768779,
            43.71039668
          ],
          [
            39.68768746,
            43.71038335
          ],
          [
            39.68768713,
            43.71037002
          ],
          [
            39.68768614,
            43.71035636
          ],
          [
            39.68768448,
            43.71034303
          ],
          [
            39.68768215,
            43.7103297
          ],
          [
            39.68767882,
            43.71031704
          ],
          [
            39.68767416,
            43.71030538
          ],
          [
            39.68766583,
            43.71029538
          ],
          [
            39.6876535,
            43.71028505
          ],
          [
            39.68764017,
            43.71027539
          ],
          [
            39.68762617,
            43.71026673
          ],
          [
            39.68761251,
            43.7102574
          ],
          [
            39.68759885,
            43.71024774
          ],
          [
            39.68758552,
            43.71023841
          ],
          [
            39.68757152,
            43.71023008
          ],
          [
            39.68755752,
            43.71022208
          ],
          [
            39.68754319,
            43.71021442
          ],
          [
            39.68753086,
            43.71020642
          ],
          [
            39.68751786,
            43.71019842
          ],
          [
            39.68750553,
            43.71019076
          ],
          [
            39.68749153,
            43.7101851
          ],
          [
            39.68747753,
            43.71018044
          ],
          [
            39.68746353,
            43.71017611
          ],
          [
            39.68744953,
            43.71017212
          ],
          [
            39.6874362,
            43.71016879
          ],
          [
            39.68742321,
            43.71016513
          ],
          [
            39.68740921,
            43.71016114
          ],
          [
            39.68739521,
            43.71015714
          ],
          [
            39.68737988,
            43.71015281
          ],
          [
            39.68736422,
            43.71014815
          ],
          [
            39.68734723,
            43.71014349
          ],
          [
            39.68733023,
            43.71014016
          ],
          [
            39.6873129,
            43.71013617
          ],
          [
            39.68729591,
            43.71013217
          ],
          [
            39.68727792,
            43.71012851
          ],
          [
            39.68725892,
            43.71012518
          ],
          [
            39.68723992,
            43.71012185
          ],
          [
            39.68722159,
            43.71011985
          ],
          [
            39.68720226,
            43.71011719
          ],
          [
            39.6871836,
            43.71011553
          ],
          [
            39.68716427,
            43.7101132
          ],
          [
            39.68714461,
            43.71011187
          ],
          [
            39.68712628,
            43.71011187
          ],
          [
            39.68710728,
            43.7101122
          ],
          [
            39.68708862,
            43.71011187
          ],
          [
            39.68706996,
            43.71011121
          ],
          [
            39.6870513,
            43.71011088
          ],
          [
            39.68703297,
            43.71010922
          ],
          [
            39.68701464,
            43.71010823
          ],
          [
            39.68699631,
            43.71010823
          ],
          [
            39.68697798,
            43.71010889
          ],
          [
            39.68696032,
            43.71010723
          ],
          [
            39.68694233,
            43.71010424
          ],
          [
            39.686925,
            43.71009991
          ],
          [
            39.68690701,
            43.71009392
          ],
          [
            39.68689101,
            43.71008692
          ],
          [
            39.68687635,
            43.71007926
          ],
          [
            39.68686336,
            43.71007026
          ],
          [
            39.68685136,
            43.71005993
          ],
          [
            39.6868417,
            43.7100486
          ],
          [
            39.68683337,
            43.71003727
          ],
          [
            39.68682604,
            43.71002494
          ],
          [
            39.68681938,
            43.71001295
          ],
          [
            39.68681172,
            43.71000129
          ],
          [
            39.68680406,
            43.7099893
          ],
          [
            39.6867954,
            43.7099783
          ],
          [
            39.68678741,
            43.7099683
          ],
          [
            39.68677941,
            43.70995831
          ],
          [
            39.68677041,
            43.70994831
          ],
          [
            39.68676042,
            43.70993898
          ],
          [
            39.68674976,
            43.70993065
          ],
          [
            39.6867381,
            43.70992232
          ],
          [
            39.68672644,
            43.70991532
          ],
          [
            39.68671478,
            43.70990866
          ],
          [
            39.68670278,
            43.70990267
          ],
          [
            39.68669212,
            43.70989767
          ],
          [
            39.68668012,
            43.70989201
          ],
          [
            39.68666746,
            43.70988668
          ],
          [
            39.68665547,
            43.70988202
          ],
          [
            39.68664214,
            43.70987803
          ],
          [
            39.68662881,
            43.70987404
          ],
          [
            39.68661481,
            43.70987004
          ],
          [
            39.68659982,
            43.70986605
          ],
          [
            39.68658549,
            43.70986172
          ],
          [
            39.68657149,
            43.70985773
          ],
          [
            39.68655716,
            43.70985407
          ],
          [
            39.68654183,
            43.70985041
          ],
          [
            39.68652617,
            43.70984742
          ],
          [
            39.68650984,
            43.70984476
          ],
          [
            39.68649351,
            43.70984143
          ],
          [
            39.68647751,
            43.70983744
          ],
          [
            39.68646218,
            43.70983478
          ],
          [
            39.68644552,
            43.70983212
          ],
          [
            39.68642886,
            43.70982946
          ],
          [
            39.6864122,
            43.7098278
          ],
          [
            39.68639487,
            43.70982614
          ],
          [
            39.68637721,
            43.70982448
          ],
          [
            39.68635921,
            43.70982382
          ],
          [
            39.68634122,
            43.70982382
          ],
          [
            39.68632356,
            43.70982349
          ],
          [
            39.68630556,
            43.70982415
          ],
          [
            39.68628823,
            43.70982481
          ],
          [
            39.68627257,
            43.70982614
          ],
          [
            39.68625757,
            43.70982713
          ],
          [
            39.68624424,
            43.70982846
          ],
          [
            39.68623091,
            43.70982979
          ],
          [
            39.68621758,
            43.70983045
          ],
          [
            39.68620358,
            43.70983078
          ],
          [
            39.68618825,
            43.70983111
          ],
          [
            39.68617192,
            43.70983144
          ],
          [
            39.68615459,
            43.7098321
          ],
          [
            39.68613626,
            43.7098321
          ],
          [
            39.68611726,
            43.70983144
          ],
          [
            39.68609927,
            43.70983011
          ],
          [
            39.68608094,
            43.70982878
          ],
          [
            39.68606295,
            43.70982812
          ],
          [
            39.68604462,
            43.70982613
          ],
          [
            39.68602662,
            43.70982447
          ],
          [
            39.68600829,
            43.70982281
          ],
          [
            39.68599063,
            43.70982048
          ],
          [
            39.68597264,
            43.70981782
          ],
          [
            39.68595431,
            43.70981482
          ],
          [
            39.68593632,
            43.70981149
          ],
          [
            39.68591799,
            43.70980883
          ],
          [
            39.68590066,
            43.70980684
          ],
          [
            39.68588333,
            43.70980484
          ],
          [
            39.68586567,
            43.70980284
          ],
          [
            39.68584768,
            43.70980051
          ],
          [
            39.68583035,
            43.70979785
          ],
          [
            39.68581236,
            43.70979419
          ],
          [
            39.6857957,
            43.7097912
          ],
          [
            39.68577837,
            43.70978887
          ],
          [
            39.68576204,
            43.70978621
          ],
          [
            39.68574505,
            43.70978322
          ],
          [
            39.68572706,
            43.70977989
          ],
          [
            39.68570873,
            43.70977623
          ],
          [
            39.68569074,
            43.7097719
          ],
          [
            39.68567208,
            43.70976724
          ],
          [
            39.68565375,
            43.70976258
          ],
          [
            39.68563442,
            43.70975758
          ],
          [
            39.68561576,
            43.70975325
          ],
          [
            39.68559643,
            43.70974992
          ],
          [
            39.68557777,
            43.70974859
          ],
          [
            39.68555944,
            43.70974859
          ],
          [
            39.68554145,
            43.70974859
          ],
          [
            39.68552312,
            43.70974925
          ],
          [
            39.68550546,
            43.70975091
          ],
          [
            39.68548813,
            43.70975324
          ],
          [
            39.6854718,
            43.70975557
          ],
          [
            39.68545481,
            43.70975723
          ],
          [
            39.68543782,
            43.70975923
          ],
          [
            39.68542116,
            43.70976222
          ],
          [
            39.68540417,
            43.70976555
          ],
          [
            39.68538817,
            43.70976988
          ],
          [
            39.68537184,
            43.70977487
          ],
          [
            39.68535551,
            43.70977953
          ],
          [
            39.68533918,
            43.70978319
          ],
          [
            39.68532318,
            43.70978819
          ],
          [
            39.68530685,
            43.70979285
          ],
          [
            39.68528986,
            43.70979718
          ],
          [
            39.6852732,
            43.70980118
          ],
          [
            39.68525687,
            43.70980484
          ],
          [
            39.68524054,
            43.70980783
          ],
          [
            39.68522421,
            43.70981082
          ],
          [
            39.68520755,
            43.70981381
          ],
          [
            39.68519022,
            43.70981714
          ],
          [
            39.68517323,
            43.70981914
          ],
          [
            39.6851569,
            43.70981881
          ],
          [
            39.68514124,
            43.70981615
          ],
          [
            39.68512591,
            43.70981249
          ],
          [
            39.68510991,
            43.70980883
          ],
          [
            39.68509492,
            43.70980417
          ],
          [
            39.68508059,
            43.70979784
          ],
          [
            39.68506893,
            43.70979018
          ],
          [
            39.6850576,
            43.70978218
          ],
          [
            39.6850476,
            43.70977352
          ],
          [
            39.6850396,
            43.70976352
          ],
          [
            39.68503461,
            43.70975353
          ],
          [
            39.68503195,
            43.70974353
          ],
          [
            39.68503294,
            43.7097342
          ],
          [
            39.68503627,
            43.70972521
          ],
          [
            39.68504093,
            43.70971521
          ],
          [
            39.68504559,
            43.70970522
          ],
          [
            39.68504992,
            43.70969589
          ],
          [
            39.68505225,
            43.70968623
          ],
          [
            39.68505391,
            43.70967857
          ],
          [
            39.68505591,
            43.70967258
          ],
          [
            39.68505924,
            43.70966692
          ],
          [
            39.68506257,
            43.70966093
          ],
          [
            39.68506457,
            43.7096566
          ],
          [
            39.68506557,
            43.70965394
          ],
          [
            39.68506689,
            43.70965161
          ],
          [
            39.68507019,
            43.70965028
          ],
          [
            39.68507284,
            43.70964962
          ],
          [
            39.68507351,
            43.70964829
          ],
          [
            39.68507185,
            43.70964763
          ],
          [
            39.68507052,
            43.70964763
          ],
          [
            39.68506886,
            43.70964796
          ],
          [
            39.68506486,
            43.70965062
          ],
          [
            39.68506187,
            43.70965595
          ],
          [
            39.68505954,
            43.70966161
          ],
          [
            39.68505888,
            43.70966627
          ],
          [
            39.68505855,
            43.7096706
          ],
          [
            39.68505822,
            43.70967359
          ],
          [
            39.68505723,
            43.70967625
          ],
          [
            39.68505624,
            43.70967758
          ],
          [
            39.68505425,
            43.70967558
          ],
          [
            39.68505092,
            43.70967058
          ],
          [
            39.68504759,
            43.70966459
          ],
          [
            39.6850436,
            43.70965793
          ],
          [
            39.6850386,
            43.7096516
          ],
          [
            39.68503427,
            43.70964494
          ],
          [
            39.68502961,
            43.70963861
          ],
          [
            39.68502628,
            43.70963128
          ],
          [
            39.68502362,
            43.70962429
          ],
          [
            39.68502129,
            43.70961663
          ],
          [
            39.68501929,
            43.7096093
          ],
          [
            39.68501796,
            43.70960197
          ],
          [
            39.68501796,
            43.70959397
          ],
          [
            39.6850173,
            43.70958531
          ],
          [
            39.68501664,
            43.70957798
          ],
          [
            39.68501498,
            43.70957165
          ],
          [
            39.68501564,
            43.70956566
          ],
          [
            39.6850183,
            43.70956033
          ],
          [
            39.68502263,
            43.70955434
          ],
          [
            39.68502663,
            43.70954801
          ],
          [
            39.68502996,
            43.70954035
          ],
          [
            39.68503295,
            43.70953369
          ],
          [
            39.68503761,
            43.70952836
          ],
          [
            39.68504294,
            43.70952436
          ],
          [
            39.68504894,
            43.70952103
          ],
          [
            39.6850556,
            43.70951603
          ],
          [
            39.68506193,
            43.70950904
          ],
          [
            39.68506626,
            43.70950238
          ],
          [
            39.68506959,
            43.70949639
          ],
          [
            39.68507225,
            43.70949006
          ],
          [
            39.68507291,
            43.7094834
          ],
          [
            39.68507158,
            43.7094784
          ],
          [
            39.68506725,
            43.7094744
          ],
          [
            39.68506192,
            43.70947007
          ],
          [
            39.68505493,
            43.70946607
          ],
          [
            39.68504793,
            43.70946241
          ],
          [
            39.6850396,
            43.70945842
          ],
          [
            39.68503027,
            43.70945276
          ],
          [
            39.68501927,
            43.7094471
          ],
          [
            39.68500728,
            43.7094431
          ],
          [
            39.68499395,
            43.70944077
          ],
          [
            39.68498029,
            43.70943878
          ],
          [
            39.68496596,
            43.70943678
          ],
          [
            39.68495196,
            43.70943512
          ],
          [
            39.6849383,
            43.70943313
          ],
          [
            39.68492597,
            43.7094308
          ],
          [
            39.68491398,
            43.70942747
          ],
          [
            39.68490232,
            43.70942247
          ],
          [
            39.68489032,
            43.70941714
          ],
          [
            39.68487666,
            43.70941181
          ],
          [
            39.684863,
            43.70940748
          ],
          [
            39.68484934,
            43.70940415
          ],
          [
            39.68483534,
            43.70940149
          ],
          [
            39.68482301,
            43.70939983
          ],
          [
            39.68481235,
            43.70939717
          ],
          [
            39.68480169,
            43.70939451
          ],
          [
            39.68479103,
            43.70939085
          ],
          [
            39.68478037,
            43.70938752
          ],
          [
            39.68477237,
            43.70938386
          ],
          [
            39.68476704,
            43.7093812
          ],
          [
            39.68476405,
            43.70937987
          ],
          [
            39.68476272,
            43.70937788
          ],
          [
            39.68476272,
            43.70937954
          ],
          [
            39.68476405,
            43.7093832
          ],
          [
            39.68476405,
            43.70938753
          ],
          [
            39.68476206,
            43.70939152
          ],
          [
            39.6847564,
            43.70939518
          ],
          [
            39.68474707,
            43.70939718
          ],
          [
            39.68473541,
            43.70939851
          ],
          [
            39.68472308,
            43.70939884
          ],
          [
            39.68470942,
            43.70939818
          ],
          [
            39.68469542,
            43.70939519
          ],
          [
            39.68468109,
            43.70939286
          ],
          [
            39.68466643,
            43.70939053
          ],
          [
            39.68465243,
            43.7093892
          ],
          [
            39.68464143,
            43.70938754
          ],
          [
            39.68463643,
            43.7093882
          ],
          [
            39.68463909,
            43.70938919
          ],
          [
            39.68464542,
            43.70939152
          ],
          [
            39.68465642,
            43.70939318
          ],
          [
            39.68466942,
            43.70939384
          ],
          [
            39.68468408,
            43.7093945
          ],
          [
            39.68469941,
            43.70939483
          ],
          [
            39.68471541,
            43.70939582
          ],
          [
            39.6847304,
            43.70939483
          ],
          [
            39.6847434,
            43.70939184
          ],
          [
            39.68475239,
            43.70938751
          ],
          [
            39.68475805,
            43.70938385
          ],
          [
            39.68476205,
            43.70938252
          ],
          [
            39.68476438,
            43.70938119
          ],
          [
            39.68476571,
            43.7093802
          ],
          [
            39.6847591,
            43.70937755
          ],
          [
            39.68475578,
            43.70937656
          ],
          [
            39.68475112,
            43.70937822
          ],
          [
            39.68474446,
            43.70938121
          ],
          [
            39.6847358,
            43.70938487
          ],
          [
            39.68472414,
            43.70938786
          ],
          [
            39.68471014,
            43.70938952
          ],
          [
            39.68469515,
            43.70938853
          ],
          [
            39.68467982,
            43.70938554
          ],
          [
            39.68466383,
            43.70938221
          ],
          [
            39.6846475,
            43.70937888
          ],
          [
            39.6846315,
            43.70937489
          ],
          [
            39.68461484,
            43.70937123
          ],
          [
            39.68459818,
            43.70936824
          ],
          [
            39.68458152,
            43.70936525
          ],
          [
            39.68456419,
            43.70936092
          ],
          [
            39.6845482,
            43.70935759
          ],
          [
            39.68453154,
            43.70935359
          ],
          [
            39.68451421,
            43.7093496
          ],
          [
            39.68449621,
            43.70934527
          ],
          [
            39.68447888,
            43.70934094
          ],
          [
            39.68446189,
            43.70933695
          ],
          [
            39.6844449,
            43.70933295
          ],
          [
            39.68442824,
            43.70933062
          ],
          [
            39.68441058,
            43.70932796
          ],
          [
            39.68439292,
            43.70932597
          ],
          [
            39.68437493,
            43.70932397
          ],
          [
            39.6843576,
            43.70932064
          ],
          [
            39.68434127,
            43.70931664
          ],
          [
            39.68432461,
            43.70931231
          ],
          [
            39.68430861,
            43.70930898
          ],
          [
            39.68429228,
            43.70930498
          ],
          [
            39.68427728,
            43.70930165
          ],
          [
            39.68426295,
            43.70929732
          ],
          [
            39.68424762,
            43.70929133
          ],
          [
            39.68423162,
            43.709286
          ],
          [
            39.68421562,
            43.70928067
          ],
          [
            39.68419996,
            43.70927601
          ],
          [
            39.68418363,
            43.70927135
          ],
          [
            39.68416763,
            43.70926635
          ],
          [
            39.68415097,
            43.70926202
          ],
          [
            39.68413398,
            43.70925769
          ],
          [
            39.68411699,
            43.7092537
          ],
          [
            39.6841,
            43.70924904
          ],
          [
            39.68408334,
            43.70924505
          ],
          [
            39.68406635,
            43.70924072
          ],
          [
            39.68405036,
            43.70923606
          ],
          [
            39.68403636,
            43.70923073
          ],
          [
            39.6840217,
            43.70922474
          ],
          [
            39.68400737,
            43.70921841
          ],
          [
            39.68399238,
            43.70921275
          ],
          [
            39.68397672,
            43.70920742
          ],
          [
            39.68396039,
            43.70920276
          ],
          [
            39.68394473,
            43.70919776
          ],
          [
            39.6839294,
            43.70919377
          ],
          [
            39.68391507,
            43.70919011
          ],
          [
            39.68390007,
            43.70918712
          ],
          [
            39.68388607,
            43.70918379
          ],
          [
            39.68387241,
            43.70918013
          ],
          [
            39.68385775,
            43.7091758
          ],
          [
            39.68384276,
            43.70917181
          ],
          [
            39.6838281,
            43.70916815
          ],
          [
            39.68381277,
            43.70916449
          ],
          [
            39.68379611,
            43.70916016
          ],
          [
            39.68378045,
            43.70915583
          ],
          [
            39.68376412,
            43.70915117
          ],
          [
            39.68374779,
            43.70914651
          ],
          [
            39.68373113,
            43.70914218
          ],
          [
            39.68371447,
            43.70913852
          ],
          [
            39.68369814,
            43.70913319
          ],
          [
            39.68368148,
            43.7091292
          ],
          [
            39.68366482,
            43.7091252
          ],
          [
            39.68364816,
            43.70912087
          ],
          [
            39.6836335,
            43.70911621
          ],
          [
            39.68361851,
            43.70911222
          ],
          [
            39.68360451,
            43.70910822
          ],
          [
            39.68359051,
            43.70910456
          ],
          [
            39.68357618,
            43.70910123
          ],
          [
            39.68356252,
            43.70909723
          ],
          [
            39.68354786,
            43.70909424
          ],
          [
            39.68353353,
            43.70909091
          ],
          [
            39.6835202,
            43.70908758
          ],
          [
            39.68350687,
            43.70908425
          ],
          [
            39.68349421,
            43.70908025
          ],
          [
            39.68348088,
            43.70907626
          ],
          [
            39.68346922,
            43.70907293
          ],
          [
            39.68345589,
            43.70906927
          ],
          [
            39.68344223,
            43.70906528
          ],
          [
            39.68342857,
            43.70906095
          ],
          [
            39.68341457,
            43.70905629
          ],
          [
            39.68340057,
            43.70905096
          ],
          [
            39.68338624,
            43.7090463
          ],
          [
            39.68337391,
            43.70904164
          ],
          [
            39.68336158,
            43.70903598
          ],
          [
            39.68334959,
            43.70902999
          ],
          [
            39.68333793,
            43.709023
          ],
          [
            39.68332594,
            43.70901701
          ],
          [
            39.68331561,
            43.70901068
          ],
          [
            39.68330628,
            43.70900469
          ],
          [
            39.68329562,
            43.7090007
          ],
          [
            39.68328429,
            43.70899604
          ],
          [
            39.6832723,
            43.70899138
          ],
          [
            39.68326031,
            43.70898738
          ],
          [
            39.68324665,
            43.70898405
          ],
          [
            39.68323332,
            43.70898072
          ],
          [
            39.68321932,
            43.70897773
          ],
          [
            39.68320532,
            43.70897507
          ],
          [
            39.68319266,
            43.70897274
          ],
          [
            39.68317833,
            43.70897074
          ],
          [
            39.68316367,
            43.70896875
          ],
          [
            39.68314834,
            43.70896709
          ],
          [
            39.68313301,
            43.70896742
          ],
          [
            39.68311835,
            43.70896742
          ],
          [
            39.68310569,
            43.70896742
          ],
          [
            39.68309269,
            43.70896576
          ],
          [
            39.68307903,
            43.70896377
          ],
          [
            39.68306637,
            43.70896277
          ],
          [
            39.68305371,
            43.70896078
          ],
          [
            39.68304105,
            43.70895912
          ],
          [
            39.68302872,
            43.70895712
          ],
          [
            39.68301539,
            43.70895546
          ],
          [
            39.68300273,
            43.70895413
          ],
          [
            39.68299007,
            43.70895247
          ],
          [
            39.68297741,
            43.70895147
          ],
          [
            39.68296442,
            43.70894914
          ],
          [
            39.68295142,
            43.70894614
          ],
          [
            39.68293842,
            43.70894215
          ],
          [
            39.68292576,
            43.70893782
          ],
          [
            39.68291343,
            43.70893316
          ],
          [
            39.68290143,
            43.70892816
          ],
          [
            39.6828901,
            43.7089235
          ],
          [
            39.68288077,
            43.70891851
          ],
          [
            39.68287311,
            43.70891151
          ],
          [
            39.68286612,
            43.70890418
          ],
          [
            39.68285979,
            43.70889685
          ],
          [
            39.6828538,
            43.70888919
          ],
          [
            39.68284847,
            43.7088822
          ],
          [
            39.68284381,
            43.7088742
          ],
          [
            39.68284048,
            43.70886787
          ],
          [
            39.68283548,
            43.70886121
          ],
          [
            39.68283148,
            43.70885522
          ],
          [
            39.68282682,
            43.70884789
          ],
          [
            39.68282549,
            43.70883923
          ],
          [
            39.6828235,
            43.70883057
          ],
          [
            39.68282217,
            43.70882224
          ],
          [
            39.68282017,
            43.70881325
          ],
          [
            39.68281818,
            43.70880392
          ],
          [
            39.68281585,
            43.70879359
          ],
          [
            39.68281152,
            43.70878326
          ],
          [
            39.68280753,
            43.70877393
          ],
          [
            39.68280353,
            43.70876494
          ],
          [
            39.68279887,
            43.70875595
          ],
          [
            39.68279487,
            43.70874696
          ],
          [
            39.68279021,
            43.70873796
          ],
          [
            39.68278555,
            43.7087293
          ],
          [
            39.68278022,
            43.70872064
          ],
          [
            39.68277489,
            43.70871231
          ],
          [
            39.68276956,
            43.70870332
          ],
          [
            39.68276523,
            43.70869399
          ],
          [
            39.6827599,
            43.708685
          ],
          [
            39.68275391,
            43.70867634
          ],
          [
            39.68274725,
            43.70866768
          ],
          [
            39.68273926,
            43.70865835
          ],
          [
            39.68273026,
            43.70865035
          ],
          [
            39.68272093,
            43.70864336
          ],
          [
            39.68271127,
            43.7086367
          ],
          [
            39.68270161,
            43.70863004
          ],
          [
            39.68269061,
            43.70862338
          ],
          [
            39.68267928,
            43.70861672
          ],
          [
            39.68266895,
            43.70861039
          ],
          [
            39.68265895,
            43.70860473
          ],
          [
            39.68265095,
            43.7085994
          ],
          [
            39.68264262,
            43.70859407
          ],
          [
            39.68263529,
            43.70858908
          ],
          [
            39.68262663,
            43.70858208
          ],
          [
            39.68261697,
            43.70857509
          ],
          [
            39.68260698,
            43.70856909
          ],
          [
            39.68259698,
            43.7085621
          ],
          [
            39.68258632,
            43.7085551
          ],
          [
            39.68257532,
            43.70854844
          ],
          [
            39.68256466,
            43.70854111
          ],
          [
            39.68255366,
            43.70853378
          ],
          [
            39.682543,
            43.70852712
          ],
          [
            39.682532,
            43.70852146
          ],
          [
            39.68252134,
            43.7085148
          ],
          [
            39.68251101,
            43.70850814
          ],
          [
            39.68250202,
            43.70850148
          ],
          [
            39.68249402,
            43.70849482
          ],
          [
            39.68248736,
            43.70848816
          ],
          [
            39.6824787,
            43.70848083
          ],
          [
            39.6824687,
            43.7084725
          ],
          [
            39.68245871,
            43.70846417
          ],
          [
            39.68244805,
            43.70845651
          ],
          [
            39.68243772,
            43.70844985
          ],
          [
            39.68242739,
            43.70844252
          ],
          [
            39.68241706,
            43.70843486
          ],
          [
            39.68240773,
            43.70842753
          ],
          [
            39.68239907,
            43.7084212
          ],
          [
            39.68239041,
            43.70841454
          ],
          [
            39.68238175,
            43.70840855
          ],
          [
            39.68237242,
            43.70840256
          ],
          [
            39.68236643,
            43.70839557
          ],
          [
            39.6823611,
            43.70838791
          ],
          [
            39.68235711,
            43.70837991
          ],
          [
            39.68235378,
            43.70837125
          ],
          [
            39.68234845,
            43.70836359
          ],
          [
            39.68234212,
            43.70835593
          ],
          [
            39.68233413,
            43.70834827
          ],
          [
            39.68232613,
            43.70834094
          ],
          [
            39.68231847,
            43.70833395
          ],
          [
            39.68230948,
            43.70832762
          ],
          [
            39.68230049,
            43.70832262
          ],
          [
            39.68229183,
            43.70831729
          ],
          [
            39.6822815,
            43.70831263
          ],
          [
            39.68227251,
            43.7083073
          ],
          [
            39.68226218,
            43.70830331
          ],
          [
            39.68225218,
            43.70829865
          ],
          [
            39.68224085,
            43.70829365
          ],
          [
            39.68223019,
            43.70828899
          ],
          [
            39.68221819,
            43.70828399
          ],
          [
            39.68220719,
            43.70828
          ],
          [
            39.68219653,
            43.70827534
          ],
          [
            39.6821862,
            43.70827001
          ],
          [
            39.68217721,
            43.70826335
          ],
          [
            39.68216788,
            43.70825669
          ],
          [
            39.68215755,
            43.70825003
          ],
          [
            39.68214556,
            43.70824337
          ],
          [
            39.6821329,
            43.70823671
          ],
          [
            39.68211924,
            43.70823005
          ],
          [
            39.68210524,
            43.70822339
          ],
          [
            39.68209191,
            43.7082174
          ],
          [
            39.68207692,
            43.70821341
          ],
          [
            39.68206292,
            43.70820875
          ],
          [
            39.68204993,
            43.70820609
          ],
          [
            39.68203827,
            43.70820443
          ],
          [
            39.68202794,
            43.70820476
          ],
          [
            39.68201761,
            43.70820376
          ],
          [
            39.68200695,
            43.70820243
          ],
          [
            39.68199629,
            43.70820077
          ],
          [
            39.68198596,
            43.70819844
          ],
          [
            39.6819753,
            43.70819578
          ],
          [
            39.6819643,
            43.70819279
          ],
          [
            39.68195231,
            43.70819046
          ],
          [
            39.68194098,
            43.70818713
          ],
          [
            39.68193032,
            43.70818413
          ],
          [
            39.68192032,
            43.70818214
          ],
          [
            39.68191133,
            43.70817915
          ],
          [
            39.681903,
            43.70817616
          ],
          [
            39.68189834,
            43.7081745
          ],
          [
            39.68189535,
            43.70817417
          ],
          [
            39.68189269,
            43.70817184
          ],
          [
            39.68189203,
            43.70816718
          ],
          [
            39.6818907,
            43.70816085
          ],
          [
            39.6818907,
            43.70815952
          ],
          [
            39.68189367,
            43.70815489
          ],
          [
            39.68189433,
            43.70815223
          ],
          [
            39.68189499,
            43.70815023
          ],
          [
            39.68189732,
            43.70814757
          ],
          [
            39.68189998,
            43.70814391
          ],
          [
            39.68190231,
            43.70813925
          ],
          [
            39.68190497,
            43.70812959
          ],
          [
            39.68190697,
            43.7081206
          ],
          [
            39.68190996,
            43.70811127
          ],
          [
            39.68191295,
            43.70810227
          ],
          [
            39.68191661,
            43.70809361
          ],
          [
            39.68192027,
            43.70808561
          ],
          [
            39.6819226,
            43.70807828
          ],
          [
            39.68192393,
            43.70807162
          ],
          [
            39.68192393,
            43.70806596
          ],
          [
            39.68192393,
            43.70806097
          ],
          [
            39.68192459,
            43.70805664
          ],
          [
            39.68192592,
            43.70805265
          ],
          [
            39.68192692,
            43.70804966
          ],
          [
            39.68192858,
            43.70804667
          ],
          [
            39.68192858,
            43.70804334
          ],
          [
            39.68192958,
            43.70804101
          ],
          [
            39.68192991,
            43.70803735
          ],
          [
            39.68192892,
            43.70803402
          ],
          [
            39.68192759,
            43.70802969
          ],
          [
            39.68192626,
            43.70802603
          ],
          [
            39.68192526,
            43.70802237
          ],
          [
            39.68192427,
            43.70801838
          ],
          [
            39.68191861,
            43.70801505
          ],
          [
            39.68191428,
            43.70801139
          ],
          [
            39.68191262,
            43.70800706
          ],
          [
            39.68191196,
            43.7080044
          ],
          [
            39.6819113,
            43.70800207
          ],
          [
            39.68190831,
            43.70799941
          ],
          [
            39.68190331,
            43.70799642
          ],
          [
            39.68189832,
            43.70799209
          ],
          [
            39.68189332,
            43.70798743
          ],
          [
            39.68188699,
            43.7079821
          ],
          [
            39.68188166,
            43.70797677
          ],
          [
            39.68187666,
            43.70797144
          ],
          [
            39.68187033,
            43.70796578
          ],
          [
            39.681865,
            43.70796045
          ],
          [
            39.68186134,
            43.70795512
          ],
          [
            39.68185835,
            43.70794913
          ],
          [
            39.68185536,
            43.7079438
          ],
          [
            39.6818517,
            43.70793781
          ],
          [
            39.68184804,
            43.70793281
          ],
          [
            39.68184304,
            43.70792715
          ],
          [
            39.68183871,
            43.70792249
          ],
          [
            39.68183438,
            43.70791783
          ],
          [
            39.68183038,
            43.7079135
          ],
          [
            39.68182639,
            43.70790917
          ],
          [
            39.68182073,
            43.70790584
          ],
          [
            39.68181607,
            43.70790118
          ],
          [
            39.68181274,
            43.70789685
          ],
          [
            39.68180841,
            43.70789252
          ],
          [
            39.68180275,
            43.70788752
          ],
          [
            39.68179675,
            43.70788286
          ],
          [
            39.68179042,
            43.70787787
          ],
          [
            39.68178476,
            43.70787354
          ],
          [
            39.68177843,
            43.70786921
          ],
          [
            39.68177077,
            43.70786522
          ],
          [
            39.68176344,
            43.70786056
          ],
          [
            39.68175644,
            43.7078559
          ],
          [
            39.68174878,
            43.7078519
          ],
          [
            39.68174179,
            43.70784724
          ],
          [
            39.68173479,
            43.70784258
          ],
          [
            39.68172646,
            43.70783859
          ],
          [
            39.68171846,
            43.70783393
          ],
          [
            39.68171013,
            43.70782794
          ],
          [
            39.68170247,
            43.70782128
          ],
          [
            39.68169514,
            43.70781495
          ],
          [
            39.68168748,
            43.70780929
          ],
          [
            39.68167948,
            43.70780396
          ],
          [
            39.68167082,
            43.7077993
          ],
          [
            39.68166416,
            43.70779464
          ],
          [
            39.68165817,
            43.70779098
          ],
          [
            39.68165418,
            43.70779032
          ],
          [
            39.68165018,
            43.70778899
          ],
          [
            39.68164585,
            43.70778566
          ],
          [
            39.68164052,
            43.70778166
          ],
          [
            39.68163486,
            43.707778
          ],
          [
            39.68162853,
            43.70777434
          ],
          [
            39.68162254,
            43.70777101
          ],
          [
            39.68161721,
            43.70776702
          ],
          [
            39.68161155,
            43.70776236
          ],
          [
            39.68160455,
            43.70775903
          ],
          [
            39.68159689,
            43.7077557
          ],
          [
            39.68158856,
            43.70775237
          ],
          [
            39.68157957,
            43.70774904
          ],
          [
            39.68157091,
            43.70774638
          ],
          [
            39.68156291,
            43.70774339
          ],
          [
            39.68155492,
            43.70773973
          ],
          [
            39.68154592,
            43.70773607
          ],
          [
            39.68153593,
            43.70773341
          ],
          [
            39.6815266,
            43.70773108
          ],
          [
            39.68151861,
            43.70772809
          ],
          [
            39.68151028,
            43.70772543
          ],
          [
            39.68150095,
            43.70772144
          ],
          [
            39.68148962,
            43.70771811
          ],
          [
            39.68147796,
            43.70771378
          ],
          [
            39.6814673,
            43.70771012
          ],
          [
            39.68145831,
            43.70770579
          ],
          [
            39.68144865,
            43.70770113
          ],
          [
            39.68143966,
            43.70769713
          ],
          [
            39.68143033,
            43.70769314
          ],
          [
            39.68142134,
            43.70769015
          ],
          [
            39.68141168,
            43.70768716
          ],
          [
            39.68140435,
            43.70768616
          ],
          [
            39.68139569,
            43.70768483
          ],
          [
            39.68138703,
            43.70768383
          ],
          [
            39.68137937,
            43.7076825
          ],
          [
            39.68137137,
            43.70768117
          ],
          [
            39.68136404,
            43.70768017
          ],
          [
            39.68135538,
            43.70767918
          ],
          [
            39.68134705,
            43.70767852
          ],
          [
            39.68133872,
            43.70767819
          ],
          [
            39.68132906,
            43.70767753
          ],
          [
            39.68131873,
            43.7076762
          ],
          [
            39.6813084,
            43.70767454
          ],
          [
            39.68129807,
            43.70767388
          ],
          [
            39.68128874,
            43.70767255
          ],
          [
            39.68127908,
            43.70767189
          ],
          [
            39.68126975,
            43.70767023
          ],
          [
            39.68126109,
            43.70766857
          ],
          [
            39.68125243,
            43.70766691
          ],
          [
            39.68124477,
            43.70766458
          ],
          [
            39.68123677,
            43.70766192
          ],
          [
            39.68122844,
            43.70765959
          ],
          [
            39.68122078,
            43.7076566
          ],
          [
            39.68121345,
            43.70765427
          ],
          [
            39.68120545,
            43.70765227
          ],
          [
            39.68119745,
            43.70764994
          ],
          [
            39.68119046,
            43.70764761
          ],
          [
            39.68118213,
            43.70764628
          ],
          [
            39.68117447,
            43.70764428
          ],
          [
            39.68116647,
            43.70764295
          ],
          [
            39.68115748,
            43.70764162
          ],
          [
            39.68114982,
            43.70763863
          ],
          [
            39.68114149,
            43.70763564
          ],
          [
            39.68113283,
            43.70763198
          ],
          [
            39.68112284,
            43.70762765
          ],
          [
            39.68111085,
            43.70762432
          ],
          [
            39.68109985,
            43.70762099
          ],
          [
            39.68108819,
            43.707617
          ],
          [
            39.68107619,
            43.707612
          ],
          [
            39.6810642,
            43.70760601
          ],
          [
            39.68105287,
            43.70760068
          ],
          [
            39.68104287,
            43.70759502
          ],
          [
            39.68103354,
            43.70758802
          ],
          [
            39.68102388,
            43.70758069
          ],
          [
            39.68101489,
            43.70757203
          ],
          [
            39.68100623,
            43.70756303
          ],
          [
            39.6809989,
            43.7075537
          ],
          [
            39.68099124,
            43.70754337
          ],
          [
            39.68098525,
            43.70753238
          ],
          [
            39.68098025,
            43.70752072
          ],
          [
            39.68097859,
            43.70750873
          ],
          [
            39.68097759,
            43.70749707
          ],
          [
            39.68098058,
            43.70748674
          ],
          [
            39.68098357,
            43.70747641
          ],
          [
            39.6809859,
            43.70746708
          ],
          [
            39.68098923,
            43.70745875
          ],
          [
            39.68099289,
            43.70745042
          ],
          [
            39.68099622,
            43.70744143
          ],
          [
            39.68100155,
            43.70743244
          ],
          [
            39.68100754,
            43.70742378
          ],
          [
            39.6810122,
            43.70741479
          ],
          [
            39.68101786,
            43.70740546
          ],
          [
            39.68102252,
            43.70739713
          ],
          [
            39.68102818,
            43.7073888
          ],
          [
            39.68103284,
            43.70738047
          ],
          [
            39.6810375,
            43.70737214
          ],
          [
            39.68104183,
            43.70736448
          ],
          [
            39.68104549,
            43.70735715
          ],
          [
            39.68104915,
            43.70734949
          ],
          [
            39.68105281,
            43.70734216
          ],
          [
            39.68105614,
            43.7073345
          ],
          [
            39.68106147,
            43.70732784
          ],
          [
            39.68106613,
            43.70732051
          ],
          [
            39.68106812,
            43.70731218
          ],
          [
            39.68107012,
            43.70730452
          ],
          [
            39.68107112,
            43.70729652
          ],
          [
            39.68107378,
            43.70728819
          ],
          [
            39.68107811,
            43.70728086
          ],
          [
            39.6810811,
            43.70727387
          ],
          [
            39.68108443,
            43.70726621
          ],
          [
            39.68108843,
            43.70725755
          ],
          [
            39.68109209,
            43.70724955
          ],
          [
            39.68109575,
            43.70724155
          ],
          [
            39.68110075,
            43.70723289
          ],
          [
            39.68110674,
            43.70722423
          ],
          [
            39.68111307,
            43.7072149
          ],
          [
            39.68111907,
            43.7072049
          ],
          [
            39.68112506,
            43.7071939
          ],
          [
            39.68113105,
            43.7071829
          ],
          [
            39.68113638,
            43.70717224
          ],
          [
            39.68114104,
            43.70716258
          ],
          [
            39.68114437,
            43.70715259
          ],
          [
            39.6811457,
            43.70714359
          ],
          [
            39.68114669,
            43.7071346
          ],
          [
            39.68114702,
            43.70712727
          ],
          [
            39.68114735,
            43.70711961
          ],
          [
            39.68114602,
            43.70711161
          ],
          [
            39.68114402,
            43.70710361
          ],
          [
            39.68114069,
            43.70709662
          ],
          [
            39.68113603,
            43.70708962
          ],
          [
            39.68113203,
            43.70708229
          ],
          [
            39.6811297,
            43.70707529
          ],
          [
            39.68112704,
            43.7070683
          ],
          [
            39.68112405,
            43.70706164
          ],
          [
            39.68112039,
            43.70705498
          ],
          [
            39.68111673,
            43.70704732
          ],
          [
            39.68111307,
            43.70704033
          ],
          [
            39.68110841,
            43.70703267
          ],
          [
            39.68110341,
            43.70702567
          ],
          [
            39.68109875,
            43.70701868
          ],
          [
            39.68109276,
            43.70701102
          ],
          [
            39.68108677,
            43.70700369
          ],
          [
            39.68108211,
            43.70699769
          ],
          [
            39.68107745,
            43.70699103
          ],
          [
            39.68107479,
            43.70698437
          ],
          [
            39.68107146,
            43.70697838
          ],
          [
            39.68106713,
            43.70697105
          ],
          [
            39.68106414,
            43.70696372
          ],
          [
            39.68106115,
            43.70695606
          ],
          [
            39.68105782,
            43.7069484
          ],
          [
            39.68105582,
            43.70694074
          ],
          [
            39.68105382,
            43.70693241
          ],
          [
            39.68105283,
            43.70692408
          ],
          [
            39.68105083,
            43.70691575
          ],
          [
            39.68104884,
            43.70690876
          ],
          [
            39.68104851,
            43.70690376
          ],
          [
            39.68104951,
            43.7068991
          ],
          [
            39.68105284,
            43.70689311
          ],
          [
            39.68105484,
            43.70688845
          ],
          [
            39.68105883,
            43.70688445
          ],
          [
            39.68106116,
            43.70688245
          ],
          [
            39.68106249,
            43.70688146
          ],
          [
            39.68106415,
            43.70688146
          ],
          [
            39.68106615,
            43.70688146
          ],
          [
            39.68107013,
            43.7068808
          ],
          [
            39.68107013,
            43.70687914
          ],
          [
            39.68106914,
            43.70687615
          ],
          [
            39.68106748,
            43.70687149
          ],
          [
            39.68106482,
            43.70686616
          ],
          [
            39.68106216,
            43.70686116
          ],
          [
            39.68105983,
            43.7068555
          ],
          [
            39.68105783,
            43.70684984
          ],
          [
            39.68105517,
            43.70684318
          ],
          [
            39.68105218,
            43.70683585
          ],
          [
            39.68104985,
            43.70682885
          ],
          [
            39.68104785,
            43.70682119
          ],
          [
            39.68104652,
            43.70681386
          ],
          [
            39.68104519,
            43.70680687
          ],
          [
            39.68104619,
            43.70679887
          ],
          [
            39.68104818,
            43.70679054
          ],
          [
            39.68105084,
            43.70678254
          ],
          [
            39.68105217,
            43.70677554
          ],
          [
            39.68105383,
            43.70676855
          ],
          [
            39.68105616,
            43.70676155
          ],
          [
            39.68105882,
            43.70675422
          ],
          [
            39.68106181,
            43.70674722
          ],
          [
            39.68106547,
            43.70673956
          ],
          [
            39.6810678,
            43.70673223
          ],
          [
            39.68107113,
            43.70672524
          ],
          [
            39.68107246,
            43.70671924
          ],
          [
            39.68107345,
            43.70671291
          ],
          [
            39.68107511,
            43.70670658
          ],
          [
            39.68107844,
            43.70669992
          ],
          [
            39.68108077,
            43.70669392
          ],
          [
            39.68108476,
            43.70668759
          ],
          [
            39.68109076,
            43.70668193
          ],
          [
            39.68109709,
            43.70667794
          ],
          [
            39.68110308,
            43.70667361
          ],
          [
            39.68110907,
            43.70666861
          ],
          [
            39.68111473,
            43.70666295
          ],
          [
            39.68111939,
            43.70665629
          ],
          [
            39.68112338,
            43.70664963
          ],
          [
            39.68112637,
            43.7066433
          ],
          [
            39.68112903,
            43.70663797
          ],
          [
            39.68113036,
            43.70663164
          ],
          [
            39.68113202,
            43.70662498
          ],
          [
            39.68113169,
            43.70661765
          ],
          [
            39.68113202,
            43.70661066
          ],
          [
            39.68113302,
            43.706603
          ],
          [
            39.68113368,
            43.70659634
          ],
          [
            39.68113268,
            43.70658901
          ],
          [
            39.68113069,
            43.70658202
          ],
          [
            39.68112869,
            43.70657536
          ],
          [
            39.68112703,
            43.7065677
          ],
          [
            39.68112537,
            43.70656137
          ],
          [
            39.68112304,
            43.70655571
          ],
          [
            39.68112005,
            43.70654938
          ],
          [
            39.68111706,
            43.70654372
          ],
          [
            39.68111473,
            43.70653673
          ],
          [
            39.68111207,
            43.7065294
          ],
          [
            39.68110841,
            43.70652107
          ],
          [
            39.68110408,
            43.70651208
          ],
          [
            39.68110109,
            43.70650475
          ],
          [
            39.68109776,
            43.70649776
          ],
          [
            39.68109377,
            43.70648943
          ],
          [
            39.68108977,
            43.70648243
          ],
          [
            39.68108511,
            43.7064761
          ],
          [
            39.68107811,
            43.70646977
          ],
          [
            39.68107078,
            43.70646177
          ],
          [
            39.68106412,
            43.70645578
          ],
          [
            39.68105779,
            43.70644979
          ],
          [
            39.68105046,
            43.70644246
          ],
          [
            39.68104347,
            43.70643513
          ],
          [
            39.68103647,
            43.70642847
          ],
          [
            39.68103048,
            43.70642181
          ],
          [
            39.68102415,
            43.70641515
          ],
          [
            39.68101516,
            43.70640849
          ],
          [
            39.6810035,
            43.70640183
          ],
          [
            39.68099184,
            43.7063945
          ],
          [
            39.68098018,
            43.70638684
          ],
          [
            39.68096852,
            43.70638085
          ],
          [
            39.68095719,
            43.70637619
          ],
          [
            39.68094619,
            43.70637186
          ],
          [
            39.68093486,
            43.70636853
          ],
          [
            39.68092353,
            43.7063652
          ],
          [
            39.68091187,
            43.70636387
          ],
          [
            39.68090054,
            43.70636254
          ],
          [
            39.68088788,
            43.70636021
          ],
          [
            39.68087589,
            43.70635821
          ],
          [
            39.68086356,
            43.70635621
          ],
          [
            39.68085123,
            43.70635522
          ],
          [
            39.68083924,
            43.70635389
          ],
          [
            39.68082691,
            43.70635323
          ],
          [
            39.68081325,
            43.7063529
          ],
          [
            39.68080126,
            43.70635257
          ],
          [
            39.68078926,
            43.7063529
          ],
          [
            39.6807776,
            43.7063529
          ],
          [
            39.68076494,
            43.70635257
          ],
          [
            39.68075228,
            43.7063529
          ],
          [
            39.68073929,
            43.70635257
          ],
          [
            39.68072729,
            43.70635158
          ],
          [
            39.68071629,
            43.70635058
          ],
          [
            39.68070496,
            43.70635058
          ],
          [
            39.68069497,
            43.70634892
          ],
          [
            39.68068497,
            43.70634958
          ],
          [
            39.68067431,
            43.70634991
          ],
          [
            39.68066232,
            43.70635224
          ],
          [
            39.68065066,
            43.70635257
          ],
          [
            39.680639,
            43.7063529
          ],
          [
            39.68062867,
            43.7063539
          ],
          [
            39.68061767,
            43.70635357
          ],
          [
            39.68060734,
            43.70635291
          ],
          [
            39.68059668,
            43.70635125
          ],
          [
            39.68058602,
            43.70634959
          ],
          [
            39.68057536,
            43.70634826
          ],
          [
            39.68056503,
            43.70634726
          ],
          [
            39.68055503,
            43.70634593
          ],
          [
            39.68054403,
            43.70634427
          ],
          [
            39.68053303,
            43.70634261
          ],
          [
            39.68052304,
            43.70634095
          ],
          [
            39.68051304,
            43.70633895
          ],
          [
            39.68050171,
            43.70633695
          ],
          [
            39.68049038,
            43.70633362
          ],
          [
            39.68047872,
            43.70633029
          ],
          [
            39.68046572,
            43.70632696
          ],
          [
            39.68045273,
            43.7063243
          ],
          [
            39.68044107,
            43.70632197
          ],
          [
            39.68042907,
            43.70632064
          ],
          [
            39.68041674,
            43.70631898
          ],
          [
            39.68040441,
            43.70631765
          ],
          [
            39.68039208,
            43.70631665
          ],
          [
            39.68038108,
            43.70631399
          ],
          [
            39.68036975,
            43.70631266
          ],
          [
            39.68035842,
            43.706311
          ],
          [
            39.68034843,
            43.70631001
          ],
          [
            39.68033777,
            43.70630835
          ],
          [
            39.68032644,
            43.70630569
          ],
          [
            39.68031578,
            43.70630303
          ],
          [
            39.68030612,
            43.7063007
          ],
          [
            39.68029646,
            43.7062967
          ],
          [
            39.68028647,
            43.70629337
          ],
          [
            39.68027581,
            43.70629038
          ],
          [
            39.68026615,
            43.70628838
          ],
          [
            39.68025816,
            43.70629004
          ],
          [
            39.68025283,
            43.70628938
          ],
          [
            39.6802495,
            43.70628905
          ],
          [
            39.68024717,
            43.70628772
          ],
          [
            39.68024452,
            43.70628541
          ],
          [
            39.68024419,
            43.70628408
          ],
          [
            39.68024319,
            43.70628242
          ],
          [
            39.68024186,
            43.70628176
          ],
          [
            39.68023553,
            43.70628043
          ],
          [
            39.6802282,
            43.7062791
          ],
          [
            39.68021887,
            43.70627777
          ],
          [
            39.68020854,
            43.70627611
          ],
          [
            39.68019854,
            43.70627445
          ],
          [
            39.68018821,
            43.70627279
          ],
          [
            39.68017821,
            43.70627213
          ],
          [
            39.68016888,
            43.70627014
          ],
          [
            39.68015922,
            43.70626814
          ],
          [
            39.68014956,
            43.70626581
          ],
          [
            39.6801399,
            43.70626381
          ],
          [
            39.68012857,
            43.70626381
          ],
          [
            39.68011791,
            43.70626381
          ],
          [
            39.68010658,
            43.70626248
          ],
          [
            39.68009592,
            43.70626048
          ],
          [
            39.68008492,
            43.70625715
          ],
          [
            39.68007426,
            43.70625449
          ],
          [
            39.6800646,
            43.70625016
          ],
          [
            39.68005494,
            43.70624583
          ],
          [
            39.68004495,
            43.7062415
          ],
          [
            39.68003562,
            43.70623584
          ],
          [
            39.68002663,
            43.70623185
          ],
          [
            39.6800173,
            43.70622786
          ],
          [
            39.68000897,
            43.7062242
          ],
          [
            39.68000097,
            43.70622154
          ],
          [
            39.67999164,
            43.70621788
          ],
          [
            39.67998298,
            43.70621422
          ],
          [
            39.67997365,
            43.70621156
          ],
          [
            39.67996432,
            43.7062079
          ],
          [
            39.67995399,
            43.7062049
          ],
          [
            39.67994433,
            43.70620191
          ],
          [
            39.679934,
            43.70619992
          ],
          [
            39.679923,
            43.70619759
          ],
          [
            39.679912,
            43.70619293
          ],
          [
            39.67990201,
            43.70618793
          ],
          [
            39.67989201,
            43.7061846
          ],
          [
            39.67988202,
            43.70618094
          ],
          [
            39.67987202,
            43.70617761
          ],
          [
            39.67986269,
            43.70617495
          ],
          [
            39.67985503,
            43.70617196
          ],
          [
            39.67984637,
            43.70616963
          ],
          [
            39.67983871,
            43.7061673
          ],
          [
            39.67983138,
            43.7061653
          ],
          [
            39.67982405,
            43.70616297
          ],
          [
            39.67981706,
            43.70615997
          ],
          [
            39.67981107,
            43.70615764
          ],
          [
            39.67980341,
            43.70615531
          ],
          [
            39.67979541,
            43.70615398
          ],
          [
            39.67978741,
            43.70615199
          ],
          [
            39.67978241,
            43.70614833
          ],
          [
            39.67977642,
            43.70614467
          ],
          [
            39.67976909,
            43.70614101
          ],
          [
            39.67976209,
            43.70613768
          ],
          [
            39.6797561,
            43.70613368
          ],
          [
            39.67975044,
            43.70612902
          ],
          [
            39.67974411,
            43.70612569
          ],
          [
            39.67973878,
            43.7061217
          ],
          [
            39.67973112,
            43.70611737
          ],
          [
            39.67972479,
            43.70611204
          ],
          [
            39.67971713,
            43.70610671
          ],
          [
            39.67971047,
            43.70610171
          ],
          [
            39.67970381,
            43.70609605
          ],
          [
            39.67969782,
            43.70608905
          ],
          [
            39.67969083,
            43.70608306
          ],
          [
            39.67968317,
            43.70607806
          ],
          [
            39.67967651,
            43.7060724
          ],
          [
            39.67966985,
            43.70606707
          ],
          [
            39.67966419,
            43.70606141
          ],
          [
            39.67965853,
            43.70605508
          ],
          [
            39.6796512,
            43.70604942
          ],
          [
            39.67964487,
            43.70604376
          ],
          [
            39.67963888,
            43.70603876
          ],
          [
            39.67963355,
            43.70603377
          ],
          [
            39.67962956,
            43.70602777
          ],
          [
            39.6796259,
            43.70602078
          ],
          [
            39.67962224,
            43.70601345
          ],
          [
            39.67961891,
            43.70600646
          ],
          [
            39.67961492,
            43.7059988
          ],
          [
            39.67961092,
            43.70599214
          ],
          [
            39.67960693,
            43.70598514
          ],
          [
            39.67960227,
            43.70597881
          ],
          [
            39.67959761,
            43.70597248
          ],
          [
            39.67959328,
            43.70596582
          ],
          [
            39.67958929,
            43.70595983
          ],
          [
            39.67958396,
            43.7059535
          ],
          [
            39.67957763,
            43.70594784
          ],
          [
            39.6795713,
            43.70594185
          ],
          [
            39.67956631,
            43.70593485
          ],
          [
            39.67956198,
            43.70592719
          ],
          [
            39.67955799,
            43.70592086
          ],
          [
            39.67955433,
            43.7059142
          ],
          [
            39.67955134,
            43.70590754
          ],
          [
            39.67954768,
            43.70590155
          ],
          [
            39.67954402,
            43.70589522
          ],
          [
            39.67954136,
            43.70588889
          ],
          [
            39.6795377,
            43.7058819
          ],
          [
            39.67953404,
            43.7058749
          ],
          [
            39.67952938,
            43.70586791
          ],
          [
            39.67952439,
            43.70586125
          ],
          [
            39.67951873,
            43.70585459
          ],
          [
            39.67951273,
            43.70584759
          ],
          [
            39.67950707,
            43.70584093
          ],
          [
            39.67950174,
            43.7058336
          ],
          [
            39.67949674,
            43.70582661
          ],
          [
            39.67949141,
            43.70581895
          ],
          [
            39.67948641,
            43.70581196
          ],
          [
            39.67948141,
            43.7058043
          ],
          [
            39.67947575,
            43.70579697
          ],
          [
            39.67947109,
            43.70578864
          ],
          [
            39.67946609,
            43.70577965
          ],
          [
            39.67946109,
            43.70577165
          ],
          [
            39.67945643,
            43.70576266
          ],
          [
            39.67945044,
            43.70575267
          ],
          [
            39.67944511,
            43.70574201
          ],
          [
            39.67943945,
            43.70573101
          ],
          [
            39.67943379,
            43.70572035
          ],
          [
            39.6794278,
            43.70571002
          ],
          [
            39.67942314,
            43.70569836
          ],
          [
            39.67941881,
            43.70568803
          ],
          [
            39.67941415,
            43.7056787
          ],
          [
            39.67940916,
            43.70566904
          ],
          [
            39.67940383,
            43.70566005
          ],
          [
            39.67939917,
            43.70565172
          ],
          [
            39.67939384,
            43.70564273
          ],
          [
            39.67938651,
            43.70563673
          ],
          [
            39.67937951,
            43.70563107
          ],
          [
            39.67937252,
            43.70562441
          ],
          [
            39.67936519,
            43.70561842
          ],
          [
            39.67935719,
            43.70561309
          ],
          [
            39.67934986,
            43.7056091
          ],
          [
            39.67934153,
            43.7056031
          ],
          [
            39.67933387,
            43.70559711
          ],
          [
            39.67932654,
            43.70559145
          ],
          [
            39.67931888,
            43.70558579
          ],
          [
            39.67931222,
            43.70557913
          ],
          [
            39.67930356,
            43.70557347
          ],
          [
            39.67929357,
            43.70556781
          ],
          [
            39.67928391,
            43.70556048
          ],
          [
            39.67927392,
            43.70555349
          ],
          [
            39.67926259,
            43.70554649
          ],
          [
            39.67925193,
            43.70553983
          ],
          [
            39.67924193,
            43.70553384
          ],
          [
            39.6792336,
            43.70552718
          ],
          [
            39.67922527,
            43.70552085
          ],
          [
            39.67921661,
            43.70551552
          ],
          [
            39.67920962,
            43.70550919
          ],
          [
            39.67920262,
            43.70550253
          ],
          [
            39.67919663,
            43.70549553
          ],
          [
            39.67918964,
            43.70548887
          ],
          [
            39.67918331,
            43.70548187
          ],
          [
            39.67917698,
            43.70547421
          ],
          [
            39.67917032,
            43.70546721
          ],
          [
            39.67916466,
            43.70546022
          ],
          [
            39.67915833,
            43.70545322
          ],
          [
            39.679152,
            43.70544723
          ],
          [
            39.67914667,
            43.70544124
          ],
          [
            39.67914101,
            43.70543591
          ],
          [
            39.67913502,
            43.70543025
          ],
          [
            39.67912936,
            43.70542392
          ],
          [
            39.67912337,
            43.70541826
          ],
          [
            39.67911804,
            43.70541227
          ],
          [
            39.67911304,
            43.70540661
          ],
          [
            39.67911005,
            43.70540128
          ],
          [
            39.67910639,
            43.70539462
          ],
          [
            39.67910139,
            43.70538796
          ],
          [
            39.6790954,
            43.7053813
          ],
          [
            39.67908807,
            43.7053753
          ],
          [
            39.67907974,
            43.70536931
          ],
          [
            39.67907041,
            43.70536398
          ],
          [
            39.67906175,
            43.70536032
          ],
          [
            39.67905342,
            43.70535633
          ],
          [
            39.67904509,
            43.70535233
          ],
          [
            39.67903543,
            43.705348
          ],
          [
            39.6790261,
            43.705344
          ],
          [
            39.67901711,
            43.70533967
          ],
          [
            39.67900778,
            43.70533434
          ],
          [
            39.67899978,
            43.70533001
          ],
          [
            39.67899279,
            43.70532468
          ],
          [
            39.67898546,
            43.70531935
          ],
          [
            39.6789768,
            43.70531402
          ],
          [
            39.67896781,
            43.70530969
          ],
          [
            39.67895981,
            43.70530503
          ],
          [
            39.67895082,
            43.70530104
          ],
          [
            39.67894149,
            43.70529705
          ],
          [
            39.67893316,
            43.70529339
          ],
          [
            39.6789255,
            43.7052894
          ],
          [
            39.67891784,
            43.70528474
          ],
          [
            39.67891118,
            43.70528075
          ],
          [
            39.67890385,
            43.70527776
          ],
          [
            39.67889585,
            43.70527543
          ],
          [
            39.67888986,
            43.70527244
          ],
          [
            39.67888486,
            43.70527111
          ],
          [
            39.67888053,
            43.70527144
          ],
          [
            39.6788782,
            43.70527277
          ],
          [
            39.67887654,
            43.70527376
          ],
          [
            39.67887455,
            43.70527409
          ],
          [
            39.67887189,
            43.7052731
          ],
          [
            39.67886689,
            43.70527177
          ],
          [
            39.67886189,
            43.70527011
          ],
          [
            39.6788549,
            43.70526811
          ],
          [
            39.67884657,
            43.70526545
          ],
          [
            39.67883691,
            43.70526312
          ],
          [
            39.67882591,
            43.70525979
          ],
          [
            39.67881392,
            43.70525713
          ],
          [
            39.67880193,
            43.7052548
          ],
          [
            39.6787896,
            43.70525347
          ],
          [
            39.67877761,
            43.70525214
          ],
          [
            39.67876628,
            43.70525114
          ],
          [
            39.67875495,
            43.70524715
          ],
          [
            39.67874195,
            43.70524582
          ],
          [
            39.67873029,
            43.70524416
          ],
          [
            39.67871863,
            43.7052425
          ],
          [
            39.67870763,
            43.70524084
          ],
          [
            39.67869697,
            43.70523951
          ],
          [
            39.67868731,
            43.70523885
          ],
          [
            39.67867765,
            43.70523951
          ],
          [
            39.67866832,
            43.70523951
          ],
          [
            39.67865866,
            43.7052405
          ],
          [
            39.678649,
            43.7052415
          ],
          [
            39.67864001,
            43.70524216
          ],
          [
            39.67863035,
            43.70524282
          ],
          [
            39.67862069,
            43.70524348
          ],
          [
            39.67861036,
            43.70524414
          ],
          [
            39.6785997,
            43.70524447
          ],
          [
            39.6785897,
            43.7052448
          ],
          [
            39.67858037,
            43.70524414
          ],
          [
            39.67857004,
            43.70524314
          ],
          [
            39.67855904,
            43.70524181
          ],
          [
            39.67854871,
            43.70524115
          ],
          [
            39.67853671,
            43.70524082
          ],
          [
            39.67852438,
            43.70524049
          ],
          [
            39.67851305,
            43.70524016
          ],
          [
            39.67850239,
            43.70524016
          ],
          [
            39.67849173,
            43.70524016
          ],
          [
            39.67848274,
            43.70524016
          ],
          [
            39.67847341,
            43.70524082
          ],
          [
            39.67846375,
            43.70524049
          ],
          [
            39.67845409,
            43.7052395
          ],
          [
            39.67844343,
            43.70524049
          ],
          [
            39.6784341,
            43.70524215
          ],
          [
            39.67842544,
            43.70524448
          ],
          [
            39.67841778,
            43.70524648
          ],
          [
            39.67841045,
            43.70524781
          ],
          [
            39.67840212,
            43.70524682
          ],
          [
            39.67839379,
            43.70524616
          ],
          [
            39.67838479,
            43.7052455
          ],
          [
            39.6783768,
            43.70524351
          ],
          [
            39.6783678,
            43.70524085
          ],
          [
            39.67835914,
            43.70523919
          ],
          [
            39.67835048,
            43.7052382
          ],
          [
            39.67834215,
            43.70523754
          ],
          [
            39.67833249,
            43.70523655
          ],
          [
            39.67832249,
            43.70523589
          ],
          [
            39.67831416,
            43.70523389
          ],
          [
            39.67830517,
            43.70523389
          ],
          [
            39.67829751,
            43.7052329
          ],
          [
            39.67829018,
            43.7052309
          ],
          [
            39.67828419,
            43.70522991
          ],
          [
            39.67827753,
            43.70522925
          ],
          [
            39.6782732,
            43.70522892
          ],
          [
            39.6782682,
            43.70522958
          ],
          [
            39.67826354,
            43.70522892
          ],
          [
            39.67825788,
            43.70522793
          ],
          [
            39.67825189,
            43.70522694
          ],
          [
            39.6782459,
            43.70522628
          ],
          [
            39.67823924,
            43.70522429
          ],
          [
            39.67823124,
            43.70522329
          ],
          [
            39.67822324,
            43.70522263
          ],
          [
            39.67821491,
            43.70522296
          ],
          [
            39.67820825,
            43.70522562
          ],
          [
            39.67820092,
            43.70523028
          ],
          [
            39.67819326,
            43.70523427
          ],
          [
            39.6781846,
            43.70523793
          ],
          [
            39.67817461,
            43.70524192
          ],
          [
            39.67816395,
            43.70524591
          ],
          [
            39.67815295,
            43.70524957
          ],
          [
            39.67814229,
            43.7052529
          ],
          [
            39.67813263,
            43.70525623
          ],
          [
            39.67812263,
            43.70525989
          ],
          [
            39.67811064,
            43.70526389
          ],
          [
            39.67810031,
            43.70526622
          ],
          [
            39.67808998,
            43.70526888
          ],
          [
            39.67807932,
            43.70527187
          ],
          [
            39.67807099,
            43.70527386
          ],
          [
            39.67806233,
            43.70527619
          ],
          [
            39.67805267,
            43.70527852
          ],
          [
            39.67804334,
            43.70528018
          ],
          [
            39.67803468,
            43.70528217
          ],
          [
            39.67802602,
            43.70528383
          ],
          [
            39.67801869,
            43.70528583
          ],
          [
            39.67801136,
            43.70528849
          ],
          [
            39.6780027,
            43.70529048
          ],
          [
            39.67799337,
            43.70529081
          ],
          [
            39.67798404,
            43.70529247
          ],
          [
            39.67797505,
            43.7052948
          ],
          [
            39.67796539,
            43.70529613
          ],
          [
            39.6779564,
            43.70529879
          ],
          [
            39.6779484,
            43.70530345
          ],
          [
            39.67794107,
            43.70530711
          ],
          [
            39.67793307,
            43.70531077
          ],
          [
            39.67792507,
            43.70531443
          ],
          [
            39.67791707,
            43.70531842
          ],
          [
            39.67790741,
            43.70532242
          ],
          [
            39.67789841,
            43.70532541
          ],
          [
            39.67788975,
            43.70532907
          ],
          [
            39.67787976,
            43.70533407
          ],
          [
            39.67787043,
            43.70533907
          ],
          [
            39.67786177,
            43.7053434
          ],
          [
            39.67785378,
            43.70534706
          ],
          [
            39.67784478,
            43.70535106
          ],
          [
            39.67783612,
            43.70535372
          ],
          [
            39.67782779,
            43.70535538
          ],
          [
            39.67781846,
            43.70535771
          ],
          [
            39.67780847,
            43.7053587
          ],
          [
            39.67779781,
            43.70535903
          ],
          [
            39.67778748,
            43.70536069
          ],
          [
            39.67777682,
            43.70536169
          ],
          [
            39.67776683,
            43.70536136
          ],
          [
            39.67775617,
            43.70536202
          ],
          [
            39.67774551,
            43.70536136
          ],
          [
            39.67773518,
            43.70535937
          ],
          [
            39.67772452,
            43.70535837
          ],
          [
            39.67771352,
            43.70535771
          ],
          [
            39.67770352,
            43.70535705
          ],
          [
            39.67769252,
            43.70535838
          ],
          [
            39.67768286,
            43.70536038
          ],
          [
            39.67767387,
            43.70536271
          ],
          [
            39.67766354,
            43.70536437
          ],
          [
            39.67765421,
            43.7053657
          ],
          [
            39.67764455,
            43.70536803
          ],
          [
            39.67763389,
            43.70536803
          ],
          [
            39.6776239,
            43.70536869
          ],
          [
            39.67761357,
            43.70536836
          ],
          [
            39.67760257,
            43.70536902
          ],
          [
            39.67759358,
            43.70537002
          ],
          [
            39.67758558,
            43.70537201
          ],
          [
            39.67757992,
            43.70537301
          ],
          [
            39.67757593,
            43.70537434
          ],
          [
            39.67757128,
            43.70537302
          ],
          [
            39.67756962,
            43.70537302
          ],
          [
            39.67756629,
            43.70537368
          ],
          [
            39.67756463,
            43.70537534
          ],
          [
            39.67756263,
            43.70537667
          ],
          [
            39.6775623,
            43.705378
          ],
          [
            39.67756197,
            43.70538033
          ],
          [
            39.67756296,
            43.70538133
          ],
          [
            39.67756296,
            43.70537933
          ],
          [
            39.67756296,
            43.705378
          ],
          [
            39.67756297,
            43.7053737
          ],
          [
            39.67756097,
            43.70537603
          ],
          [
            39.67755998,
            43.70538069
          ],
          [
            39.67755798,
            43.70538769
          ],
          [
            39.67755465,
            43.70539602
          ],
          [
            39.67755166,
            43.70540335
          ],
          [
            39.67754833,
            43.70541135
          ],
          [
            39.67754434,
            43.70541868
          ],
          [
            39.67753934,
            43.70542668
          ],
          [
            39.67753434,
            43.70543468
          ],
          [
            39.67753001,
            43.70544201
          ],
          [
            39.67752735,
            43.70544967
          ],
          [
            39.67752502,
            43.70545833
          ],
          [
            39.67752502,
            43.70546666
          ],
          [
            39.67752701,
            43.70547532
          ],
          [
            39.67752901,
            43.70548365
          ],
          [
            39.67753134,
            43.70549131
          ],
          [
            39.67753433,
            43.7054993
          ],
          [
            39.67753666,
            43.7055083
          ],
          [
            39.67754065,
            43.70551696
          ],
          [
            39.67754498,
            43.70552529
          ],
          [
            39.67754964,
            43.70553228
          ],
          [
            39.67755364,
            43.70553928
          ],
          [
            39.67755763,
            43.70554461
          ],
          [
            39.67756196,
            43.70555127
          ],
          [
            39.67756562,
            43.70555726
          ],
          [
            39.67756962,
            43.70556426
          ],
          [
            39.67757361,
            43.70557125
          ],
          [
            39.6775776,
            43.70557791
          ],
          [
            39.67758059,
            43.70558457
          ],
          [
            39.67758359,
            43.70559123
          ],
          [
            39.67758625,
            43.70559789
          ],
          [
            39.67758924,
            43.70560455
          ],
          [
            39.67759223,
            43.70561188
          ],
          [
            39.67759522,
            43.70561887
          ],
          [
            39.67759688,
            43.70562586
          ],
          [
            39.67759954,
            43.70563186
          ],
          [
            39.67760253,
            43.70563785
          ],
          [
            39.67760719,
            43.70564384
          ],
          [
            39.67761219,
            43.70565017
          ],
          [
            39.67761752,
            43.70565717
          ],
          [
            39.67762318,
            43.70566416
          ],
          [
            39.67762784,
            43.70567116
          ],
          [
            39.67763184,
            43.70567782
          ],
          [
            39.67763583,
            43.70568515
          ],
          [
            39.67763949,
            43.70569214
          ],
          [
            39.67764349,
            43.70569914
          ],
          [
            39.67764948,
            43.70570513
          ],
          [
            39.67765514,
            43.70571079
          ],
          [
            39.67766047,
            43.70571712
          ],
          [
            39.67766413,
            43.70572411
          ],
          [
            39.67766646,
            43.70572977
          ],
          [
            39.67766846,
            43.70573577
          ],
          [
            39.67767112,
            43.70574176
          ],
          [
            39.67767445,
            43.70574909
          ],
          [
            39.67767844,
            43.70575575
          ],
          [
            39.67768377,
            43.70576308
          ],
          [
            39.67768877,
            43.70577108
          ],
          [
            39.6776941,
            43.70577774
          ],
          [
            39.67769976,
            43.70578373
          ],
          [
            39.67770509,
            43.70579006
          ],
          [
            39.67771175,
            43.70579839
          ],
          [
            39.67771908,
            43.70580672
          ],
          [
            39.67772607,
            43.70581538
          ],
          [
            39.67773206,
            43.70582304
          ],
          [
            39.67773772,
            43.70582937
          ],
          [
            39.67774405,
            43.70583737
          ],
          [
            39.67774904,
            43.7058457
          ],
          [
            39.67775337,
            43.7058537
          ],
          [
            39.6777587,
            43.70586203
          ],
          [
            39.6777637,
            43.70586969
          ],
          [
            39.67776903,
            43.70587835
          ],
          [
            39.67777402,
            43.70588668
          ],
          [
            39.67777802,
            43.70589567
          ],
          [
            39.67778335,
            43.70590533
          ],
          [
            39.67778801,
            43.70591566
          ],
          [
            39.67779201,
            43.70592632
          ],
          [
            39.67779567,
            43.70593765
          ],
          [
            39.67779933,
            43.70594831
          ],
          [
            39.67780299,
            43.70595864
          ],
          [
            39.67780565,
            43.7059683
          ],
          [
            39.67780798,
            43.70597863
          ],
          [
            39.67780998,
            43.70599029
          ],
          [
            39.67781198,
            43.70600195
          ],
          [
            39.67781297,
            43.70601361
          ],
          [
            39.67781363,
            43.70602494
          ],
          [
            39.67781429,
            43.7060366
          ],
          [
            39.67781495,
            43.70604759
          ],
          [
            39.67781495,
            43.70605825
          ],
          [
            39.67781561,
            43.70606858
          ],
          [
            39.67781594,
            43.70607891
          ],
          [
            39.67781495,
            43.7060889
          ],
          [
            39.67781429,
            43.7060989
          ],
          [
            39.67781163,
            43.70610923
          ],
          [
            39.67780963,
            43.70611989
          ],
          [
            39.67780697,
            43.70613022
          ],
          [
            39.67780531,
            43.70613988
          ],
          [
            39.67780298,
            43.70614954
          ],
          [
            39.67780032,
            43.70615887
          ],
          [
            39.67779599,
            43.7061682
          ],
          [
            39.67779066,
            43.70617653
          ],
          [
            39.67778566,
            43.70618552
          ],
          [
            39.677782,
            43.70619352
          ],
          [
            39.67777901,
            43.70620118
          ],
          [
            39.67777668,
            43.70620784
          ],
          [
            39.67777469,
            43.7062145
          ],
          [
            39.67777203,
            43.7062195
          ],
          [
            39.67777003,
            43.70622483
          ],
          [
            39.67776637,
            43.70622983
          ],
          [
            39.67776371,
            43.70623383
          ],
          [
            39.67776105,
            43.70623849
          ],
          [
            39.67775772,
            43.70624415
          ],
          [
            39.67775506,
            43.70625014
          ],
          [
            39.6777524,
            43.70625647
          ],
          [
            39.67774874,
            43.70626346
          ],
          [
            39.67774441,
            43.70627046
          ],
          [
            39.67774142,
            43.70627679
          ],
          [
            39.67773809,
            43.70628312
          ],
          [
            39.67773609,
            43.70628878
          ],
          [
            39.67773276,
            43.70629578
          ],
          [
            39.67772743,
            43.70630244
          ],
          [
            39.6777251,
            43.7063091
          ],
          [
            39.67772177,
            43.70631576
          ],
          [
            39.67771777,
            43.70632309
          ],
          [
            39.67771378,
            43.70633042
          ],
          [
            39.67771012,
            43.70633775
          ],
          [
            39.67770612,
            43.70634508
          ],
          [
            39.67770246,
            43.70635141
          ],
          [
            39.67770013,
            43.70635774
          ],
          [
            39.67769813,
            43.70636373
          ],
          [
            39.67769614,
            43.70637072
          ],
          [
            39.67769348,
            43.70637671
          ],
          [
            39.67769015,
            43.70638304
          ],
          [
            39.67768616,
            43.70638937
          ],
          [
            39.67768283,
            43.70639603
          ],
          [
            39.67768017,
            43.70640303
          ],
          [
            39.67767751,
            43.70641036
          ],
          [
            39.67767452,
            43.70641702
          ],
          [
            39.67767286,
            43.70642401
          ],
          [
            39.67767087,
            43.70643067
          ],
          [
            39.67766921,
            43.70643866
          ],
          [
            39.67766888,
            43.70644632
          ],
          [
            39.67766722,
            43.70645398
          ],
          [
            39.67766656,
            43.70646198
          ],
          [
            39.6776659,
            43.70646897
          ],
          [
            39.6776649,
            43.70647697
          ],
          [
            39.67766291,
            43.70648497
          ],
          [
            39.67766025,
            43.70649263
          ],
          [
            39.67765692,
            43.70649996
          ],
          [
            39.67765359,
            43.70650762
          ],
          [
            39.67764993,
            43.70651495
          ],
          [
            39.6776466,
            43.70652194
          ],
          [
            39.67764261,
            43.70652927
          ],
          [
            39.67763961,
            43.7065366
          ],
          [
            39.67763495,
            43.70654426
          ],
          [
            39.67763095,
            43.70655192
          ],
          [
            39.67762729,
            43.70655958
          ],
          [
            39.6776243,
            43.70656724
          ],
          [
            39.67762197,
            43.70657524
          ],
          [
            39.67762064,
            43.70658257
          ],
          [
            39.67761765,
            43.70659123
          ],
          [
            39.67761599,
            43.70659889
          ],
          [
            39.677615,
            43.70660755
          ],
          [
            39.67761367,
            43.70661621
          ],
          [
            39.67761268,
            43.70662454
          ],
          [
            39.67761235,
            43.70663153
          ],
          [
            39.67761268,
            43.70663719
          ],
          [
            39.67761301,
            43.70664452
          ],
          [
            39.67761235,
            43.70665151
          ],
          [
            39.67761169,
            43.70665851
          ],
          [
            39.67761036,
            43.70666517
          ],
          [
            39.67760903,
            43.7066715
          ],
          [
            39.6776067,
            43.7066785
          ],
          [
            39.67760537,
            43.70668549
          ],
          [
            39.67760404,
            43.70669215
          ],
          [
            39.67760238,
            43.70669948
          ],
          [
            39.67760205,
            43.70670514
          ],
          [
            39.67760172,
            43.70671147
          ],
          [
            39.67760172,
            43.7067178
          ],
          [
            39.67760238,
            43.70672346
          ],
          [
            39.67760304,
            43.70673112
          ],
          [
            39.67760238,
            43.70673812
          ],
          [
            39.67760139,
            43.70674511
          ],
          [
            39.67760139,
            43.70675111
          ],
          [
            39.67760238,
            43.7067571
          ],
          [
            39.67760271,
            43.70676309
          ],
          [
            39.67760371,
            43.70677008
          ],
          [
            39.67760504,
            43.70677741
          ],
          [
            39.67760704,
            43.70678607
          ],
          [
            39.6776097,
            43.7067944
          ],
          [
            39.67761269,
            43.7068024
          ],
          [
            39.67761435,
            43.70681073
          ],
          [
            39.67761535,
            43.70681939
          ],
          [
            39.67761601,
            43.70682772
          ],
          [
            39.67761535,
            43.70683738
          ],
          [
            39.67761402,
            43.70684671
          ],
          [
            39.67761303,
            43.70685604
          ],
          [
            39.6776117,
            43.70686503
          ],
          [
            39.6776097,
            43.70687369
          ],
          [
            39.67760804,
            43.70688235
          ],
          [
            39.67760638,
            43.70689001
          ],
          [
            39.67760438,
            43.706897
          ],
          [
            39.67760339,
            43.706903
          ],
          [
            39.67760206,
            43.70690933
          ],
          [
            39.67760073,
            43.70691499
          ],
          [
            39.6776004,
            43.70692098
          ],
          [
            39.67760173,
            43.70692764
          ],
          [
            39.67760173,
            43.70693464
          ],
          [
            39.6776004,
            43.70694297
          ],
          [
            39.67759907,
            43.7069513
          ],
          [
            39.67759874,
            43.70695963
          ],
          [
            39.67759808,
            43.70696796
          ],
          [
            39.67759775,
            43.70697629
          ],
          [
            39.67759808,
            43.70698462
          ],
          [
            39.67759742,
            43.70699161
          ],
          [
            39.67759808,
            43.70699927
          ],
          [
            39.67759941,
            43.70700626
          ],
          [
            39.67759974,
            43.70701459
          ],
          [
            39.67759775,
            43.70702225
          ],
          [
            39.67759808,
            43.70702891
          ],
          [
            39.67759941,
            43.70703657
          ],
          [
            39.67760174,
            43.7070449
          ],
          [
            39.67760307,
            43.70705223
          ],
          [
            39.6776054,
            43.70706089
          ],
          [
            39.67760606,
            43.70706922
          ],
          [
            39.67760573,
            43.70707788
          ],
          [
            39.6776054,
            43.70708621
          ],
          [
            39.6776054,
            43.70709454
          ],
          [
            39.67760307,
            43.7071022
          ],
          [
            39.67760008,
            43.7071102
          ],
          [
            39.67759875,
            43.7071182
          ],
          [
            39.67759875,
            43.70712653
          ],
          [
            39.67759875,
            43.70713386
          ],
          [
            39.67759809,
            43.70714119
          ],
          [
            39.67759875,
            43.70714819
          ],
          [
            39.67759974,
            43.70715518
          ],
          [
            39.6776014,
            43.70716251
          ],
          [
            39.6776034,
            43.7071695
          ],
          [
            39.67760539,
            43.70717716
          ],
          [
            39.67760739,
            43.70718449
          ],
          [
            39.67760838,
            43.70719115
          ],
          [
            39.67760904,
            43.70719748
          ],
          [
            39.6776097,
            43.70720347
          ],
          [
            39.67761036,
            43.7072108
          ],
          [
            39.67761169,
            43.7072178
          ],
          [
            39.67761235,
            43.70722479
          ],
          [
            39.67761334,
            43.70723179
          ],
          [
            39.67761334,
            43.70723845
          ],
          [
            39.67761334,
            43.70724578
          ],
          [
            39.67761534,
            43.70725378
          ],
          [
            39.67761734,
            43.70726111
          ],
          [
            39.67761833,
            43.7072681
          ],
          [
            39.67761966,
            43.70727543
          ],
          [
            39.67762066,
            43.70728343
          ],
          [
            39.67762165,
            43.70729076
          ],
          [
            39.67762231,
            43.70729842
          ],
          [
            39.67762431,
            43.70730508
          ],
          [
            39.67762631,
            43.70731174
          ],
          [
            39.6776293,
            43.7073184
          ],
          [
            39.67763129,
            43.70732573
          ],
          [
            39.67763262,
            43.70733272
          ],
          [
            39.67763361,
            43.70733972
          ],
          [
            39.67763361,
            43.70734838
          ],
          [
            39.67763561,
            43.70735771
          ],
          [
            39.67763794,
            43.70736737
          ],
          [
            39.6776406,
            43.70737703
          ],
          [
            39.67764526,
            43.70738703
          ],
          [
            39.67764959,
            43.70739669
          ],
          [
            39.67765425,
            43.70740669
          ],
          [
            39.67765924,
            43.70741735
          ],
          [
            39.67766357,
            43.70742868
          ],
          [
            39.67766823,
            43.70743901
          ],
          [
            39.67767222,
            43.70744967
          ],
          [
            39.67767655,
            43.707459
          ],
          [
            39.67768121,
            43.70746833
          ],
          [
            39.67768621,
            43.70747766
          ],
          [
            39.67769054,
            43.70748665
          ],
          [
            39.67769287,
            43.70749331
          ],
          [
            39.67769487,
            43.70749997
          ],
          [
            39.6776962,
            43.70750663
          ],
          [
            39.67769853,
            43.70751262
          ],
          [
            39.67770086,
            43.70751962
          ],
          [
            39.67770519,
            43.70752695
          ],
          [
            39.67770985,
            43.70753461
          ],
          [
            39.67771451,
            43.7075436
          ],
          [
            39.67771917,
            43.70755226
          ],
          [
            39.67772417,
            43.70755992
          ],
          [
            39.67772916,
            43.70756858
          ],
          [
            39.67773349,
            43.70757724
          ],
          [
            39.67773748,
            43.70758557
          ],
          [
            39.67774114,
            43.70759456
          ],
          [
            39.6777438,
            43.70760422
          ],
          [
            39.67774579,
            43.70761355
          ],
          [
            39.67774679,
            43.70762355
          ],
          [
            39.67774613,
            43.70763354
          ],
          [
            39.67774414,
            43.70764287
          ],
          [
            39.67774314,
            43.7076522
          ],
          [
            39.67774248,
            43.7076622
          ],
          [
            39.67773882,
            43.70767053
          ],
          [
            39.67773816,
            43.70767719
          ],
          [
            39.67773816,
            43.70768285
          ],
          [
            39.67773816,
            43.70768818
          ],
          [
            39.67773882,
            43.70769417
          ],
          [
            39.67773882,
            43.70769983
          ],
          [
            39.67773782,
            43.70770582
          ],
          [
            39.67773749,
            43.70771082
          ],
          [
            39.67773716,
            43.70771582
          ],
          [
            39.67773617,
            43.70772148
          ],
          [
            39.67773716,
            43.70772814
          ],
          [
            39.67773882,
            43.7077368
          ],
          [
            39.67773948,
            43.7077448
          ],
          [
            39.67773748,
            43.70775079
          ],
          [
            39.67773182,
            43.70775512
          ],
          [
            39.67772316,
            43.70775911
          ],
          [
            39.67771183,
            43.7077621
          ],
          [
            39.67769917,
            43.70776243
          ],
          [
            39.67768484,
            43.7077621
          ],
          [
            39.67767084,
            43.70776044
          ],
          [
            39.67765718,
            43.70775811
          ],
          [
            39.67764352,
            43.70775611
          ],
          [
            39.67763086,
            43.70775312
          ],
          [
            39.67761887,
            43.70774979
          ],
          [
            39.67760888,
            43.70774646
          ],
          [
            39.67759922,
            43.70774313
          ],
          [
            39.67759089,
            43.7077378
          ],
          [
            39.67758289,
            43.70773081
          ],
          [
            39.6775759,
            43.70772248
          ],
          [
            39.67756824,
            43.70771415
          ],
          [
            39.67756091,
            43.70770582
          ],
          [
            39.67755458,
            43.70769749
          ],
          [
            39.67754792,
            43.7076905
          ],
          [
            39.67754159,
            43.7076835
          ],
          [
            39.67753626,
            43.70767684
          ],
          [
            39.67753126,
            43.70766951
          ],
          [
            39.6775266,
            43.70766151
          ],
          [
            39.67752261,
            43.70765285
          ],
          [
            39.67751695,
            43.70764519
          ],
          [
            39.67751096,
            43.70763686
          ],
          [
            39.6775053,
            43.70762886
          ],
          [
            39.67749997,
            43.7076212
          ],
          [
            39.67749464,
            43.7076142
          ],
          [
            39.67749031,
            43.70760721
          ],
          [
            39.67748698,
            43.70760022
          ],
          [
            39.67748299,
            43.70759322
          ],
          [
            39.67747766,
            43.70758656
          ],
          [
            39.67747266,
            43.7075799
          ],
          [
            39.677467,
            43.70757324
          ],
          [
            39.67746234,
            43.70756591
          ],
          [
            39.67745801,
            43.70755825
          ],
          [
            39.67745435,
            43.70755025
          ],
          [
            39.67745002,
            43.70754292
          ],
          [
            39.67744469,
            43.70753492
          ],
          [
            39.67744003,
            43.70752692
          ],
          [
            39.67743537,
            43.70751959
          ],
          [
            39.67742904,
            43.70751226
          ],
          [
            39.67742438,
            43.70750527
          ],
          [
            39.67741938,
            43.70749794
          ],
          [
            39.67741438,
            43.70748994
          ],
          [
            39.67741005,
            43.70748194
          ],
          [
            39.67740539,
            43.70747428
          ],
          [
            39.67740073,
            43.70746728
          ],
          [
            39.67739573,
            43.70745962
          ],
          [
            39.67739173,
            43.70745262
          ],
          [
            39.67738907,
            43.70744529
          ],
          [
            39.67738741,
            43.70743796
          ],
          [
            39.67738608,
            43.70742996
          ],
          [
            39.67738442,
            43.70742196
          ],
          [
            39.67738342,
            43.70741396
          ],
          [
            39.67738276,
            43.70740563
          ],
          [
            39.67738243,
            43.70739697
          ],
          [
            39.67738144,
            43.70738831
          ],
          [
            39.67737878,
            43.70738031
          ],
          [
            39.67737745,
            43.70737298
          ],
          [
            39.67737579,
            43.70736565
          ],
          [
            39.67737546,
            43.70735832
          ],
          [
            39.67737513,
            43.70735032
          ],
          [
            39.67737513,
            43.70734199
          ],
          [
            39.67737579,
            43.70733399
          ],
          [
            39.67737546,
            43.70732633
          ],
          [
            39.67737513,
            43.70731934
          ],
          [
            39.67737447,
            43.70731168
          ],
          [
            39.67737281,
            43.70730368
          ],
          [
            39.67736982,
            43.70729602
          ],
          [
            39.67736616,
            43.70728903
          ],
          [
            39.6773625,
            43.7072817
          ],
          [
            39.67735884,
            43.70727437
          ],
          [
            39.67735484,
            43.70726671
          ],
          [
            39.67735018,
            43.70725938
          ],
          [
            39.67734552,
            43.70725172
          ],
          [
            39.67734052,
            43.70724439
          ],
          [
            39.67733586,
            43.70723806
          ],
          [
            39.67733153,
            43.70723207
          ],
          [
            39.67732687,
            43.70722607
          ],
          [
            39.67732354,
            43.70721841
          ],
          [
            39.67731888,
            43.70721108
          ],
          [
            39.67731422,
            43.70720409
          ],
          [
            39.67730922,
            43.70719643
          ],
          [
            39.67730356,
            43.70718877
          ],
          [
            39.67729757,
            43.70718077
          ],
          [
            39.67729124,
            43.70717244
          ],
          [
            39.67728691,
            43.70716545
          ],
          [
            39.67728292,
            43.70716279
          ],
          [
            39.67728059,
            43.7071618
          ],
          [
            39.67727859,
            43.7071618
          ],
          [
            39.67727659,
            43.70716114
          ],
          [
            39.67727426,
            43.70715881
          ],
          [
            39.6772706,
            43.70715448
          ],
          [
            39.67726761,
            43.70715015
          ],
          [
            39.67726428,
            43.70714482
          ],
          [
            39.67725995,
            43.70713982
          ],
          [
            39.67725362,
            43.70713249
          ],
          [
            39.67724562,
            43.70712516
          ],
          [
            39.67723762,
            43.70711716
          ],
          [
            39.67722863,
            43.70710983
          ],
          [
            39.6772193,
            43.7071025
          ],
          [
            39.67720997,
            43.70709417
          ],
          [
            39.67720064,
            43.70708584
          ],
          [
            39.67719198,
            43.70707751
          ],
          [
            39.67718398,
            43.70706918
          ],
          [
            39.67717665,
            43.70706085
          ],
          [
            39.67716932,
            43.70705285
          ],
          [
            39.67716233,
            43.70704452
          ],
          [
            39.67715767,
            43.70703519
          ],
          [
            39.67715267,
            43.70702586
          ],
          [
            39.67714768,
            43.70701653
          ],
          [
            39.67714168,
            43.70700653
          ],
          [
            39.67713569,
            43.70699787
          ],
          [
            39.67713036,
            43.70698954
          ],
          [
            39.6771237,
            43.70698121
          ],
          [
            39.67711704,
            43.70697222
          ],
          [
            39.67711171,
            43.70696289
          ],
          [
            39.67710671,
            43.7069539
          ],
          [
            39.67710205,
            43.7069459
          ],
          [
            39.67709739,
            43.70693757
          ],
          [
            39.67709339,
            43.70693024
          ],
          [
            39.67709073,
            43.70692291
          ],
          [
            39.6770874,
            43.70691525
          ],
          [
            39.67708407,
            43.70690725
          ],
          [
            39.67708074,
            43.70689826
          ],
          [
            39.67707808,
            43.70688927
          ],
          [
            39.67707542,
            43.70688094
          ],
          [
            39.67707342,
            43.70687228
          ],
          [
            39.67707176,
            43.70686362
          ],
          [
            39.6770691,
            43.70685562
          ],
          [
            39.67706644,
            43.70684696
          ],
          [
            39.67706345,
            43.7068383
          ],
          [
            39.67706079,
            43.7068303
          ],
          [
            39.6770578,
            43.7068223
          ],
          [
            39.67705547,
            43.70681364
          ],
          [
            39.67705281,
            43.70680431
          ],
          [
            39.67705015,
            43.70679598
          ],
          [
            39.67704749,
            43.70678665
          ],
          [
            39.67704483,
            43.70677732
          ],
          [
            39.6770405,
            43.70676866
          ],
          [
            39.67703451,
            43.70676
          ],
          [
            39.67702818,
            43.70675234
          ],
          [
            39.67702119,
            43.70674434
          ],
          [
            39.67701353,
            43.70673668
          ],
          [
            39.6770052,
            43.70672802
          ],
          [
            39.6769972,
            43.70671903
          ],
          [
            39.67698854,
            43.70671103
          ],
          [
            39.67697988,
            43.7067027
          ],
          [
            39.67697155,
            43.70669437
          ],
          [
            39.67696256,
            43.70668704
          ],
          [
            39.67695523,
            43.70668038
          ],
          [
            39.67694857,
            43.70667372
          ],
          [
            39.67694224,
            43.70666572
          ],
          [
            39.67693425,
            43.70665906
          ],
          [
            39.67692625,
            43.7066514
          ],
          [
            39.67691792,
            43.70664441
          ],
          [
            39.67690893,
            43.70663808
          ],
          [
            39.67690027,
            43.70663242
          ],
          [
            39.67689194,
            43.70662509
          ],
          [
            39.67688328,
            43.70661776
          ],
          [
            39.67687495,
            43.7066111
          ],
          [
            39.67686795,
            43.70660344
          ],
          [
            39.67686162,
            43.70659645
          ],
          [
            39.67685863,
            43.70659145
          ],
          [
            39.67685564,
            43.70658712
          ],
          [
            39.67685231,
            43.70658313
          ],
          [
            39.67684832,
            43.7065788
          ],
          [
            39.67684466,
            43.70657547
          ],
          [
            39.67683966,
            43.70657148
          ],
          [
            39.67683533,
            43.70656982
          ],
          [
            39.67683034,
            43.70656683
          ],
          [
            39.67682501,
            43.70656384
          ],
          [
            39.67682135,
            43.70656051
          ],
          [
            39.67681702,
            43.70655785
          ],
          [
            39.67681269,
            43.70655419
          ],
          [
            39.67680803,
            43.70654986
          ],
          [
            39.67680237,
            43.7065462
          ],
          [
            39.67679771,
            43.70654354
          ],
          [
            39.67679238,
            43.70654021
          ],
          [
            39.67678705,
            43.70653655
          ],
          [
            39.67678139,
            43.70653322
          ],
          [
            39.67677573,
            43.70652822
          ],
          [
            39.67677107,
            43.70652323
          ],
          [
            39.67676841,
            43.7065209
          ],
          [
            39.67676542,
            43.70651791
          ],
          [
            39.67676242,
            43.70651525
          ],
          [
            39.67675843,
            43.70651192
          ],
          [
            39.67675544,
            43.70650859
          ],
          [
            39.67675178,
            43.7065036
          ],
          [
            39.67674678,
            43.7064986
          ],
          [
            39.67674112,
            43.70649394
          ],
          [
            39.67673513,
            43.70648995
          ],
          [
            39.6767288,
            43.70648562
          ],
          [
            39.67672214,
            43.70648229
          ],
          [
            39.67671714,
            43.70647896
          ],
          [
            39.67671248,
            43.70647563
          ],
          [
            39.67670782,
            43.70647163
          ],
          [
            39.67670316,
            43.7064673
          ],
          [
            39.67670017,
            43.70646264
          ],
          [
            39.67669584,
            43.70645831
          ],
          [
            39.67669184,
            43.70645332
          ],
          [
            39.67668818,
            43.70644766
          ],
          [
            39.67668519,
            43.70644233
          ],
          [
            39.6766822,
            43.70643634
          ],
          [
            39.67667887,
            43.70643068
          ],
          [
            39.67667454,
            43.70642268
          ],
          [
            39.67667021,
            43.70641735
          ],
          [
            39.67666788,
            43.70641335
          ],
          [
            39.67666588,
            43.70641036
          ],
          [
            39.67666388,
            43.70640803
          ],
          [
            39.67666255,
            43.7064037
          ],
          [
            39.67666055,
            43.70639971
          ],
          [
            39.67665889,
            43.70639738
          ],
          [
            39.67665556,
            43.70639538
          ],
          [
            39.67665157,
            43.70639305
          ],
          [
            39.67664758,
            43.70639139
          ],
          [
            39.67664158,
            43.70638973
          ],
          [
            39.67663525,
            43.70638807
          ],
          [
            39.67662959,
            43.70638574
          ],
          [
            39.6766236,
            43.70638308
          ],
          [
            39.6766186,
            43.70637942
          ],
          [
            39.67661294,
            43.70637576
          ],
          [
            39.67660695,
            43.70637177
          ],
          [
            39.67660062,
            43.70636811
          ],
          [
            39.67659262,
            43.70636445
          ],
          [
            39.67658462,
            43.70636179
          ],
          [
            39.67657796,
            43.7063588
          ],
          [
            39.67657063,
            43.70635547
          ],
          [
            39.67656263,
            43.70635214
          ],
          [
            39.67655464,
            43.70634915
          ],
          [
            39.67654664,
            43.70634582
          ],
          [
            39.67653831,
            43.70634316
          ],
          [
            39.67652998,
            43.70633817
          ],
          [
            39.67652332,
            43.70633351
          ],
          [
            39.67651633,
            43.70632685
          ],
          [
            39.67650967,
            43.70632052
          ],
          [
            39.67650367,
            43.70631386
          ],
          [
            39.67649768,
            43.70630753
          ],
          [
            39.67649102,
            43.70630287
          ],
          [
            39.67648436,
            43.70629821
          ],
          [
            39.6764777,
            43.70629255
          ],
          [
            39.67647104,
            43.70628722
          ],
          [
            39.67646438,
            43.70628122
          ],
          [
            39.67645839,
            43.70627423
          ],
          [
            39.67645273,
            43.70626757
          ],
          [
            39.6764474,
            43.70626157
          ],
          [
            39.67644141,
            43.70625524
          ],
          [
            39.67643542,
            43.70624758
          ],
          [
            39.67642909,
            43.70624025
          ],
          [
            39.6764231,
            43.70623392
          ],
          [
            39.67641844,
            43.70622793
          ],
          [
            39.67641278,
            43.7062206
          ],
          [
            39.67640812,
            43.7062136
          ],
          [
            39.67640413,
            43.70620594
          ],
          [
            39.6763988,
            43.70619861
          ],
          [
            39.67639314,
            43.70619162
          ],
          [
            39.67638848,
            43.70618462
          ],
          [
            39.67638349,
            43.70617729
          ],
          [
            39.6763775,
            43.70616929
          ],
          [
            39.67637017,
            43.70616196
          ],
          [
            39.67636351,
            43.70615497
          ],
          [
            39.67635785,
            43.70614631
          ],
          [
            39.67635319,
            43.70613765
          ],
          [
            39.67634919,
            43.70613032
          ],
          [
            39.6763432,
            43.70612266
          ],
          [
            39.67633854,
            43.70611533
          ],
          [
            39.67633354,
            43.70610834
          ],
          [
            39.67632788,
            43.70610268
          ],
          [
            39.67632255,
            43.70609735
          ],
          [
            39.67631755,
            43.70609269
          ],
          [
            39.67631322,
            43.70608803
          ],
          [
            39.67630789,
            43.70608403
          ],
          [
            39.6763019,
            43.70607937
          ],
          [
            39.67629557,
            43.70607471
          ],
          [
            39.67629058,
            43.70607072
          ],
          [
            39.67628492,
            43.70606606
          ],
          [
            39.67627826,
            43.70606073
          ],
          [
            39.6762716,
            43.7060554
          ],
          [
            39.67626494,
            43.70604974
          ],
          [
            39.67625828,
            43.70604375
          ],
          [
            39.67625162,
            43.70603875
          ],
          [
            39.67624429,
            43.70603309
          ],
          [
            39.67623496,
            43.70602643
          ],
          [
            39.6762263,
            43.70601777
          ],
          [
            39.67621697,
            43.70600911
          ],
          [
            39.67620764,
            43.70600111
          ],
          [
            39.67619698,
            43.70599578
          ],
          [
            39.67618665,
            43.70599145
          ],
          [
            39.67617799,
            43.70598646
          ],
          [
            39.67616999,
            43.70598246
          ],
          [
            39.67616133,
            43.70597813
          ],
          [
            39.67615267,
            43.70597313
          ],
          [
            39.67614434,
            43.70596913
          ],
          [
            39.67613501,
            43.70596414
          ],
          [
            39.67612701,
            43.70595881
          ],
          [
            39.67611802,
            43.70595381
          ],
          [
            39.67610803,
            43.70594815
          ],
          [
            39.6760987,
            43.70594382
          ],
          [
            39.67608837,
            43.70594016
          ],
          [
            39.67607837,
            43.7059375
          ],
          [
            39.67606871,
            43.70593484
          ],
          [
            39.67605972,
            43.70593218
          ],
          [
            39.67605239,
            43.70592885
          ],
          [
            39.6760434,
            43.70592519
          ],
          [
            39.6760334,
            43.70592119
          ],
          [
            39.67602441,
            43.70591653
          ],
          [
            39.67601742,
            43.70591253
          ],
          [
            39.67601109,
            43.7059092
          ],
          [
            39.67600543,
            43.70590587
          ],
          [
            39.6759991,
            43.70590254
          ],
          [
            39.67599277,
            43.70589854
          ],
          [
            39.67598477,
            43.70589455
          ],
          [
            39.67597611,
            43.70588989
          ],
          [
            39.67596811,
            43.70588456
          ],
          [
            39.67595878,
            43.70587923
          ],
          [
            39.67594945,
            43.70587357
          ],
          [
            39.67593879,
            43.70586791
          ],
          [
            39.67592946,
            43.70586325
          ],
          [
            39.6759208,
            43.70585726
          ],
          [
            39.67591314,
            43.7058516
          ],
          [
            39.67590581,
            43.70584561
          ],
          [
            39.67589948,
            43.70583895
          ],
          [
            39.67589182,
            43.70583262
          ],
          [
            39.67588516,
            43.70582629
          ],
          [
            39.6758795,
            43.70581896
          ],
          [
            39.67587517,
            43.70581197
          ],
          [
            39.67586918,
            43.70580564
          ],
          [
            39.67586285,
            43.70579931
          ],
          [
            39.67585685,
            43.70579332
          ],
          [
            39.67585286,
            43.70578799
          ],
          [
            39.67585053,
            43.70578266
          ],
          [
            39.6758482,
            43.70577733
          ],
          [
            39.67584687,
            43.70577233
          ],
          [
            39.67584687,
            43.70576734
          ],
          [
            39.6758472,
            43.70576234
          ],
          [
            39.67584687,
            43.70575635
          ],
          [
            39.67584753,
            43.70574969
          ],
          [
            39.67584852,
            43.70574503
          ],
          [
            39.67584918,
            43.7057417
          ],
          [
            39.67585184,
            43.7057377
          ],
          [
            39.67585583,
            43.70573371
          ],
          [
            39.67586083,
            43.70573072
          ],
          [
            39.67586481,
            43.70573105
          ],
          [
            39.67586946,
            43.70573237
          ],
          [
            39.67587244,
            43.7057327
          ],
          [
            39.67587409,
            43.70573469
          ],
          [
            39.67587442,
            43.70573602
          ],
          [
            39.67587475,
            43.70573735
          ],
          [
            39.67587475,
            43.70574101
          ],
          [
            39.67587608,
            43.70574467
          ],
          [
            39.67587674,
            43.70574866
          ],
          [
            39.67587807,
            43.70575165
          ],
          [
            39.67587873,
            43.70575498
          ],
          [
            39.67587906,
            43.70575698
          ],
          [
            39.67587575,
            43.70576161
          ],
          [
            39.67587409,
            43.70576161
          ],
          [
            39.67587177,
            43.70576293
          ],
          [
            39.67587045,
            43.7057616
          ],
          [
            39.67586812,
            43.70576293
          ],
          [
            39.67586613,
            43.70576693
          ],
          [
            39.6758648,
            43.70577126
          ],
          [
            39.67586347,
            43.70577659
          ],
          [
            39.67586214,
            43.70578258
          ],
          [
            39.67585915,
            43.70578791
          ],
          [
            39.67585415,
            43.70579457
          ],
          [
            39.67585116,
            43.7057999
          ],
          [
            39.6758485,
            43.70580456
          ],
          [
            39.6758485,
            43.70580855
          ],
          [
            39.67585116,
            43.70581154
          ],
          [
            39.67585516,
            43.70581554
          ],
          [
            39.67585982,
            43.70582054
          ],
          [
            39.67586515,
            43.7058262
          ],
          [
            39.67587181,
            43.70583219
          ],
          [
            39.67587981,
            43.70583852
          ],
          [
            39.67588714,
            43.70584352
          ],
          [
            39.6758928,
            43.70584718
          ],
          [
            39.67589746,
            43.70585017
          ],
          [
            39.67590045,
            43.70585117
          ],
          [
            39.67589946,
            43.70584851
          ],
          [
            39.67589713,
            43.70584351
          ],
          [
            39.67589347,
            43.70583752
          ],
          [
            39.67588814,
            43.70583019
          ],
          [
            39.67588148,
            43.70582353
          ],
          [
            39.67587549,
            43.70581587
          ],
          [
            39.67586983,
            43.70580921
          ],
          [
            39.67586517,
            43.70580322
          ],
          [
            39.67586118,
            43.70579789
          ],
          [
            39.67585685,
            43.70579189
          ],
          [
            39.67585186,
            43.7057849
          ],
          [
            39.67584853,
            43.70577857
          ],
          [
            39.67584354,
            43.70577224
          ],
          [
            39.67583788,
            43.70576525
          ],
          [
            39.67583355,
            43.70575826
          ],
          [
            39.67582855,
            43.70575193
          ],
          [
            39.67582722,
            43.70574594
          ],
          [
            39.67582821,
            43.70573861
          ],
          [
            39.67583154,
            43.70573095
          ],
          [
            39.67583487,
            43.70572595
          ],
          [
            39.67584086,
            43.70572062
          ],
          [
            39.67584452,
            43.70571829
          ],
          [
            39.67584585,
            43.70571763
          ],
          [
            39.67584487,
            43.70571862
          ],
          [
            39.67584288,
            43.70572028
          ],
          [
            39.67584454,
            43.70571995
          ],
          [
            39.67584654,
            43.70571995
          ],
          [
            39.67584787,
            43.70571795
          ],
          [
            39.6758502,
            43.70571329
          ],
          [
            39.67585153,
            43.70570729
          ],
          [
            39.67585352,
            43.7056993
          ],
          [
            39.67585685,
            43.7056943
          ],
          [
            39.67586018,
            43.70569131
          ],
          [
            39.67586284,
            43.70568865
          ],
          [
            39.67586417,
            43.70568699
          ],
          [
            39.6758665,
            43.705686
          ],
          [
            39.6758685,
            43.70568534
          ],
          [
            39.67587281,
            43.70568435
          ],
          [
            39.67587314,
            43.70568634
          ],
          [
            39.67587545,
            43.70569296
          ],
          [
            39.67587312,
            43.70569362
          ],
          [
            39.67587046,
            43.70569595
          ],
          [
            39.67586713,
            43.70569861
          ],
          [
            39.6758628,
            43.70570327
          ],
          [
            39.67585547,
            43.70570793
          ],
          [
            39.67584847,
            43.70571259
          ],
          [
            39.67584048,
            43.70571592
          ],
          [
            39.67583148,
            43.70572025
          ],
          [
            39.67582215,
            43.70572324
          ],
          [
            39.67581216,
            43.7057239
          ],
          [
            39.67580516,
            43.70572291
          ],
          [
            39.67579917,
            43.70572025
          ],
          [
            39.67579284,
            43.70571659
          ],
          [
            39.67578584,
            43.70571259
          ],
          [
            39.67577751,
            43.70570826
          ],
          [
            39.67576852,
            43.70570326
          ],
          [
            39.67575886,
            43.7056986
          ],
          [
            39.67575153,
            43.70569361
          ],
          [
            39.6757442,
            43.70568895
          ],
          [
            39.67574054,
            43.70568229
          ],
          [
            39.67573554,
            43.70567596
          ],
          [
            39.67573055,
            43.70566963
          ],
          [
            39.67572355,
            43.70566364
          ],
          [
            39.67571822,
            43.70565731
          ],
          [
            39.67571223,
            43.70565165
          ],
          [
            39.67570657,
            43.70564632
          ],
          [
            39.67569991,
            43.70564099
          ],
          [
            39.67569258,
            43.70563566
          ],
          [
            39.67568625,
            43.70563
          ],
          [
            39.67567992,
            43.70562367
          ],
          [
            39.67567392,
            43.70561768
          ],
          [
            39.67566826,
            43.70561168
          ],
          [
            39.67566093,
            43.70560569
          ],
          [
            39.67565393,
            43.70559936
          ],
          [
            39.67564694,
            43.7055937
          ],
          [
            39.67564095,
            43.70558804
          ],
          [
            39.67563529,
            43.70558138
          ],
          [
            39.67562796,
            43.70557472
          ],
          [
            39.67561996,
            43.70556806
          ],
          [
            39.67561463,
            43.70556006
          ],
          [
            39.67560997,
            43.70555206
          ],
          [
            39.67560597,
            43.70554373
          ],
          [
            39.67560164,
            43.7055354
          ],
          [
            39.67559565,
            43.70552774
          ],
          [
            39.67559065,
            43.70551941
          ],
          [
            39.67558665,
            43.70551075
          ],
          [
            39.67558266,
            43.70550309
          ],
          [
            39.67557967,
            43.70549643
          ],
          [
            39.67557634,
            43.70549044
          ],
          [
            39.67557268,
            43.70548478
          ],
          [
            39.67556769,
            43.70547879
          ],
          [
            39.67556203,
            43.70547413
          ],
          [
            39.67555637,
            43.70546914
          ],
          [
            39.67555004,
            43.70546481
          ],
          [
            39.67554271,
            43.70546015
          ],
          [
            39.67553638,
            43.70545515
          ],
          [
            39.67553139,
            43.70545115
          ],
          [
            39.67552806,
            43.70544682
          ],
          [
            39.6755264,
            43.70544416
          ],
          [
            39.67552374,
            43.7054405
          ],
          [
            39.67552108,
            43.70543684
          ],
          [
            39.67551742,
            43.70543285
          ],
          [
            39.67551376,
            43.70542852
          ],
          [
            39.67550943,
            43.70542419
          ],
          [
            39.67550577,
            43.7054212
          ],
          [
            39.67550211,
            43.70541821
          ],
          [
            39.67550012,
            43.70541621
          ],
          [
            39.67549812,
            43.70541421
          ],
          [
            39.67549513,
            43.70541122
          ],
          [
            39.67549047,
            43.70540622
          ],
          [
            39.67548547,
            43.70539956
          ],
          [
            39.67548081,
            43.70539323
          ],
          [
            39.67547648,
            43.70538657
          ],
          [
            39.67547282,
            43.70538124
          ],
          [
            39.67547049,
            43.70537725
          ],
          [
            39.67546916,
            43.70537525
          ],
          [
            39.67546816,
            43.70537226
          ],
          [
            39.67546717,
            43.70536927
          ],
          [
            39.67546551,
            43.70536694
          ],
          [
            39.67546285,
            43.70536361
          ],
          [
            39.67545919,
            43.70535895
          ],
          [
            39.67545486,
            43.70535462
          ],
          [
            39.6754512,
            43.70535063
          ],
          [
            39.67544754,
            43.70534797
          ],
          [
            39.67544455,
            43.70534531
          ],
          [
            39.67544156,
            43.70534331
          ],
          [
            39.67543756,
            43.70533998
          ],
          [
            39.67543323,
            43.70533532
          ],
          [
            39.67542957,
            43.70533199
          ],
          [
            39.67542591,
            43.705329
          ],
          [
            39.67542091,
            43.70532601
          ],
          [
            39.67541525,
            43.70532168
          ],
          [
            39.67540792,
            43.70531769
          ],
          [
            39.67540092,
            43.70531203
          ],
          [
            39.67539259,
            43.70530537
          ],
          [
            39.6753836,
            43.70529971
          ],
          [
            39.67537294,
            43.70529538
          ],
          [
            39.67536328,
            43.70528838
          ],
          [
            39.67535495,
            43.70528105
          ],
          [
            39.67534762,
            43.70527272
          ],
          [
            39.67533929,
            43.70526439
          ],
          [
            39.67533163,
            43.70525606
          ],
          [
            39.67532397,
            43.7052484
          ],
          [
            39.67531597,
            43.70524107
          ],
          [
            39.67530831,
            43.70523407
          ],
          [
            39.67530265,
            43.70522708
          ],
          [
            39.67529699,
            43.70522108
          ],
          [
            39.67529233,
            43.70521475
          ],
          [
            39.67528833,
            43.70520909
          ],
          [
            39.675284,
            43.70520409
          ],
          [
            39.67528067,
            43.7051991
          ],
          [
            39.67527701,
            43.7051941
          ],
          [
            39.67527368,
            43.70518844
          ],
          [
            39.67526969,
            43.70518245
          ],
          [
            39.6752667,
            43.70517712
          ],
          [
            39.67526437,
            43.70517046
          ],
          [
            39.67526138,
            43.7051638
          ],
          [
            39.67525772,
            43.70515647
          ],
          [
            39.67525406,
            43.70514914
          ],
          [
            39.67525007,
            43.70514181
          ],
          [
            39.67524541,
            43.70513381
          ],
          [
            39.67524075,
            43.70512582
          ],
          [
            39.67523542,
            43.70511616
          ],
          [
            39.67522876,
            43.7051065
          ],
          [
            39.6752221,
            43.70509917
          ],
          [
            39.67521611,
            43.70509117
          ],
          [
            39.67521045,
            43.70508184
          ],
          [
            39.67520445,
            43.70507251
          ],
          [
            39.67519746,
            43.70506218
          ],
          [
            39.6751908,
            43.70505218
          ],
          [
            39.67518414,
            43.70504219
          ],
          [
            39.67517781,
            43.70503119
          ],
          [
            39.67517315,
            43.70502086
          ],
          [
            39.67516882,
            43.70501053
          ],
          [
            39.67516283,
            43.70499787
          ],
          [
            39.67515717,
            43.70498588
          ],
          [
            39.67514851,
            43.70497622
          ],
          [
            39.67513885,
            43.70496923
          ],
          [
            39.67513085,
            43.7049649
          ],
          [
            39.67512486,
            43.70496091
          ],
          [
            39.67512053,
            43.70495858
          ],
          [
            39.67511787,
            43.70495792
          ],
          [
            39.67511554,
            43.70495759
          ],
          [
            39.67511322,
            43.70495659
          ],
          [
            39.67511156,
            43.70495393
          ],
          [
            39.6751099,
            43.70495127
          ],
          [
            39.67510757,
            43.70494561
          ],
          [
            39.67510557,
            43.70493795
          ],
          [
            39.67510291,
            43.70492896
          ],
          [
            39.67509925,
            43.70491863
          ],
          [
            39.67509592,
            43.70490797
          ],
          [
            39.67509392,
            43.70489898
          ],
          [
            39.67509259,
            43.70488832
          ],
          [
            39.67509259,
            43.70487633
          ],
          [
            39.67509325,
            43.70486467
          ],
          [
            39.67509558,
            43.70485367
          ],
          [
            39.67509824,
            43.70484301
          ],
          [
            39.67510257,
            43.70483268
          ],
          [
            39.6751079,
            43.70482035
          ],
          [
            39.67511156,
            43.70480702
          ],
          [
            39.67511522,
            43.70479369
          ],
          [
            39.67511888,
            43.70478036
          ],
          [
            39.67512354,
            43.7047677
          ],
          [
            39.67512887,
            43.70475537
          ],
          [
            39.67513286,
            43.70474338
          ],
          [
            39.67513685,
            43.70473138
          ],
          [
            39.67513885,
            43.70472038
          ],
          [
            39.67513951,
            43.70470972
          ],
          [
            39.67513785,
            43.70469872
          ],
          [
            39.67513585,
            43.70468872
          ],
          [
            39.67513219,
            43.70467939
          ],
          [
            39.67512886,
            43.70466973
          ],
          [
            39.67512486,
            43.70466007
          ],
          [
            39.6751212,
            43.70464974
          ],
          [
            39.6751172,
            43.70463874
          ],
          [
            39.67511254,
            43.70462741
          ],
          [
            39.67510721,
            43.70461675
          ],
          [
            39.67510255,
            43.70460642
          ],
          [
            39.67509922,
            43.70459376
          ],
          [
            39.67509589,
            43.70458177
          ],
          [
            39.67509089,
            43.70457178
          ],
          [
            39.6750849,
            43.70456278
          ],
          [
            39.67507724,
            43.70455379
          ],
          [
            39.67506991,
            43.70454579
          ],
          [
            39.67506158,
            43.70453846
          ],
          [
            39.67505258,
            43.7045308
          ],
          [
            39.67504392,
            43.7045228
          ],
          [
            39.67503793,
            43.70451381
          ],
          [
            39.67503227,
            43.70450448
          ],
          [
            39.67503027,
            43.70449415
          ],
          [
            39.67502794,
            43.70448482
          ],
          [
            39.67502161,
            43.70447583
          ],
          [
            39.67501795,
            43.70446783
          ],
          [
            39.67501362,
            43.70446017
          ],
          [
            39.67501196,
            43.70445084
          ],
          [
            39.67501097,
            43.70444284
          ],
          [
            39.67501064,
            43.70443318
          ],
          [
            39.67500998,
            43.70442252
          ],
          [
            39.67500832,
            43.70441186
          ],
          [
            39.67500799,
            43.70439953
          ],
          [
            39.67500766,
            43.70438654
          ],
          [
            39.67500567,
            43.70437488
          ],
          [
            39.67500101,
            43.70436455
          ],
          [
            39.67499502,
            43.70435489
          ],
          [
            39.67499102,
            43.70434356
          ],
          [
            39.67498836,
            43.70433257
          ],
          [
            39.67498603,
            43.70432091
          ],
          [
            39.67498537,
            43.70430958
          ],
          [
            39.67498737,
            43.70429659
          ],
          [
            39.67498937,
            43.70428293
          ],
          [
            39.67499203,
            43.70426927
          ],
          [
            39.67499369,
            43.70425527
          ],
          [
            39.67499435,
            43.70424127
          ],
          [
            39.67499369,
            43.70422928
          ],
          [
            39.67499336,
            43.70421762
          ],
          [
            39.67499436,
            43.70420629
          ],
          [
            39.67499769,
            43.70419396
          ],
          [
            39.67500168,
            43.7041813
          ],
          [
            39.67500634,
            43.70416864
          ],
          [
            39.675013,
            43.70415598
          ],
          [
            39.67501933,
            43.70414365
          ],
          [
            39.67502666,
            43.70413199
          ],
          [
            39.67503299,
            43.70412166
          ],
          [
            39.67503865,
            43.704112
          ],
          [
            39.67504498,
            43.70410267
          ],
          [
            39.67505164,
            43.70409401
          ],
          [
            39.67505864,
            43.70408401
          ],
          [
            39.67506563,
            43.70407468
          ],
          [
            39.67507029,
            43.70406468
          ],
          [
            39.67507562,
            43.70405368
          ],
          [
            39.67508161,
            43.70404235
          ],
          [
            39.67508794,
            43.70403102
          ],
          [
            39.67509427,
            43.70401969
          ],
          [
            39.67510026,
            43.70400803
          ],
          [
            39.67510559,
            43.70399703
          ],
          [
            39.67510959,
            43.7039847
          ],
          [
            39.67511425,
            43.70397304
          ],
          [
            39.67511858,
            43.70396138
          ],
          [
            39.67512091,
            43.70394905
          ],
          [
            39.67512157,
            43.70393639
          ],
          [
            39.67512124,
            43.70392373
          ],
          [
            39.67511958,
            43.7039104
          ],
          [
            39.67511659,
            43.70389674
          ],
          [
            39.67511293,
            43.70388274
          ],
          [
            39.67510727,
            43.70386941
          ],
          [
            39.67510194,
            43.70385475
          ],
          [
            39.67509828,
            43.70384042
          ],
          [
            39.67509395,
            43.70382676
          ],
          [
            39.67508996,
            43.70381276
          ],
          [
            39.67508697,
            43.70379943
          ],
          [
            39.67508398,
            43.70378677
          ],
          [
            39.67507998,
            43.70377411
          ],
          [
            39.67507498,
            43.70376345
          ],
          [
            39.67507199,
            43.70375179
          ],
          [
            39.67507033,
            43.70373946
          ],
          [
            39.67506967,
            43.70372613
          ],
          [
            39.67506901,
            43.70371114
          ],
          [
            39.67506967,
            43.70369714
          ],
          [
            39.67507067,
            43.70368314
          ],
          [
            39.67507266,
            43.70366981
          ],
          [
            39.67507466,
            43.70365548
          ],
          [
            39.67507433,
            43.70364148
          ],
          [
            39.67507367,
            43.70362848
          ],
          [
            39.67507234,
            43.70361549
          ],
          [
            39.67506968,
            43.70360316
          ],
          [
            39.67506569,
            43.70359216
          ],
          [
            39.67506036,
            43.70358083
          ],
          [
            39.67505503,
            43.70357017
          ],
          [
            39.67505003,
            43.70355984
          ],
          [
            39.6750457,
            43.70354884
          ],
          [
            39.6750417,
            43.70353651
          ],
          [
            39.67503937,
            43.70352351
          ],
          [
            39.67503737,
            43.70351051
          ],
          [
            39.67503537,
            43.70349785
          ],
          [
            39.67503271,
            43.70348586
          ],
          [
            39.67503205,
            43.70347386
          ],
          [
            39.67503072,
            43.70346187
          ],
          [
            39.67502939,
            43.70345087
          ],
          [
            39.67502739,
            43.70344021
          ],
          [
            39.67502473,
            43.70342988
          ],
          [
            39.67502107,
            43.70341955
          ],
          [
            39.67501641,
            43.70340955
          ],
          [
            39.67501008,
            43.70340089
          ],
          [
            39.67500442,
            43.70339156
          ],
          [
            39.67499843,
            43.7033819
          ],
          [
            39.67499277,
            43.7033729
          ],
          [
            39.67498811,
            43.70336424
          ],
          [
            39.67498312,
            43.70335425
          ],
          [
            39.67497812,
            43.70334359
          ],
          [
            39.67497246,
            43.70333326
          ],
          [
            39.67496513,
            43.7033236
          ],
          [
            39.67495747,
            43.70331527
          ],
          [
            39.67494947,
            43.70330694
          ],
          [
            39.67494081,
            43.70329795
          ],
          [
            39.67493215,
            43.70328862
          ],
          [
            39.67492415,
            43.70327896
          ],
          [
            39.67491816,
            43.70326897
          ],
          [
            39.6749135,
            43.70325931
          ],
          [
            39.67490984,
            43.70324865
          ],
          [
            39.67490551,
            43.70323832
          ],
          [
            39.67490252,
            43.70322732
          ],
          [
            39.67489853,
            43.70321666
          ],
          [
            39.67489553,
            43.70320666
          ],
          [
            39.6748922,
            43.70319566
          ],
          [
            39.67489021,
            43.703185
          ],
          [
            39.67488921,
            43.70317467
          ],
          [
            39.67488722,
            43.70316334
          ],
          [
            39.67488489,
            43.70315168
          ],
          [
            39.67488256,
            43.70314102
          ],
          [
            39.67488056,
            43.70313036
          ],
          [
            39.67487823,
            43.7031187
          ],
          [
            39.67487657,
            43.70310637
          ],
          [
            39.67487657,
            43.70309337
          ],
          [
            39.6748769,
            43.70308204
          ],
          [
            39.67487723,
            43.70307071
          ],
          [
            39.67487889,
            43.70306005
          ],
          [
            39.67488155,
            43.70304939
          ],
          [
            39.67488621,
            43.7030374
          ],
          [
            39.67489154,
            43.70302474
          ],
          [
            39.67489587,
            43.70301274
          ],
          [
            39.6749012,
            43.70300075
          ],
          [
            39.67490653,
            43.70298876
          ],
          [
            39.67491219,
            43.7029771
          ],
          [
            39.67491719,
            43.70296477
          ],
          [
            39.67492318,
            43.70295244
          ],
          [
            39.67492917,
            43.70294078
          ],
          [
            39.6749345,
            43.70292879
          ],
          [
            39.67493983,
            43.70291646
          ],
          [
            39.67494483,
            43.70290413
          ],
          [
            39.67494949,
            43.70289247
          ],
          [
            39.67495448,
            43.70288081
          ],
          [
            39.67495981,
            43.70286881
          ],
          [
            39.6749628,
            43.70285648
          ],
          [
            39.67496413,
            43.70284449
          ],
          [
            39.67496347,
            43.70283249
          ],
          [
            39.67496048,
            43.70282083
          ],
          [
            39.67495682,
            43.70280817
          ],
          [
            39.67495049,
            43.70279517
          ],
          [
            39.67494316,
            43.70278318
          ],
          [
            39.67493517,
            43.70277085
          ],
          [
            39.67492717,
            43.70276019
          ],
          [
            39.67492084,
            43.70274953
          ],
          [
            39.67491551,
            43.7027382
          ],
          [
            39.67491252,
            43.70272654
          ],
          [
            39.67490919,
            43.70271521
          ],
          [
            39.67490586,
            43.70270421
          ],
          [
            39.67490453,
            43.70269288
          ],
          [
            39.67490453,
            43.70268222
          ],
          [
            39.67490287,
            43.70267056
          ],
          [
            39.67490021,
            43.70265823
          ],
          [
            39.67489655,
            43.70264624
          ],
          [
            39.67489289,
            43.70263425
          ],
          [
            39.67489023,
            43.70262226
          ],
          [
            39.67488724,
            43.7026106
          ],
          [
            39.67488558,
            43.70259894
          ],
          [
            39.67488292,
            43.70258661
          ],
          [
            39.67488026,
            43.70257462
          ],
          [
            39.67487927,
            43.70256196
          ],
          [
            39.67487861,
            43.70254963
          ],
          [
            39.67487828,
            43.7025383
          ],
          [
            39.67487795,
            43.70252764
          ],
          [
            39.67487861,
            43.70251698
          ],
          [
            39.67488027,
            43.70250598
          ],
          [
            39.6748826,
            43.70249465
          ],
          [
            39.67488526,
            43.70248399
          ],
          [
            39.67488825,
            43.70247366
          ],
          [
            39.67489058,
            43.70246366
          ],
          [
            39.67489424,
            43.70245333
          ],
          [
            39.67489757,
            43.70244367
          ],
          [
            39.6749009,
            43.70243501
          ],
          [
            39.67490356,
            43.70242635
          ],
          [
            39.67490722,
            43.70241769
          ],
          [
            39.67491188,
            43.70240803
          ],
          [
            39.67491754,
            43.70239804
          ],
          [
            39.6749222,
            43.70238804
          ],
          [
            39.6749272,
            43.70237938
          ],
          [
            39.67493319,
            43.70236939
          ],
          [
            39.67493985,
            43.70236106
          ],
          [
            39.67494551,
            43.7023524
          ],
          [
            39.67495284,
            43.70234474
          ],
          [
            39.67496017,
            43.70233741
          ],
          [
            39.67496683,
            43.70233042
          ],
          [
            39.67497449,
            43.70232342
          ],
          [
            39.67498082,
            43.70231676
          ],
          [
            39.67498748,
            43.7023101
          ],
          [
            39.67499281,
            43.70230377
          ],
          [
            39.67499814,
            43.70229844
          ],
          [
            39.67500314,
            43.70229245
          ],
          [
            39.67501013,
            43.70228712
          ],
          [
            39.67501713,
            43.70228246
          ],
          [
            39.67502379,
            43.70227813
          ],
          [
            39.67503079,
            43.70227214
          ],
          [
            39.67503745,
            43.70226581
          ],
          [
            39.67504478,
            43.70225948
          ],
          [
            39.67505311,
            43.70225348
          ],
          [
            39.67506344,
            43.70224815
          ],
          [
            39.67507444,
            43.70224482
          ],
          [
            39.67508577,
            43.70224083
          ],
          [
            39.67509643,
            43.7022365
          ],
          [
            39.67510676,
            43.70223251
          ],
          [
            39.67511775,
            43.70222818
          ],
          [
            39.67512841,
            43.70222152
          ],
          [
            39.67513941,
            43.70221419
          ],
          [
            39.67515074,
            43.70220719
          ],
          [
            39.6751634,
            43.7022002
          ],
          [
            39.67517639,
            43.70219387
          ],
          [
            39.67518939,
            43.70218854
          ],
          [
            39.67520272,
            43.70218288
          ],
          [
            39.67521672,
            43.70217755
          ],
          [
            39.67523038,
            43.70217322
          ],
          [
            39.67524404,
            43.70216856
          ],
          [
            39.6752567,
            43.70216457
          ],
          [
            39.67526969,
            43.70216057
          ],
          [
            39.67528335,
            43.70215558
          ],
          [
            39.67529701,
            43.70215092
          ],
          [
            39.67531067,
            43.70214559
          ],
          [
            39.675324,
            43.70214026
          ],
          [
            39.67533666,
            43.7021346
          ],
          [
            39.67534966,
            43.70212794
          ],
          [
            39.67536332,
            43.70212161
          ],
          [
            39.67537698,
            43.70211561
          ],
          [
            39.67539064,
            43.70210928
          ],
          [
            39.6754033,
            43.70210229
          ],
          [
            39.67541496,
            43.70209463
          ],
          [
            39.67542596,
            43.70208697
          ],
          [
            39.67543662,
            43.70207964
          ],
          [
            39.67544595,
            43.70207031
          ],
          [
            39.67545595,
            43.70206132
          ],
          [
            39.67546728,
            43.70205233
          ],
          [
            39.67547794,
            43.70204267
          ],
          [
            39.6754876,
            43.70203367
          ],
          [
            39.67549826,
            43.70202434
          ],
          [
            39.67550992,
            43.70201535
          ],
          [
            39.67552158,
            43.70200569
          ],
          [
            39.67553324,
            43.70199703
          ],
          [
            39.67554424,
            43.70198837
          ],
          [
            39.67555557,
            43.70198037
          ],
          [
            39.6755649,
            43.70197304
          ],
          [
            39.67557356,
            43.70196571
          ],
          [
            39.67558189,
            43.70195838
          ],
          [
            39.67559055,
            43.70195038
          ],
          [
            39.67559921,
            43.70194305
          ],
          [
            39.67560854,
            43.70193439
          ],
          [
            39.67561687,
            43.70192606
          ],
          [
            39.67562553,
            43.70191707
          ],
          [
            39.67563419,
            43.70190741
          ],
          [
            39.67564352,
            43.70189808
          ],
          [
            39.67565285,
            43.70188875
          ],
          [
            39.67566385,
            43.70188009
          ],
          [
            39.67567451,
            43.70187009
          ],
          [
            39.67568451,
            43.7018601
          ],
          [
            39.6756935,
            43.70184944
          ],
          [
            39.67570249,
            43.70183844
          ],
          [
            39.67571115,
            43.70182711
          ],
          [
            39.67572015,
            43.70181578
          ],
          [
            39.67572848,
            43.70180478
          ],
          [
            39.67573581,
            43.70179378
          ],
          [
            39.67574314,
            43.70178278
          ],
          [
            39.67575013,
            43.70177245
          ],
          [
            39.67575612,
            43.70176212
          ],
          [
            39.67576178,
            43.70175212
          ],
          [
            39.67576844,
            43.70174179
          ],
          [
            39.6757741,
            43.70173113
          ],
          [
            39.6757791,
            43.70172147
          ],
          [
            39.67578509,
            43.70171148
          ],
          [
            39.67579142,
            43.70170215
          ],
          [
            39.67579741,
            43.70169282
          ],
          [
            39.6758034,
            43.70168249
          ],
          [
            39.67580939,
            43.70167216
          ],
          [
            39.67581605,
            43.70166283
          ],
          [
            39.67581904,
            43.70165384
          ],
          [
            39.6758217,
            43.70164351
          ],
          [
            39.67582503,
            43.70163418
          ],
          [
            39.67582869,
            43.70162519
          ],
          [
            39.67583269,
            43.70161586
          ],
          [
            39.67583435,
            43.7016062
          ],
          [
            39.67583668,
            43.70159721
          ],
          [
            39.67583934,
            43.70158722
          ],
          [
            39.67584267,
            43.70157689
          ],
          [
            39.67584566,
            43.70156623
          ],
          [
            39.67584832,
            43.70155657
          ],
          [
            39.67585131,
            43.70154791
          ],
          [
            39.67585297,
            43.70154025
          ],
          [
            39.67585696,
            43.70153225
          ],
          [
            39.67586029,
            43.70152292
          ],
          [
            39.67586362,
            43.70151326
          ],
          [
            39.67586628,
            43.70150327
          ],
          [
            39.67587061,
            43.70149394
          ],
          [
            39.67587527,
            43.70148461
          ],
          [
            39.6758786,
            43.70147428
          ],
          [
            39.67588193,
            43.70146262
          ],
          [
            39.67588459,
            43.70145129
          ],
          [
            39.67588892,
            43.70143996
          ],
          [
            39.67589291,
            43.70142963
          ],
          [
            39.67589657,
            43.7014193
          ],
          [
            39.6758999,
            43.70140764
          ],
          [
            39.67590289,
            43.70139598
          ],
          [
            39.67590622,
            43.70138432
          ],
          [
            39.67591055,
            43.70137366
          ],
          [
            39.67591588,
            43.701363
          ],
          [
            39.67592154,
            43.701352
          ],
          [
            39.6759282,
            43.70134067
          ],
          [
            39.67593786,
            43.70132934
          ],
          [
            39.67594619,
            43.70131768
          ],
          [
            39.67595385,
            43.70130702
          ],
          [
            39.67595984,
            43.70129702
          ],
          [
            39.67596184,
            43.70128703
          ],
          [
            39.67596317,
            43.70127703
          ],
          [
            39.67596416,
            43.70126837
          ],
          [
            39.67596317,
            43.70126037
          ],
          [
            39.67596151,
            43.70125371
          ],
          [
            39.67596018,
            43.70124772
          ],
          [
            39.67596018,
            43.70124139
          ],
          [
            39.67596351,
            43.70123573
          ],
          [
            39.67596617,
            43.70122974
          ],
          [
            39.67596916,
            43.70122341
          ],
          [
            39.67597215,
            43.70121742
          ],
          [
            39.67597615,
            43.70121143
          ],
          [
            39.67598314,
            43.7012061
          ],
          [
            39.6759888,
            43.70120077
          ],
          [
            39.67599246,
            43.70119478
          ],
          [
            39.67599679,
            43.70118912
          ],
          [
            39.67600145,
            43.70118313
          ],
          [
            39.67600611,
            43.70117647
          ],
          [
            39.67601244,
            43.70117014
          ],
          [
            39.67601877,
            43.70116381
          ],
          [
            39.6760281,
            43.70115648
          ],
          [
            39.67603776,
            43.70115082
          ],
          [
            39.67604642,
            43.70114449
          ],
          [
            39.67605708,
            43.70113816
          ],
          [
            39.67606774,
            43.70113116
          ],
          [
            39.67607673,
            43.7011235
          ],
          [
            39.67608539,
            43.7011155
          ],
          [
            39.67609205,
            43.7011075
          ],
          [
            39.67609738,
            43.70110017
          ],
          [
            39.67610238,
            43.70109218
          ],
          [
            39.67610871,
            43.70108552
          ],
          [
            39.67611671,
            43.70108019
          ],
          [
            39.67612471,
            43.7010752
          ],
          [
            39.67613337,
            43.70107087
          ],
          [
            39.67614203,
            43.70106488
          ],
          [
            39.67615069,
            43.70105788
          ],
          [
            39.67615835,
            43.70104955
          ],
          [
            39.67616568,
            43.70104122
          ],
          [
            39.67617401,
            43.70103356
          ],
          [
            39.676183,
            43.7010269
          ],
          [
            39.67619199,
            43.70102057
          ],
          [
            39.67620065,
            43.70101524
          ],
          [
            39.67620898,
            43.70100991
          ],
          [
            39.67621731,
            43.70100492
          ],
          [
            39.67622731,
            43.70100059
          ],
          [
            39.67623831,
            43.70099726
          ],
          [
            39.67624964,
            43.70099326
          ],
          [
            39.67626064,
            43.7009896
          ],
          [
            39.67627097,
            43.70098594
          ],
          [
            39.67628063,
            43.70098128
          ],
          [
            39.67628429,
            43.70097429
          ],
          [
            39.67628862,
            43.7009683
          ],
          [
            39.67629461,
            43.70096264
          ],
          [
            39.67630194,
            43.70095764
          ],
          [
            39.6763096,
            43.70095331
          ],
          [
            39.67631859,
            43.70094965
          ],
          [
            39.67632559,
            43.70094499
          ],
          [
            39.67633292,
            43.70093966
          ],
          [
            39.67634025,
            43.70093433
          ],
          [
            39.67634825,
            43.700928
          ],
          [
            39.67635625,
            43.70092234
          ],
          [
            39.67636391,
            43.70091701
          ],
          [
            39.67637157,
            43.70091102
          ],
          [
            39.67638023,
            43.70090703
          ],
          [
            39.67638956,
            43.70090337
          ],
          [
            39.67639756,
            43.70089904
          ],
          [
            39.67640655,
            43.70089371
          ],
          [
            39.67641588,
            43.70088838
          ],
          [
            39.67642487,
            43.70088472
          ],
          [
            39.6764342,
            43.70088039
          ],
          [
            39.67644219,
            43.70087506
          ],
          [
            39.67644952,
            43.70087073
          ],
          [
            39.67645551,
            43.7008654
          ],
          [
            39.6764615,
            43.70086007
          ],
          [
            39.67646749,
            43.70085574
          ],
          [
            39.67647282,
            43.70085108
          ],
          [
            39.67647915,
            43.70084775
          ],
          [
            39.67648581,
            43.70084275
          ],
          [
            39.67649347,
            43.70083875
          ],
          [
            39.67650046,
            43.70083409
          ],
          [
            39.67650912,
            43.70083076
          ],
          [
            39.67651678,
            43.7008281
          ],
          [
            39.67652511,
            43.70082577
          ],
          [
            39.67653177,
            43.70082244
          ],
          [
            39.6765391,
            43.70081911
          ],
          [
            39.67654676,
            43.70081578
          ],
          [
            39.67655542,
            43.70081112
          ],
          [
            39.67656375,
            43.70080712
          ],
          [
            39.67657241,
            43.70080313
          ],
          [
            39.67658074,
            43.70079747
          ],
          [
            39.6765884,
            43.70079148
          ],
          [
            39.67659573,
            43.70078515
          ],
          [
            39.67660339,
            43.70077882
          ],
          [
            39.67661139,
            43.70077149
          ],
          [
            39.67661805,
            43.70076383
          ],
          [
            39.67662404,
            43.7007565
          ],
          [
            39.67662904,
            43.70074984
          ],
          [
            39.6766307,
            43.70074218
          ],
          [
            39.6766327,
            43.70073519
          ],
          [
            39.67663703,
            43.70072753
          ],
          [
            39.67664002,
            43.70071953
          ],
          [
            39.67664235,
            43.7007112
          ],
          [
            39.67664668,
            43.70070454
          ],
          [
            39.67665134,
            43.70069788
          ],
          [
            39.67665334,
            43.70069022
          ],
          [
            39.67665467,
            43.70068322
          ],
          [
            39.676656,
            43.70067556
          ],
          [
            39.676657,
            43.70066923
          ],
          [
            39.67665866,
            43.70066123
          ],
          [
            39.67665966,
            43.70065357
          ],
          [
            39.67666365,
            43.70064657
          ],
          [
            39.67666865,
            43.70063958
          ],
          [
            39.67667398,
            43.70063359
          ],
          [
            39.67667831,
            43.70062659
          ],
          [
            39.67668297,
            43.7006196
          ],
          [
            39.67668696,
            43.70061227
          ],
          [
            39.67668862,
            43.70060294
          ],
          [
            39.67669062,
            43.70059494
          ],
          [
            39.67669295,
            43.70058595
          ],
          [
            39.67669561,
            43.70057595
          ],
          [
            39.67669994,
            43.70056462
          ],
          [
            39.67670394,
            43.70055329
          ],
          [
            39.67670793,
            43.70054029
          ],
          [
            39.67671126,
            43.7005273
          ],
          [
            39.67671392,
            43.70051497
          ],
          [
            39.67671491,
            43.70050264
          ],
          [
            39.67671624,
            43.70049065
          ],
          [
            39.67671558,
            43.70047965
          ],
          [
            39.67671458,
            43.70046832
          ],
          [
            39.67671259,
            43.70045666
          ],
          [
            39.6767096,
            43.70044566
          ],
          [
            39.6767056,
            43.70043433
          ],
          [
            39.67670261,
            43.700425
          ],
          [
            39.67670095,
            43.70041467
          ],
          [
            39.67669896,
            43.70040401
          ],
          [
            39.67669796,
            43.70039301
          ],
          [
            39.67669597,
            43.70038368
          ],
          [
            39.67669497,
            43.70037668
          ],
          [
            39.67669298,
            43.70037035
          ],
          [
            39.67669098,
            43.70036402
          ],
          [
            39.67668965,
            43.70035702
          ],
          [
            39.67668899,
            43.70034936
          ],
          [
            39.67668999,
            43.70034137
          ],
          [
            39.67669065,
            43.70033237
          ],
          [
            39.67669032,
            43.70032338
          ],
          [
            39.67668932,
            43.70031439
          ],
          [
            39.67668866,
            43.70030506
          ],
          [
            39.67668767,
            43.70029673
          ],
          [
            39.67668701,
            43.7002884
          ],
          [
            39.67668734,
            43.70028007
          ],
          [
            39.67668833,
            43.70027174
          ],
          [
            39.67668966,
            43.70026441
          ],
          [
            39.67668966,
            43.70025641
          ],
          [
            39.676689,
            43.70024775
          ],
          [
            39.67669066,
            43.70023842
          ],
          [
            39.67669299,
            43.70022943
          ],
          [
            39.67669498,
            43.70022143
          ],
          [
            39.67669698,
            43.70021343
          ],
          [
            39.67669931,
            43.70020444
          ],
          [
            39.67670297,
            43.70019511
          ],
          [
            39.67670563,
            43.70018578
          ],
          [
            39.67670929,
            43.70017512
          ],
          [
            39.67671195,
            43.70016446
          ],
          [
            39.67671395,
            43.70015313
          ],
          [
            39.67671561,
            43.7001418
          ],
          [
            39.67671727,
            43.7001308
          ],
          [
            39.67671827,
            43.70011947
          ],
          [
            39.67671926,
            43.70010814
          ],
          [
            39.67672092,
            43.70009681
          ],
          [
            39.67672225,
            43.70008581
          ],
          [
            39.67672391,
            43.70007615
          ],
          [
            39.6767269,
            43.70006616
          ],
          [
            39.67673289,
            43.70005683
          ],
          [
            39.67674089,
            43.7000465
          ],
          [
            39.67674955,
            43.7000355
          ],
          [
            39.67675821,
            43.70002517
          ],
          [
            39.67676754,
            43.70001451
          ],
          [
            39.67677687,
            43.70000318
          ],
          [
            39.67678587,
            43.69999219
          ],
          [
            39.67679553,
            43.69998119
          ],
          [
            39.67680486,
            43.69996919
          ],
          [
            39.67681486,
            43.69995686
          ],
          [
            39.67682419,
            43.69994453
          ],
          [
            39.67683219,
            43.69993187
          ],
          [
            39.67683919,
            43.69991887
          ],
          [
            39.67684585,
            43.69990654
          ],
          [
            39.67685418,
            43.69989455
          ],
          [
            39.67686284,
            43.69988256
          ],
          [
            39.67687017,
            43.69987023
          ],
          [
            39.67687583,
            43.6998579
          ],
          [
            39.67688082,
            43.69984657
          ],
          [
            39.67688482,
            43.69983591
          ],
          [
            39.67688948,
            43.69982525
          ],
          [
            39.67689614,
            43.69981526
          ],
          [
            39.6769028,
            43.69980493
          ],
          [
            39.67690946,
            43.69979493
          ],
          [
            39.67691345,
            43.69978494
          ],
          [
            39.67691611,
            43.69977494
          ],
          [
            39.67691677,
            43.69976361
          ],
          [
            39.6769171,
            43.69975195
          ],
          [
            39.67691743,
            43.69974029
          ],
          [
            39.67691843,
            43.69972863
          ],
          [
            39.67691942,
            43.69971664
          ],
          [
            39.67691942,
            43.69970498
          ],
          [
            39.67691942,
            43.69969365
          ],
          [
            39.67692008,
            43.69968265
          ],
          [
            39.67692108,
            43.69967366
          ],
          [
            39.67692174,
            43.69966533
          ],
          [
            39.67692273,
            43.69965767
          ],
          [
            39.67692406,
            43.69965134
          ],
          [
            39.67692439,
            43.69964735
          ],
          [
            39.67692572,
            43.69964436
          ],
          [
            39.67692705,
            43.6996417
          ],
          [
            39.67692804,
            43.69964037
          ],
          [
            39.67692937,
            43.69963938
          ],
          [
            39.67693003,
            43.69963805
          ],
          [
            39.67692904,
            43.69963472
          ],
          [
            39.67692838,
            43.69962673
          ],
          [
            39.67692805,
            43.6996174
          ],
          [
            39.67692772,
            43.6996064
          ],
          [
            39.67692905,
            43.69959507
          ],
          [
            39.67693404,
            43.69958407
          ],
          [
            39.6769407,
            43.69957241
          ],
          [
            39.67694703,
            43.69956075
          ],
          [
            39.67695503,
            43.69954842
          ],
          [
            39.67696369,
            43.69953542
          ],
          [
            39.67697068,
            43.69952243
          ],
          [
            39.67697601,
            43.69950943
          ],
          [
            39.67698067,
            43.69949543
          ],
          [
            39.67698567,
            43.6994821
          ],
          [
            39.676987,
            43.69946844
          ],
          [
            39.67698601,
            43.69945511
          ],
          [
            39.67698734,
            43.69944178
          ],
          [
            39.67699234,
            43.69942912
          ],
          [
            39.676997,
            43.69941579
          ],
          [
            39.677002,
            43.69940279
          ],
          [
            39.67700699,
            43.69938946
          ],
          [
            39.67701399,
            43.69937713
          ],
          [
            39.67701865,
            43.69936547
          ],
          [
            39.67702165,
            43.69935381
          ],
          [
            39.67702631,
            43.69934215
          ],
          [
            39.67702997,
            43.69933049
          ],
          [
            39.6770343,
            43.69931983
          ],
          [
            39.67703963,
            43.69930917
          ],
          [
            39.67704429,
            43.69929817
          ],
          [
            39.67704695,
            43.69928618
          ],
          [
            39.67704462,
            43.69927352
          ],
          [
            39.67704229,
            43.69926086
          ],
          [
            39.67703963,
            43.6992492
          ],
          [
            39.67704229,
            43.69923654
          ],
          [
            39.67704595,
            43.69922521
          ],
          [
            39.67704928,
            43.69921388
          ],
          [
            39.67705261,
            43.69920288
          ],
          [
            39.67705261,
            43.69919322
          ],
          [
            39.67704995,
            43.69918323
          ],
          [
            39.67704562,
            43.69917124
          ],
          [
            39.67704296,
            43.69915724
          ],
          [
            39.67704163,
            43.69914224
          ],
          [
            39.6770293,
            43.69912625
          ],
          [
            39.67701664,
            43.69911092
          ],
          [
            39.67700564,
            43.69909726
          ],
          [
            39.67699498,
            43.6990836
          ],
          [
            39.67697532,
            43.6990696
          ],
          [
            39.67696299,
            43.6990586
          ],
          [
            39.67695933,
            43.6990466
          ],
          [
            39.67696133,
            43.69903394
          ],
          [
            39.67696399,
            43.69902028
          ],
          [
            39.67696665,
            43.69900562
          ],
          [
            39.67697131,
            43.69898996
          ],
          [
            39.67697564,
            43.6989753
          ],
          [
            39.67697465,
            43.6989613
          ],
          [
            39.67696732,
            43.6989473
          ],
          [
            39.67695733,
            43.69893564
          ],
          [
            39.67694933,
            43.69892398
          ],
          [
            39.676942,
            43.69891332
          ],
          [
            39.676937,
            43.69890199
          ],
          [
            39.67693667,
            43.69889066
          ],
          [
            39.676939,
            43.698879
          ],
          [
            39.67694266,
            43.698868
          ],
          [
            39.67694399,
            43.698857
          ],
          [
            39.67694133,
            43.69884634
          ],
          [
            39.676935,
            43.69883768
          ],
          [
            39.676927,
            43.69883069
          ],
          [
            39.67691934,
            43.69882303
          ],
          [
            39.67691201,
            43.6988167
          ],
          [
            39.67690501,
            43.6988087
          ],
          [
            39.67690068,
            43.69880004
          ],
          [
            39.67689335,
            43.69879138
          ],
          [
            39.67688869,
            43.69878372
          ],
          [
            39.67689569,
            43.69877239
          ],
          [
            39.67690902,
            43.69875939
          ],
          [
            39.67692335,
            43.69874773
          ],
          [
            39.67693968,
            43.69873607
          ],
          [
            39.67695568,
            43.69872507
          ],
          [
            39.67697234,
            43.69871308
          ],
          [
            39.67698733,
            43.69870109
          ],
          [
            39.67699666,
            43.69868876
          ],
          [
            39.67700632,
            43.69867643
          ],
          [
            39.67701932,
            43.69866543
          ],
          [
            39.67703398,
            43.6986541
          ],
          [
            39.67704631,
            43.6986411
          ],
          [
            39.67705564,
            43.69862811
          ],
          [
            39.6770603,
            43.69861445
          ],
          [
            39.67706263,
            43.69859945
          ],
          [
            39.67706529,
            43.69858512
          ],
          [
            39.67706496,
            43.69857112
          ],
          [
            39.67706595,
            43.69855679
          ],
          [
            39.67706462,
            43.69854413
          ],
          [
            39.67706196,
            43.6985318
          ],
          [
            39.67705796,
            43.69852047
          ],
          [
            39.67705663,
            43.69850848
          ],
          [
            39.6770543,
            43.69849715
          ],
          [
            39.67705164,
            43.69848716
          ],
          [
            39.67704865,
            43.69847883
          ],
          [
            39.67704632,
            43.6984715
          ],
          [
            39.67704632,
            43.69846417
          ],
          [
            39.67704865,
            43.69845617
          ],
          [
            39.67705098,
            43.69844651
          ],
          [
            39.67705098,
            43.69843785
          ],
          [
            39.67704898,
            43.69842819
          ],
          [
            39.67704699,
            43.69841653
          ],
          [
            39.67704466,
            43.69840253
          ],
          [
            39.67704599,
            43.69838787
          ],
          [
            39.67704599,
            43.69837354
          ],
          [
            39.67704865,
            43.69835888
          ],
          [
            39.67704964,
            43.69834555
          ],
          [
            39.67704898,
            43.69833089
          ],
          [
            39.67704898,
            43.69831656
          ],
          [
            39.67704998,
            43.69830256
          ],
          [
            39.67705231,
            43.69828656
          ],
          [
            39.67705397,
            43.69827057
          ],
          [
            39.67705463,
            43.69825524
          ],
          [
            39.67705463,
            43.69824058
          ],
          [
            39.67705364,
            43.69822592
          ],
          [
            39.67705331,
            43.69821092
          ],
          [
            39.67705165,
            43.69819659
          ],
          [
            39.67705032,
            43.69818259
          ],
          [
            39.67704733,
            43.69816993
          ],
          [
            39.67704267,
            43.69815793
          ],
          [
            39.67703801,
            43.69814694
          ],
          [
            39.67703535,
            43.69813561
          ],
          [
            39.67703302,
            43.69812428
          ],
          [
            39.67703236,
            43.69811262
          ],
          [
            39.67703302,
            43.69810229
          ],
          [
            39.67703501,
            43.69809163
          ],
          [
            39.67703867,
            43.69808197
          ],
          [
            39.67704166,
            43.69807064
          ],
          [
            39.67704399,
            43.69805931
          ],
          [
            39.67704632,
            43.69804698
          ],
          [
            39.67704832,
            43.69803499
          ],
          [
            39.67704998,
            43.69802233
          ],
          [
            39.67704965,
            43.698011
          ],
          [
            39.67704766,
            43.69800067
          ],
          [
            39.67704633,
            43.69798934
          ],
          [
            39.67704699,
            43.69797768
          ],
          [
            39.67704898,
            43.69796535
          ],
          [
            39.67705098,
            43.69795336
          ],
          [
            39.67705164,
            43.6979417
          ],
          [
            39.67705197,
            43.6979297
          ],
          [
            39.67705164,
            43.69791671
          ],
          [
            39.67705065,
            43.69790305
          ],
          [
            39.67704799,
            43.69788905
          ],
          [
            39.67704399,
            43.69787572
          ],
          [
            39.67704033,
            43.69786239
          ],
          [
            39.677036,
            43.69784839
          ],
          [
            39.677034,
            43.69783439
          ],
          [
            39.67703367,
            43.69782039
          ],
          [
            39.677034,
            43.69780773
          ],
          [
            39.67703334,
            43.69779407
          ],
          [
            39.67703201,
            43.69778074
          ],
          [
            39.67702968,
            43.69776808
          ],
          [
            39.67702702,
            43.69775475
          ],
          [
            39.67702669,
            43.69774375
          ],
          [
            39.67702702,
            43.69773242
          ],
          [
            39.67702802,
            43.69772076
          ],
          [
            39.67702935,
            43.69770943
          ],
          [
            39.67703135,
            43.6976971
          ],
          [
            39.67703434,
            43.69768444
          ],
          [
            39.677037,
            43.69767145
          ],
          [
            39.67703933,
            43.69765845
          ],
          [
            39.67704066,
            43.69764612
          ],
          [
            39.67703967,
            43.69763512
          ],
          [
            39.67703767,
            43.69762412
          ],
          [
            39.67703501,
            43.69761212
          ],
          [
            39.67703268,
            43.69760013
          ],
          [
            39.67703135,
            43.69758814
          ],
          [
            39.67703069,
            43.69757581
          ],
          [
            39.67703036,
            43.69756315
          ],
          [
            39.67703069,
            43.69755015
          ],
          [
            39.67703069,
            43.69753682
          ],
          [
            39.67703268,
            43.69752382
          ],
          [
            39.67703534,
            43.69751116
          ],
          [
            39.677039,
            43.69749816
          ],
          [
            39.67704299,
            43.69748516
          ],
          [
            39.67704898,
            43.69747217
          ],
          [
            39.67705497,
            43.69745817
          ],
          [
            39.67706096,
            43.69744517
          ],
          [
            39.67706496,
            43.69743184
          ],
          [
            39.67706862,
            43.69741885
          ],
          [
            39.67707295,
            43.69740619
          ],
          [
            39.67707694,
            43.6973932
          ],
          [
            39.67708127,
            43.69738087
          ],
          [
            39.67708593,
            43.69736921
          ],
          [
            39.67709059,
            43.69735722
          ],
          [
            39.67709625,
            43.69734523
          ],
          [
            39.67710325,
            43.69733357
          ],
          [
            39.67711224,
            43.69732091
          ],
          [
            39.67712057,
            43.69730825
          ],
          [
            39.67712823,
            43.69729526
          ],
          [
            39.67713456,
            43.69728293
          ],
          [
            39.67714155,
            43.6972706
          ],
          [
            39.67714888,
            43.69725861
          ],
          [
            39.67715554,
            43.69724695
          ],
          [
            39.67716153,
            43.69723495
          ],
          [
            39.67716819,
            43.69722329
          ],
          [
            39.67717452,
            43.69721163
          ],
          [
            39.67718151,
            43.69719997
          ],
          [
            39.67719017,
            43.69718897
          ],
          [
            39.67719783,
            43.69717831
          ],
          [
            39.67720682,
            43.69716731
          ],
          [
            39.67721582,
            43.69715532
          ],
          [
            39.67722448,
            43.69714399
          ],
          [
            39.67723247,
            43.69713333
          ],
          [
            39.6772398,
            43.697121
          ],
          [
            39.67724546,
            43.69710901
          ],
          [
            39.67725046,
            43.69709568
          ],
          [
            39.67725546,
            43.69708369
          ],
          [
            39.67726079,
            43.69707203
          ],
          [
            39.67726812,
            43.69706137
          ],
          [
            39.67727578,
            43.69705071
          ],
          [
            39.67728177,
            43.69703938
          ],
          [
            39.67728743,
            43.69702872
          ],
          [
            39.67729142,
            43.69701739
          ],
          [
            39.67729442,
            43.6970054
          ],
          [
            39.67729841,
            43.69699307
          ],
          [
            39.67730274,
            43.69698008
          ],
          [
            39.6773074,
            43.69696708
          ],
          [
            39.67731206,
            43.69695375
          ],
          [
            39.67731605,
            43.69694076
          ],
          [
            39.67732005,
            43.6969281
          ],
          [
            39.67732304,
            43.69691511
          ],
          [
            39.67732603,
            43.69690211
          ],
          [
            39.67732736,
            43.69688911
          ],
          [
            39.67732802,
            43.69687511
          ],
          [
            39.67732868,
            43.69686212
          ],
          [
            39.67732868,
            43.69684812
          ],
          [
            39.67732702,
            43.69683512
          ],
          [
            39.67732436,
            43.69682213
          ],
          [
            39.67732203,
            43.69680847
          ],
          [
            39.67731804,
            43.69679514
          ],
          [
            39.67731404,
            43.69678148
          ],
          [
            39.67731005,
            43.69676849
          ],
          [
            39.67730639,
            43.69675683
          ],
          [
            39.67730273,
            43.6967445
          ],
          [
            39.67729674,
            43.69673317
          ],
          [
            39.67728941,
            43.69672284
          ],
          [
            39.67728342,
            43.69671351
          ],
          [
            39.67727709,
            43.69670385
          ],
          [
            39.67727143,
            43.69669385
          ],
          [
            39.67726377,
            43.69668385
          ],
          [
            39.67725477,
            43.69667486
          ],
          [
            39.67724511,
            43.69666453
          ],
          [
            39.67723411,
            43.69665253
          ],
          [
            39.67722212,
            43.69663987
          ],
          [
            39.67721179,
            43.69662687
          ],
          [
            39.6772028,
            43.69661321
          ],
          [
            39.67719214,
            43.69659955
          ],
          [
            39.67717948,
            43.69658622
          ],
          [
            39.67716748,
            43.69657456
          ],
          [
            39.67715549,
            43.6965639
          ],
          [
            39.67714416,
            43.69655257
          ],
          [
            39.67713283,
            43.69654191
          ],
          [
            39.67712217,
            43.69653158
          ],
          [
            39.67711151,
            43.69652125
          ],
          [
            39.67710118,
            43.69651125
          ],
          [
            39.67708952,
            43.69650126
          ],
          [
            39.67707886,
            43.69649193
          ],
          [
            39.67706653,
            43.6964816
          ],
          [
            39.67705287,
            43.69647194
          ],
          [
            39.67703954,
            43.69646295
          ],
          [
            39.67702621,
            43.69645495
          ],
          [
            39.67701388,
            43.69644662
          ],
          [
            39.67700222,
            43.69643862
          ],
          [
            39.67699089,
            43.69642829
          ],
          [
            39.67698023,
            43.69641796
          ],
          [
            39.6769699,
            43.69640796
          ],
          [
            39.67696024,
            43.69639863
          ],
          [
            39.67695125,
            43.69639063
          ],
          [
            39.67694392,
            43.69638197
          ],
          [
            39.67693793,
            43.69637231
          ],
          [
            39.67693393,
            43.69636198
          ],
          [
            39.67693127,
            43.69635065
          ],
          [
            39.67692861,
            43.69633965
          ],
          [
            39.67692595,
            43.69632766
          ],
          [
            39.67692395,
            43.696315
          ],
          [
            39.67692229,
            43.69630267
          ],
          [
            39.6769193,
            43.69629068
          ],
          [
            39.67691597,
            43.69627802
          ],
          [
            39.67691131,
            43.69626536
          ],
          [
            39.67690798,
            43.69625236
          ],
          [
            39.67690465,
            43.69623936
          ],
          [
            39.67690032,
            43.6962267
          ],
          [
            39.67689666,
            43.69621437
          ],
          [
            39.676893,
            43.69620171
          ],
          [
            39.67689167,
            43.69618938
          ],
          [
            39.67688868,
            43.69617605
          ],
          [
            39.67688669,
            43.69616272
          ],
          [
            39.67688403,
            43.69615006
          ],
          [
            39.67688137,
            43.69613806
          ],
          [
            39.67687804,
            43.69612573
          ],
          [
            39.67687438,
            43.69611407
          ],
          [
            39.67687105,
            43.69610208
          ],
          [
            39.67686772,
            43.69608975
          ],
          [
            39.67686572,
            43.69607776
          ],
          [
            39.67686273,
            43.69606577
          ],
          [
            39.67685874,
            43.69605311
          ],
          [
            39.67685508,
            43.69604078
          ],
          [
            39.67685142,
            43.69602978
          ],
          [
            39.67684809,
            43.69601845
          ],
          [
            39.67684409,
            43.69600679
          ],
          [
            39.67683943,
            43.6959948
          ],
          [
            39.67683477,
            43.69598214
          ],
          [
            39.67683011,
            43.69596948
          ],
          [
            39.67682512,
            43.69595682
          ],
          [
            39.67682079,
            43.69594516
          ],
          [
            39.67681646,
            43.6959335
          ],
          [
            39.67681246,
            43.69592184
          ],
          [
            39.6768078,
            43.69591118
          ],
          [
            39.67680247,
            43.69589985
          ],
          [
            39.67679881,
            43.69588752
          ],
          [
            39.67679515,
            43.69587653
          ],
          [
            39.67679216,
            43.6958652
          ],
          [
            39.67678917,
            43.69585354
          ],
          [
            39.67678618,
            43.69584221
          ],
          [
            39.67678285,
            43.69583055
          ],
          [
            39.67678019,
            43.69581922
          ],
          [
            39.67677853,
            43.69580822
          ],
          [
            39.67677653,
            43.69579589
          ],
          [
            39.67677387,
            43.69578489
          ],
          [
            39.67677088,
            43.69577423
          ],
          [
            39.67676622,
            43.69576424
          ],
          [
            39.67676222,
            43.69575458
          ],
          [
            39.67675789,
            43.69574459
          ],
          [
            39.67675523,
            43.69573459
          ],
          [
            39.6767519,
            43.69572526
          ],
          [
            39.6767489,
            43.6957156
          ],
          [
            39.67674591,
            43.69570594
          ],
          [
            39.67674358,
            43.69569594
          ],
          [
            39.67674125,
            43.69568561
          ],
          [
            39.67673925,
            43.69567528
          ],
          [
            39.67673725,
            43.69566428
          ],
          [
            39.67673559,
            43.69565429
          ],
          [
            39.67673393,
            43.69564363
          ],
          [
            39.6767316,
            43.69563363
          ],
          [
            39.67672894,
            43.69562263
          ],
          [
            39.67672528,
            43.69561197
          ],
          [
            39.67672162,
            43.69560264
          ],
          [
            39.67671762,
            43.69559265
          ],
          [
            39.67671296,
            43.69558332
          ],
          [
            39.67670896,
            43.69557466
          ],
          [
            39.6767053,
            43.69556533
          ],
          [
            39.67670164,
            43.69555567
          ],
          [
            39.67669831,
            43.69554668
          ],
          [
            39.67669565,
            43.69553802
          ],
          [
            39.67669332,
            43.69552869
          ],
          [
            39.67669266,
            43.69551903
          ],
          [
            39.67669399,
            43.6955087
          ],
          [
            39.67669632,
            43.69549804
          ],
          [
            39.67669698,
            43.69548538
          ],
          [
            39.67669698,
            43.69547305
          ],
          [
            39.67669532,
            43.69546039
          ],
          [
            39.67669233,
            43.69544839
          ],
          [
            39.67668934,
            43.69543606
          ],
          [
            39.67668701,
            43.6954234
          ],
          [
            39.67668468,
            43.69541141
          ],
          [
            39.67668202,
            43.69540008
          ],
          [
            39.67667903,
            43.69538875
          ],
          [
            39.67667537,
            43.69537775
          ],
          [
            39.67667171,
            43.69536675
          ],
          [
            39.67666705,
            43.69535676
          ],
          [
            39.67666272,
            43.6953461
          ],
          [
            39.67665973,
            43.69533344
          ],
          [
            39.67665707,
            43.69532145
          ],
          [
            39.67665408,
            43.69530946
          ],
          [
            39.67665375,
            43.69529613
          ],
          [
            39.67665508,
            43.6952838
          ],
          [
            39.67665508,
            43.69527147
          ],
          [
            39.67665308,
            43.69526014
          ],
          [
            39.67665042,
            43.69524881
          ],
          [
            39.67664743,
            43.69523648
          ],
          [
            39.67664377,
            43.69522248
          ],
          [
            39.67664011,
            43.69520782
          ],
          [
            39.67663745,
            43.69519282
          ],
          [
            39.67663379,
            43.69517916
          ],
          [
            39.67662813,
            43.6951655
          ],
          [
            39.67662413,
            43.69515184
          ],
          [
            39.67662047,
            43.69513851
          ],
          [
            39.67661781,
            43.69512585
          ],
          [
            39.67661581,
            43.69511352
          ],
          [
            39.67661415,
            43.69510053
          ],
          [
            39.67661182,
            43.6950892
          ],
          [
            39.67660816,
            43.6950772
          ],
          [
            39.67660483,
            43.69506654
          ],
          [
            39.67660284,
            43.69505454
          ],
          [
            39.67659918,
            43.69503988
          ],
          [
            39.67659619,
            43.69502588
          ],
          [
            39.67659286,
            43.69501288
          ],
          [
            39.67658987,
            43.69499989
          ],
          [
            39.67658921,
            43.69498656
          ],
          [
            39.67658755,
            43.69497457
          ],
          [
            39.67658522,
            43.69496324
          ],
          [
            39.67658456,
            43.69495258
          ],
          [
            39.6765819,
            43.69494158
          ],
          [
            39.6765819,
            43.69492892
          ],
          [
            39.6765819,
            43.69491659
          ],
          [
            39.67657891,
            43.6949066
          ],
          [
            39.67657691,
            43.69489727
          ],
          [
            39.67657891,
            43.69488627
          ],
          [
            39.67658057,
            43.69487728
          ],
          [
            39.67657891,
            43.69486695
          ],
          [
            39.67657592,
            43.69485762
          ],
          [
            39.67657359,
            43.69484829
          ],
          [
            39.67657226,
            43.69483963
          ],
          [
            39.67657459,
            43.69483263
          ],
          [
            39.67657992,
            43.69482464
          ],
          [
            39.67658658,
            43.69481764
          ],
          [
            39.67659324,
            43.69480998
          ],
          [
            39.67659524,
            43.69480732
          ],
          [
            39.67659689,
            43.694805
          ],
          [
            39.67659988,
            43.69480333
          ],
          [
            39.67660121,
            43.69480267
          ],
          [
            39.67659955,
            43.69480167
          ],
          [
            39.67659422,
            43.69480233
          ],
          [
            39.67659123,
            43.69480133
          ],
          [
            39.67658857,
            43.69480166
          ],
          [
            39.67658757,
            43.69480232
          ],
          [
            39.67658923,
            43.69480199
          ],
          [
            39.67659089,
            43.69480133
          ],
          [
            39.67659255,
            43.694798
          ],
          [
            39.67659321,
            43.69479434
          ],
          [
            39.67659255,
            43.69478801
          ],
          [
            39.67659089,
            43.69478101
          ],
          [
            39.67658856,
            43.69477335
          ],
          [
            39.6765849,
            43.69476602
          ],
          [
            39.67658091,
            43.69475769
          ],
          [
            39.67658058,
            43.6947487
          ],
          [
            39.67658224,
            43.6947377
          ],
          [
            39.6765839,
            43.69472604
          ],
          [
            39.67658556,
            43.69471238
          ],
          [
            39.67658722,
            43.69469938
          ],
          [
            39.67658955,
            43.69468638
          ],
          [
            39.67659154,
            43.69467339
          ],
          [
            39.6765922,
            43.69466006
          ],
          [
            39.67659286,
            43.6946474
          ],
          [
            39.67659286,
            43.69463474
          ],
          [
            39.67659253,
            43.69462208
          ],
          [
            39.67659153,
            43.69460942
          ],
          [
            39.67659087,
            43.69459542
          ],
          [
            39.67659021,
            43.69458142
          ],
          [
            39.67658955,
            43.69456676
          ],
          [
            39.67658822,
            43.69455143
          ],
          [
            39.67658623,
            43.69453777
          ],
          [
            39.67658257,
            43.69452411
          ],
          [
            39.67657891,
            43.69450978
          ],
          [
            39.67657391,
            43.69449545
          ],
          [
            39.67656858,
            43.69448179
          ],
          [
            39.67656159,
            43.69446913
          ],
          [
            39.67655493,
            43.69445614
          ],
          [
            39.67655027,
            43.69444248
          ],
          [
            39.67654761,
            43.69442948
          ],
          [
            39.67654462,
            43.69441715
          ],
          [
            39.67657206333333,
            43.69434826333333
          ],
          [
            39.67659950666667,
            43.69427937666667
          ],
          [
            39.67662695,
            43.69421049
          ],
          [
            39.67662828,
            43.69422549
          ],
          [
            39.67664661,
            43.69414849
          ],
          [
            39.67664262,
            43.6941455
          ],
          [
            39.67663829,
            43.69413984
          ],
          [
            39.6766343,
            43.69413151
          ],
          [
            39.67662864,
            43.69412118
          ],
          [
            39.67662398,
            43.69411085
          ],
          [
            39.67662032,
            43.69410119
          ],
          [
            39.67661966,
            43.69409086
          ],
          [
            39.67662066,
            43.69408053
          ],
          [
            39.67662033,
            43.69407054
          ],
          [
            39.67661967,
            43.69406054
          ],
          [
            39.67662,
            43.69404921
          ],
          [
            39.67662,
            43.69403688
          ],
          [
            39.676618,
            43.69402488
          ],
          [
            39.67661367,
            43.69401289
          ],
          [
            39.67661001,
            43.69400056
          ],
          [
            39.67660868,
            43.6939919
          ],
          [
            39.67660802,
            43.6939859
          ],
          [
            39.67660835,
            43.69398157
          ],
          [
            39.67660901,
            43.69397891
          ],
          [
            39.67661,
            43.69397691
          ],
          [
            39.676612,
            43.69397292
          ],
          [
            39.67661399,
            43.69396759
          ],
          [
            39.67661499,
            43.69395959
          ],
          [
            39.67661698,
            43.6939496
          ],
          [
            39.67661764,
            43.6939386
          ],
          [
            39.67661664,
            43.69392727
          ],
          [
            39.67661598,
            43.69391594
          ],
          [
            39.67661232,
            43.69390361
          ],
          [
            39.67660799,
            43.69389162
          ],
          [
            39.67660266,
            43.69388062
          ],
          [
            39.676597,
            43.69386929
          ],
          [
            39.676597,
            43.69385829
          ],
          [
            39.67659401,
            43.69384763
          ],
          [
            39.67659068,
            43.69383764
          ],
          [
            39.67658702,
            43.69382598
          ],
          [
            39.67658169,
            43.69381298
          ],
          [
            39.67657703,
            43.69380065
          ],
          [
            39.6765737,
            43.69378899
          ],
          [
            39.67657104,
            43.693779
          ],
          [
            39.67656705,
            43.69376934
          ],
          [
            39.67656572,
            43.69375901
          ],
          [
            39.67656339,
            43.69374702
          ],
          [
            39.67656273,
            43.69373436
          ],
          [
            39.6765624,
            43.69372203
          ],
          [
            39.67656141,
            43.69371003
          ],
          [
            39.67656108,
            43.69369804
          ],
          [
            39.67655942,
            43.69368638
          ],
          [
            39.67655975,
            43.69367472
          ],
          [
            39.67656441,
            43.69366306
          ],
          [
            39.67656807,
            43.6936514
          ],
          [
            39.6765704,
            43.69363874
          ],
          [
            39.6765704,
            43.69362541
          ],
          [
            39.67657073,
            43.69361208
          ],
          [
            39.6765704,
            43.69359808
          ],
          [
            39.6765684,
            43.69358342
          ],
          [
            39.67656374,
            43.69356809
          ],
          [
            39.67655841,
            43.69355509
          ],
          [
            39.67655308,
            43.6935421
          ],
          [
            39.67654709,
            43.69352877
          ],
          [
            39.67654176,
            43.69351611
          ],
          [
            39.67653643,
            43.69350378
          ],
          [
            39.67653077,
            43.69349179
          ],
          [
            39.67652511,
            43.69347946
          ],
          [
            39.67651912,
            43.6934678
          ],
          [
            39.67651346,
            43.69345614
          ],
          [
            39.6765068,
            43.69344448
          ],
          [
            39.67649814,
            43.69343282
          ],
          [
            39.67648948,
            43.69342083
          ],
          [
            39.67648249,
            43.69340917
          ],
          [
            39.67647616,
            43.69339784
          ],
          [
            39.6764705,
            43.69338618
          ],
          [
            39.67646584,
            43.69337452
          ],
          [
            39.67646151,
            43.69336319
          ],
          [
            39.67645585,
            43.69335153
          ],
          [
            39.67645085,
            43.69333887
          ],
          [
            39.67644719,
            43.69332621
          ],
          [
            39.67644386,
            43.69331422
          ],
          [
            39.6764392,
            43.69330156
          ],
          [
            39.6764342,
            43.6932879
          ],
          [
            39.67642921,
            43.69327491
          ],
          [
            39.67642455,
            43.69326191
          ],
          [
            39.67641922,
            43.69324958
          ],
          [
            39.67641256,
            43.69323792
          ],
          [
            39.6764049,
            43.69322626
          ],
          [
            39.67639724,
            43.69321527
          ],
          [
            39.67638791,
            43.69320494
          ],
          [
            39.67637791,
            43.69319461
          ],
          [
            39.67636825,
            43.69318428
          ],
          [
            39.67635859,
            43.69317395
          ],
          [
            39.67634926,
            43.69316395
          ],
          [
            39.6763396,
            43.69315396
          ],
          [
            39.67632994,
            43.69314463
          ],
          [
            39.67632095,
            43.6931343
          ],
          [
            39.67631062,
            43.69312497
          ],
          [
            39.67629996,
            43.69311598
          ],
          [
            39.6762893,
            43.69310732
          ],
          [
            39.6762793,
            43.69309799
          ],
          [
            39.67626964,
            43.693089
          ],
          [
            39.67626065,
            43.69307967
          ],
          [
            39.67625099,
            43.69307068
          ],
          [
            39.67624366,
            43.69306202
          ],
          [
            39.676235,
            43.69305336
          ],
          [
            39.67622667,
            43.69304437
          ],
          [
            39.67621734,
            43.69303437
          ],
          [
            39.67620868,
            43.69302438
          ],
          [
            39.67620068,
            43.69301372
          ],
          [
            39.67619135,
            43.69300372
          ],
          [
            39.67618136,
            43.69299406
          ],
          [
            39.67617303,
            43.69298406
          ],
          [
            39.6761647,
            43.69297407
          ],
          [
            39.67615637,
            43.69296474
          ],
          [
            39.67614737,
            43.69295575
          ],
          [
            39.67613938,
            43.69294775
          ],
          [
            39.67613038,
            43.69293976
          ],
          [
            39.67612239,
            43.69293076
          ],
          [
            39.67611473,
            43.69292277
          ],
          [
            39.67610707,
            43.69291444
          ],
          [
            39.67609907,
            43.69290644
          ],
          [
            39.67608908,
            43.69289745
          ],
          [
            39.67607642,
            43.69289012
          ],
          [
            39.67606343,
            43.69288312
          ],
          [
            39.67605077,
            43.69287679
          ],
          [
            39.67603811,
            43.6928698
          ],
          [
            39.67602711,
            43.6928628
          ],
          [
            39.67601711,
            43.69285547
          ],
          [
            39.67600712,
            43.69284814
          ],
          [
            39.67599712,
            43.69284081
          ],
          [
            39.67598713,
            43.69283348
          ],
          [
            39.67597847,
            43.69282582
          ],
          [
            39.67597148,
            43.69281782
          ],
          [
            39.67596382,
            43.69281049
          ],
          [
            39.67595582,
            43.69280249
          ],
          [
            39.67594983,
            43.69279449
          ],
          [
            39.6759435,
            43.69278716
          ],
          [
            39.67593717,
            43.6927805
          ],
          [
            39.67592984,
            43.69277484
          ],
          [
            39.67592418,
            43.69276651
          ],
          [
            39.67591819,
            43.69275918
          ],
          [
            39.67591053,
            43.69274985
          ],
          [
            39.6759032,
            43.69274219
          ],
          [
            39.67589554,
            43.69273486
          ],
          [
            39.67588821,
            43.69272953
          ],
          [
            39.67588055,
            43.69272453
          ],
          [
            39.67587455,
            43.6927202
          ],
          [
            39.67586956,
            43.69271587
          ],
          [
            39.67586556,
            43.69270988
          ],
          [
            39.6758609,
            43.69270222
          ],
          [
            39.6758569,
            43.69269389
          ],
          [
            39.67585291,
            43.69268323
          ],
          [
            39.67584992,
            43.69267257
          ],
          [
            39.67584626,
            43.69266057
          ],
          [
            39.67584193,
            43.69265091
          ],
          [
            39.67583827,
            43.69264158
          ],
          [
            39.67583494,
            43.69263192
          ],
          [
            39.67583328,
            43.69262359
          ],
          [
            39.67583228,
            43.6926166
          ],
          [
            39.67583095,
            43.69261027
          ],
          [
            39.67582962,
            43.69260528
          ],
          [
            39.67582729,
            43.69260028
          ],
          [
            39.67582329,
            43.69259595
          ],
          [
            39.67581896,
            43.69259262
          ],
          [
            39.67581496,
            43.69258863
          ],
          [
            39.67581063,
            43.69258463
          ],
          [
            39.67580597,
            43.69257997
          ],
          [
            39.67580064,
            43.69257497
          ],
          [
            39.67579531,
            43.69256931
          ],
          [
            39.67578865,
            43.69256131
          ],
          [
            39.67578266,
            43.69255265
          ],
          [
            39.67577733,
            43.69254465
          ],
          [
            39.67577134,
            43.69253766
          ],
          [
            39.67576368,
            43.69253166
          ],
          [
            39.67575635,
            43.692525
          ],
          [
            39.67574769,
            43.69251734
          ],
          [
            39.67573836,
            43.69251001
          ],
          [
            39.67573003,
            43.69250368
          ],
          [
            39.67572304,
            43.69249602
          ],
          [
            39.67571671,
            43.69248936
          ],
          [
            39.67571172,
            43.6924827
          ],
          [
            39.67570606,
            43.6924747
          ],
          [
            39.67570173,
            43.69246537
          ],
          [
            39.6756974,
            43.69245837
          ],
          [
            39.67569341,
            43.69245071
          ],
          [
            39.67568841,
            43.69244305
          ],
          [
            39.67568275,
            43.69243472
          ],
          [
            39.67567676,
            43.69242539
          ],
          [
            39.67567077,
            43.69241573
          ],
          [
            39.67566478,
            43.6924064
          ],
          [
            39.67565879,
            43.6923964
          ],
          [
            39.67565013,
            43.69238607
          ],
          [
            39.67564313,
            43.69237607
          ],
          [
            39.6756368,
            43.69236608
          ],
          [
            39.67563247,
            43.69235742
          ],
          [
            39.67562848,
            43.69234976
          ],
          [
            39.67562415,
            43.6923431
          ],
          [
            39.67561882,
            43.69233777
          ],
          [
            39.67561449,
            43.69233244
          ],
          [
            39.67561083,
            43.69232778
          ],
          [
            39.6756075,
            43.69232445
          ],
          [
            39.6756075,
            43.69231445
          ],
          [
            39.67560816,
            43.69229979
          ],
          [
            39.67561249,
            43.69227913
          ],
          [
            39.67561582,
            43.69226013
          ],
          [
            39.67561915,
            43.69224447
          ],
          [
            39.67561915,
            43.69223047
          ],
          [
            39.67561849,
            43.69221681
          ],
          [
            39.67561882,
            43.69220481
          ],
          [
            39.67562081,
            43.69219415
          ],
          [
            39.67562414,
            43.69218282
          ],
          [
            39.67563014,
            43.69217349
          ],
          [
            39.6756358,
            43.69216416
          ],
          [
            39.67564379,
            43.69215483
          ],
          [
            39.67565345,
            43.69214417
          ],
          [
            39.67566244,
            43.69213417
          ],
          [
            39.67566777,
            43.69212317
          ],
          [
            39.67566777,
            43.69211584
          ],
          [
            39.67566977,
            43.69210784
          ],
          [
            39.67567543,
            43.69210118
          ],
          [
            39.67568076,
            43.69209652
          ],
          [
            39.67568675,
            43.69208986
          ],
          [
            39.67569041,
            43.6920822
          ],
          [
            39.67569374,
            43.6920732
          ],
          [
            39.67570007,
            43.69206321
          ],
          [
            39.6757064,
            43.69205155
          ],
          [
            39.67571273,
            43.69204022
          ],
          [
            39.67571906,
            43.69202722
          ],
          [
            39.67572772,
            43.69201289
          ],
          [
            39.67573838,
            43.69199823
          ],
          [
            39.67575138,
            43.69198357
          ],
          [
            39.67576571,
            43.69196924
          ],
          [
            39.67577904,
            43.69195758
          ],
          [
            39.67578904,
            43.69194559
          ],
          [
            39.6757977,
            43.69193326
          ],
          [
            39.67580736,
            43.69192126
          ],
          [
            39.67581735,
            43.69190927
          ],
          [
            39.67582601,
            43.69189761
          ],
          [
            39.67583334,
            43.69188495
          ],
          [
            39.675838,
            43.69187229
          ],
          [
            39.67584233,
            43.69185929
          ],
          [
            39.67584632,
            43.69184663
          ],
          [
            39.67584965,
            43.6918333
          ],
          [
            39.67585131,
            43.6918193
          ],
          [
            39.67585364,
            43.69180564
          ],
          [
            39.67585663,
            43.69179065
          ],
          [
            39.67585829,
            43.69177566
          ],
          [
            39.67586028,
            43.69176133
          ],
          [
            39.67586161,
            43.691748
          ],
          [
            39.67586327,
            43.69173534
          ],
          [
            39.67586627,
            43.69172301
          ],
          [
            39.67586826,
            43.69171102
          ],
          [
            39.67586959,
            43.69169936
          ],
          [
            39.67587225,
            43.6916867
          ],
          [
            39.67587424,
            43.69167337
          ],
          [
            39.6758769,
            43.69165971
          ],
          [
            39.6758809,
            43.69164638
          ],
          [
            39.67588556,
            43.69163305
          ],
          [
            39.67588689,
            43.69161972
          ],
          [
            39.67589055,
            43.69160706
          ],
          [
            39.67589321,
            43.69159606
          ],
          [
            39.6758942,
            43.6915864
          ],
          [
            39.67589287,
            43.69157707
          ],
          [
            39.67589188,
            43.69156674
          ],
          [
            39.67588988,
            43.69155408
          ],
          [
            39.67588755,
            43.69154242
          ],
          [
            39.67588555,
            43.69152909
          ],
          [
            39.67588489,
            43.69151543
          ],
          [
            39.6758839,
            43.69150177
          ],
          [
            39.6758819,
            43.69148844
          ],
          [
            39.67588057,
            43.69147511
          ],
          [
            39.67587857,
            43.69146111
          ],
          [
            39.67587758,
            43.69144578
          ],
          [
            39.67587625,
            43.69143145
          ],
          [
            39.67587459,
            43.69141745
          ],
          [
            39.67587293,
            43.69140446
          ],
          [
            39.67587027,
            43.69139146
          ],
          [
            39.67586561,
            43.6913788
          ],
          [
            39.67585962,
            43.69136647
          ],
          [
            39.67585329,
            43.69135448
          ],
          [
            39.67584629,
            43.69134249
          ],
          [
            39.67583996,
            43.69133149
          ],
          [
            39.67583363,
            43.69132083
          ],
          [
            39.6758273,
            43.6913105
          ],
          [
            39.6758193,
            43.69130017
          ],
          [
            39.6758113,
            43.69129017
          ],
          [
            39.6758043,
            43.69128018
          ],
          [
            39.67579897,
            43.69126985
          ],
          [
            39.67579297,
            43.69125919
          ],
          [
            39.67578531,
            43.69124953
          ],
          [
            39.67577765,
            43.6912402
          ],
          [
            39.67577066,
            43.69123154
          ],
          [
            39.675766,
            43.69122221
          ],
          [
            39.67576134,
            43.69121188
          ],
          [
            39.67575568,
            43.69120189
          ],
          [
            39.67575435,
            43.69118956
          ],
          [
            39.67575369,
            43.69117856
          ],
          [
            39.6757527,
            43.69116857
          ],
          [
            39.6757507,
            43.69115924
          ],
          [
            39.67574737,
            43.69114924
          ],
          [
            39.67574471,
            43.69113958
          ],
          [
            39.67574372,
            43.69112825
          ],
          [
            39.67574339,
            43.69111692
          ],
          [
            39.67574438,
            43.69110492
          ],
          [
            39.67574638,
            43.69109293
          ],
          [
            39.67574737,
            43.69108094
          ],
          [
            39.6757487,
            43.69106928
          ],
          [
            39.67575036,
            43.69105828
          ],
          [
            39.67575169,
            43.69104695
          ],
          [
            39.67575268,
            43.69103629
          ],
          [
            39.67575534,
            43.69102496
          ],
          [
            39.675758,
            43.6910143
          ],
          [
            39.67576066,
            43.6910033
          ],
          [
            39.67576266,
            43.69099264
          ],
          [
            39.67576465,
            43.69098231
          ],
          [
            39.67576698,
            43.69097131
          ],
          [
            39.67576831,
            43.69096098
          ],
          [
            39.67577064,
            43.69095065
          ],
          [
            39.6757733,
            43.69094032
          ],
          [
            39.67577696,
            43.69093032
          ],
          [
            39.67578062,
            43.69092099
          ],
          [
            39.67578395,
            43.69091133
          ],
          [
            39.67578928,
            43.69090067
          ],
          [
            39.67579494,
            43.69089201
          ],
          [
            39.6758006,
            43.69088335
          ],
          [
            39.67580593,
            43.69087402
          ],
          [
            39.67581126,
            43.69086503
          ],
          [
            39.67581692,
            43.6908557
          ],
          [
            39.67582325,
            43.6908457
          ],
          [
            39.67583224,
            43.69083537
          ],
          [
            39.67584224,
            43.69082538
          ],
          [
            39.67585224,
            43.69081605
          ],
          [
            39.67586157,
            43.69080605
          ],
          [
            39.67587123,
            43.69079639
          ],
          [
            39.67587889,
            43.69078639
          ],
          [
            39.67588422,
            43.6907764
          ],
          [
            39.67588955,
            43.69076707
          ],
          [
            39.67589654,
            43.69075774
          ],
          [
            39.67590687,
            43.69074941
          ],
          [
            39.6759172,
            43.69074175
          ],
          [
            39.67592719,
            43.69073309
          ],
          [
            39.67593852,
            43.69072476
          ],
          [
            39.67595051,
            43.6907161
          ],
          [
            39.67596251,
            43.69070711
          ],
          [
            39.67597317,
            43.69069812
          ],
          [
            39.67598283,
            43.69068912
          ],
          [
            39.67599182,
            43.69067946
          ],
          [
            39.67599748,
            43.69066913
          ],
          [
            39.67600148,
            43.6906588
          ],
          [
            39.67600381,
            43.69064814
          ],
          [
            39.67600581,
            43.69063848
          ],
          [
            39.67600781,
            43.69062915
          ],
          [
            39.67600814,
            43.69062082
          ],
          [
            39.67600913,
            43.69061282
          ],
          [
            39.67601179,
            43.69060316
          ],
          [
            39.67601245,
            43.69059316
          ],
          [
            39.67601378,
            43.6905835
          ],
          [
            39.67601444,
            43.69057417
          ],
          [
            39.67601411,
            43.69056517
          ],
          [
            39.67601378,
            43.69055584
          ],
          [
            39.67601444,
            43.69054651
          ],
          [
            39.67601411,
            43.69053518
          ],
          [
            39.67601544,
            43.69052385
          ],
          [
            39.6760181,
            43.69051319
          ],
          [
            39.67602043,
            43.69050253
          ],
          [
            39.67602309,
            43.69049153
          ],
          [
            39.67602542,
            43.69048053
          ],
          [
            39.67602675,
            43.69046953
          ],
          [
            39.67602874,
            43.69045854
          ],
          [
            39.67603274,
            43.69044788
          ],
          [
            39.67603774,
            43.69043822
          ],
          [
            39.67604373,
            43.69042789
          ],
          [
            39.67604906,
            43.69041823
          ],
          [
            39.67605405,
            43.69040824
          ],
          [
            39.67606004,
            43.69039758
          ],
          [
            39.6760647,
            43.69038658
          ],
          [
            39.67606836,
            43.69037625
          ],
          [
            39.67607169,
            43.69036659
          ],
          [
            39.67607468,
            43.69035726
          ],
          [
            39.67607967,
            43.69034793
          ],
          [
            39.67608467,
            43.6903386
          ],
          [
            39.67608967,
            43.69032927
          ],
          [
            39.67609233,
            43.69031894
          ],
          [
            39.67609299,
            43.69030961
          ],
          [
            39.67609332,
            43.69030128
          ],
          [
            39.67609365,
            43.69029395
          ],
          [
            39.67609299,
            43.69028729
          ],
          [
            39.67609332,
            43.69028063
          ],
          [
            39.67609233,
            43.6902733
          ],
          [
            39.67609233,
            43.69026464
          ],
          [
            39.67609366,
            43.69025564
          ],
          [
            39.67609432,
            43.69024631
          ],
          [
            39.67609665,
            43.69023732
          ],
          [
            39.67610031,
            43.69022766
          ],
          [
            39.6761043,
            43.69021833
          ],
          [
            39.67610729,
            43.69020834
          ],
          [
            39.67611129,
            43.69019668
          ],
          [
            39.67611628,
            43.69018469
          ],
          [
            39.67611728,
            43.69017369
          ],
          [
            39.67611395,
            43.6901637
          ],
          [
            39.67610895,
            43.6901537
          ],
          [
            39.67610296,
            43.69014371
          ],
          [
            39.67609596,
            43.69013371
          ],
          [
            39.67608697,
            43.69012371
          ],
          [
            39.67607697,
            43.69011305
          ],
          [
            39.67606764,
            43.69010139
          ],
          [
            39.67605798,
            43.69009106
          ],
          [
            39.67605032,
            43.69008073
          ],
          [
            39.67604366,
            43.69007007
          ],
          [
            39.676039,
            43.69005941
          ],
          [
            39.67603601,
            43.69005075
          ],
          [
            39.67603201,
            43.69004609
          ],
          [
            39.67602402,
            43.69004376
          ],
          [
            39.67601669,
            43.6900411
          ],
          [
            39.67601003,
            43.69003777
          ],
          [
            39.67600503,
            43.69003211
          ],
          [
            39.6760017,
            43.69002678
          ],
          [
            39.67599904,
            43.69002312
          ],
          [
            39.67599704,
            43.69001946
          ],
          [
            39.67599571,
            43.69001647
          ],
          [
            39.67599438,
            43.69001481
          ],
          [
            39.67599405,
            43.69001315
          ],
          [
            39.67599306,
            43.69001116
          ],
          [
            39.67599372,
            43.69000951
          ],
          [
            39.67599903,
            43.69000852
          ],
          [
            39.67599703,
            43.69001018
          ],
          [
            39.67599736,
            43.69001316
          ],
          [
            39.67599869,
            43.69001349
          ],
          [
            39.67600167,
            43.6900125
          ],
          [
            39.67600001,
            43.69001151
          ],
          [
            39.67599735,
            43.69000985
          ],
          [
            39.67599535,
            43.69000752
          ],
          [
            39.67599336,
            43.69000419
          ],
          [
            39.6759917,
            43.6900002
          ],
          [
            39.67599104,
            43.6899962
          ],
          [
            39.67598871,
            43.68999254
          ],
          [
            39.67598738,
            43.68998988
          ],
          [
            39.67598538,
            43.68998689
          ],
          [
            39.67598205,
            43.68998323
          ],
          [
            39.67597606,
            43.6899789
          ],
          [
            39.6759714,
            43.68997491
          ],
          [
            39.67596974,
            43.68997058
          ],
          [
            39.67596875,
            43.68996592
          ],
          [
            39.67596742,
            43.68996026
          ],
          [
            39.67596509,
            43.68995627
          ],
          [
            39.67596476,
            43.68995261
          ],
          [
            39.67596443,
            43.68994995
          ],
          [
            39.67596344,
            43.68994696
          ],
          [
            39.67596377,
            43.68994463
          ],
          [
            39.6759651,
            43.6899403
          ],
          [
            39.67596377,
            43.68993364
          ],
          [
            39.67595978,
            43.68992598
          ],
          [
            39.67595478,
            43.68991732
          ],
          [
            39.67594945,
            43.68990866
          ],
          [
            39.67594646,
            43.68990033
          ],
          [
            39.67594347,
            43.68989233
          ],
          [
            39.67594081,
            43.689887
          ],
          [
            39.67593682,
            43.68988234
          ],
          [
            39.67593182,
            43.68987768
          ],
          [
            39.67592716,
            43.68987369
          ],
          [
            39.67592317,
            43.68987069
          ],
          [
            39.67592018,
            43.68986736
          ],
          [
            39.67591752,
            43.6898647
          ],
          [
            39.67591552,
            43.68986371
          ],
          [
            39.67591352,
            43.68986437
          ],
          [
            39.67591286,
            43.6898657
          ],
          [
            39.67591519,
            43.68986636
          ],
          [
            39.67591952,
            43.68986735
          ],
          [
            39.67591853,
            43.68987001
          ],
          [
            39.6759182,
            43.68987167
          ],
          [
            39.67591721,
            43.68987333
          ],
          [
            39.67591588,
            43.68987466
          ],
          [
            39.67591721,
            43.68987466
          ],
          [
            39.6759192,
            43.68987499
          ],
          [
            39.67591953,
            43.68987665
          ],
          [
            39.67592252,
            43.6898783
          ],
          [
            39.67592385,
            43.6898793
          ],
          [
            39.67592585,
            43.68987996
          ],
          [
            39.67592784,
            43.68987963
          ],
          [
            39.6759295,
            43.6898793
          ],
          [
            39.67593083,
            43.68988095
          ],
          [
            39.6759295,
            43.68988029
          ],
          [
            39.67592584,
            43.68987963
          ],
          [
            39.67592251,
            43.68987697
          ],
          [
            39.67592051,
            43.68987631
          ],
          [
            39.67591918,
            43.68987465
          ],
          [
            39.67591918,
            43.68987332
          ],
          [
            39.67592118,
            43.68987233
          ],
          [
            39.67592351,
            43.68987233
          ],
          [
            39.67592318,
            43.68987499
          ],
          [
            39.67592019,
            43.68987932
          ],
          [
            39.67591819,
            43.68988431
          ],
          [
            39.67591985,
            43.68988897
          ],
          [
            39.67592418,
            43.6898943
          ],
          [
            39.67592684,
            43.68989963
          ],
          [
            39.6759275,
            43.68990529
          ],
          [
            39.67592684,
            43.68990895
          ],
          [
            39.67592585,
            43.68991161
          ],
          [
            39.67592452,
            43.68991294
          ],
          [
            39.67592219,
            43.68991394
          ],
          [
            39.67591953,
            43.68991594
          ],
          [
            39.67591654,
            43.68991927
          ],
          [
            39.67591421,
            43.68992093
          ],
          [
            39.67591021,
            43.68992359
          ],
          [
            39.67591021,
            43.68992792
          ],
          [
            39.6759132,
            43.68993358
          ],
          [
            39.6759182,
            43.68994024
          ],
          [
            39.67592219,
            43.68994657
          ],
          [
            39.67592752,
            43.6899529
          ],
          [
            39.67593218,
            43.68995856
          ],
          [
            39.67593684,
            43.68996356
          ],
          [
            39.67594083,
            43.68996755
          ],
          [
            39.67594549,
            43.68997288
          ],
          [
            39.67595015,
            43.68997854
          ],
          [
            39.67595348,
            43.6899852
          ],
          [
            39.67595647,
            43.68999353
          ],
          [
            39.67595746,
            43.69000086
          ],
          [
            39.67595879,
            43.69000819
          ],
          [
            39.67595945,
            43.69001585
          ],
          [
            39.67596444,
            43.69002051
          ],
          [
            39.67596477,
            43.69002184
          ],
          [
            39.67596178,
            43.69002018
          ],
          [
            39.67595845,
            43.69001685
          ],
          [
            39.67595579,
            43.69001619
          ],
          [
            39.67595313,
            43.6900152
          ],
          [
            39.67594814,
            43.69001421
          ],
          [
            39.67594414,
            43.69001255
          ],
          [
            39.67594148,
            43.69000989
          ],
          [
            39.67593849,
            43.69000556
          ],
          [
            39.6759375,
            43.6899969
          ],
          [
            39.6759355,
            43.68998924
          ],
          [
            39.6759335,
            43.68998191
          ],
          [
            39.67593151,
            43.68997525
          ],
          [
            39.67593051,
            43.68996926
          ],
          [
            39.67592852,
            43.68996326
          ],
          [
            39.67592619,
            43.6899596
          ],
          [
            39.67592519,
            43.68995661
          ],
          [
            39.67592619,
            43.68995495
          ],
          [
            39.67592685,
            43.68995263
          ],
          [
            39.67592751,
            43.68995063
          ],
          [
            39.67592916,
            43.68994797
          ],
          [
            39.67593049,
            43.68994564
          ],
          [
            39.6759285,
            43.6899463
          ],
          [
            39.6759275,
            43.68994796
          ],
          [
            39.67592617,
            43.68995029
          ],
          [
            39.67592251,
            43.68995095
          ],
          [
            39.67591818,
            43.68995161
          ],
          [
            39.67591519,
            43.68995261
          ],
          [
            39.67591286,
            43.68995228
          ],
          [
            39.6759112,
            43.68995162
          ],
          [
            39.67590954,
            43.68995063
          ],
          [
            39.67590788,
            43.6899493
          ],
          [
            39.67590655,
            43.68994664
          ],
          [
            39.67590422,
            43.68994365
          ],
          [
            39.67590123,
            43.68993832
          ],
          [
            39.6758979,
            43.68993266
          ],
          [
            39.67589424,
            43.68992667
          ],
          [
            39.67589025,
            43.68992034
          ],
          [
            39.67588559,
            43.68991401
          ],
          [
            39.67588093,
            43.68990668
          ],
          [
            39.67587427,
            43.68989969
          ],
          [
            39.67586728,
            43.68989269
          ],
          [
            39.67585995,
            43.6898867
          ],
          [
            39.67585229,
            43.68988037
          ],
          [
            39.67584496,
            43.68987371
          ],
          [
            39.67583796,
            43.68986805
          ],
          [
            39.6758323,
            43.68986372
          ],
          [
            39.67582631,
            43.68985773
          ],
          [
            39.67581965,
            43.68985174
          ],
          [
            39.67581265,
            43.68984408
          ],
          [
            39.67580899,
            43.68983608
          ],
          [
            39.67580766,
            43.68982875
          ],
          [
            39.67580766,
            43.68982009
          ],
          [
            39.67580899,
            43.68981043
          ],
          [
            39.67581165,
            43.68980043
          ],
          [
            39.67581398,
            43.6897901
          ],
          [
            39.67581531,
            43.6897791
          ],
          [
            39.67581731,
            43.68976977
          ],
          [
            39.67581931,
            43.68975944
          ],
          [
            39.67582364,
            43.68974944
          ],
          [
            39.6758283,
            43.68973478
          ],
          [
            39.67583263,
            43.68972045
          ],
          [
            39.67583729,
            43.68970512
          ],
          [
            39.67584195,
            43.68969079
          ],
          [
            39.67584728,
            43.68967746
          ],
          [
            39.67585127,
            43.6896648
          ],
          [
            39.6758536,
            43.68965281
          ],
          [
            39.67585459,
            43.68964115
          ],
          [
            39.67585426,
            43.68963049
          ],
          [
            39.67585293,
            43.68961983
          ],
          [
            39.6758506,
            43.68960984
          ],
          [
            39.67584994,
            43.68960085
          ],
          [
            39.67584961,
            43.68959285
          ],
          [
            39.67584861,
            43.68958552
          ],
          [
            39.67584628,
            43.68957819
          ],
          [
            39.67584129,
            43.6895712
          ],
          [
            39.67583696,
            43.68956587
          ],
          [
            39.6758333,
            43.68956188
          ],
          [
            39.67583031,
            43.68955955
          ],
          [
            39.67582365,
            43.68955955
          ],
          [
            39.67581466,
            43.68955689
          ],
          [
            39.675807,
            43.6895539
          ],
          [
            39.67579867,
            43.68955257
          ],
          [
            39.67579401,
            43.68954924
          ],
          [
            39.67578935,
            43.68954458
          ],
          [
            39.67578735,
            43.68954125
          ],
          [
            39.67577869,
            43.68953992
          ],
          [
            39.67576769,
            43.68953559
          ],
          [
            39.6757597,
            43.68952926
          ],
          [
            39.67574537,
            43.68952327
          ],
          [
            39.67573271,
            43.68951561
          ],
          [
            39.67571938,
            43.68950795
          ],
          [
            39.67570538,
            43.68950229
          ],
          [
            39.67569605,
            43.6894973
          ],
          [
            39.67568739,
            43.68949264
          ],
          [
            39.67567806,
            43.68948865
          ],
          [
            39.6756654,
            43.68948499
          ],
          [
            39.6756514,
            43.68948266
          ],
          [
            39.67563807,
            43.68948
          ],
          [
            39.67561908,
            43.689479
          ],
          [
            39.67560175,
            43.68947667
          ],
          [
            39.67558742,
            43.68947168
          ],
          [
            39.67557743,
            43.68946302
          ],
          [
            39.67556943,
            43.68945369
          ],
          [
            39.6755661,
            43.68944303
          ],
          [
            39.67556277,
            43.68943304
          ],
          [
            39.67555677,
            43.68942304
          ],
          [
            39.67554611,
            43.68941204
          ],
          [
            39.67553745,
            43.68940305
          ],
          [
            39.67552745,
            43.68939539
          ],
          [
            39.67551679,
            43.68938973
          ],
          [
            39.67550713,
            43.68938307
          ],
          [
            39.6754968,
            43.68937408
          ],
          [
            39.67548547,
            43.68936442
          ],
          [
            39.67547314,
            43.68935576
          ],
          [
            39.67546014,
            43.68934777
          ],
          [
            39.67544648,
            43.68933977
          ],
          [
            39.67543149,
            43.68933311
          ],
          [
            39.67541849,
            43.68932511
          ],
          [
            39.6754055,
            43.68931745
          ],
          [
            39.67539217,
            43.68931012
          ],
          [
            39.67537851,
            43.68930246
          ],
          [
            39.67536418,
            43.68929513
          ],
          [
            39.67534952,
            43.6892898
          ],
          [
            39.67533319,
            43.6892848
          ],
          [
            39.6753182,
            43.6892798
          ],
          [
            39.6753042,
            43.68927581
          ],
          [
            39.67528954,
            43.68927115
          ],
          [
            39.67527521,
            43.68926582
          ],
          [
            39.67526222,
            43.68926016
          ],
          [
            39.67524922,
            43.6892545
          ],
          [
            39.67523656,
            43.68924917
          ],
          [
            39.6752249,
            43.68924384
          ],
          [
            39.67521357,
            43.68924018
          ],
          [
            39.67520191,
            43.68924218
          ],
          [
            39.67518925,
            43.68924451
          ],
          [
            39.67517925,
            43.68924984
          ],
          [
            39.67517059,
            43.68925483
          ],
          [
            39.67516293,
            43.68925616
          ],
          [
            39.67515394,
            43.68925616
          ],
          [
            39.67514328,
            43.68925682
          ],
          [
            39.67513262,
            43.68925782
          ],
          [
            39.67512329,
            43.68925582
          ],
          [
            39.67511229,
            43.68925416
          ],
          [
            39.67510063,
            43.6892515
          ],
          [
            39.67508864,
            43.68925017
          ],
          [
            39.67507498,
            43.6892505
          ],
          [
            39.67506065,
            43.68924617
          ],
          [
            39.67504632,
            43.68923951
          ],
          [
            39.67503166,
            43.68923151
          ],
          [
            39.67501533,
            43.68922085
          ],
          [
            39.674999,
            43.68920652
          ],
          [
            39.67498101,
            43.68919186
          ],
          [
            39.67496235,
            43.68917687
          ],
          [
            39.67494202,
            43.68916587
          ],
          [
            39.67492169,
            43.68915721
          ],
          [
            39.67490203,
            43.68914888
          ],
          [
            39.6748817,
            43.68914188
          ],
          [
            39.6748607,
            43.68913355
          ],
          [
            39.67483971,
            43.68912389
          ],
          [
            39.67481905,
            43.68911423
          ],
          [
            39.67479972,
            43.68910657
          ],
          [
            39.67478239,
            43.68910124
          ],
          [
            39.67476606,
            43.68909391
          ],
          [
            39.6747514,
            43.68908758
          ],
          [
            39.67473674,
            43.68907958
          ],
          [
            39.67472241,
            43.68907225
          ],
          [
            39.67470841,
            43.68906525
          ],
          [
            39.67469541,
            43.68905759
          ],
          [
            39.67468308,
            43.6890476
          ],
          [
            39.67467142,
            43.68903727
          ],
          [
            39.67466209,
            43.68902828
          ],
          [
            39.67465243,
            43.68902028
          ],
          [
            39.67463977,
            43.68901262
          ],
          [
            39.67462711,
            43.68900663
          ],
          [
            39.67461278,
            43.68900064
          ],
          [
            39.67459878,
            43.68899498
          ],
          [
            39.67458445,
            43.68898965
          ],
          [
            39.67457112,
            43.68898366
          ],
          [
            39.67455846,
            43.68897733
          ],
          [
            39.67454513,
            43.688971
          ],
          [
            39.67452947,
            43.68896734
          ],
          [
            39.67451214,
            43.68896535
          ],
          [
            39.67449648,
            43.68896601
          ],
          [
            39.67447782,
            43.68896667
          ],
          [
            39.67445716,
            43.688968
          ],
          [
            39.67443683,
            43.68896933
          ],
          [
            39.6744185,
            43.68897166
          ],
          [
            39.67440017,
            43.68897365
          ],
          [
            39.67438418,
            43.68897465
          ],
          [
            39.67436952,
            43.68897332
          ],
          [
            39.67435486,
            43.68897199
          ],
          [
            39.6743402,
            43.68896966
          ],
          [
            39.67432521,
            43.68896766
          ],
          [
            39.67431088,
            43.68896533
          ],
          [
            39.67429822,
            43.68896233
          ],
          [
            39.67428689,
            43.68896067
          ],
          [
            39.67427523,
            43.68895901
          ],
          [
            39.67426324,
            43.68895802
          ],
          [
            39.67425024,
            43.68895602
          ],
          [
            39.67423724,
            43.68895336
          ],
          [
            39.67422425,
            43.6889507
          ],
          [
            39.67421125,
            43.68894837
          ],
          [
            39.67420192,
            43.68894638
          ],
          [
            39.67419692,
            43.68894438
          ],
          [
            39.67419526,
            43.68894372
          ],
          [
            39.67419493,
            43.68894106
          ],
          [
            39.67419427,
            43.68893507
          ],
          [
            39.6741956,
            43.68893107
          ],
          [
            39.67419659,
            43.68892574
          ],
          [
            39.67419792,
            43.68891941
          ],
          [
            39.67419792,
            43.68891275
          ],
          [
            39.67419792,
            43.68890642
          ],
          [
            39.67419792,
            43.68890042
          ],
          [
            39.67419858,
            43.68889743
          ],
          [
            39.67420157,
            43.68889776
          ],
          [
            39.67420356,
            43.68889842
          ],
          [
            39.67420522,
            43.68890041
          ],
          [
            39.67420655,
            43.68890274
          ],
          [
            39.67420721,
            43.68890474
          ],
          [
            39.67420588,
            43.68890806
          ],
          [
            39.67420489,
            43.68891005
          ],
          [
            39.67420356,
            43.68891205
          ],
          [
            39.6742019,
            43.68891371
          ],
          [
            39.67420058,
            43.6889157
          ],
          [
            39.67419759,
            43.68891603
          ],
          [
            39.67419126,
            43.68891537
          ],
          [
            39.67418193,
            43.68891471
          ],
          [
            39.6741716,
            43.68891405
          ],
          [
            39.67416161,
            43.68891306
          ],
          [
            39.67415161,
            43.6889104
          ],
          [
            39.67414161,
            43.68890741
          ],
          [
            39.67413262,
            43.68890642
          ],
          [
            39.67412363,
            43.68890509
          ],
          [
            39.67411397,
            43.6889021
          ],
          [
            39.67410431,
            43.68889877
          ],
          [
            39.67409598,
            43.68889444
          ],
          [
            39.67408732,
            43.68889078
          ],
          [
            39.67407899,
            43.68888612
          ],
          [
            39.67407133,
            43.68888313
          ],
          [
            39.67406334,
            43.68888646
          ],
          [
            39.67405734,
            43.68889246
          ],
          [
            39.67405035,
            43.68889879
          ],
          [
            39.67404202,
            43.68890578
          ],
          [
            39.67403169,
            43.68891078
          ],
          [
            39.67402103,
            43.68891511
          ],
          [
            39.6740107,
            43.68891577
          ],
          [
            39.67400437,
            43.68891478
          ],
          [
            39.67399971,
            43.68891345
          ],
          [
            39.67399238,
            43.68891179
          ],
          [
            39.67398405,
            43.68890913
          ],
          [
            39.67397372,
            43.6889048
          ],
          [
            39.67396372,
            43.68889881
          ],
          [
            39.67395206,
            43.68888982
          ],
          [
            39.67393906,
            43.68887916
          ],
          [
            39.6739274,
            43.68886816
          ],
          [
            39.67391574,
            43.68885483
          ],
          [
            39.67390341,
            43.68884083
          ],
          [
            39.67389175,
            43.68882717
          ],
          [
            39.67388175,
            43.68881418
          ],
          [
            39.67387242,
            43.68880185
          ],
          [
            39.67386209,
            43.68878819
          ],
          [
            39.67384976,
            43.68877286
          ],
          [
            39.67383576,
            43.68875653
          ],
          [
            39.67382076,
            43.68873854
          ],
          [
            39.67380643,
            43.68872088
          ],
          [
            39.6737951,
            43.68870255
          ],
          [
            39.67378311,
            43.68868422
          ],
          [
            39.67376911,
            43.68866789
          ],
          [
            39.67375511,
            43.6886479
          ],
          [
            39.67374045,
            43.68863557
          ],
          [
            39.67372745,
            43.68862524
          ],
          [
            39.67371712,
            43.68861591
          ],
          [
            39.67370779,
            43.68861025
          ],
          [
            39.67369713,
            43.68860392
          ],
          [
            39.67368614,
            43.68859726
          ],
          [
            39.67367448,
            43.68859026
          ],
          [
            39.67366115,
            43.6885856
          ],
          [
            39.67364682,
            43.68858394
          ],
          [
            39.67363416,
            43.68858128
          ],
          [
            39.67362316,
            43.68857995
          ],
          [
            39.67361317,
            43.68857862
          ],
          [
            39.67360317,
            43.68857796
          ],
          [
            39.67359251,
            43.68857829
          ],
          [
            39.67358218,
            43.68857763
          ],
          [
            39.67357318,
            43.6885753
          ],
          [
            39.67356652,
            43.6885713
          ],
          [
            39.67355919,
            43.68856664
          ],
          [
            39.67355153,
            43.68856264
          ],
          [
            39.6735442,
            43.68855765
          ],
          [
            39.67353721,
            43.68855399
          ],
          [
            39.67352921,
            43.68855033
          ],
          [
            39.67352022,
            43.688547
          ],
          [
            39.67351056,
            43.688543
          ],
          [
            39.6735009,
            43.68853834
          ],
          [
            39.6734919,
            43.68853501
          ],
          [
            39.67348257,
            43.68853235
          ],
          [
            39.67347024,
            43.68852802
          ],
          [
            39.67345724,
            43.68852302
          ],
          [
            39.67344391,
            43.68851636
          ],
          [
            39.67342958,
            43.68850803
          ],
          [
            39.67341625,
            43.6884997
          ],
          [
            39.67340392,
            43.68849237
          ],
          [
            39.67339226,
            43.68848571
          ],
          [
            39.6733816,
            43.68847938
          ],
          [
            39.67337094,
            43.68847438
          ],
          [
            39.67336028,
            43.68847005
          ],
          [
            39.67334962,
            43.68846539
          ],
          [
            39.67334029,
            43.68846139
          ],
          [
            39.67333096,
            43.68845706
          ],
          [
            39.67332263,
            43.6884534
          ],
          [
            39.6733143,
            43.68845141
          ],
          [
            39.6733033,
            43.68845008
          ],
          [
            39.67328997,
            43.68844942
          ],
          [
            39.67327464,
            43.68844776
          ],
          [
            39.67325965,
            43.6884451
          ],
          [
            39.67324299,
            43.6884411
          ],
          [
            39.673226,
            43.6884361
          ],
          [
            39.67320901,
            43.68843177
          ],
          [
            39.67319135,
            43.68842644
          ],
          [
            39.67317202,
            43.68841878
          ],
          [
            39.67315402,
            43.68841179
          ],
          [
            39.67313503,
            43.68840513
          ],
          [
            39.67311837,
            43.68839914
          ],
          [
            39.67310304,
            43.68839348
          ],
          [
            39.67308971,
            43.68838815
          ],
          [
            39.67307405,
            43.68838149
          ],
          [
            39.67305639,
            43.68837416
          ],
          [
            39.67304006,
            43.68836783
          ],
          [
            39.6730274,
            43.68836217
          ],
          [
            39.67301774,
            43.68835684
          ],
          [
            39.67300808,
            43.68835285
          ],
          [
            39.67299742,
            43.68834986
          ],
          [
            39.67298609,
            43.68834653
          ],
          [
            39.67297509,
            43.6883452
          ],
          [
            39.6729631,
            43.68834387
          ],
          [
            39.67295144,
            43.68834287
          ],
          [
            39.67294011,
            43.68834254
          ],
          [
            39.67292945,
            43.68834221
          ],
          [
            39.67291845,
            43.68834188
          ],
          [
            39.67290712,
            43.68834188
          ],
          [
            39.67289546,
            43.68834254
          ],
          [
            39.6728848,
            43.68834287
          ],
          [
            39.67287514,
            43.68834254
          ],
          [
            39.67286581,
            43.68834155
          ],
          [
            39.67285615,
            43.68834055
          ],
          [
            39.67284649,
            43.68833922
          ],
          [
            39.6728395,
            43.68833689
          ],
          [
            39.6728355,
            43.68833423
          ],
          [
            39.67283217,
            43.68833223
          ],
          [
            39.67282818,
            43.6883299
          ],
          [
            39.67282385,
            43.68832857
          ],
          [
            39.67281852,
            43.68832857
          ],
          [
            39.67281453,
            43.68832791
          ],
          [
            39.6728102,
            43.68832558
          ],
          [
            39.67280621,
            43.68832259
          ],
          [
            39.67280188,
            43.6883196
          ],
          [
            39.67279722,
            43.68831661
          ],
          [
            39.67279189,
            43.68831261
          ],
          [
            39.6727859,
            43.68831028
          ],
          [
            39.6727789,
            43.68830895
          ],
          [
            39.67277224,
            43.68830796
          ],
          [
            39.67276491,
            43.68830696
          ],
          [
            39.67275558,
            43.6883063
          ],
          [
            39.67274758,
            43.68830597
          ],
          [
            39.67273859,
            43.68830498
          ],
          [
            39.67272859,
            43.68830232
          ],
          [
            39.6727186,
            43.68830032
          ],
          [
            39.6727086,
            43.68829699
          ],
          [
            39.6726986,
            43.68829233
          ],
          [
            39.67268861,
            43.68828834
          ],
          [
            39.67267861,
            43.68828501
          ],
          [
            39.67266928,
            43.68828201
          ],
          [
            39.67265928,
            43.68827868
          ],
          [
            39.67265162,
            43.68827269
          ],
          [
            39.67264229,
            43.68826636
          ],
          [
            39.67263163,
            43.6882607
          ],
          [
            39.67262063,
            43.68825704
          ],
          [
            39.6726093,
            43.68825438
          ],
          [
            39.6725983,
            43.68825139
          ],
          [
            39.6725873,
            43.6882484
          ],
          [
            39.6725773,
            43.68824374
          ],
          [
            39.67256697,
            43.68823974
          ],
          [
            39.67255631,
            43.68823608
          ],
          [
            39.67254598,
            43.68823242
          ],
          [
            39.67253565,
            43.68822976
          ],
          [
            39.67252499,
            43.68822677
          ],
          [
            39.67251266,
            43.68822411
          ],
          [
            39.67249433,
            43.68822078
          ],
          [
            39.67247333,
            43.68821745
          ],
          [
            39.672453,
            43.68821379
          ],
          [
            39.672434,
            43.6882098
          ],
          [
            39.67241534,
            43.68820681
          ],
          [
            39.67239601,
            43.68820382
          ],
          [
            39.67237568,
            43.68819916
          ],
          [
            39.67235702,
            43.68819617
          ],
          [
            39.67233903,
            43.68819318
          ],
          [
            39.6723227,
            43.68819085
          ],
          [
            39.67230737,
            43.68818885
          ],
          [
            39.67229071,
            43.68818619
          ],
          [
            39.67227405,
            43.68818453
          ],
          [
            39.67225572,
            43.6881832
          ],
          [
            39.67223706,
            43.68818054
          ],
          [
            39.67221773,
            43.68817788
          ],
          [
            39.6721994,
            43.68817522
          ],
          [
            39.67218107,
            43.68817256
          ],
          [
            39.67216274,
            43.6881699
          ],
          [
            39.67214808,
            43.6881689
          ],
          [
            39.67213375,
            43.68816824
          ],
          [
            39.67211775,
            43.68816857
          ],
          [
            39.67210209,
            43.68816791
          ],
          [
            39.67208543,
            43.68816492
          ],
          [
            39.67206943,
            43.68816059
          ],
          [
            39.6720531,
            43.68815593
          ],
          [
            39.67203677,
            43.68815127
          ],
          [
            39.67202178,
            43.68814761
          ],
          [
            39.67200845,
            43.68814395
          ],
          [
            39.67199679,
            43.68813929
          ],
          [
            39.67198613,
            43.68813396
          ],
          [
            39.67197747,
            43.6881273
          ],
          [
            39.67196881,
            43.68811997
          ],
          [
            39.67196015,
            43.68811364
          ],
          [
            39.67195149,
            43.68810798
          ],
          [
            39.6719425,
            43.68810098
          ],
          [
            39.67193117,
            43.68809432
          ],
          [
            39.67191884,
            43.68808766
          ],
          [
            39.67190618,
            43.68808033
          ],
          [
            39.67189118,
            43.688073
          ],
          [
            39.67187719,
            43.68806701
          ],
          [
            39.67186186,
            43.68806035
          ],
          [
            39.67184487,
            43.68805469
          ],
          [
            39.67182788,
            43.68804903
          ],
          [
            39.67180822,
            43.6880437
          ],
          [
            39.67178922,
            43.68803837
          ],
          [
            39.67177056,
            43.68803271
          ],
          [
            39.6717519,
            43.68802738
          ],
          [
            39.67173157,
            43.68802205
          ],
          [
            39.67171091,
            43.68801906
          ],
          [
            39.67169092,
            43.6880184
          ],
          [
            39.67167359,
            43.68802139
          ],
          [
            39.67165759,
            43.68802572
          ],
          [
            39.67164426,
            43.68803171
          ],
          [
            39.6716356,
            43.68804137
          ],
          [
            39.67162961,
            43.68805303
          ],
          [
            39.67162661,
            43.68806536
          ],
          [
            39.67162495,
            43.68807769
          ],
          [
            39.67162329,
            43.68809035
          ],
          [
            39.67161963,
            43.68810435
          ],
          [
            39.6716153,
            43.68811768
          ],
          [
            39.67161164,
            43.68813101
          ],
          [
            39.67160865,
            43.68814434
          ],
          [
            39.67160699,
            43.68815734
          ],
          [
            39.671605,
            43.68817067
          ],
          [
            39.67160267,
            43.688184
          ],
          [
            39.67160067,
            43.68819666
          ],
          [
            39.67159867,
            43.68821032
          ],
          [
            39.67159734,
            43.68822365
          ],
          [
            39.67159668,
            43.68823731
          ],
          [
            39.67159568,
            43.68825131
          ],
          [
            39.67159568,
            43.68826497
          ],
          [
            39.67159701,
            43.6882793
          ],
          [
            39.67159901,
            43.68829396
          ],
          [
            39.67159901,
            43.68830862
          ],
          [
            39.67159768,
            43.68832361
          ],
          [
            39.67159768,
            43.68833827
          ],
          [
            39.67159768,
            43.68835193
          ],
          [
            39.67159834,
            43.68836526
          ],
          [
            39.67159701,
            43.68837892
          ],
          [
            39.67159301,
            43.68839158
          ],
          [
            39.67158968,
            43.68840324
          ],
          [
            39.67158469,
            43.68841557
          ],
          [
            39.67158069,
            43.68842756
          ],
          [
            39.6715747,
            43.68843789
          ],
          [
            39.67156571,
            43.68844755
          ],
          [
            39.67155571,
            43.68845555
          ],
          [
            39.67154505,
            43.68846088
          ],
          [
            39.67153339,
            43.68846288
          ],
          [
            39.67151973,
            43.68846255
          ],
          [
            39.67150474,
            43.68846122
          ],
          [
            39.67148941,
            43.68845889
          ],
          [
            39.67147341,
            43.6884569
          ],
          [
            39.67145775,
            43.68845457
          ],
          [
            39.67144209,
            43.68845024
          ],
          [
            39.67142676,
            43.68844524
          ],
          [
            39.67141177,
            43.68843925
          ],
          [
            39.67139611,
            43.68843359
          ],
          [
            39.67137878,
            43.68842926
          ],
          [
            39.67136145,
            43.68842526
          ],
          [
            39.67134446,
            43.68841993
          ],
          [
            39.67132846,
            43.68841427
          ],
          [
            39.67131147,
            43.68840894
          ],
          [
            39.67129448,
            43.68840361
          ],
          [
            39.67127782,
            43.68839928
          ],
          [
            39.67126049,
            43.68839595
          ],
          [
            39.67124183,
            43.68839395
          ],
          [
            39.6712235,
            43.68839262
          ],
          [
            39.67120584,
            43.68839029
          ],
          [
            39.67118918,
            43.68838663
          ],
          [
            39.67117252,
            43.6883823
          ],
          [
            39.67115719,
            43.68837697
          ],
          [
            39.67114286,
            43.68837164
          ],
          [
            39.6711282,
            43.68836598
          ],
          [
            39.67111454,
            43.68835932
          ],
          [
            39.67110188,
            43.68835132
          ],
          [
            39.67108955,
            43.68834299
          ],
          [
            39.67107689,
            43.68833433
          ],
          [
            39.67106323,
            43.68832633
          ],
          [
            39.6710489,
            43.688318
          ],
          [
            39.67103457,
            43.68831034
          ],
          [
            39.67101991,
            43.68830335
          ],
          [
            39.67100425,
            43.68829702
          ],
          [
            39.67098892,
            43.68829103
          ],
          [
            39.67097326,
            43.6882857
          ],
          [
            39.67095827,
            43.68827971
          ],
          [
            39.67094394,
            43.68827371
          ],
          [
            39.67092961,
            43.68826772
          ],
          [
            39.67091528,
            43.68826173
          ],
          [
            39.67090162,
            43.68825507
          ],
          [
            39.67088796,
            43.68824874
          ],
          [
            39.67087463,
            43.68824174
          ],
          [
            39.67086197,
            43.68823441
          ],
          [
            39.67084831,
            43.68822775
          ],
          [
            39.67083398,
            43.68822242
          ],
          [
            39.67082032,
            43.68821776
          ],
          [
            39.67080732,
            43.68821376
          ],
          [
            39.67079466,
            43.68820843
          ],
          [
            39.67078266,
            43.68820343
          ],
          [
            39.67077,
            43.68819777
          ],
          [
            39.67075867,
            43.68819178
          ],
          [
            39.67074668,
            43.68818479
          ],
          [
            39.67073602,
            43.68817713
          ],
          [
            39.67072602,
            43.6881688
          ],
          [
            39.67071603,
            43.68815947
          ],
          [
            39.67070537,
            43.68815014
          ],
          [
            39.67069371,
            43.68814115
          ],
          [
            39.67068071,
            43.68813315
          ],
          [
            39.67066738,
            43.68812416
          ],
          [
            39.67065439,
            43.6881155
          ],
          [
            39.67064106,
            43.68810617
          ],
          [
            39.67062773,
            43.68809684
          ],
          [
            39.6706144,
            43.68808718
          ],
          [
            39.67060107,
            43.68807719
          ],
          [
            39.67058841,
            43.68806753
          ],
          [
            39.67057608,
            43.6880562
          ],
          [
            39.67056342,
            43.68804554
          ],
          [
            39.67055076,
            43.68803488
          ],
          [
            39.67053743,
            43.68802455
          ],
          [
            39.6705241,
            43.68801522
          ],
          [
            39.67050977,
            43.68800623
          ],
          [
            39.67049411,
            43.68799724
          ],
          [
            39.67047878,
            43.68799025
          ],
          [
            39.67046245,
            43.68798392
          ],
          [
            39.67044612,
            43.68797793
          ],
          [
            39.67043012,
            43.68797127
          ],
          [
            39.67041446,
            43.68796461
          ],
          [
            39.67039846,
            43.68795795
          ],
          [
            39.67038213,
            43.68795129
          ],
          [
            39.6703658,
            43.6879453
          ],
          [
            39.67034881,
            43.68793964
          ],
          [
            39.67033115,
            43.68793431
          ],
          [
            39.67031449,
            43.68792898
          ],
          [
            39.67029783,
            43.68792299
          ],
          [
            39.67028183,
            43.687917
          ],
          [
            39.6702665,
            43.68790967
          ],
          [
            39.67025117,
            43.68790234
          ],
          [
            39.67023584,
            43.68789468
          ],
          [
            39.67022018,
            43.68788735
          ],
          [
            39.67020452,
            43.68788002
          ],
          [
            39.67018986,
            43.68787369
          ],
          [
            39.67017386,
            43.68786803
          ],
          [
            39.67015753,
            43.68786204
          ],
          [
            39.67014154,
            43.68785638
          ],
          [
            39.67012554,
            43.68785039
          ],
          [
            39.67010921,
            43.68784473
          ],
          [
            39.67009321,
            43.68783807
          ],
          [
            39.67007788,
            43.68783074
          ],
          [
            39.67006322,
            43.68782208
          ],
          [
            39.67004989,
            43.68781309
          ],
          [
            39.67003723,
            43.68780443
          ],
          [
            39.67002457,
            43.68779577
          ],
          [
            39.67001258,
            43.68778711
          ],
          [
            39.67000125,
            43.68777945
          ],
          [
            39.66999192,
            43.68777212
          ],
          [
            39.66998693,
            43.68776913
          ],
          [
            39.66998394,
            43.68776713
          ],
          [
            39.66998228,
            43.6877668
          ],
          [
            39.66997995,
            43.68776647
          ],
          [
            39.66997862,
            43.68776581
          ],
          [
            39.66997531,
            43.68776515
          ],
          [
            39.66997298,
            43.68776349
          ],
          [
            39.66996765,
            43.68776083
          ],
          [
            39.66996032,
            43.6877575
          ],
          [
            39.66995299,
            43.68775384
          ],
          [
            39.66994499,
            43.68774918
          ],
          [
            39.66993766,
            43.68774485
          ],
          [
            39.66993033,
            43.68774086
          ],
          [
            39.66992334,
            43.6877362
          ],
          [
            39.66991668,
            43.68773221
          ],
          [
            39.66991002,
            43.68772788
          ],
          [
            39.66990369,
            43.68772322
          ],
          [
            39.6698977,
            43.68771922
          ],
          [
            39.66989104,
            43.68771389
          ],
          [
            39.66988505,
            43.68770823
          ],
          [
            39.66987906,
            43.6877029
          ],
          [
            39.66987207,
            43.68769757
          ],
          [
            39.66986507,
            43.68769224
          ],
          [
            39.66985841,
            43.68768658
          ],
          [
            39.66985108,
            43.68768058
          ],
          [
            39.66984242,
            43.68767492
          ],
          [
            39.66983343,
            43.68766926
          ],
          [
            39.66982543,
            43.6876636
          ],
          [
            39.66981644,
            43.68765727
          ],
          [
            39.66981045,
            43.68765227
          ],
          [
            39.66980612,
            43.68764861
          ],
          [
            39.66980379,
            43.68764562
          ],
          [
            39.6698028,
            43.68764329
          ],
          [
            39.66980214,
            43.68764096
          ],
          [
            39.66980247,
            43.68763863
          ],
          [
            39.66980346,
            43.68763697
          ],
          [
            39.66980147,
            43.68763531
          ],
          [
            39.66979814,
            43.68763232
          ],
          [
            39.66979415,
            43.68762933
          ],
          [
            39.66978982,
            43.687626
          ],
          [
            39.66978583,
            43.68762301
          ],
          [
            39.6697815,
            43.68761902
          ],
          [
            39.66977684,
            43.68761469
          ],
          [
            39.66977218,
            43.68761003
          ],
          [
            39.66976652,
            43.6876047
          ],
          [
            39.66975852,
            43.68759871
          ],
          [
            39.66974919,
            43.68759138
          ],
          [
            39.66973886,
            43.68758272
          ],
          [
            39.66972786,
            43.68757272
          ],
          [
            39.6697162,
            43.68756273
          ],
          [
            39.66970421,
            43.68755307
          ],
          [
            39.66969255,
            43.68754308
          ],
          [
            39.66968022,
            43.68753308
          ],
          [
            39.66966822,
            43.68752375
          ],
          [
            39.66965556,
            43.68751475
          ],
          [
            39.66964256,
            43.68750542
          ],
          [
            39.66963023,
            43.68749676
          ],
          [
            39.66961823,
            43.6874871
          ],
          [
            39.6696069,
            43.68747777
          ],
          [
            39.66959457,
            43.68746844
          ],
          [
            39.66958357,
            43.68745978
          ],
          [
            39.66957257,
            43.68745045
          ],
          [
            39.66956224,
            43.68744145
          ],
          [
            39.66955191,
            43.68743279
          ],
          [
            39.66954058,
            43.68742413
          ],
          [
            39.66952825,
            43.68741647
          ],
          [
            39.66951559,
            43.68740847
          ],
          [
            39.66950259,
            43.68740047
          ],
          [
            39.66948893,
            43.68739148
          ],
          [
            39.6694756,
            43.68738282
          ],
          [
            39.66946194,
            43.68737416
          ],
          [
            39.66944894,
            43.6873665
          ],
          [
            39.66943561,
            43.6873585
          ],
          [
            39.66942261,
            43.68735117
          ],
          [
            39.66940961,
            43.68734384
          ],
          [
            39.66939495,
            43.68733684
          ],
          [
            39.66938162,
            43.68733085
          ],
          [
            39.66936762,
            43.68732452
          ],
          [
            39.66935296,
            43.68731853
          ],
          [
            39.66933797,
            43.68731387
          ],
          [
            39.66932231,
            43.68730954
          ],
          [
            39.66930598,
            43.68730621
          ],
          [
            39.66928965,
            43.68730422
          ],
          [
            39.66927332,
            43.68730256
          ],
          [
            39.66925599,
            43.6873009
          ],
          [
            39.66923966,
            43.68729857
          ],
          [
            39.66922333,
            43.68729591
          ],
          [
            39.66920667,
            43.68729325
          ],
          [
            39.66919001,
            43.68729059
          ],
          [
            39.66917335,
            43.68728826
          ],
          [
            39.66915736,
            43.6872856
          ],
          [
            39.6691417,
            43.6872836
          ],
          [
            39.66912637,
            43.68728094
          ],
          [
            39.66911137,
            43.68727795
          ],
          [
            39.66909671,
            43.68727462
          ],
          [
            39.66908271,
            43.68727129
          ],
          [
            39.66906972,
            43.68726763
          ],
          [
            39.66905639,
            43.68726363
          ],
          [
            39.66904339,
            43.6872603
          ],
          [
            39.66902806,
            43.68725764
          ],
          [
            39.66901373,
            43.68725431
          ],
          [
            39.6689984,
            43.68725132
          ],
          [
            39.6689824,
            43.68724899
          ],
          [
            39.66896741,
            43.687246
          ],
          [
            39.66895275,
            43.68724301
          ],
          [
            39.66893842,
            43.68723901
          ],
          [
            39.66892442,
            43.68723502
          ],
          [
            39.66891142,
            43.68722969
          ],
          [
            39.66889709,
            43.68722503
          ],
          [
            39.66888043,
            43.6872217
          ],
          [
            39.6688631,
            43.68721904
          ],
          [
            39.66884511,
            43.68721705
          ],
          [
            39.66882711,
            43.68721372
          ],
          [
            39.66881045,
            43.68720939
          ],
          [
            39.66879512,
            43.68720439
          ],
          [
            39.66877979,
            43.68719773
          ],
          [
            39.6687648,
            43.68719007
          ],
          [
            39.6687488,
            43.68718207
          ],
          [
            39.66873281,
            43.68717474
          ],
          [
            39.66871648,
            43.68716774
          ],
          [
            39.66869982,
            43.68716108
          ],
          [
            39.66868416,
            43.68715475
          ],
          [
            39.66866983,
            43.68714742
          ],
          [
            39.66865484,
            43.68714076
          ],
          [
            39.66863951,
            43.68713377
          ],
          [
            39.66862385,
            43.68712711
          ],
          [
            39.66860652,
            43.68712245
          ],
          [
            39.66858852,
            43.68711812
          ],
          [
            39.66857053,
            43.68711346
          ],
          [
            39.66855254,
            43.68710946
          ],
          [
            39.66853421,
            43.6871058
          ],
          [
            39.66851622,
            43.68710281
          ],
          [
            39.66849756,
            43.68709982
          ],
          [
            39.66847923,
            43.68709716
          ],
          [
            39.66846057,
            43.68709516
          ],
          [
            39.66844191,
            43.68709317
          ],
          [
            39.66842192,
            43.68709051
          ],
          [
            39.66840259,
            43.68708851
          ],
          [
            39.66838293,
            43.68708718
          ],
          [
            39.6683646,
            43.68708619
          ],
          [
            39.66834494,
            43.68708586
          ],
          [
            39.66832594,
            43.68708487
          ],
          [
            39.66830628,
            43.68708387
          ],
          [
            39.66828662,
            43.68708321
          ],
          [
            39.66826762,
            43.68708121
          ],
          [
            39.66824863,
            43.68708022
          ],
          [
            39.6682313,
            43.68707889
          ],
          [
            39.66821497,
            43.6870779
          ],
          [
            39.66819831,
            43.68707691
          ],
          [
            39.66818198,
            43.68707625
          ],
          [
            39.66816598,
            43.68707658
          ],
          [
            39.66814832,
            43.68707658
          ],
          [
            39.66813166,
            43.68707658
          ],
          [
            39.66812,
            43.68707625
          ],
          [
            39.66811334,
            43.68707592
          ],
          [
            39.66810968,
            43.68707559
          ],
          [
            39.66810735,
            43.68707559
          ],
          [
            39.66810569,
            43.68707592
          ],
          [
            39.66810835,
            43.68707625
          ],
          [
            39.66811301,
            43.68707725
          ],
          [
            39.66812134,
            43.68707692
          ],
          [
            39.66813167,
            43.68707692
          ],
          [
            39.668143,
            43.68707692
          ],
          [
            39.668156,
            43.68707758
          ],
          [
            39.66816933,
            43.68707857
          ],
          [
            39.66818299,
            43.6870799
          ],
          [
            39.66819732,
            43.68708089
          ],
          [
            39.66821232,
            43.68708188
          ],
          [
            39.66822765,
            43.68708254
          ],
          [
            39.66824265,
            43.68708453
          ],
          [
            39.66825798,
            43.68708653
          ],
          [
            39.66827364,
            43.68708919
          ],
          [
            39.66828963,
            43.68709185
          ],
          [
            39.66830529,
            43.68709451
          ],
          [
            39.66832062,
            43.68709584
          ],
          [
            39.66833595,
            43.68709684
          ],
          [
            39.66835228,
            43.68709817
          ],
          [
            39.66836827,
            43.68709983
          ],
          [
            39.6683836,
            43.68710116
          ],
          [
            39.66839959,
            43.68710282
          ],
          [
            39.66841459,
            43.68710348
          ],
          [
            39.66842958,
            43.68710548
          ],
          [
            39.66844524,
            43.68710814
          ],
          [
            39.66846057,
            43.68711113
          ],
          [
            39.66847523,
            43.68711412
          ],
          [
            39.66848856,
            43.68711711
          ],
          [
            39.66850256,
            43.6871211
          ],
          [
            39.66851656,
            43.68712476
          ],
          [
            39.66853056,
            43.68712742
          ],
          [
            39.66854522,
            43.68713008
          ],
          [
            39.66855922,
            43.68713207
          ],
          [
            39.66857255,
            43.68713373
          ],
          [
            39.66858554,
            43.68713506
          ],
          [
            39.6685982,
            43.68713572
          ],
          [
            39.66861086,
            43.68713671
          ],
          [
            39.66862386,
            43.68713737
          ],
          [
            39.66863786,
            43.68713803
          ],
          [
            39.66865219,
            43.68713803
          ],
          [
            39.66866619,
            43.68713902
          ],
          [
            39.66868052,
            43.68714001
          ],
          [
            39.66869352,
            43.68714201
          ],
          [
            39.66870618,
            43.68714334
          ],
          [
            39.66871918,
            43.68714467
          ],
          [
            39.66873117,
            43.68714566
          ],
          [
            39.6687425,
            43.68714599
          ],
          [
            39.66875449,
            43.68714566
          ],
          [
            39.66876582,
            43.68714599
          ],
          [
            39.66877815,
            43.68714632
          ],
          [
            39.66879048,
            43.68714665
          ],
          [
            39.66880181,
            43.68714665
          ],
          [
            39.66881247,
            43.68714532
          ],
          [
            39.66882413,
            43.68714332
          ],
          [
            39.66883679,
            43.68714199
          ],
          [
            39.66884945,
            43.68714066
          ],
          [
            39.66886245,
            43.68713967
          ],
          [
            39.66887611,
            43.68713834
          ],
          [
            39.66888977,
            43.68713768
          ],
          [
            39.66890443,
            43.68713801
          ],
          [
            39.66892009,
            43.68713735
          ],
          [
            39.66893475,
            43.68713636
          ],
          [
            39.66894974,
            43.6871357
          ],
          [
            39.6689644,
            43.68713504
          ],
          [
            39.66898006,
            43.68713371
          ],
          [
            39.66899539,
            43.68713238
          ],
          [
            39.66901072,
            43.68713138
          ],
          [
            39.66902505,
            43.68713005
          ],
          [
            39.66903971,
            43.68712872
          ],
          [
            39.66905371,
            43.68712606
          ],
          [
            39.66906904,
            43.68712307
          ],
          [
            39.6690847,
            43.68712107
          ],
          [
            39.66910103,
            43.68711941
          ],
          [
            39.66911669,
            43.68711708
          ],
          [
            39.66913269,
            43.68711508
          ],
          [
            39.66914902,
            43.68711242
          ],
          [
            39.66916535,
            43.68710943
          ],
          [
            39.66918201,
            43.6871071
          ],
          [
            39.66919867,
            43.68710511
          ],
          [
            39.66921533,
            43.68710311
          ],
          [
            39.66923199,
            43.68710178
          ],
          [
            39.66924898,
            43.68710045
          ],
          [
            39.66926664,
            43.68709946
          ],
          [
            39.66928397,
            43.68709846
          ],
          [
            39.66930163,
            43.6870978
          ],
          [
            39.66931962,
            43.68709747
          ],
          [
            39.66933762,
            43.68709681
          ],
          [
            39.66935528,
            43.68709615
          ],
          [
            39.66937327,
            43.68709515
          ],
          [
            39.6693906,
            43.68709449
          ],
          [
            39.66940793,
            43.6870935
          ],
          [
            39.66942459,
            43.68709284
          ],
          [
            39.66944158,
            43.68709185
          ],
          [
            39.66945824,
            43.68709052
          ],
          [
            39.66947557,
            43.68708819
          ],
          [
            39.66949256,
            43.68708686
          ],
          [
            39.66950955,
            43.6870862
          ],
          [
            39.66952621,
            43.68708587
          ],
          [
            39.6695432,
            43.68708554
          ],
          [
            39.6695592,
            43.68708521
          ],
          [
            39.66957553,
            43.68708521
          ],
          [
            39.66959186,
            43.68708521
          ],
          [
            39.66960852,
            43.68708587
          ],
          [
            39.66962551,
            43.68708686
          ],
          [
            39.6696425,
            43.68708752
          ],
          [
            39.66965949,
            43.68708851
          ],
          [
            39.66967549,
            43.68708917
          ],
          [
            39.66969082,
            43.6870895
          ],
          [
            39.66970248,
            43.68708983
          ],
          [
            39.66971114,
            43.68708917
          ],
          [
            39.66971713,
            43.68708917
          ],
          [
            39.66972246,
            43.6870895
          ],
          [
            39.66972545,
            43.6870895
          ],
          [
            39.66972711,
            43.68708983
          ],
          [
            39.66973009,
            43.6870895
          ],
          [
            39.66973675,
            43.68709083
          ],
          [
            39.66974741,
            43.68709282
          ],
          [
            39.66976041,
            43.68709448
          ],
          [
            39.66977407,
            43.68709581
          ],
          [
            39.66978773,
            43.68709747
          ],
          [
            39.66980272,
            43.68709947
          ],
          [
            39.66981738,
            43.68710113
          ],
          [
            39.66983304,
            43.68710246
          ],
          [
            39.66984904,
            43.68710345
          ],
          [
            39.66986403,
            43.68710545
          ],
          [
            39.66987836,
            43.68710745
          ],
          [
            39.66989169,
            43.68710978
          ],
          [
            39.66990569,
            43.68711211
          ],
          [
            39.66992002,
            43.68711477
          ],
          [
            39.66993468,
            43.68711677
          ],
          [
            39.66994934,
            43.68711877
          ],
          [
            39.66996334,
            43.68712143
          ],
          [
            39.669978,
            43.68712409
          ],
          [
            39.66999266,
            43.68712642
          ],
          [
            39.67000832,
            43.68712941
          ],
          [
            39.67002365,
            43.68713174
          ],
          [
            39.67003798,
            43.6871344
          ],
          [
            39.67005198,
            43.68713673
          ],
          [
            39.67006564,
            43.68713939
          ],
          [
            39.67008063,
            43.68714238
          ],
          [
            39.67009562,
            43.68714471
          ],
          [
            39.67011062,
            43.68714671
          ],
          [
            39.67012495,
            43.68714737
          ],
          [
            39.67013895,
            43.68714836
          ],
          [
            39.67015295,
            43.68715036
          ],
          [
            39.67016695,
            43.68715302
          ],
          [
            39.67018128,
            43.68715468
          ],
          [
            39.67019528,
            43.68715601
          ],
          [
            39.67020928,
            43.68715834
          ],
          [
            39.67022261,
            43.68716033
          ],
          [
            39.67023694,
            43.68716299
          ],
          [
            39.6702506,
            43.68716598
          ],
          [
            39.67026426,
            43.68716831
          ],
          [
            39.67027759,
            43.68717031
          ],
          [
            39.67029125,
            43.68717264
          ],
          [
            39.67030525,
            43.68717497
          ],
          [
            39.67031958,
            43.68717696
          ],
          [
            39.67033424,
            43.68717929
          ],
          [
            39.67034824,
            43.68718162
          ],
          [
            39.6703629,
            43.68718362
          ],
          [
            39.6703769,
            43.68718561
          ],
          [
            39.67039156,
            43.68718794
          ],
          [
            39.67040589,
            43.68719127
          ],
          [
            39.67042022,
            43.68719493
          ],
          [
            39.67043455,
            43.68719892
          ],
          [
            39.67044855,
            43.68720392
          ],
          [
            39.67046288,
            43.68720958
          ],
          [
            39.67047887,
            43.68721357
          ],
          [
            39.67049453,
            43.68721757
          ],
          [
            39.67050786,
            43.6872199
          ],
          [
            39.67051919,
            43.68722123
          ],
          [
            39.67053252,
            43.68722156
          ],
          [
            39.67054718,
            43.6872209
          ],
          [
            39.67056284,
            43.68721924
          ],
          [
            39.6705775,
            43.68721591
          ],
          [
            39.67058916,
            43.68721225
          ],
          [
            39.67059449,
            43.68720525
          ],
          [
            39.67059383,
            43.68719626
          ],
          [
            39.67059017,
            43.6871906
          ],
          [
            39.67058517,
            43.68718494
          ],
          [
            39.67057984,
            43.68718161
          ],
          [
            39.67057551,
            43.68717828
          ],
          [
            39.67057385,
            43.68717428
          ],
          [
            39.67057352,
            43.68716862
          ],
          [
            39.67057385,
            43.68716263
          ],
          [
            39.67057418,
            43.6871563
          ],
          [
            39.67057319,
            43.68714964
          ],
          [
            39.67057253,
            43.68714198
          ],
          [
            39.67057187,
            43.68713365
          ],
          [
            39.6705732,
            43.68712632
          ],
          [
            39.67057586,
            43.68711899
          ],
          [
            39.67057852,
            43.68711133
          ],
          [
            39.67058018,
            43.68710367
          ],
          [
            39.67058051,
            43.68709567
          ],
          [
            39.6705815,
            43.68708734
          ],
          [
            39.67058183,
            43.68707968
          ],
          [
            39.67058216,
            43.68707202
          ],
          [
            39.67058183,
            43.68706402
          ],
          [
            39.6705815,
            43.68705569
          ],
          [
            39.67058216,
            43.6870467
          ],
          [
            39.67058216,
            43.6870387
          ],
          [
            39.67058249,
            43.68703137
          ],
          [
            39.67058482,
            43.68702471
          ],
          [
            39.67058815,
            43.68701971
          ],
          [
            39.67059281,
            43.68701505
          ],
          [
            39.67059814,
            43.68701105
          ],
          [
            39.67060213,
            43.68700739
          ],
          [
            39.67060713,
            43.68700506
          ],
          [
            39.67061412,
            43.6870024
          ],
          [
            39.67062078,
            43.68699941
          ],
          [
            39.67062911,
            43.68699575
          ],
          [
            39.67063711,
            43.68699209
          ],
          [
            39.6706461,
            43.68698876
          ],
          [
            39.6706541,
            43.6869841
          ],
          [
            39.67066009,
            43.6869771
          ],
          [
            39.67066308,
            43.6869691
          ],
          [
            39.67066374,
            43.68696011
          ],
          [
            39.67066473,
            43.68695211
          ],
          [
            39.67066539,
            43.68694545
          ],
          [
            39.67066572,
            43.68694012
          ],
          [
            39.67066705,
            43.68693413
          ],
          [
            39.67066938,
            43.6869278
          ],
          [
            39.67067271,
            43.68692147
          ],
          [
            39.6706787,
            43.68691547
          ],
          [
            39.67068436,
            43.68691014
          ],
          [
            39.67068502,
            43.68690548
          ],
          [
            39.67068535,
            43.68690082
          ],
          [
            39.67068701,
            43.68689716
          ],
          [
            39.67068801,
            43.68689516
          ],
          [
            39.67068867,
            43.68689383
          ],
          [
            39.670689,
            43.6868925
          ],
          [
            39.67068933,
            43.68689084
          ],
          [
            39.67068999,
            43.68688918
          ],
          [
            39.67069461,
            43.6868905
          ],
          [
            39.67069494,
            43.68689183
          ],
          [
            39.67069627,
            43.68689249
          ],
          [
            39.67069693,
            43.68689349
          ],
          [
            39.67070551,
            43.68689581
          ],
          [
            39.67070485,
            43.68689282
          ],
          [
            39.67070385,
            43.68688849
          ],
          [
            39.67070418,
            43.68688183
          ],
          [
            39.67070617,
            43.68687384
          ],
          [
            39.67070717,
            43.68686518
          ],
          [
            39.6707075,
            43.68685585
          ],
          [
            39.6707055,
            43.68684686
          ],
          [
            39.67070417,
            43.6868362
          ],
          [
            39.67070151,
            43.68682587
          ],
          [
            39.67069818,
            43.68681554
          ],
          [
            39.67069319,
            43.68680488
          ],
          [
            39.67068886,
            43.68679455
          ],
          [
            39.6706832,
            43.68678456
          ],
          [
            39.67067621,
            43.68677756
          ],
          [
            39.67067022,
            43.6867709
          ],
          [
            39.67066556,
            43.68676391
          ],
          [
            39.67066257,
            43.68675691
          ],
          [
            39.67065857,
            43.68675025
          ],
          [
            39.67065491,
            43.68674359
          ],
          [
            39.67065192,
            43.68673693
          ],
          [
            39.67065093,
            43.68673027
          ],
          [
            39.6706496,
            43.68672427
          ],
          [
            39.6706476,
            43.68671828
          ],
          [
            39.67064427,
            43.68671095
          ],
          [
            39.67064028,
            43.68670362
          ],
          [
            39.67063595,
            43.68669562
          ],
          [
            39.67063196,
            43.68668696
          ],
          [
            39.67062763,
            43.68667697
          ],
          [
            39.67062497,
            43.68666764
          ],
          [
            39.67062331,
            43.68665898
          ],
          [
            39.67062065,
            43.68664932
          ],
          [
            39.67061732,
            43.68664033
          ],
          [
            39.67061366,
            43.68663167
          ],
          [
            39.67060867,
            43.68662268
          ],
          [
            39.67060367,
            43.68661369
          ],
          [
            39.67059734,
            43.68660569
          ],
          [
            39.67059134,
            43.68659769
          ],
          [
            39.67058601,
            43.6865887
          ],
          [
            39.67058068,
            43.68658004
          ],
          [
            39.67057502,
            43.68657438
          ],
          [
            39.67056736,
            43.68656872
          ],
          [
            39.67056036,
            43.68656273
          ],
          [
            39.6705527,
            43.6865564
          ],
          [
            39.67054404,
            43.6865494
          ],
          [
            39.67053571,
            43.68654074
          ],
          [
            39.67052771,
            43.68653108
          ],
          [
            39.67051971,
            43.68652075
          ],
          [
            39.67051038,
            43.68651142
          ],
          [
            39.67050072,
            43.68650176
          ],
          [
            39.67049073,
            43.68649343
          ],
          [
            39.67048107,
            43.68648477
          ],
          [
            39.67047041,
            43.68647644
          ],
          [
            39.67046075,
            43.68646811
          ],
          [
            39.67045109,
            43.68645912
          ],
          [
            39.67044109,
            43.68644979
          ],
          [
            39.67043243,
            43.6864408
          ],
          [
            39.67042577,
            43.6864318
          ],
          [
            39.67041877,
            43.68642414
          ],
          [
            39.67041111,
            43.68641581
          ],
          [
            39.67040312,
            43.68640915
          ],
          [
            39.67039679,
            43.68640249
          ],
          [
            39.67039213,
            43.68639583
          ],
          [
            39.6703858,
            43.68638883
          ],
          [
            39.67038247,
            43.68638083
          ],
          [
            39.67037714,
            43.68637283
          ],
          [
            39.67037281,
            43.68636517
          ],
          [
            39.67036748,
            43.68635784
          ],
          [
            39.67036315,
            43.68635118
          ],
          [
            39.67035849,
            43.68634485
          ],
          [
            39.67035416,
            43.68633919
          ],
          [
            39.67035183,
            43.6863342
          ],
          [
            39.67034884,
            43.6863302
          ],
          [
            39.67034518,
            43.68632621
          ],
          [
            39.67033952,
            43.68632322
          ],
          [
            39.67033219,
            43.68631956
          ],
          [
            39.6703252,
            43.68631656
          ],
          [
            39.6703182,
            43.68631423
          ],
          [
            39.67031087,
            43.68631223
          ],
          [
            39.67030354,
            43.6863089
          ],
          [
            39.67029688,
            43.68630624
          ],
          [
            39.67029055,
            43.68630325
          ],
          [
            39.67028422,
            43.68630092
          ],
          [
            39.67027723,
            43.68629726
          ],
          [
            39.67026957,
            43.68629393
          ],
          [
            39.67026291,
            43.68629194
          ],
          [
            39.67025625,
            43.68628928
          ],
          [
            39.67025026,
            43.68628662
          ],
          [
            39.67024593,
            43.68628529
          ],
          [
            39.6702416,
            43.68628396
          ],
          [
            39.67023894,
            43.68628196
          ],
          [
            39.67023661,
            43.6862793
          ],
          [
            39.67023328,
            43.68627797
          ],
          [
            39.67022862,
            43.68627631
          ],
          [
            39.67022429,
            43.68627465
          ],
          [
            39.67022029,
            43.68627432
          ],
          [
            39.6702133,
            43.68627432
          ],
          [
            39.6702053,
            43.68627166
          ],
          [
            39.6702003,
            43.68626867
          ],
          [
            39.67019764,
            43.68626401
          ],
          [
            39.67019431,
            43.68626068
          ],
          [
            39.67019098,
            43.68625735
          ],
          [
            39.67018665,
            43.68625469
          ],
          [
            39.67018165,
            43.68625236
          ],
          [
            39.67017499,
            43.6862517
          ],
          [
            39.67016766,
            43.68624937
          ],
          [
            39.67016033,
            43.68624604
          ],
          [
            39.67015233,
            43.68624338
          ],
          [
            39.670144,
            43.68624039
          ],
          [
            39.67013701,
            43.68623773
          ],
          [
            39.67013135,
            43.6862344
          ],
          [
            39.67013069,
            43.68622907
          ],
          [
            39.67013168,
            43.68622174
          ],
          [
            39.67013201,
            43.68621408
          ],
          [
            39.67013102,
            43.68620608
          ],
          [
            39.67013168,
            43.68619875
          ],
          [
            39.67012968,
            43.68619209
          ],
          [
            39.67013034,
            43.6861851
          ],
          [
            39.67012834,
            43.6861781
          ],
          [
            39.67012368,
            43.68617111
          ],
          [
            39.67011669,
            43.68616578
          ],
          [
            39.67010836,
            43.68616045
          ],
          [
            39.67009903,
            43.68615612
          ],
          [
            39.6700887,
            43.68615346
          ],
          [
            39.67007504,
            43.68615047
          ],
          [
            39.67006238,
            43.68614648
          ],
          [
            39.67004772,
            43.68614349
          ],
          [
            39.67003473,
            43.68614183
          ],
          [
            39.67002073,
            43.6861405
          ],
          [
            39.67000507,
            43.6861395
          ],
          [
            39.66999074,
            43.68613884
          ],
          [
            39.66997974,
            43.68613485
          ],
          [
            39.66996974,
            43.68613052
          ],
          [
            39.66996375,
            43.68612686
          ],
          [
            39.66995709,
            43.68612253
          ],
          [
            39.66995009,
            43.6861192
          ],
          [
            39.66994343,
            43.6861172
          ],
          [
            39.66993277,
            43.68611387
          ],
          [
            39.66992211,
            43.68611021
          ],
          [
            39.66991078,
            43.68610655
          ],
          [
            39.66990045,
            43.68610356
          ],
          [
            39.66988745,
            43.68610123
          ],
          [
            39.66987446,
            43.68609923
          ],
          [
            39.66986346,
            43.6860959
          ],
          [
            39.66985313,
            43.68609324
          ],
          [
            39.66984513,
            43.68609025
          ],
          [
            39.66983713,
            43.68608592
          ],
          [
            39.66983014,
            43.68608193
          ],
          [
            39.66982614,
            43.6860776
          ],
          [
            39.66982315,
            43.68607227
          ],
          [
            39.66981982,
            43.68606528
          ],
          [
            39.66981583,
            43.68605762
          ],
          [
            39.6698115,
            43.68604962
          ],
          [
            39.66980684,
            43.68604163
          ],
          [
            39.66980251,
            43.68603263
          ],
          [
            39.66979618,
            43.6860253
          ],
          [
            39.66979518,
            43.68601764
          ],
          [
            39.66979119,
            43.68601165
          ],
          [
            39.66978653,
            43.68600566
          ],
          [
            39.66978187,
            43.685999
          ],
          [
            39.66977587,
            43.68599234
          ],
          [
            39.66976954,
            43.68598568
          ],
          [
            39.66976555,
            43.68597902
          ],
          [
            39.66976256,
            43.68597102
          ],
          [
            39.66976023,
            43.68596303
          ],
          [
            39.66975823,
            43.6859557
          ],
          [
            39.66975624,
            43.68594837
          ],
          [
            39.66975291,
            43.68593904
          ],
          [
            39.66975058,
            43.68592971
          ],
          [
            39.66974759,
            43.68592105
          ],
          [
            39.66974393,
            43.68591305
          ],
          [
            39.66973893,
            43.68590672
          ],
          [
            39.66973327,
            43.68590272
          ],
          [
            39.66972527,
            43.68589873
          ],
          [
            39.66971861,
            43.68589373
          ],
          [
            39.66971195,
            43.68588873
          ],
          [
            39.66970462,
            43.68588307
          ],
          [
            39.66969796,
            43.68587641
          ],
          [
            39.66969063,
            43.68587042
          ],
          [
            39.66968597,
            43.68586542
          ],
          [
            39.66968231,
            43.68586143
          ],
          [
            39.66968198,
            43.68585743
          ],
          [
            39.66968464,
            43.6858531
          ],
          [
            39.66969063,
            43.6858471
          ],
          [
            39.66969529,
            43.68584011
          ],
          [
            39.66969795,
            43.68583311
          ],
          [
            39.66969795,
            43.68582578
          ],
          [
            39.66969662,
            43.68581712
          ],
          [
            39.66969196,
            43.68580946
          ],
          [
            39.66968663,
            43.68580146
          ],
          [
            39.66967997,
            43.68579346
          ],
          [
            39.66967398,
            43.68578513
          ],
          [
            39.66966832,
            43.6857788
          ],
          [
            39.66966366,
            43.68577247
          ],
          [
            39.66966166,
            43.68576547
          ],
          [
            39.669659,
            43.68575948
          ],
          [
            39.66965601,
            43.68575415
          ],
          [
            39.66965235,
            43.68574916
          ],
          [
            39.66964669,
            43.6857435
          ],
          [
            39.66964069,
            43.6857365
          ],
          [
            39.6696367,
            43.68572917
          ],
          [
            39.66963337,
            43.68572151
          ],
          [
            39.66963071,
            43.68571318
          ],
          [
            39.66962638,
            43.68570652
          ],
          [
            39.66962239,
            43.68570053
          ],
          [
            39.66961706,
            43.68569287
          ],
          [
            39.66961173,
            43.68568621
          ],
          [
            39.66960774,
            43.68568022
          ],
          [
            39.66960408,
            43.68567456
          ],
          [
            39.66959975,
            43.6856699
          ],
          [
            39.66959742,
            43.68566591
          ],
          [
            39.66959509,
            43.68566225
          ],
          [
            39.66959376,
            43.68565992
          ],
          [
            39.6695931,
            43.68565859
          ],
          [
            39.66958977,
            43.68565693
          ],
          [
            39.66958844,
            43.68565427
          ],
          [
            39.6695891,
            43.68564961
          ],
          [
            39.66958877,
            43.68564428
          ],
          [
            39.66958811,
            43.68563795
          ],
          [
            39.66958611,
            43.68563129
          ],
          [
            39.66958512,
            43.68562463
          ],
          [
            39.66958312,
            43.6856173
          ],
          [
            39.66958046,
            43.6856103
          ],
          [
            39.66958046,
            43.68559964
          ],
          [
            39.6695788,
            43.68558831
          ],
          [
            39.66957747,
            43.68557765
          ],
          [
            39.66957448,
            43.68556832
          ],
          [
            39.66957348,
            43.68556099
          ],
          [
            39.66957082,
            43.68555566
          ],
          [
            39.66956716,
            43.68555267
          ],
          [
            39.66956117,
            43.68555001
          ],
          [
            39.66955617,
            43.68554535
          ],
          [
            39.66955384,
            43.68554035
          ],
          [
            39.66955484,
            43.68553602
          ],
          [
            39.6695585,
            43.68553169
          ],
          [
            39.6695605,
            43.68552669
          ],
          [
            39.66956083,
            43.6855227
          ],
          [
            39.66956216,
            43.68551904
          ],
          [
            39.66956482,
            43.68551538
          ],
          [
            39.66956882,
            43.68551039
          ],
          [
            39.66957015,
            43.68550539
          ],
          [
            39.66957081,
            43.68550139
          ],
          [
            39.66956981,
            43.68549806
          ],
          [
            39.66956815,
            43.68549473
          ],
          [
            39.66956482,
            43.68549207
          ],
          [
            39.66956449,
            43.68548374
          ],
          [
            39.66956549,
            43.68547741
          ],
          [
            39.66956948,
            43.68547041
          ],
          [
            39.66957014,
            43.68546275
          ],
          [
            39.66957014,
            43.68545475
          ],
          [
            39.66956881,
            43.68544876
          ],
          [
            39.66956815,
            43.68544343
          ],
          [
            39.66956848,
            43.68543877
          ],
          [
            39.66956914,
            43.68543377
          ],
          [
            39.66957013,
            43.68542978
          ],
          [
            39.66957013,
            43.68542579
          ],
          [
            39.66957079,
            43.68542079
          ],
          [
            39.66957312,
            43.68541579
          ],
          [
            39.66957378,
            43.68541013
          ],
          [
            39.66957511,
            43.6854048
          ],
          [
            39.66957577,
            43.68539881
          ],
          [
            39.66957677,
            43.68539315
          ],
          [
            39.66957743,
            43.68538782
          ],
          [
            39.66957809,
            43.68538282
          ],
          [
            39.66957676,
            43.68537683
          ],
          [
            39.66957543,
            43.6853715
          ],
          [
            39.6695741,
            43.68536617
          ],
          [
            39.66957509,
            43.68536084
          ],
          [
            39.66957642,
            43.68535384
          ],
          [
            39.66957741,
            43.68534685
          ],
          [
            39.66957708,
            43.68534152
          ],
          [
            39.66957974,
            43.68533553
          ],
          [
            39.66958107,
            43.68532987
          ],
          [
            39.66958273,
            43.68532454
          ],
          [
            39.66958506,
            43.68532021
          ],
          [
            39.66958506,
            43.68531521
          ],
          [
            39.66958373,
            43.68531122
          ],
          [
            39.66958173,
            43.68530456
          ],
          [
            39.66957974,
            43.68529957
          ],
          [
            39.66957708,
            43.68529491
          ],
          [
            39.66957375,
            43.68529158
          ],
          [
            39.66957275,
            43.68528559
          ],
          [
            39.66957308,
            43.6852796
          ],
          [
            39.66957341,
            43.6852736
          ],
          [
            39.66957008,
            43.68526827
          ],
          [
            39.66956875,
            43.68526227
          ],
          [
            39.66957141,
            43.68525528
          ],
          [
            39.66957574,
            43.68524929
          ],
          [
            39.66958007,
            43.68524229
          ],
          [
            39.66958873,
            43.68523196
          ],
          [
            39.66959606,
            43.68522396
          ],
          [
            39.66960372,
            43.68521563
          ],
          [
            39.66961172,
            43.6852093
          ],
          [
            39.66961905,
            43.68520297
          ],
          [
            39.66962671,
            43.68519664
          ],
          [
            39.66963204,
            43.68519198
          ],
          [
            39.66963803,
            43.68518732
          ],
          [
            39.66964203,
            43.68518032
          ],
          [
            39.6696407,
            43.68517366
          ],
          [
            39.66963637,
            43.68516733
          ],
          [
            39.66963137,
            43.68516267
          ],
          [
            39.66962671,
            43.68515801
          ],
          [
            39.66962272,
            43.68515502
          ],
          [
            39.66961839,
            43.68515169
          ],
          [
            39.66961306,
            43.68514969
          ],
          [
            39.66960873,
            43.68514736
          ],
          [
            39.66960407,
            43.68514236
          ],
          [
            39.66959974,
            43.68513637
          ],
          [
            39.66959741,
            43.68512904
          ],
          [
            39.66959375,
            43.68512104
          ],
          [
            39.66959042,
            43.68511405
          ],
          [
            39.66958809,
            43.68510705
          ],
          [
            39.66958576,
            43.68510039
          ],
          [
            39.66958277,
            43.68509239
          ],
          [
            39.66958376,
            43.68508073
          ],
          [
            39.66958942,
            43.68506874
          ],
          [
            39.66959175,
            43.68505608
          ],
          [
            39.66959109,
            43.68504575
          ],
          [
            39.66958876,
            43.68503542
          ],
          [
            39.66958376,
            43.68502476
          ],
          [
            39.66958043,
            43.6850161
          ],
          [
            39.66957177,
            43.68500444
          ],
          [
            39.66956377,
            43.68499344
          ],
          [
            39.66955844,
            43.68498478
          ],
          [
            39.66955378,
            43.68497745
          ],
          [
            39.66955179,
            43.68496979
          ],
          [
            39.66954913,
            43.6849628
          ],
          [
            39.6695468,
            43.68495647
          ],
          [
            39.66954614,
            43.68495014
          ],
          [
            39.66954481,
            43.68494548
          ],
          [
            39.66954382,
            43.68494115
          ],
          [
            39.66954316,
            43.68493749
          ],
          [
            39.66954316,
            43.68493383
          ],
          [
            39.66954482,
            43.68492983
          ],
          [
            39.66954482,
            43.6849255
          ],
          [
            39.66954316,
            43.68491951
          ],
          [
            39.6695405,
            43.68491251
          ],
          [
            39.66953717,
            43.68490685
          ],
          [
            39.66953351,
            43.68490286
          ],
          [
            39.66953018,
            43.68489987
          ],
          [
            39.66952619,
            43.68489754
          ],
          [
            39.66952186,
            43.68489388
          ],
          [
            39.66951853,
            43.68489022
          ],
          [
            39.66951587,
            43.68488756
          ],
          [
            39.66951421,
            43.68488556
          ],
          [
            39.66951322,
            43.6848829
          ],
          [
            39.66951156,
            43.68488024
          ],
          [
            39.66950957,
            43.68487691
          ],
          [
            39.66950724,
            43.68487358
          ],
          [
            39.66950724,
            43.68487159
          ],
          [
            39.66950724,
            43.68486893
          ],
          [
            39.66950724,
            43.68486693
          ],
          [
            39.6695079,
            43.68486328
          ],
          [
            39.6695089,
            43.68486162
          ],
          [
            39.66950989,
            43.68485962
          ],
          [
            39.6695089,
            43.68485729
          ],
          [
            39.6695049,
            43.6848533
          ],
          [
            39.66950024,
            43.68484797
          ],
          [
            39.66949558,
            43.68484364
          ],
          [
            39.66949225,
            43.68484098
          ],
          [
            39.66948959,
            43.68483799
          ],
          [
            39.66948593,
            43.68483366
          ],
          [
            39.66948227,
            43.68482967
          ],
          [
            39.66947961,
            43.68482467
          ],
          [
            39.66947728,
            43.68482034
          ],
          [
            39.66947495,
            43.68481568
          ],
          [
            39.66947262,
            43.68481102
          ],
          [
            39.66946963,
            43.68480602
          ],
          [
            39.66946663,
            43.68480069
          ],
          [
            39.66946397,
            43.68479503
          ],
          [
            39.66946264,
            43.68478837
          ],
          [
            39.66946098,
            43.68478204
          ],
          [
            39.66945999,
            43.68477671
          ],
          [
            39.669459,
            43.68477305
          ],
          [
            39.66945834,
            43.68477006
          ],
          [
            39.66945701,
            43.68476473
          ],
          [
            39.66944768,
            43.68475707
          ],
          [
            39.66943835,
            43.68474774
          ],
          [
            39.66942969,
            43.68473775
          ],
          [
            39.66942403,
            43.68472675
          ],
          [
            39.66941737,
            43.68471675
          ],
          [
            39.66940937,
            43.68470976
          ],
          [
            39.66940104,
            43.6847021
          ],
          [
            39.66938938,
            43.68469544
          ],
          [
            39.66938005,
            43.68469078
          ],
          [
            39.66937205,
            43.68468812
          ],
          [
            39.66936739,
            43.68468646
          ],
          [
            39.66937139,
            43.6846848
          ],
          [
            39.66937305,
            43.68468114
          ],
          [
            39.66937305,
            43.68467815
          ],
          [
            39.66937338,
            43.68467382
          ],
          [
            39.66937338,
            43.68467049
          ],
          [
            39.66937305,
            43.68466849
          ],
          [
            39.66937272,
            43.68466683
          ],
          [
            39.66937239,
            43.6846655
          ],
          [
            39.66935573,
            43.68464417
          ],
          [
            39.66934173,
            43.68462684
          ],
          [
            39.6693264,
            43.68460885
          ],
          [
            39.66931407,
            43.68459485
          ],
          [
            39.66929474,
            43.68457585
          ],
          [
            39.66928141,
            43.68456252
          ],
          [
            39.66926975,
            43.68455319
          ],
          [
            39.66926342,
            43.68454486
          ],
          [
            39.66926009,
            43.68453853
          ],
          [
            39.66925743,
            43.68453187
          ],
          [
            39.6692541,
            43.68452554
          ],
          [
            39.66924777,
            43.68451888
          ],
          [
            39.66924211,
            43.68451022
          ],
          [
            39.66923611,
            43.68450189
          ],
          [
            39.66923278,
            43.68449323
          ],
          [
            39.66922912,
            43.68448557
          ],
          [
            39.66922712,
            43.68447891
          ],
          [
            39.66922579,
            43.68447358
          ],
          [
            39.66922579,
            43.68446959
          ],
          [
            39.66922779,
            43.68446393
          ],
          [
            39.66923212,
            43.68445727
          ],
          [
            39.66923811,
            43.68444994
          ],
          [
            39.66924511,
            43.68444161
          ],
          [
            39.66924777,
            43.68443395
          ],
          [
            39.6692501,
            43.68442862
          ],
          [
            39.66925143,
            43.68442463
          ],
          [
            39.66925309,
            43.68442197
          ],
          [
            39.66925542,
            43.68441664
          ],
          [
            39.66925575,
            43.68437931
          ],
          [
            39.66926741,
            43.68435865
          ],
          [
            39.66927307,
            43.68433532
          ],
          [
            39.66927573,
            43.68431466
          ],
          [
            39.66928106,
            43.68429567
          ],
          [
            39.66928073,
            43.68428834
          ],
          [
            39.66928007,
            43.68428135
          ],
          [
            39.66927541,
            43.68427635
          ],
          [
            39.66927208,
            43.68427102
          ],
          [
            39.66926875,
            43.68426569
          ],
          [
            39.66926476,
            43.6842597
          ],
          [
            39.6692571,
            43.6842547
          ],
          [
            39.66925044,
            43.68425071
          ],
          [
            39.66924511,
            43.68424738
          ],
          [
            39.66924011,
            43.68424605
          ],
          [
            39.66923511,
            43.68424539
          ],
          [
            39.66922778,
            43.68424872
          ],
          [
            39.66922245,
            43.68424971
          ],
          [
            39.66921745,
            43.68424938
          ],
          [
            39.66921245,
            43.68425004
          ],
          [
            39.66920379,
            43.68425237
          ],
          [
            39.66919913,
            43.68425303
          ],
          [
            39.66919514,
            43.68425469
          ],
          [
            39.66918248,
            43.68425969
          ],
          [
            39.66917315,
            43.68426402
          ],
          [
            39.66916416,
            43.68426602
          ],
          [
            39.6691615,
            43.68426702
          ],
          [
            39.66915717,
            43.68426768
          ],
          [
            39.66915318,
            43.68426834
          ],
          [
            39.66915019,
            43.68426933
          ],
          [
            39.66914753,
            43.68426999
          ],
          [
            39.66914553,
            43.68427165
          ],
          [
            39.66914287,
            43.68427265
          ],
          [
            39.66914154,
            43.68427331
          ],
          [
            39.66913855,
            43.6842743
          ],
          [
            39.66913722,
            43.68427529
          ],
          [
            39.66913622,
            43.68427727
          ],
          [
            39.66913722,
            43.68427793
          ],
          [
            39.66913722,
            43.68427959
          ],
          [
            39.66913589,
            43.68428192
          ],
          [
            39.66913323,
            43.68428491
          ],
          [
            39.66913224,
            43.68428258
          ],
          [
            39.66913091,
            43.68427925
          ],
          [
            39.66912692,
            43.68427425
          ],
          [
            39.66912026,
            43.68426892
          ],
          [
            39.66911193,
            43.68426293
          ],
          [
            39.66910327,
            43.6842566
          ],
          [
            39.66909494,
            43.6842496
          ],
          [
            39.66908928,
            43.68424194
          ],
          [
            39.66908462,
            43.68423461
          ],
          [
            39.66908495,
            43.68422361
          ],
          [
            39.66908528,
            43.68421328
          ],
          [
            39.66908528,
            43.68420495
          ],
          [
            39.66908229,
            43.68419562
          ],
          [
            39.66907763,
            43.68418696
          ],
          [
            39.66907197,
            43.68417697
          ],
          [
            39.66906631,
            43.68416664
          ],
          [
            39.66906065,
            43.68415564
          ],
          [
            39.66905666,
            43.68414498
          ],
          [
            39.66905233,
            43.68413599
          ],
          [
            39.66905033,
            43.68412566
          ],
          [
            39.66904767,
            43.68411633
          ],
          [
            39.66904301,
            43.68410734
          ],
          [
            39.66903601,
            43.68409535
          ],
          [
            39.66903068,
            43.68408402
          ],
          [
            39.66902402,
            43.68407136
          ],
          [
            39.66901869,
            43.6840597
          ],
          [
            39.66901869,
            43.68404804
          ],
          [
            39.66902269,
            43.68403538
          ],
          [
            39.66902735,
            43.68402339
          ],
          [
            39.66902336,
            43.68401039
          ],
          [
            39.6690197,
            43.68399506
          ],
          [
            39.66902403,
            43.68397673
          ],
          [
            39.66902936,
            43.6839604
          ],
          [
            39.66903202,
            43.6839474
          ],
          [
            39.66903268,
            43.68393541
          ],
          [
            39.66903268,
            43.68392475
          ],
          [
            39.66902935,
            43.68391409
          ],
          [
            39.66902402,
            43.68390343
          ],
          [
            39.66900869,
            43.68389144
          ],
          [
            39.66900003,
            43.68387945
          ],
          [
            39.66900102,
            43.68386512
          ],
          [
            39.66900168,
            43.68385012
          ],
          [
            39.66900334,
            43.68383579
          ],
          [
            39.66900633,
            43.6838198
          ],
          [
            39.66900799,
            43.6838048
          ],
          [
            39.66900965,
            43.6837908
          ],
          [
            39.66901098,
            43.6837768
          ],
          [
            39.66901631,
            43.68376247
          ],
          [
            39.66902397,
            43.68374847
          ],
          [
            39.66903063,
            43.68373548
          ],
          [
            39.66903463,
            43.68372315
          ],
          [
            39.66903663,
            43.68371082
          ],
          [
            39.66903962,
            43.68369682
          ],
          [
            39.66904528,
            43.68368183
          ],
          [
            39.66905194,
            43.68366683
          ],
          [
            39.66906027,
            43.68365117
          ],
          [
            39.66906893,
            43.68363584
          ],
          [
            39.66907759,
            43.68362118
          ],
          [
            39.66908759,
            43.68360652
          ],
          [
            39.66909692,
            43.68359219
          ],
          [
            39.66910458,
            43.68357919
          ],
          [
            39.66911091,
            43.68356653
          ],
          [
            39.6691169,
            43.6835542
          ],
          [
            39.66912156,
            43.68354354
          ],
          [
            39.66912789,
            43.68353588
          ],
          [
            39.66913289,
            43.68352855
          ],
          [
            39.66913755,
            43.68352156
          ],
          [
            39.66914021,
            43.68351456
          ],
          [
            39.66914087,
            43.68350656
          ],
          [
            39.66913887,
            43.68349823
          ],
          [
            39.66913421,
            43.68348924
          ],
          [
            39.66912855,
            43.68347991
          ],
          [
            39.66912189,
            43.68347092
          ],
          [
            39.66911756,
            43.68346092
          ],
          [
            39.6691149,
            43.68345092
          ],
          [
            39.66911157,
            43.68344293
          ],
          [
            39.66910924,
            43.68343427
          ],
          [
            39.66910658,
            43.68342561
          ],
          [
            39.66910492,
            43.68341528
          ],
          [
            39.66910259,
            43.68340562
          ],
          [
            39.66910059,
            43.68339629
          ],
          [
            39.6690986,
            43.68338896
          ],
          [
            39.6690966,
            43.6833823
          ],
          [
            39.66909427,
            43.68337531
          ],
          [
            39.66909061,
            43.68336831
          ],
          [
            39.66908795,
            43.68336132
          ],
          [
            39.66908362,
            43.68335499
          ],
          [
            39.66907929,
            43.68334866
          ],
          [
            39.66907396,
            43.683343
          ],
          [
            39.66906797,
            43.68333601
          ],
          [
            39.66906097,
            43.68333068
          ],
          [
            39.66905631,
            43.68332635
          ],
          [
            39.66905065,
            43.68332369
          ],
          [
            39.66904599,
            43.68332203
          ],
          [
            39.66904266,
            43.68332103
          ],
          [
            39.66904,
            43.68332103
          ],
          [
            39.66903701,
            43.68332037
          ],
          [
            39.66903368,
            43.6833207
          ],
          [
            39.66903069,
            43.68332203
          ],
          [
            39.66902803,
            43.68332302
          ],
          [
            39.66902836,
            43.68332502
          ],
          [
            39.66902803,
            43.68332735
          ],
          [
            39.66902704,
            43.68332934
          ],
          [
            39.66902671,
            43.68333166
          ],
          [
            39.66902638,
            43.68333332
          ],
          [
            39.66902737,
            43.68333565
          ],
          [
            39.66902937,
            43.68333798
          ],
          [
            39.66903036,
            43.68333997
          ],
          [
            39.66902903,
            43.68333964
          ],
          [
            39.6690257,
            43.68333698
          ],
          [
            39.66902237,
            43.68333399
          ],
          [
            39.66901704,
            43.68332999
          ],
          [
            39.66901138,
            43.68332433
          ],
          [
            39.66900438,
            43.68331834
          ],
          [
            39.66899672,
            43.68331168
          ],
          [
            39.66898973,
            43.68330402
          ],
          [
            39.6689834,
            43.68329669
          ],
          [
            39.6689764,
            43.68328969
          ],
          [
            39.66896874,
            43.6832807
          ],
          [
            39.66896041,
            43.6832707
          ],
          [
            39.66895242,
            43.68326037
          ],
          [
            39.66894376,
            43.68325071
          ],
          [
            39.66893576,
            43.68324072
          ],
          [
            39.66892776,
            43.68323206
          ],
          [
            39.66891843,
            43.6832224
          ],
          [
            39.6689101,
            43.68321307
          ],
          [
            39.66890244,
            43.68320507
          ],
          [
            39.66889511,
            43.68319808
          ],
          [
            39.66888745,
            43.68319008
          ],
          [
            39.66888079,
            43.68318042
          ],
          [
            39.66887279,
            43.68317009
          ],
          [
            39.66886479,
            43.68316076
          ],
          [
            39.66885713,
            43.6831521
          ],
          [
            39.66884947,
            43.68314444
          ],
          [
            39.66884147,
            43.68313644
          ],
          [
            39.66883381,
            43.68312711
          ],
          [
            39.66882615,
            43.68311845
          ],
          [
            39.66881715,
            43.68311079
          ],
          [
            39.66881349,
            43.68310246
          ],
          [
            39.66880883,
            43.68309313
          ],
          [
            39.66880517,
            43.68308513
          ],
          [
            39.66880151,
            43.68307814
          ],
          [
            39.66879852,
            43.68307014
          ],
          [
            39.66879553,
            43.68306115
          ],
          [
            39.66879087,
            43.68305182
          ],
          [
            39.66878688,
            43.68304249
          ],
          [
            39.66878322,
            43.68303383
          ],
          [
            39.66877823,
            43.6830255
          ],
          [
            39.66877457,
            43.68301784
          ],
          [
            39.66876991,
            43.68300985
          ],
          [
            39.66876425,
            43.68300185
          ],
          [
            39.66875826,
            43.68299219
          ],
          [
            39.66875393,
            43.6829832
          ],
          [
            39.66875027,
            43.6829752
          ],
          [
            39.66874594,
            43.68296687
          ],
          [
            39.66874128,
            43.68295888
          ],
          [
            39.66873629,
            43.68295122
          ],
          [
            39.66873163,
            43.68294389
          ],
          [
            39.66872663,
            43.68293756
          ],
          [
            39.66872097,
            43.68293223
          ],
          [
            39.66871631,
            43.68292723
          ],
          [
            39.66871098,
            43.68292224
          ],
          [
            39.66870565,
            43.68291991
          ],
          [
            39.66870065,
            43.68291791
          ],
          [
            39.66869599,
            43.68291458
          ],
          [
            39.66869066,
            43.68291125
          ],
          [
            39.66868467,
            43.68290859
          ],
          [
            39.66867934,
            43.68290693
          ],
          [
            39.66867337,
            43.68290958
          ],
          [
            39.66867403,
            43.68291158
          ],
          [
            39.66867469,
            43.68291491
          ],
          [
            39.66867669,
            43.68291957
          ],
          [
            39.66867935,
            43.6829249
          ],
          [
            39.66868135,
            43.6829269
          ],
          [
            39.66868301,
            43.68292457
          ],
          [
            39.66868367,
            43.68292124
          ],
          [
            39.66868367,
            43.68291791
          ],
          [
            39.66868068,
            43.68291458
          ],
          [
            39.66867135,
            43.68290925
          ],
          [
            39.66866735,
            43.68290525
          ],
          [
            39.66866102,
            43.68289859
          ],
          [
            39.66865369,
            43.68288893
          ],
          [
            39.6686487,
            43.68287927
          ],
          [
            39.6686407,
            43.68286861
          ],
          [
            39.66863237,
            43.68285762
          ],
          [
            39.66862137,
            43.68284529
          ],
          [
            39.66860871,
            43.68283163
          ],
          [
            39.66859838,
            43.68281897
          ],
          [
            39.66859072,
            43.68280664
          ],
          [
            39.66858739,
            43.68279331
          ],
          [
            39.66858673,
            43.68278198
          ],
          [
            39.66858373,
            43.68277165
          ],
          [
            39.66858007,
            43.68276365
          ],
          [
            39.66857574,
            43.68275599
          ],
          [
            39.66857074,
            43.682749
          ],
          [
            39.66856608,
            43.68274301
          ],
          [
            39.66855742,
            43.68273435
          ],
          [
            39.66855143,
            43.68272735
          ],
          [
            39.6685441,
            43.68271836
          ],
          [
            39.66853711,
            43.68270736
          ],
          [
            39.66853211,
            43.68269903
          ],
          [
            39.66852778,
            43.68269004
          ],
          [
            39.66852178,
            43.68268138
          ],
          [
            39.66851879,
            43.68267072
          ],
          [
            39.66851513,
            43.68265573
          ],
          [
            39.66851013,
            43.68264407
          ],
          [
            39.66850247,
            43.68263441
          ],
          [
            39.66849647,
            43.68262442
          ],
          [
            39.66849181,
            43.68261442
          ],
          [
            39.66848548,
            43.68260843
          ],
          [
            39.66837777375,
            43.6825950575
          ],
          [
            39.6682700675,
            43.682581685
          ],
          [
            39.66816236125,
            43.6825683125
          ],
          [
            39.668054655,
            43.68255494
          ],
          [
            39.66794694875,
            43.682541567499996
          ],
          [
            39.667839242499994,
            43.682528194999996
          ],
          [
            39.667731536249995,
            43.682514822499996
          ],
          [
            39.66762383,
            43.68250145
          ],
          [
            39.66770638333333,
            43.68247989666666
          ],
          [
            39.66778893666667,
            43.68245834333333
          ],
          [
            39.66787149,
            43.68243679
          ],
          [
            39.66793082,
            43.68242346
          ],
          [
            39.66799415,
            43.68240647
          ],
          [
            39.66803748,
            43.68239348
          ],
          [
            39.66806414,
            43.68238482
          ],
          [
            39.66810980636364,
            43.682303184545454
          ],
          [
            39.66815547272727,
            43.68222154909091
          ],
          [
            39.66820113909091,
            43.68213991363636
          ],
          [
            39.668246805454544,
            43.68205827818182
          ],
          [
            39.668292471818184,
            43.68197664272727
          ],
          [
            39.66833813818182,
            43.68189500727273
          ],
          [
            39.668383804545456,
            43.68181337181818
          ],
          [
            39.66842947090909,
            43.68173173636364
          ],
          [
            39.66847513727273,
            43.68165010090909
          ],
          [
            39.66852080363636,
            43.681568465454546
          ],
          [
            39.66856647,
            43.68148683
          ],
          [
            39.66853281,
            43.68148949
          ],
          [
            39.66850382,
            43.68148783
          ],
          [
            39.66845183,
            43.68148783
          ],
          [
            39.66839817,
            43.68148949
          ],
          [
            39.66836218,
            43.68148683
          ],
          [
            39.66833919,
            43.6814835
          ],
          [
            39.66831619,
            43.68147984
          ],
          [
            39.6683122,
            43.68146718
          ],
          [
            39.66831986,
            43.68145019
          ],
          [
            39.66832919,
            43.6814322
          ],
          [
            39.66833385,
            43.68141854
          ],
          [
            39.66832352,
            43.68141021
          ],
          [
            39.66831352,
            43.68140088
          ],
          [
            39.66830586,
            43.68139255
          ],
          [
            39.66829953,
            43.68138555
          ],
          [
            39.66829487,
            43.68137789
          ],
          [
            39.66826821,
            43.68136989
          ],
          [
            39.66826222,
            43.68137155
          ],
          [
            39.66816811,
            43.68131777333333
          ],
          [
            39.668074,
            43.681263996666665
          ],
          [
            39.66797989,
            43.68121022
          ],
          [
            39.6679739,
            43.68120723
          ],
          [
            39.6679629,
            43.6812009
          ],
          [
            39.66794724,
            43.68119457
          ],
          [
            39.66793558,
            43.68118591
          ],
          [
            39.66792458,
            43.68118158
          ],
          [
            39.66791259,
            43.68117825
          ],
          [
            39.66791026,
            43.68117159
          ],
          [
            39.66790727,
            43.68116493
          ],
          [
            39.66790927,
            43.6811576
          ],
          [
            39.66791293,
            43.68114727
          ],
          [
            39.66791692,
            43.68113861
          ],
          [
            39.66792592,
            43.68112795
          ],
          [
            39.66794258,
            43.68111395
          ],
          [
            39.66796224,
            43.68109829
          ],
          [
            39.66798557,
            43.6810863
          ],
          [
            39.66800256,
            43.68107897
          ],
          [
            39.66802655,
            43.68107331
          ],
          [
            39.66805855,
            43.68106132
          ],
          [
            39.66808288,
            43.68104766
          ],
          [
            39.66809821,
            43.68103233
          ],
          [
            39.66810487,
            43.68101667
          ],
          [
            39.6681082,
            43.68100201
          ],
          [
            39.6681092,
            43.68099002
          ],
          [
            39.66810953,
            43.68096202
          ],
          [
            39.6681082,
            43.68095903
          ],
          [
            39.668084035,
            43.68091553
          ],
          [
            39.66805987,
            43.68087203
          ],
          [
            39.66806853,
            43.6808637
          ],
          [
            39.66808219,
            43.68085104
          ],
          [
            39.66809285,
            43.68083771
          ],
          [
            39.66810218,
            43.68082471
          ],
          [
            39.66811718,
            43.68081038
          ],
          [
            39.66813417,
            43.68079205
          ],
          [
            39.66814817,
            43.68077406
          ],
          [
            39.66815883,
            43.6807564
          ],
          [
            39.66816183,
            43.68074074
          ],
          [
            39.66816216,
            43.68072575
          ],
          [
            39.66816315,
            43.68071242
          ],
          [
            39.66816515,
            43.68070142
          ],
          [
            39.66816681,
            43.68069042
          ],
          [
            39.66817047,
            43.68067743
          ],
          [
            39.66817213,
            43.68066543
          ],
          [
            39.66816914,
            43.6806541
          ],
          [
            39.66815048,
            43.68064577
          ],
          [
            39.66812949,
            43.68063878
          ],
          [
            39.66810883,
            43.68063245
          ],
          [
            39.66809317,
            43.68062745
          ],
          [
            39.66807851,
            43.68062345
          ],
          [
            39.66806352,
            43.68061879
          ],
          [
            39.66804952,
            43.68061346
          ],
          [
            39.66803552,
            43.68060546
          ],
          [
            39.66802386,
            43.68059647
          ],
          [
            39.6680102,
            43.68058681
          ],
          [
            39.6679972,
            43.68057815
          ],
          [
            39.66798687,
            43.68057182
          ],
          [
            39.66797821,
            43.68056516
          ],
          [
            39.66797055,
            43.68055783
          ],
          [
            39.66796622,
            43.68055017
          ],
          [
            39.66796223,
            43.68054218
          ],
          [
            39.6679599,
            43.68053385
          ],
          [
            39.66795657,
            43.68052585
          ],
          [
            39.66795324,
            43.68051752
          ],
          [
            39.66794858,
            43.68051019
          ],
          [
            39.66794425,
            43.6805042
          ],
          [
            39.66794059,
            43.68049987
          ],
          [
            39.66793826,
            43.68049621
          ],
          [
            39.66793626,
            43.68049322
          ],
          [
            39.66793427,
            43.68049122
          ],
          [
            39.66793593,
            43.68049155
          ],
          [
            39.66793726,
            43.68049188
          ],
          [
            39.66793493,
            43.68049055
          ],
          [
            39.66793127,
            43.68048789
          ],
          [
            39.66792461,
            43.6804809
          ],
          [
            39.66791795,
            43.68047324
          ],
          [
            39.66791129,
            43.68046658
          ],
          [
            39.66790663,
            43.68046092
          ],
          [
            39.66790263,
            43.68045459
          ],
          [
            39.6679003,
            43.6804476
          ],
          [
            39.6678973,
            43.68044027
          ],
          [
            39.66789497,
            43.68043294
          ],
          [
            39.66789297,
            43.68042528
          ],
          [
            39.66788898,
            43.68041795
          ],
          [
            39.66788465,
            43.68041029
          ],
          [
            39.66788066,
            43.68040229
          ],
          [
            39.66787833,
            43.68039496
          ],
          [
            39.667877,
            43.68038763
          ],
          [
            39.66787467,
            43.68038097
          ],
          [
            39.66787268,
            43.68037531
          ],
          [
            39.66787102,
            43.68036998
          ],
          [
            39.66786969,
            43.68036465
          ],
          [
            39.66786903,
            43.68036099
          ],
          [
            39.66786804,
            43.68035733
          ],
          [
            39.66786471,
            43.68035333
          ],
          [
            39.66786205,
            43.68034934
          ],
          [
            39.66785906,
            43.68034535
          ],
          [
            39.66785607,
            43.68034002
          ],
          [
            39.66785308,
            43.68033469
          ],
          [
            39.66784975,
            43.68032969
          ],
          [
            39.66784642,
            43.68032403
          ],
          [
            39.66784509,
            43.68031804
          ],
          [
            39.66784509,
            43.68031171
          ],
          [
            39.66784509,
            43.68030571
          ],
          [
            39.66784509,
            43.68030005
          ],
          [
            39.66784509,
            43.68029406
          ],
          [
            39.66784542,
            43.6802874
          ],
          [
            39.66784509,
            43.68028074
          ],
          [
            39.66784509,
            43.68027408
          ],
          [
            39.66784509,
            43.68026742
          ],
          [
            39.66784376,
            43.68026076
          ],
          [
            39.66784277,
            43.68025343
          ],
          [
            39.66784244,
            43.68024543
          ],
          [
            39.66784211,
            43.6802381
          ],
          [
            39.66784244,
            43.68023044
          ],
          [
            39.66784277,
            43.68022178
          ],
          [
            39.6678431,
            43.68021312
          ],
          [
            39.66784244,
            43.68020479
          ],
          [
            39.66784211,
            43.68019713
          ],
          [
            39.66784178,
            43.68018847
          ],
          [
            39.66784112,
            43.68018014
          ],
          [
            39.66783979,
            43.68017214
          ],
          [
            39.66783913,
            43.68016548
          ],
          [
            39.6678368,
            43.68015882
          ],
          [
            39.66783314,
            43.68015283
          ],
          [
            39.66782981,
            43.68014817
          ],
          [
            39.66782515,
            43.68014318
          ],
          [
            39.66781982,
            43.68013752
          ],
          [
            39.66781316,
            43.68013219
          ],
          [
            39.6678065,
            43.68012686
          ],
          [
            39.66780051,
            43.68012087
          ],
          [
            39.66779485,
            43.68011354
          ],
          [
            39.66778886,
            43.68010621
          ],
          [
            39.66777953,
            43.68009988
          ],
          [
            39.66776753,
            43.68009489
          ],
          [
            39.6677552,
            43.68008989
          ],
          [
            39.66774254,
            43.68008356
          ],
          [
            39.66773088,
            43.6800769
          ],
          [
            39.66772189,
            43.68007024
          ],
          [
            39.66771423,
            43.68006291
          ],
          [
            39.66770657,
            43.68005625
          ],
          [
            39.66769791,
            43.68004859
          ],
          [
            39.66768958,
            43.68003993
          ],
          [
            39.66768225,
            43.6800316
          ],
          [
            39.66767725,
            43.68002261
          ],
          [
            39.66767392,
            43.68001395
          ],
          [
            39.66766959,
            43.68000462
          ],
          [
            39.6676646,
            43.67999563
          ],
          [
            39.66765794,
            43.67998697
          ],
          [
            39.66765161,
            43.67997798
          ],
          [
            39.66764562,
            43.67996832
          ],
          [
            39.66763996,
            43.67995866
          ],
          [
            39.6676353,
            43.67994867
          ],
          [
            39.66762864,
            43.67993901
          ],
          [
            39.66762331,
            43.67992968
          ],
          [
            39.66761798,
            43.67992069
          ],
          [
            39.66761199,
            43.67991069
          ],
          [
            39.667606,
            43.67990069
          ],
          [
            39.667601,
            43.67988936
          ],
          [
            39.66759534,
            43.6798767
          ],
          [
            39.66759001,
            43.6798637
          ],
          [
            39.66758735,
            43.67985171
          ],
          [
            39.66758569,
            43.67983938
          ],
          [
            39.66758503,
            43.67982738
          ],
          [
            39.66758437,
            43.67981539
          ],
          [
            39.6675847,
            43.67980373
          ],
          [
            39.6675867,
            43.67979174
          ],
          [
            39.66759603,
            43.67977874
          ],
          [
            39.66760436,
            43.67976641
          ],
          [
            39.66761202,
            43.67975475
          ],
          [
            39.66761568,
            43.67973842
          ],
          [
            39.66762834,
            43.67972076
          ],
          [
            39.66764633,
            43.6797021
          ],
          [
            39.66766299,
            43.67968511
          ],
          [
            39.66768865,
            43.67966711
          ],
          [
            39.66771565,
            43.67964945
          ],
          [
            39.66774598,
            43.67963146
          ],
          [
            39.66776631,
            43.67961513
          ],
          [
            39.66779264,
            43.67959814
          ],
          [
            39.66780664,
            43.67958315
          ],
          [
            39.66782397,
            43.67956782
          ],
          [
            39.66783397,
            43.67955416
          ],
          [
            39.66783763,
            43.6795415
          ],
          [
            39.6678373,
            43.67952984
          ],
          [
            39.66783364,
            43.67951951
          ],
          [
            39.66782798,
            43.67950985
          ],
          [
            39.66782365,
            43.67950052
          ],
          [
            39.66781599,
            43.67948986
          ],
          [
            39.66781632,
            43.67947853
          ],
          [
            39.66781499,
            43.6794672
          ],
          [
            39.66781499,
            43.67945754
          ],
          [
            39.667811,
            43.67944754
          ],
          [
            39.66780734,
            43.67943755
          ],
          [
            39.66780501,
            43.67942489
          ],
          [
            39.66780168,
            43.6794119
          ],
          [
            39.66779502,
            43.6794009
          ],
          [
            39.66778569,
            43.67938957
          ],
          [
            39.66777669,
            43.67938024
          ],
          [
            39.66776936,
            43.67937225
          ],
          [
            39.66776103,
            43.67936625
          ],
          [
            39.6677527,
            43.67936092
          ],
          [
            39.66774537,
            43.67935492
          ],
          [
            39.66774204,
            43.67935059
          ],
          [
            39.66774138,
            43.67934659
          ],
          [
            39.66774039,
            43.6793426
          ],
          [
            39.66773906,
            43.67933861
          ],
          [
            39.66773807,
            43.67933428
          ],
          [
            39.66773407,
            43.67932962
          ],
          [
            39.66772641,
            43.67932429
          ],
          [
            39.66771408,
            43.67931896
          ],
          [
            39.66770175,
            43.67931463
          ],
          [
            39.66769042,
            43.67930864
          ],
          [
            39.66768176,
            43.67930098
          ],
          [
            39.66767376,
            43.67929298
          ],
          [
            39.6676681,
            43.67928532
          ],
          [
            39.66766577,
            43.67927899
          ],
          [
            39.66766411,
            43.67927366
          ],
          [
            39.66766411,
            43.67926866
          ],
          [
            39.66766444,
            43.67926366
          ],
          [
            39.66766477,
            43.67925733
          ],
          [
            39.66766643,
            43.67925033
          ],
          [
            39.66766843,
            43.679242
          ],
          [
            39.66766976,
            43.679231
          ],
          [
            39.66766877,
            43.67921834
          ],
          [
            39.66766511,
            43.67920601
          ],
          [
            39.66766045,
            43.67919401
          ],
          [
            39.66765312,
            43.67918268
          ],
          [
            39.66764646,
            43.67917069
          ],
          [
            39.6676408,
            43.67915836
          ],
          [
            39.6676358,
            43.6791467
          ],
          [
            39.66763147,
            43.67913504
          ],
          [
            39.667560805,
            43.679091375
          ],
          [
            39.66749014,
            43.67904771
          ],
          [
            39.66748614,
            43.67904538
          ],
          [
            39.66746815,
            43.67904738
          ],
          [
            39.66748381,
            43.67903005
          ],
          [
            39.66749714,
            43.67901139
          ],
          [
            39.66750947,
            43.6789914
          ],
          [
            39.66752447,
            43.67896841
          ],
          [
            39.66753313,
            43.67894842
          ],
          [
            39.66753679,
            43.67892676
          ],
          [
            39.66753745,
            43.67890643
          ],
          [
            39.66753179,
            43.67888844
          ],
          [
            39.66751913,
            43.67887344
          ],
          [
            39.6675048,
            43.67885911
          ],
          [
            39.6674918,
            43.67884511
          ],
          [
            39.66747981,
            43.67883178
          ],
          [
            39.66746915,
            43.67881812
          ],
          [
            39.66745949,
            43.67880412
          ],
          [
            39.66744983,
            43.67878979
          ],
          [
            39.66743384,
            43.67877779
          ],
          [
            39.66741851,
            43.6787678
          ],
          [
            39.66740451,
            43.67875914
          ],
          [
            39.66739218,
            43.67875048
          ],
          [
            39.66738319,
            43.67874282
          ],
          [
            39.66737619,
            43.67873683
          ],
          [
            39.6673672,
            43.67873117
          ],
          [
            39.66735854,
            43.67872584
          ],
          [
            39.66735388,
            43.67872351
          ],
          [
            39.66734822,
            43.67871985
          ],
          [
            39.66734056,
            43.67871519
          ],
          [
            39.6673299,
            43.67870686
          ],
          [
            39.66731724,
            43.67869787
          ],
          [
            39.66730324,
            43.67868721
          ],
          [
            39.66728758,
            43.67867621
          ],
          [
            39.66727392,
            43.67866488
          ],
          [
            39.66725926,
            43.67865422
          ],
          [
            39.6672456,
            43.67864489
          ],
          [
            39.66723594,
            43.67863823
          ],
          [
            39.66723128,
            43.6786319
          ],
          [
            39.66721962,
            43.67862391
          ],
          [
            39.66720529,
            43.67861491
          ],
          [
            39.66718863,
            43.67860625
          ],
          [
            39.6671713,
            43.67859825
          ],
          [
            39.6671603,
            43.67858592
          ],
          [
            39.66714764,
            43.67857259
          ],
          [
            39.66713331,
            43.67856093
          ],
          [
            39.66712031,
            43.67854927
          ],
          [
            39.66710698,
            43.67854394
          ],
          [
            39.66709699,
            43.67854095
          ],
          [
            39.66709166,
            43.67853729
          ],
          [
            39.667086,
            43.67853396
          ],
          [
            39.66707967,
            43.67853163
          ],
          [
            39.66707167,
            43.67852963
          ],
          [
            39.66706401,
            43.67852697
          ],
          [
            39.66705435,
            43.67852364
          ],
          [
            39.66704235,
            43.67851731
          ],
          [
            39.66702969,
            43.67851031
          ],
          [
            39.66701803,
            43.67850332
          ],
          [
            39.6670087,
            43.67849632
          ],
          [
            39.66700137,
            43.67848766
          ],
          [
            39.66699637,
            43.67847767
          ],
          [
            39.66699137,
            43.67846734
          ],
          [
            39.66698371,
            43.67845768
          ],
          [
            39.66697571,
            43.67844369
          ],
          [
            39.66696838,
            43.67843103
          ],
          [
            39.66696038,
            43.6784177
          ],
          [
            39.66695305,
            43.67840571
          ],
          [
            39.66694739,
            43.67839738
          ],
          [
            39.66694073,
            43.67839105
          ],
          [
            39.66693507,
            43.67838372
          ],
          [
            39.66693008,
            43.67838206
          ],
          [
            39.66692742,
            43.67838372
          ],
          [
            39.66692409,
            43.67838772
          ],
          [
            39.66692409,
            43.67839171
          ],
          [
            39.66692475,
            43.67839404
          ],
          [
            39.66692209,
            43.67839637
          ],
          [
            39.66691476,
            43.6783977
          ],
          [
            39.6669071,
            43.6783997
          ],
          [
            39.66690177,
            43.67840303
          ],
          [
            39.66689878,
            43.67840769
          ],
          [
            39.66689612,
            43.67841135
          ],
          [
            39.66689513,
            43.67841601
          ],
          [
            39.66684747,
            43.678465
          ],
          [
            39.66684381,
            43.67846833
          ],
          [
            39.66683515,
            43.67847432
          ],
          [
            39.66682282,
            43.67848298
          ],
          [
            39.66681383,
            43.67849498
          ],
          [
            39.66680384,
            43.67850664
          ],
          [
            39.66679051,
            43.6785193
          ],
          [
            39.66678218,
            43.6785293
          ],
          [
            39.66677352,
            43.67853629
          ],
          [
            39.66676686,
            43.67854029
          ],
          [
            39.6667612,
            43.67854395
          ],
          [
            39.66675287,
            43.67854895
          ],
          [
            39.66674387,
            43.67855461
          ],
          [
            39.66673454,
            43.67855927
          ],
          [
            39.66672788,
            43.67856493
          ],
          [
            39.66671688,
            43.67857092
          ],
          [
            39.66670555,
            43.67857958
          ],
          [
            39.66669555,
            43.67858891
          ],
          [
            39.66668289,
            43.67859991
          ],
          [
            39.66661889,
            43.67865957
          ],
          [
            39.66661889,
            43.67866157
          ],
          [
            39.66661189,
            43.6786659
          ],
          [
            39.66660956,
            43.67867123
          ],
          [
            39.66661255,
            43.67867789
          ],
          [
            39.66661055,
            43.67868455
          ],
          [
            39.66660855,
            43.67869321
          ],
          [
            39.66660622,
            43.67870187
          ],
          [
            39.66660323,
            43.67870953
          ],
          [
            39.66659824,
            43.67871686
          ],
          [
            39.66659324,
            43.67872485
          ],
          [
            39.6665969,
            43.67873418
          ],
          [
            39.66661523,
            43.67874617
          ],
          [
            39.66662722,
            43.67876083
          ],
          [
            39.66664255,
            43.67877683
          ],
          [
            39.66665321,
            43.67879416
          ],
          [
            39.66666087,
            43.67881016
          ],
          [
            39.6666682,
            43.67882615
          ],
          [
            39.6666762,
            43.67884148
          ],
          [
            39.6666862,
            43.67885614
          ],
          [
            39.66669319,
            43.67887014
          ],
          [
            39.66669652,
            43.67888247
          ],
          [
            39.66670152,
            43.67889346
          ],
          [
            39.66670385,
            43.67890312
          ],
          [
            39.66670585,
            43.67891178
          ],
          [
            39.66670785,
            43.67892011
          ],
          [
            39.66670951,
            43.67892844
          ],
          [
            39.66671084,
            43.67893743
          ],
          [
            39.6667135,
            43.67894709
          ],
          [
            39.66671549,
            43.67895642
          ],
          [
            39.66672015,
            43.67896708
          ],
          [
            39.66672381,
            43.67897674
          ],
          [
            39.6667298,
            43.6789864
          ],
          [
            39.66673613,
            43.6789954
          ],
          [
            39.66673779,
            43.67900306
          ],
          [
            39.66673746,
            43.67901106
          ],
          [
            39.66673647,
            43.67901839
          ],
          [
            39.66673547,
            43.67902572
          ],
          [
            39.66673348,
            43.67903572
          ],
          [
            39.66672848,
            43.67904872
          ],
          [
            39.66671915,
            43.67906238
          ],
          [
            39.66671049,
            43.67907604
          ],
          [
            39.6667025,
            43.67909337
          ],
          [
            39.6666945,
            43.67910837
          ],
          [
            39.66668884,
            43.67912103
          ],
          [
            39.66668551,
            43.67913036
          ],
          [
            39.66668351,
            43.67913902
          ],
          [
            39.66668384,
            43.67914668
          ],
          [
            39.66668517,
            43.67915234
          ],
          [
            39.666608005,
            43.679160005
          ],
          [
            39.66653084,
            43.67916767
          ],
          [
            39.66653183,
            43.67917267
          ],
          [
            39.66652117,
            43.67917733
          ],
          [
            39.66650851,
            43.67918399
          ],
          [
            39.66649951,
            43.67919132
          ],
          [
            39.66649318,
            43.67919798
          ],
          [
            39.66648685,
            43.67920464
          ],
          [
            39.66641086,
            43.67925597
          ],
          [
            39.66640787,
            43.67925863
          ],
          [
            39.66640387,
            43.67926196
          ],
          [
            39.66639754,
            43.67927029
          ],
          [
            39.666345542,
            43.67933249
          ],
          [
            39.666293544,
            43.67939469
          ],
          [
            39.666241546,
            43.67945689
          ],
          [
            39.666189548,
            43.67951909
          ],
          [
            39.66613755,
            43.67958129
          ],
          [
            39.66613156,
            43.67958395
          ],
          [
            39.66612323,
            43.67958595
          ],
          [
            39.66611357,
            43.67959128
          ],
          [
            39.66610124,
            43.67959728
          ],
          [
            39.66609424,
            43.67960994
          ],
          [
            39.66607891,
            43.6796206
          ],
          [
            39.66606491,
            43.67963193
          ],
          [
            39.66605725,
            43.67964559
          ],
          [
            39.66604992,
            43.67965925
          ],
          [
            39.66604159,
            43.67967391
          ],
          [
            39.66603226,
            43.6796889
          ],
          [
            39.66602427,
            43.67970223
          ],
          [
            39.66600427,
            43.67971189
          ],
          [
            39.66598961,
            43.67971955
          ],
          [
            39.66597528,
            43.67972655
          ],
          [
            39.66597594,
            43.67973588
          ],
          [
            39.6659886,
            43.67974254
          ],
          [
            39.6660046,
            43.6797512
          ],
          [
            39.66602359,
            43.67976386
          ],
          [
            39.66603825,
            43.67977319
          ],
          [
            39.66604991,
            43.67978352
          ],
          [
            39.66605957,
            43.67979185
          ],
          [
            39.66606523,
            43.67980018
          ],
          [
            39.66606723,
            43.67980917
          ],
          [
            39.66607389,
            43.67982383
          ],
          [
            39.66608055,
            43.67984049
          ],
          [
            39.66608721,
            43.67985748
          ],
          [
            39.66608588,
            43.67986548
          ],
          [
            39.66608088,
            43.67987014
          ],
          [
            39.66607555,
            43.67987247
          ],
          [
            39.66607355,
            43.6798758
          ],
          [
            39.66607089,
            43.67987646
          ],
          [
            39.66606756,
            43.67987613
          ],
          [
            39.66606223,
            43.6798748
          ],
          [
            39.6660549,
            43.67987314
          ],
          [
            39.66604857,
            43.67987214
          ],
          [
            39.66604357,
            43.67987048
          ],
          [
            39.66604091,
            43.67986782
          ],
          [
            39.66604025,
            43.67986549
          ],
          [
            39.66604025,
            43.67986383
          ],
          [
            39.66604025,
            43.6798625
          ],
          [
            39.66604258,
            43.67985951
          ],
          [
            39.66604126,
            43.67985352
          ],
          [
            39.66604093,
            43.67985219
          ],
          [
            39.6660216,
            43.67984453
          ],
          [
            39.66597594,
            43.67982187
          ],
          [
            39.66594995,
            43.67981388
          ],
          [
            39.66592696,
            43.67980422
          ],
          [
            39.66590263,
            43.67979622
          ],
          [
            39.66587664,
            43.67978356
          ],
          [
            39.66585198,
            43.67977323
          ],
          [
            39.66583099,
            43.6797629
          ],
          [
            39.66580833,
            43.67975091
          ],
          [
            39.66578733,
            43.67974225
          ],
          [
            39.66576934,
            43.67973492
          ],
          [
            39.66575334,
            43.67972859
          ],
          [
            39.66573901,
            43.67972493
          ],
          [
            39.66572501,
            43.67972127
          ],
          [
            39.66571268,
            43.67971994
          ],
          [
            39.66570168,
            43.67971895
          ],
          [
            39.66568735,
            43.67971596
          ],
          [
            39.66567469,
            43.67971396
          ],
          [
            39.66566369,
            43.6797133
          ],
          [
            39.6656547,
            43.67971429
          ],
          [
            39.66564504,
            43.67971495
          ],
          [
            39.66563538,
            43.67971528
          ],
          [
            39.66562605,
            43.67971561
          ],
          [
            39.66561739,
            43.67971495
          ],
          [
            39.66560939,
            43.67971528
          ],
          [
            39.66560006,
            43.67971362
          ],
          [
            39.66558973,
            43.67971196
          ],
          [
            39.66557674,
            43.6797103
          ],
          [
            39.66556441,
            43.67970964
          ],
          [
            39.66555275,
            43.67970964
          ],
          [
            39.66554142,
            43.67970931
          ],
          [
            39.66552842,
            43.67970798
          ],
          [
            39.66551476,
            43.67970598
          ],
          [
            39.6655011,
            43.67970265
          ],
          [
            39.66548844,
            43.67969999
          ],
          [
            39.66547511,
            43.67969666
          ],
          [
            39.66546278,
            43.679693
          ],
          [
            39.66545145,
            43.67968934
          ],
          [
            39.66543979,
            43.67968535
          ],
          [
            39.66542813,
            43.67968102
          ],
          [
            39.6654158,
            43.67967769
          ],
          [
            39.66540114,
            43.67967569
          ],
          [
            39.66538548,
            43.67967436
          ],
          [
            39.66537182,
            43.6796737
          ],
          [
            39.66535682,
            43.6796727
          ],
          [
            39.66534316,
            43.67967204
          ],
          [
            39.66533017,
            43.67967171
          ],
          [
            39.66531717,
            43.67967072
          ],
          [
            39.66530251,
            43.67966972
          ],
          [
            39.66528851,
            43.67966906
          ],
          [
            39.66527485,
            43.67966706
          ],
          [
            39.66526119,
            43.6796654
          ],
          [
            39.6652492,
            43.67966307
          ],
          [
            39.66523787,
            43.67965941
          ],
          [
            39.66522521,
            43.67965875
          ],
          [
            39.66521221,
            43.67965908
          ],
          [
            39.66519988,
            43.67966074
          ],
          [
            39.66518822,
            43.67966207
          ],
          [
            39.66517656,
            43.67966373
          ],
          [
            39.6651659,
            43.67966539
          ],
          [
            39.66515524,
            43.67966572
          ],
          [
            39.66514424,
            43.67966605
          ],
          [
            39.66513424,
            43.67966605
          ],
          [
            39.66512624,
            43.67966605
          ],
          [
            39.66512058,
            43.67966671
          ],
          [
            39.66511559,
            43.67966737
          ],
          [
            39.66510893,
            43.67966671
          ],
          [
            39.6651006,
            43.67966538
          ],
          [
            39.66509294,
            43.67966438
          ],
          [
            39.66508561,
            43.67966305
          ],
          [
            39.66507828,
            43.67966206
          ],
          [
            39.66507195,
            43.67966106
          ],
          [
            39.66506362,
            43.67965973
          ],
          [
            39.66505529,
            43.67965973
          ],
          [
            39.66504563,
            43.67965973
          ],
          [
            39.66503497,
            43.67965973
          ],
          [
            39.66502331,
            43.67965973
          ],
          [
            39.66501065,
            43.67965907
          ],
          [
            39.66499599,
            43.67965841
          ],
          [
            39.66498133,
            43.67965941
          ],
          [
            39.66496634,
            43.67966074
          ],
          [
            39.66495168,
            43.6796624
          ],
          [
            39.66493669,
            43.67966373
          ],
          [
            39.66492136,
            43.67966472
          ],
          [
            39.66490636,
            43.67966605
          ],
          [
            39.6648927,
            43.67966805
          ],
          [
            39.66487937,
            43.67966938
          ],
          [
            39.66486671,
            43.67967071
          ],
          [
            39.66485205,
            43.67966671
          ],
          [
            39.66483872,
            43.67966238
          ],
          [
            39.66482506,
            43.67965572
          ],
          [
            39.6648114,
            43.67964906
          ],
          [
            39.66479941,
            43.67964273
          ],
          [
            39.66478808,
            43.67963674
          ],
          [
            39.66477809,
            43.67962974
          ],
          [
            39.66476943,
            43.67962308
          ],
          [
            39.66476143,
            43.67961709
          ],
          [
            39.66475343,
            43.67961076
          ],
          [
            39.66474577,
            43.67960543
          ],
          [
            39.66473911,
            43.6796011
          ],
          [
            39.66473278,
            43.67959644
          ],
          [
            39.66472612,
            43.67959078
          ],
          [
            39.66471946,
            43.67958578
          ],
          [
            39.66471213,
            43.67957912
          ],
          [
            39.66470514,
            43.67957279
          ],
          [
            39.66469881,
            43.67956613
          ],
          [
            39.66469182,
            43.67955947
          ],
          [
            39.66468516,
            43.67955348
          ],
          [
            39.6646775,
            43.67954815
          ],
          [
            39.66466817,
            43.67954249
          ],
          [
            39.66466084,
            43.67953583
          ],
          [
            39.66465518,
            43.67953017
          ],
          [
            39.66465018,
            43.67952517
          ],
          [
            39.66464585,
            43.67952117
          ],
          [
            39.66464319,
            43.67951784
          ],
          [
            39.66464053,
            43.67951385
          ],
          [
            39.66463687,
            43.67950952
          ],
          [
            39.66463121,
            43.67950353
          ],
          [
            39.66462322,
            43.67949853
          ],
          [
            39.66461589,
            43.67949287
          ],
          [
            39.66460856,
            43.67948754
          ],
          [
            39.66460056,
            43.67948255
          ],
          [
            39.6645919,
            43.67947789
          ],
          [
            39.66458457,
            43.67947323
          ],
          [
            39.66457591,
            43.67946857
          ],
          [
            39.66456692,
            43.67946357
          ],
          [
            39.66455726,
            43.67945791
          ],
          [
            39.6645476,
            43.67945258
          ],
          [
            39.66453927,
            43.67944692
          ],
          [
            39.66453127,
            43.67944059
          ],
          [
            39.66452261,
            43.67943359
          ],
          [
            39.66451528,
            43.6794266
          ],
          [
            39.66450762,
            43.67941927
          ],
          [
            39.66449996,
            43.67941094
          ],
          [
            39.66449163,
            43.67940228
          ],
          [
            39.66448363,
            43.67939395
          ],
          [
            39.6644753,
            43.67938629
          ],
          [
            39.6644683,
            43.6793783
          ],
          [
            39.66446164,
            43.6793703
          ],
          [
            39.66445398,
            43.67936264
          ],
          [
            39.66444765,
            43.67935498
          ],
          [
            39.66444099,
            43.67934765
          ],
          [
            39.66443466,
            43.67933965
          ],
          [
            39.66442866,
            43.67933165
          ],
          [
            39.66442233,
            43.67932299
          ],
          [
            39.664416,
            43.67931433
          ],
          [
            39.66441001,
            43.67930567
          ],
          [
            39.66440468,
            43.67929734
          ],
          [
            39.66439935,
            43.67928901
          ],
          [
            39.66439502,
            43.67928068
          ],
          [
            39.66439103,
            43.67927235
          ],
          [
            39.66438704,
            43.67926369
          ],
          [
            39.66438271,
            43.67925536
          ],
          [
            39.66437838,
            43.6792467
          ],
          [
            39.66437405,
            43.67923804
          ],
          [
            39.66437106,
            43.67922938
          ],
          [
            39.6643694,
            43.67922105
          ],
          [
            39.66436674,
            43.67921172
          ],
          [
            39.66436475,
            43.67920239
          ],
          [
            39.66436275,
            43.67919273
          ],
          [
            39.66436209,
            43.67918273
          ],
          [
            39.66436275,
            43.6791724
          ],
          [
            39.66436275,
            43.67916074
          ],
          [
            39.66436374,
            43.67914908
          ],
          [
            39.6643654,
            43.67913742
          ],
          [
            39.66436773,
            43.67912642
          ],
          [
            39.66437139,
            43.67911509
          ],
          [
            39.66437405,
            43.67910443
          ],
          [
            39.66437771,
            43.67909377
          ],
          [
            39.66438237,
            43.67908344
          ],
          [
            39.66438737,
            43.67907344
          ],
          [
            39.66439303,
            43.67906311
          ],
          [
            39.66439902,
            43.67905378
          ],
          [
            39.66440468,
            43.67904412
          ],
          [
            39.66441201,
            43.67903579
          ],
          [
            39.66441967,
            43.67902746
          ],
          [
            39.664427,
            43.67901913
          ],
          [
            39.66443399,
            43.67901147
          ],
          [
            39.66444165,
            43.67900414
          ],
          [
            39.66444898,
            43.67899648
          ],
          [
            39.66445664,
            43.67898848
          ],
          [
            39.6644643,
            43.67897982
          ],
          [
            39.6644723,
            43.67897049
          ],
          [
            39.66448129,
            43.67896083
          ],
          [
            39.66448929,
            43.67895117
          ],
          [
            39.66449628,
            43.67894117
          ],
          [
            39.66450294,
            43.67893084
          ],
          [
            39.66450827,
            43.67891984
          ],
          [
            39.6645126,
            43.67890918
          ],
          [
            39.66451493,
            43.67889885
          ],
          [
            39.66451493,
            43.67888785
          ],
          [
            39.6645126,
            43.67887652
          ],
          [
            39.66451027,
            43.67886586
          ],
          [
            39.66450728,
            43.67885487
          ],
          [
            39.66450429,
            43.67884354
          ],
          [
            39.6645003,
            43.67883154
          ],
          [
            39.66449464,
            43.67882021
          ],
          [
            39.66448798,
            43.67880921
          ],
          [
            39.66448265,
            43.67879821
          ],
          [
            39.66447632,
            43.67878822
          ],
          [
            39.66446832,
            43.67877822
          ],
          [
            39.66445866,
            43.67876823
          ],
          [
            39.66444866,
            43.6787589
          ],
          [
            39.66443767,
            43.67875091
          ],
          [
            39.66442534,
            43.67874291
          ],
          [
            39.66441101,
            43.67873558
          ],
          [
            39.66439602,
            43.67872859
          ],
          [
            39.66438069,
            43.67872193
          ],
          [
            39.66436636,
            43.67871427
          ],
          [
            39.66435236,
            43.67870794
          ],
          [
            39.66433803,
            43.67870128
          ],
          [
            39.66432403,
            43.67869495
          ],
          [
            39.66431037,
            43.67868829
          ],
          [
            39.66429671,
            43.6786823
          ],
          [
            39.66428338,
            43.67867764
          ],
          [
            39.66427005,
            43.67867264
          ],
          [
            39.66425739,
            43.67866731
          ],
          [
            39.66424306,
            43.67866331
          ],
          [
            39.6642284,
            43.67865932
          ],
          [
            39.66421307,
            43.67865566
          ],
          [
            39.66419774,
            43.67865267
          ],
          [
            39.66418308,
            43.67864901
          ],
          [
            39.66416908,
            43.67864602
          ],
          [
            39.66415608,
            43.67864369
          ],
          [
            39.66414309,
            43.67864236
          ],
          [
            39.66412976,
            43.67864137
          ],
          [
            39.66411643,
            43.67864037
          ],
          [
            39.66410243,
            43.67863904
          ],
          [
            39.66408677,
            43.67863871
          ],
          [
            39.66407144,
            43.67864004
          ],
          [
            39.66405611,
            43.67864004
          ],
          [
            39.66404112,
            43.67864004
          ],
          [
            39.66402512,
            43.67863938
          ],
          [
            39.66400879,
            43.67863839
          ],
          [
            39.66399279,
            43.67863706
          ],
          [
            39.6639768,
            43.67863573
          ],
          [
            39.6639608,
            43.67863606
          ],
          [
            39.66394447,
            43.67863772
          ],
          [
            39.66392781,
            43.67863872
          ],
          [
            39.66391015,
            43.67863938
          ],
          [
            39.66389282,
            43.67863971
          ],
          [
            39.66387483,
            43.67863938
          ],
          [
            39.66385683,
            43.67863905
          ],
          [
            39.66383817,
            43.67863872
          ],
          [
            39.66381951,
            43.67863872
          ],
          [
            39.66380218,
            43.67863872
          ],
          [
            39.66378519,
            43.67863872
          ],
          [
            39.66376853,
            43.67863872
          ],
          [
            39.66375253,
            43.67863872
          ],
          [
            39.66373754,
            43.67863872
          ],
          [
            39.66372254,
            43.67863872
          ],
          [
            39.66370888,
            43.67863706
          ],
          [
            39.66369588,
            43.67863607
          ],
          [
            39.66368422,
            43.67863374
          ],
          [
            39.66367256,
            43.67863174
          ],
          [
            39.66366156,
            43.67862908
          ],
          [
            39.66365156,
            43.67862609
          ],
          [
            39.6636409,
            43.67862376
          ],
          [
            39.66363057,
            43.67862043
          ],
          [
            39.66361891,
            43.6786171
          ],
          [
            39.66360758,
            43.67861377
          ],
          [
            39.66359592,
            43.67861011
          ],
          [
            39.66358492,
            43.67860745
          ],
          [
            39.66357359,
            43.67860612
          ],
          [
            39.6635636,
            43.67860446
          ],
          [
            39.66355194,
            43.67860247
          ],
          [
            39.66354128,
            43.67860147
          ],
          [
            39.66353028,
            43.67860081
          ],
          [
            39.66351962,
            43.67860048
          ],
          [
            39.66350829,
            43.67860048
          ],
          [
            39.66349696,
            43.67859915
          ],
          [
            39.66348563,
            43.67859815
          ],
          [
            39.6634733,
            43.67859716
          ],
          [
            39.66345997,
            43.6785965
          ],
          [
            39.66344931,
            43.67859317
          ],
          [
            39.66343898,
            43.67858984
          ],
          [
            39.66342732,
            43.67858785
          ],
          [
            39.66341499,
            43.67858685
          ],
          [
            39.66340233,
            43.67858619
          ],
          [
            39.66338933,
            43.67858453
          ],
          [
            39.663375,
            43.67858354
          ],
          [
            39.66336034,
            43.67858354
          ],
          [
            39.66334568,
            43.67858354
          ],
          [
            39.66333135,
            43.6785842
          ],
          [
            39.66331636,
            43.67858453
          ],
          [
            39.6633017,
            43.67858553
          ],
          [
            39.66328704,
            43.67858619
          ],
          [
            39.66327238,
            43.67858652
          ],
          [
            39.66325739,
            43.67858586
          ],
          [
            39.66324306,
            43.67858619
          ],
          [
            39.6632294,
            43.67858718
          ],
          [
            39.66321574,
            43.67858851
          ],
          [
            39.66320275,
            43.67858917
          ],
          [
            39.66318909,
            43.6785895
          ],
          [
            39.66317543,
            43.6785895
          ],
          [
            39.6631621,
            43.6785905
          ],
          [
            39.66314877,
            43.67859249
          ],
          [
            39.66313611,
            43.67859548
          ],
          [
            39.66312378,
            43.67859881
          ],
          [
            39.66311245,
            43.67860114
          ],
          [
            39.66310079,
            43.67860347
          ],
          [
            39.66308846,
            43.67860547
          ],
          [
            39.6630758,
            43.67860813
          ],
          [
            39.66306247,
            43.67861013
          ],
          [
            39.66304881,
            43.67861146
          ],
          [
            39.66303481,
            43.67861312
          ],
          [
            39.66302048,
            43.67861445
          ],
          [
            39.66300582,
            43.67861611
          ],
          [
            39.66299149,
            43.6786171
          ],
          [
            39.66297849,
            43.67861943
          ],
          [
            39.66296716,
            43.67862309
          ],
          [
            39.66295716,
            43.67862742
          ],
          [
            39.6629465,
            43.67862975
          ],
          [
            39.66293517,
            43.67863141
          ],
          [
            39.66292317,
            43.67863207
          ],
          [
            39.66291118,
            43.67863407
          ],
          [
            39.66289885,
            43.67863573
          ],
          [
            39.66288685,
            43.67863772
          ],
          [
            39.66287419,
            43.67863938
          ],
          [
            39.66286253,
            43.67864171
          ],
          [
            39.66285087,
            43.67864504
          ],
          [
            39.66283787,
            43.6786477
          ],
          [
            39.66282421,
            43.67865003
          ],
          [
            39.66281088,
            43.67865202
          ],
          [
            39.66279655,
            43.67865402
          ],
          [
            39.66278289,
            43.67865568
          ],
          [
            39.66276956,
            43.67865834
          ],
          [
            39.6627579,
            43.678661
          ],
          [
            39.66274624,
            43.67866466
          ],
          [
            39.66273524,
            43.67866865
          ],
          [
            39.66272391,
            43.67867331
          ],
          [
            39.66271158,
            43.67867797
          ],
          [
            39.66269925,
            43.67868296
          ],
          [
            39.66268559,
            43.67868829
          ],
          [
            39.66267226,
            43.67869428
          ],
          [
            39.66265893,
            43.67869994
          ],
          [
            39.66264627,
            43.6787046
          ],
          [
            39.66263394,
            43.67870793
          ],
          [
            39.66262195,
            43.67871126
          ],
          [
            39.66260996,
            43.67871492
          ],
          [
            39.66259696,
            43.67871825
          ],
          [
            39.66258296,
            43.67872091
          ],
          [
            39.66256863,
            43.67872324
          ],
          [
            39.66255463,
            43.6787259
          ],
          [
            39.66254097,
            43.67872956
          ],
          [
            39.66252598,
            43.67873255
          ],
          [
            39.66251065,
            43.67873421
          ],
          [
            39.66249465,
            43.6787362
          ],
          [
            39.66247899,
            43.67873919
          ],
          [
            39.66246366,
            43.67874285
          ],
          [
            39.662449,
            43.67874718
          ],
          [
            39.66243567,
            43.67875084
          ],
          [
            39.66242267,
            43.6787545
          ],
          [
            39.66240901,
            43.67875683
          ],
          [
            39.66239435,
            43.67875816
          ],
          [
            39.66238002,
            43.67875882
          ],
          [
            39.66236669,
            43.67875915
          ],
          [
            39.66235236,
            43.67876081
          ],
          [
            39.6623367,
            43.6787638
          ],
          [
            39.66232204,
            43.67876679
          ],
          [
            39.66230871,
            43.67877012
          ],
          [
            39.66229672,
            43.67877412
          ],
          [
            39.66228539,
            43.67877778
          ],
          [
            39.66227206,
            43.67878011
          ],
          [
            39.6622594,
            43.67878177
          ],
          [
            39.66224707,
            43.67878276
          ],
          [
            39.66223641,
            43.67878409
          ],
          [
            39.66222541,
            43.67878575
          ],
          [
            39.66221342,
            43.67878674
          ],
          [
            39.66220143,
            43.67878874
          ],
          [
            39.66218977,
            43.67879107
          ],
          [
            39.66217777,
            43.6787924
          ],
          [
            39.66216644,
            43.67879473
          ],
          [
            39.66215378,
            43.67879606
          ],
          [
            39.66214112,
            43.67879805
          ],
          [
            39.66212979,
            43.67880005
          ],
          [
            39.66211746,
            43.67880205
          ],
          [
            39.66210446,
            43.67880304
          ],
          [
            39.66209113,
            43.6788057
          ],
          [
            39.66207747,
            43.67881003
          ],
          [
            39.66206447,
            43.67881436
          ],
          [
            39.66205014,
            43.67881769
          ],
          [
            39.66203648,
            43.67882035
          ],
          [
            39.66202182,
            43.67882135
          ],
          [
            39.66200749,
            43.67882201
          ],
          [
            39.66199349,
            43.67882234
          ],
          [
            39.66197883,
            43.67882467
          ],
          [
            39.66196483,
            43.678826
          ],
          [
            39.6619525,
            43.678827
          ],
          [
            39.66194117,
            43.67882667
          ],
          [
            39.66192884,
            43.67882667
          ],
          [
            39.66191618,
            43.67882567
          ],
          [
            39.66190185,
            43.67882468
          ],
          [
            39.66188752,
            43.67882335
          ],
          [
            39.66187419,
            43.67882136
          ],
          [
            39.66186086,
            43.67881736
          ],
          [
            39.6618482,
            43.67881237
          ],
          [
            39.66183521,
            43.67880804
          ],
          [
            39.66182388,
            43.67880338
          ],
          [
            39.66181122,
            43.67879805
          ],
          [
            39.66179889,
            43.67879206
          ],
          [
            39.66178489,
            43.67878707
          ],
          [
            39.66177123,
            43.67878241
          ],
          [
            39.6617569,
            43.67877608
          ],
          [
            39.66174257,
            43.67877075
          ],
          [
            39.66172791,
            43.67876642
          ],
          [
            39.66171225,
            43.67876243
          ],
          [
            39.66169692,
            43.67875877
          ],
          [
            39.66168259,
            43.67875511
          ],
          [
            39.66166693,
            43.67875145
          ],
          [
            39.66165193,
            43.67874879
          ],
          [
            39.6616366,
            43.6787458
          ],
          [
            39.66162161,
            43.67874281
          ],
          [
            39.66160661,
            43.67874048
          ],
          [
            39.66159128,
            43.67873815
          ],
          [
            39.66157728,
            43.67873615
          ],
          [
            39.66156328,
            43.67873382
          ],
          [
            39.66154962,
            43.67873149
          ],
          [
            39.66153529,
            43.67873016
          ],
          [
            39.66151996,
            43.67872883
          ],
          [
            39.66150563,
            43.6787265
          ],
          [
            39.6614903,
            43.67872517
          ],
          [
            39.66147464,
            43.67872384
          ],
          [
            39.66145831,
            43.67872351
          ],
          [
            39.66143998,
            43.67872285
          ],
          [
            39.66142165,
            43.67872252
          ],
          [
            39.66140399,
            43.67872152
          ],
          [
            39.66138733,
            43.67871952
          ],
          [
            39.661372,
            43.67871753
          ],
          [
            39.66135667,
            43.6787172
          ],
          [
            39.66134234,
            43.67871819
          ],
          [
            39.66132701,
            43.67871885
          ],
          [
            39.66131068,
            43.67872018
          ],
          [
            39.66129468,
            43.67872018
          ],
          [
            39.66127769,
            43.67872018
          ],
          [
            39.66126036,
            43.67872018
          ],
          [
            39.66124237,
            43.67871918
          ],
          [
            39.66122437,
            43.67871951
          ],
          [
            39.66120704,
            43.67872051
          ],
          [
            39.66118838,
            43.67872084
          ],
          [
            39.66117072,
            43.67872117
          ],
          [
            39.66115273,
            43.67872216
          ],
          [
            39.6611354,
            43.67872449
          ],
          [
            39.66111874,
            43.67872715
          ],
          [
            39.66110208,
            43.67873048
          ],
          [
            39.66108542,
            43.67873414
          ],
          [
            39.66106843,
            43.6787378
          ],
          [
            39.66105144,
            43.67874213
          ],
          [
            39.66103378,
            43.67874646
          ],
          [
            39.66101712,
            43.67875112
          ],
          [
            39.66100079,
            43.67875678
          ],
          [
            39.66098413,
            43.67876144
          ],
          [
            39.6609668,
            43.67876544
          ],
          [
            39.66094981,
            43.67876977
          ],
          [
            39.66093282,
            43.67877443
          ],
          [
            39.66091616,
            43.67877909
          ],
          [
            39.66089983,
            43.67878408
          ],
          [
            39.6608845,
            43.67878974
          ],
          [
            39.66086917,
            43.67879507
          ],
          [
            39.66085384,
            43.67880106
          ],
          [
            39.66083884,
            43.67880772
          ],
          [
            39.66082351,
            43.67881371
          ],
          [
            39.66080785,
            43.67882004
          ],
          [
            39.66079252,
            43.6788267
          ],
          [
            39.66077719,
            43.67883269
          ],
          [
            39.66076286,
            43.67883868
          ],
          [
            39.66074886,
            43.67884534
          ],
          [
            39.66073353,
            43.67885167
          ],
          [
            39.66071854,
            43.678858
          ],
          [
            39.66070288,
            43.67886533
          ],
          [
            39.66068755,
            43.67887299
          ],
          [
            39.66067289,
            43.67888099
          ],
          [
            39.66065923,
            43.67888932
          ],
          [
            39.6606459,
            43.67889665
          ],
          [
            39.6606319,
            43.67890398
          ],
          [
            39.6606189,
            43.67891098
          ],
          [
            39.66060657,
            43.67891764
          ],
          [
            39.66059424,
            43.6789243
          ],
          [
            39.66058225,
            43.67893096
          ],
          [
            39.66056992,
            43.67893795
          ],
          [
            39.66055826,
            43.67894528
          ],
          [
            39.6605466,
            43.67895294
          ],
          [
            39.6605356,
            43.67896027
          ],
          [
            39.66052494,
            43.67896793
          ],
          [
            39.66051761,
            43.67897392
          ],
          [
            39.66051428,
            43.67897758
          ],
          [
            39.66051362,
            43.67897991
          ],
          [
            39.66051461,
            43.67898191
          ],
          [
            39.66051594,
            43.67898224
          ],
          [
            39.66051926,
            43.67898555
          ],
          [
            39.66052059,
            43.67898555
          ],
          [
            39.66052885,
            43.67898456
          ],
          [
            39.66052952,
            43.67898522
          ],
          [
            39.66053218,
            43.67898555
          ],
          [
            39.66053684,
            43.67898456
          ],
          [
            39.6605425,
            43.67898123
          ],
          [
            39.66054983,
            43.67897523
          ],
          [
            39.66055882,
            43.67896824
          ],
          [
            39.66056881,
            43.67896091
          ],
          [
            39.66057981,
            43.67895291
          ],
          [
            39.66059147,
            43.67894492
          ],
          [
            39.6606038,
            43.67893692
          ],
          [
            39.66061646,
            43.67892926
          ],
          [
            39.66063012,
            43.67892193
          ],
          [
            39.66064445,
            43.6789146
          ],
          [
            39.66065845,
            43.67890727
          ],
          [
            39.66067211,
            43.67890028
          ],
          [
            39.66068611,
            43.67889328
          ],
          [
            39.66069944,
            43.67888662
          ],
          [
            39.66071277,
            43.67887996
          ],
          [
            39.6607251,
            43.67887263
          ],
          [
            39.66073743,
            43.67886597
          ],
          [
            39.66074809,
            43.67885897
          ],
          [
            39.66075575,
            43.67885298
          ],
          [
            39.66076441,
            43.67884965
          ],
          [
            39.66077441,
            43.67884565
          ],
          [
            39.66078574,
            43.67884132
          ],
          [
            39.66079707,
            43.67883666
          ],
          [
            39.66080906,
            43.67883166
          ],
          [
            39.66082039,
            43.67882633
          ],
          [
            39.66082872,
            43.67882167
          ],
          [
            39.66083005,
            43.67882034
          ],
          [
            39.66082639,
            43.678822
          ],
          [
            39.66081773,
            43.67882433
          ],
          [
            39.66080574,
            43.67882799
          ],
          [
            39.66079108,
            43.67883199
          ],
          [
            39.66077542,
            43.67883698
          ],
          [
            39.66076009,
            43.67884264
          ],
          [
            39.6607451,
            43.6788483
          ],
          [
            39.66072944,
            43.67885496
          ],
          [
            39.66071444,
            43.67886162
          ],
          [
            39.66070044,
            43.67886895
          ],
          [
            39.66068678,
            43.67887661
          ],
          [
            39.66067212,
            43.67888427
          ],
          [
            39.66065713,
            43.67889193
          ],
          [
            39.66064214,
            43.67889959
          ],
          [
            39.66062748,
            43.67890692
          ],
          [
            39.66061415,
            43.67891458
          ],
          [
            39.66060149,
            43.67892191
          ],
          [
            39.66058916,
            43.67892957
          ],
          [
            39.66057716,
            43.67893823
          ],
          [
            39.6605645,
            43.67894689
          ],
          [
            39.66055184,
            43.67895455
          ],
          [
            39.66053851,
            43.67896255
          ],
          [
            39.66052551,
            43.67897021
          ],
          [
            39.66051685,
            43.6789772
          ],
          [
            39.66051452,
            43.67898086
          ],
          [
            39.66051518,
            43.67898352
          ],
          [
            39.66051618,
            43.67898618
          ],
          [
            39.66051783,
            43.6789885
          ],
          [
            39.66051982,
            43.67898916
          ],
          [
            39.66052643,
            43.67899048
          ],
          [
            39.66052809,
            43.67899147
          ],
          [
            39.6605314,
            43.67898818
          ],
          [
            39.66053107,
            43.67898618
          ],
          [
            39.66052974,
            43.67898419
          ],
          [
            39.66052874,
            43.67898219
          ],
          [
            39.66052709,
            43.67897888
          ],
          [
            39.66052544,
            43.67897226
          ],
          [
            39.6605218,
            43.67896731
          ],
          [
            39.66051881,
            43.67896897
          ],
          [
            39.66051282,
            43.6789713
          ],
          [
            39.66050416,
            43.67897529
          ],
          [
            39.66049417,
            43.67897962
          ],
          [
            39.66048284,
            43.67898561
          ],
          [
            39.66047085,
            43.67899261
          ],
          [
            39.66045752,
            43.67899994
          ],
          [
            39.66044486,
            43.6790086
          ],
          [
            39.6604312,
            43.67901693
          ],
          [
            39.6604172,
            43.67902393
          ],
          [
            39.66040187,
            43.67903092
          ],
          [
            39.66038688,
            43.67903758
          ],
          [
            39.66037188,
            43.67904424
          ],
          [
            39.66035689,
            43.6790509
          ],
          [
            39.66034123,
            43.67905723
          ],
          [
            39.66032557,
            43.67906289
          ],
          [
            39.66031024,
            43.67906888
          ],
          [
            39.66029524,
            43.67907454
          ],
          [
            39.66028091,
            43.67908053
          ],
          [
            39.66026625,
            43.67908619
          ],
          [
            39.66025159,
            43.67909085
          ],
          [
            39.66023593,
            43.67909584
          ],
          [
            39.66021993,
            43.67909984
          ],
          [
            39.66020327,
            43.67910317
          ],
          [
            39.66018561,
            43.6791065
          ],
          [
            39.66016795,
            43.67910983
          ],
          [
            39.66015029,
            43.67911316
          ],
          [
            39.66013263,
            43.67911516
          ],
          [
            39.66011597,
            43.67911682
          ],
          [
            39.66009931,
            43.67911848
          ],
          [
            39.66008331,
            43.67912014
          ],
          [
            39.66006698,
            43.6791218
          ],
          [
            39.66005065,
            43.67912446
          ],
          [
            39.66003399,
            43.67912712
          ],
          [
            39.66001833,
            43.67913012
          ],
          [
            39.66000267,
            43.67913311
          ],
          [
            39.65998734,
            43.67913644
          ],
          [
            39.65997168,
            43.67914043
          ],
          [
            39.65995535,
            43.67914443
          ],
          [
            39.65993969,
            43.67914776
          ],
          [
            39.65992436,
            43.67915175
          ],
          [
            39.6599097,
            43.67915641
          ],
          [
            39.6598957,
            43.67916074
          ],
          [
            39.65988104,
            43.67916507
          ],
          [
            39.65986704,
            43.67916806
          ],
          [
            39.65985338,
            43.67917205
          ],
          [
            39.65984005,
            43.67917705
          ],
          [
            39.65982572,
            43.67918205
          ],
          [
            39.65981206,
            43.67918705
          ],
          [
            39.65979806,
            43.67919205
          ],
          [
            39.65978407,
            43.67919704
          ],
          [
            39.65976974,
            43.67920204
          ],
          [
            39.65975508,
            43.67920704
          ],
          [
            39.65974075,
            43.6792117
          ],
          [
            39.65972642,
            43.67921703
          ],
          [
            39.65971176,
            43.67922203
          ],
          [
            39.6596961,
            43.67922669
          ],
          [
            39.65968144,
            43.67923202
          ],
          [
            39.65966811,
            43.67923601
          ],
          [
            39.65965478,
            43.67924134
          ],
          [
            39.65964145,
            43.67924733
          ],
          [
            39.65962812,
            43.67925266
          ],
          [
            39.65961479,
            43.67925799
          ],
          [
            39.65960146,
            43.67926265
          ],
          [
            39.6595878,
            43.67926664
          ],
          [
            39.65957314,
            43.67927097
          ],
          [
            39.65956048,
            43.6792763
          ],
          [
            39.65954748,
            43.67928163
          ],
          [
            39.65953282,
            43.67928596
          ],
          [
            39.65951816,
            43.67929129
          ],
          [
            39.6595035,
            43.67929728
          ],
          [
            39.65948784,
            43.67930294
          ],
          [
            39.65947251,
            43.67930693
          ],
          [
            39.65945618,
            43.67931026
          ],
          [
            39.65943952,
            43.67931459
          ],
          [
            39.65942219,
            43.67931925
          ],
          [
            39.6594052,
            43.67932391
          ],
          [
            39.65938821,
            43.67932857
          ],
          [
            39.65937155,
            43.67933423
          ],
          [
            39.65935589,
            43.67934089
          ],
          [
            39.65934156,
            43.67934689
          ],
          [
            39.65932756,
            43.67935255
          ],
          [
            39.6593129,
            43.67935854
          ],
          [
            39.65929824,
            43.67936487
          ],
          [
            39.65928424,
            43.67936987
          ],
          [
            39.65927124,
            43.67937487
          ],
          [
            39.65925925,
            43.6793802
          ],
          [
            39.65924859,
            43.67938486
          ],
          [
            39.65923693,
            43.67939019
          ],
          [
            39.65922393,
            43.67939418
          ],
          [
            39.65920894,
            43.67939884
          ],
          [
            39.65919328,
            43.67940384
          ],
          [
            39.65917728,
            43.6794085
          ],
          [
            39.65916229,
            43.67941483
          ],
          [
            39.65914729,
            43.67942049
          ],
          [
            39.6591323,
            43.67942648
          ],
          [
            39.65911731,
            43.67943247
          ],
          [
            39.65910298,
            43.67943846
          ],
          [
            39.65908898,
            43.67944479
          ],
          [
            39.65907532,
            43.67944979
          ],
          [
            39.65906166,
            43.67945512
          ],
          [
            39.65904966,
            43.67945978
          ],
          [
            39.65903767,
            43.67946444
          ],
          [
            39.65902534,
            43.67946844
          ],
          [
            39.65901234,
            43.67947277
          ],
          [
            39.65899868,
            43.67947677
          ],
          [
            39.65898502,
            43.6794811
          ],
          [
            39.65897103,
            43.67948576
          ],
          [
            39.6589557,
            43.67949042
          ],
          [
            39.65894071,
            43.67949475
          ],
          [
            39.65892638,
            43.67949908
          ],
          [
            39.65891172,
            43.67950307
          ],
          [
            39.65889772,
            43.67950673
          ],
          [
            39.65888339,
            43.67951039
          ],
          [
            39.65886873,
            43.67951372
          ],
          [
            39.65885307,
            43.67951738
          ],
          [
            39.65883841,
            43.67952004
          ],
          [
            39.65882375,
            43.67952303
          ],
          [
            39.65880942,
            43.67952469
          ],
          [
            39.65879443,
            43.67952568
          ],
          [
            39.65877977,
            43.67952701
          ],
          [
            39.65876511,
            43.679528
          ],
          [
            39.65875045,
            43.67952899
          ],
          [
            39.65873546,
            43.67953032
          ],
          [
            39.65872013,
            43.67953265
          ],
          [
            39.65870414,
            43.67953531
          ],
          [
            39.65868848,
            43.67953797
          ],
          [
            39.65867382,
            43.67954096
          ],
          [
            39.65865883,
            43.67954429
          ],
          [
            39.65864417,
            43.67954762
          ],
          [
            39.65862918,
            43.67955061
          ],
          [
            39.65861485,
            43.67955327
          ],
          [
            39.65860152,
            43.6795556
          ],
          [
            39.65858819,
            43.67955826
          ],
          [
            39.65857553,
            43.67956059
          ],
          [
            39.65856253,
            43.67956258
          ],
          [
            39.65854887,
            43.67956358
          ],
          [
            39.65853388,
            43.67956524
          ],
          [
            39.65851855,
            43.67956724
          ],
          [
            39.65850222,
            43.6795679
          ],
          [
            39.65848622,
            43.67956856
          ],
          [
            39.65847022,
            43.67956856
          ],
          [
            39.65845489,
            43.67956823
          ],
          [
            39.65843956,
            43.67956856
          ],
          [
            39.65842756,
            43.67956823
          ],
          [
            39.65842057,
            43.6795679
          ],
          [
            39.65841357,
            43.67956823
          ],
          [
            39.65840491,
            43.67957122
          ],
          [
            39.65839425,
            43.67957488
          ],
          [
            39.65838126,
            43.67957854
          ],
          [
            39.65836593,
            43.6795812
          ],
          [
            39.6583496,
            43.67958386
          ],
          [
            39.65833294,
            43.67958519
          ],
          [
            39.65831561,
            43.67958619
          ],
          [
            39.65829828,
            43.67958652
          ],
          [
            39.65827962,
            43.67958751
          ],
          [
            39.65826096,
            43.67958884
          ],
          [
            39.65824263,
            43.67959017
          ],
          [
            39.6582243,
            43.6795925
          ],
          [
            39.65820564,
            43.67959516
          ],
          [
            39.65818765,
            43.67959716
          ],
          [
            39.65816899,
            43.67959915
          ],
          [
            39.65815166,
            43.67960115
          ],
          [
            39.65813367,
            43.67960348
          ],
          [
            39.65811634,
            43.67960714
          ],
          [
            39.65809834,
            43.67961114
          ],
          [
            39.65808168,
            43.67961413
          ],
          [
            39.65806502,
            43.67961679
          ],
          [
            39.65804903,
            43.67961778
          ],
          [
            39.65803204,
            43.67961745
          ],
          [
            39.65801538,
            43.67961679
          ],
          [
            39.65799805,
            43.67961546
          ],
          [
            39.65798072,
            43.67961413
          ],
          [
            39.65796372,
            43.67961147
          ],
          [
            39.65794773,
            43.67960781
          ],
          [
            39.65793207,
            43.67960282
          ],
          [
            39.65791741,
            43.67959816
          ],
          [
            39.65790308,
            43.67959117
          ],
          [
            39.65789109,
            43.67958217
          ],
          [
            39.65788276,
            43.67957218
          ],
          [
            39.65787776,
            43.67956085
          ],
          [
            39.65787543,
            43.67954952
          ],
          [
            39.6578751,
            43.67953719
          ],
          [
            39.6578771,
            43.67952453
          ],
          [
            39.65788243,
            43.67951087
          ],
          [
            39.65788942,
            43.67949821
          ],
          [
            39.65789841,
            43.67948655
          ],
          [
            39.65790974,
            43.67947622
          ],
          [
            39.65792107,
            43.67946656
          ],
          [
            39.65793407,
            43.6794569
          ],
          [
            39.6579464,
            43.67944724
          ],
          [
            39.65795873,
            43.67943791
          ],
          [
            39.65797139,
            43.67942958
          ],
          [
            39.65798405,
            43.67942225
          ],
          [
            39.65799738,
            43.67941492
          ],
          [
            39.65800971,
            43.67940792
          ],
          [
            39.65802037,
            43.67939959
          ],
          [
            39.65803103,
            43.67939226
          ],
          [
            39.65804136,
            43.67938426
          ],
          [
            39.65805202,
            43.67937626
          ],
          [
            39.65806335,
            43.6793686
          ],
          [
            39.65807401,
            43.67936127
          ],
          [
            39.65808667,
            43.67935494
          ],
          [
            39.6581,
            43.67934928
          ],
          [
            39.65811333,
            43.67934262
          ],
          [
            39.65812599,
            43.67933529
          ],
          [
            39.65813765,
            43.67932729
          ],
          [
            39.65814865,
            43.67931996
          ],
          [
            39.65815865,
            43.67931163
          ],
          [
            39.65816831,
            43.67930264
          ],
          [
            39.65817897,
            43.67929464
          ],
          [
            39.65818963,
            43.67928565
          ],
          [
            39.65819829,
            43.67927632
          ],
          [
            39.65820562,
            43.67926699
          ],
          [
            39.65821195,
            43.679257
          ],
          [
            39.65821794,
            43.67924734
          ],
          [
            39.65822327,
            43.67923735
          ],
          [
            39.65822993,
            43.67922735
          ],
          [
            39.65823526,
            43.67921669
          ],
          [
            39.65823992,
            43.6792057
          ],
          [
            39.65824325,
            43.67919437
          ],
          [
            39.65824525,
            43.67918271
          ],
          [
            39.65824791,
            43.67917138
          ],
          [
            39.65825257,
            43.67916038
          ],
          [
            39.6582589,
            43.67915005
          ],
          [
            39.65826523,
            43.67913939
          ],
          [
            39.65827256,
            43.67912939
          ],
          [
            39.65827922,
            43.67911873
          ],
          [
            39.65828555,
            43.6791074
          ],
          [
            39.65829288,
            43.67909674
          ],
          [
            39.65829954,
            43.67908641
          ],
          [
            39.65830687,
            43.67907541
          ],
          [
            39.65831553,
            43.67906575
          ],
          [
            39.65832386,
            43.67905575
          ],
          [
            39.65833252,
            43.67904576
          ],
          [
            39.65834151,
            43.6790351
          ],
          [
            39.65835017,
            43.67902544
          ],
          [
            39.65835817,
            43.67901545
          ],
          [
            39.65836617,
            43.67900779
          ],
          [
            39.65837116,
            43.67900346
          ],
          [
            39.65837449,
            43.67900113
          ],
          [
            39.65837748,
            43.67900047
          ],
          [
            39.65838212,
            43.67899651
          ],
          [
            39.65838312,
            43.67899451
          ],
          [
            39.65838411,
            43.67899153
          ],
          [
            39.65838312,
            43.67898921
          ],
          [
            39.65838279,
            43.67898656
          ],
          [
            39.65838312,
            43.67898789
          ],
          [
            39.65838578,
            43.67898589
          ],
          [
            39.65839144,
            43.6789819
          ],
          [
            39.65839877,
            43.67897557
          ],
          [
            39.6584071,
            43.67896757
          ],
          [
            39.6584151,
            43.67895824
          ],
          [
            39.6584231,
            43.67894858
          ],
          [
            39.65843176,
            43.67893825
          ],
          [
            39.65844042,
            43.67892725
          ],
          [
            39.65844808,
            43.67891592
          ],
          [
            39.65845674,
            43.67890393
          ],
          [
            39.65846507,
            43.6788916
          ],
          [
            39.65847373,
            43.67887927
          ],
          [
            39.65848206,
            43.67886661
          ],
          [
            39.65849139,
            43.67885428
          ],
          [
            39.65850005,
            43.67884228
          ],
          [
            39.65850938,
            43.67883062
          ],
          [
            39.65851938,
            43.67881929
          ],
          [
            39.65852971,
            43.67880796
          ],
          [
            39.65853904,
            43.67879663
          ],
          [
            39.65854937,
            43.6787863
          ],
          [
            39.65856103,
            43.67877497
          ],
          [
            39.65857102,
            43.67876264
          ],
          [
            39.65857902,
            43.67874998
          ],
          [
            39.65858735,
            43.67873699
          ],
          [
            39.65859501,
            43.67872399
          ],
          [
            39.65860367,
            43.678711
          ],
          [
            39.658612,
            43.67869834
          ],
          [
            39.65861966,
            43.67868601
          ],
          [
            39.65862699,
            43.67867335
          ],
          [
            39.65863265,
            43.67866102
          ],
          [
            39.65863665,
            43.67864903
          ],
          [
            39.65863931,
            43.6786367
          ],
          [
            39.6586413,
            43.67862504
          ],
          [
            39.65864463,
            43.67861371
          ],
          [
            39.65864796,
            43.67860138
          ],
          [
            39.65864995,
            43.67858938
          ],
          [
            39.65865128,
            43.67857672
          ],
          [
            39.65865194,
            43.67856439
          ],
          [
            39.65865327,
            43.67855173
          ],
          [
            39.65865327,
            43.6785394
          ],
          [
            39.65865194,
            43.6785274
          ],
          [
            39.65864895,
            43.67851574
          ],
          [
            39.65864662,
            43.67850474
          ],
          [
            39.65864429,
            43.67849374
          ],
          [
            39.65864263,
            43.67848274
          ],
          [
            39.6586413,
            43.67847141
          ],
          [
            39.65863931,
            43.67846142
          ],
          [
            39.65863665,
            43.67845142
          ],
          [
            39.65863532,
            43.67844109
          ],
          [
            39.65863366,
            43.67843043
          ],
          [
            39.65863233,
            43.6784201
          ],
          [
            39.65863033,
            43.67840977
          ],
          [
            39.65862934,
            43.67839911
          ],
          [
            39.65862868,
            43.67838845
          ],
          [
            39.65862835,
            43.67837812
          ],
          [
            39.65862901,
            43.67836746
          ],
          [
            39.65862934,
            43.6783568
          ],
          [
            39.65862868,
            43.67834614
          ],
          [
            39.65862835,
            43.67833548
          ],
          [
            39.65862901,
            43.67832515
          ],
          [
            39.65862934,
            43.67831482
          ],
          [
            39.65863033,
            43.67830416
          ],
          [
            39.65862934,
            43.6782935
          ],
          [
            39.65862801,
            43.67828284
          ],
          [
            39.65862735,
            43.67827218
          ],
          [
            39.65862768,
            43.67826118
          ],
          [
            39.65862967,
            43.67824918
          ],
          [
            39.65863167,
            43.67823752
          ],
          [
            39.65863367,
            43.67822553
          ],
          [
            39.65863466,
            43.67821453
          ],
          [
            39.65863666,
            43.67820387
          ],
          [
            39.65863932,
            43.67819287
          ],
          [
            39.65864198,
            43.67818221
          ],
          [
            39.65864597,
            43.67817121
          ],
          [
            39.6586493,
            43.67815921
          ],
          [
            39.65865263,
            43.67814788
          ],
          [
            39.65865696,
            43.67813722
          ],
          [
            39.65866129,
            43.67812622
          ],
          [
            39.65866595,
            43.67811422
          ],
          [
            39.65866961,
            43.67810256
          ],
          [
            39.65867227,
            43.67809057
          ],
          [
            39.6586746,
            43.67807824
          ],
          [
            39.65867726,
            43.67806691
          ],
          [
            39.65867959,
            43.67805458
          ],
          [
            39.65868225,
            43.67804192
          ],
          [
            39.65868524,
            43.67802959
          ],
          [
            39.65868757,
            43.6780176
          ],
          [
            39.65869023,
            43.67800527
          ],
          [
            39.65869322,
            43.67799294
          ],
          [
            39.65869655,
            43.67798028
          ],
          [
            39.65869888,
            43.67796728
          ],
          [
            39.65870187,
            43.67795429
          ],
          [
            39.65870453,
            43.67794129
          ],
          [
            39.65870586,
            43.67792863
          ],
          [
            39.65870719,
            43.67791563
          ],
          [
            39.65870952,
            43.67790263
          ],
          [
            39.65871218,
            43.6778893
          ],
          [
            39.65871451,
            43.6778763
          ],
          [
            39.65871584,
            43.67786297
          ],
          [
            39.6587165,
            43.67784897
          ],
          [
            39.6587185,
            43.67783531
          ],
          [
            39.65872016,
            43.67782098
          ],
          [
            39.65872216,
            43.67780732
          ],
          [
            39.65872316,
            43.67779299
          ],
          [
            39.65872382,
            43.67777899
          ],
          [
            39.65872415,
            43.67776533
          ],
          [
            39.65872415,
            43.67775234
          ],
          [
            39.65872448,
            43.67773934
          ],
          [
            39.65872448,
            43.67772635
          ],
          [
            39.65872315,
            43.67771302
          ],
          [
            39.65872182,
            43.67769902
          ],
          [
            39.65872016,
            43.67768536
          ],
          [
            39.65871783,
            43.6776717
          ],
          [
            39.65871517,
            43.6776577
          ],
          [
            39.65871218,
            43.67764404
          ],
          [
            39.65870785,
            43.67763038
          ],
          [
            39.65870186,
            43.67761738
          ],
          [
            39.65869587,
            43.67760505
          ],
          [
            39.65868854,
            43.67759372
          ],
          [
            39.65868255,
            43.67758273
          ],
          [
            39.65867589,
            43.6775724
          ],
          [
            39.6586699,
            43.67756207
          ],
          [
            39.65866457,
            43.67755107
          ],
          [
            39.65865924,
            43.67754007
          ],
          [
            39.65865358,
            43.67752941
          ],
          [
            39.65864725,
            43.67751808
          ],
          [
            39.65864092,
            43.67750675
          ],
          [
            39.65863526,
            43.67749475
          ],
          [
            39.65862893,
            43.67748409
          ],
          [
            39.65862227,
            43.67747376
          ],
          [
            39.65861594,
            43.67746343
          ],
          [
            39.65860928,
            43.67745277
          ],
          [
            39.65860295,
            43.67744278
          ],
          [
            39.65859762,
            43.67743312
          ],
          [
            39.65859396,
            43.67742313
          ],
          [
            39.65859163,
            43.67741447
          ],
          [
            39.6585903,
            43.67740947
          ],
          [
            39.65858997,
            43.67740614
          ],
          [
            39.65858997,
            43.67740448
          ],
          [
            39.65858997,
            43.67740315
          ],
          [
            39.65859096,
            43.67740115
          ],
          [
            39.65859328,
            43.67740214
          ],
          [
            39.65859394,
            43.67740048
          ],
          [
            39.65859427,
            43.67739648
          ],
          [
            39.6585946,
            43.67738982
          ],
          [
            39.6585946,
            43.67738116
          ],
          [
            39.6585946,
            43.67737116
          ],
          [
            39.6585946,
            43.67736083
          ],
          [
            39.6585946,
            43.67734917
          ],
          [
            39.65859394,
            43.67733751
          ],
          [
            39.65859161,
            43.67732618
          ],
          [
            39.65858895,
            43.67731585
          ],
          [
            39.65858629,
            43.67730552
          ],
          [
            39.65858563,
            43.67729519
          ],
          [
            39.6585853,
            43.67728453
          ],
          [
            39.65858364,
            43.6772742
          ],
          [
            39.65858131,
            43.67726354
          ],
          [
            39.65857931,
            43.67725288
          ],
          [
            39.65857698,
            43.67724222
          ],
          [
            39.65857398,
            43.67723156
          ],
          [
            39.65857032,
            43.67722023
          ],
          [
            39.65856599,
            43.67720857
          ],
          [
            39.65856099,
            43.67719791
          ],
          [
            39.65855366,
            43.67718758
          ],
          [
            39.65854533,
            43.67717725
          ],
          [
            39.65853733,
            43.67716626
          ],
          [
            39.658528,
            43.67715593
          ],
          [
            39.65851801,
            43.6771456
          ],
          [
            39.65850801,
            43.67713527
          ],
          [
            39.65849668,
            43.67712594
          ],
          [
            39.65848469,
            43.67711695
          ],
          [
            39.65847136,
            43.67710829
          ],
          [
            39.65845803,
            43.67710029
          ],
          [
            39.65844403,
            43.67709296
          ],
          [
            39.6584297,
            43.6770853
          ],
          [
            39.65841504,
            43.6770783
          ],
          [
            39.65840038,
            43.67707097
          ],
          [
            39.65838538,
            43.67706531
          ],
          [
            39.65837072,
            43.67705932
          ],
          [
            39.65835506,
            43.67705366
          ],
          [
            39.65833906,
            43.677049
          ],
          [
            39.65832273,
            43.67704334
          ],
          [
            39.6583054,
            43.67703868
          ],
          [
            39.65828774,
            43.67703402
          ],
          [
            39.65827008,
            43.67702969
          ],
          [
            39.65825175,
            43.67702603
          ],
          [
            39.65823442,
            43.6770217
          ],
          [
            39.65821842,
            43.67701704
          ],
          [
            39.65820176,
            43.67701305
          ],
          [
            39.6581851,
            43.67700772
          ],
          [
            39.65816844,
            43.67700206
          ],
          [
            39.65815245,
            43.67699573
          ],
          [
            39.65813679,
            43.6769884
          ],
          [
            39.65812279,
            43.6769804
          ],
          [
            39.65810946,
            43.67697241
          ],
          [
            39.65809713,
            43.67696341
          ],
          [
            39.65808547,
            43.67695475
          ],
          [
            39.65807447,
            43.67694542
          ],
          [
            39.65806481,
            43.67693542
          ],
          [
            39.65805615,
            43.67692476
          ],
          [
            39.65804682,
            43.6769141
          ],
          [
            39.65803816,
            43.6769031
          ],
          [
            39.65803083,
            43.67689177
          ],
          [
            39.65802317,
            43.67687978
          ],
          [
            39.65801384,
            43.67686745
          ],
          [
            39.65800485,
            43.67685512
          ],
          [
            39.65799685,
            43.67684313
          ],
          [
            39.65798885,
            43.67683047
          ],
          [
            39.65797986,
            43.67681848
          ],
          [
            39.65797053,
            43.67680649
          ],
          [
            39.65796087,
            43.67679416
          ],
          [
            39.65795187,
            43.67678183
          ],
          [
            39.65794488,
            43.6767685
          ],
          [
            39.65793955,
            43.67675517
          ],
          [
            39.65793522,
            43.67674184
          ],
          [
            39.65793056,
            43.67672918
          ],
          [
            39.6579249,
            43.67671685
          ],
          [
            39.65791957,
            43.67670419
          ],
          [
            39.65791457,
            43.6766912
          ],
          [
            39.65790991,
            43.6766782
          ],
          [
            39.65790525,
            43.6766642
          ],
          [
            39.65790125,
            43.67664987
          ],
          [
            39.65789692,
            43.67663587
          ],
          [
            39.65789226,
            43.67662154
          ],
          [
            39.65788726,
            43.67660788
          ],
          [
            39.65788227,
            43.67659422
          ],
          [
            39.65787794,
            43.67658056
          ],
          [
            39.65787294,
            43.6765679
          ],
          [
            39.65786761,
            43.67655524
          ],
          [
            39.65786195,
            43.67654258
          ],
          [
            39.65785662,
            43.67653025
          ],
          [
            39.65785196,
            43.67651759
          ],
          [
            39.65784696,
            43.67650459
          ],
          [
            39.65784297,
            43.6764916
          ],
          [
            39.65783897,
            43.6764786
          ],
          [
            39.65783531,
            43.67646594
          ],
          [
            39.65783198,
            43.67645294
          ],
          [
            39.65782865,
            43.67643994
          ],
          [
            39.65782432,
            43.67642695
          ],
          [
            39.65782133,
            43.67641362
          ],
          [
            39.65781867,
            43.67640029
          ],
          [
            39.65781801,
            43.67638629
          ],
          [
            39.65781735,
            43.67637196
          ],
          [
            39.65781636,
            43.6763573
          ],
          [
            39.65781603,
            43.67634231
          ],
          [
            39.65781636,
            43.67632831
          ],
          [
            39.65781636,
            43.67631365
          ],
          [
            39.65781702,
            43.67629899
          ],
          [
            39.65781735,
            43.67628466
          ],
          [
            39.65781935,
            43.67627033
          ],
          [
            39.65782035,
            43.67625633
          ],
          [
            39.65782101,
            43.67624267
          ],
          [
            39.65782068,
            43.67622901
          ],
          [
            39.65781968,
            43.67621468
          ],
          [
            39.65781902,
            43.67620235
          ],
          [
            39.65781736,
            43.67619269
          ],
          [
            39.65781603,
            43.6761847
          ],
          [
            39.6578127,
            43.67617637
          ],
          [
            39.65780904,
            43.67616737
          ],
          [
            39.65780271,
            43.67615804
          ],
          [
            39.65779372,
            43.67614905
          ],
          [
            39.65778373,
            43.67613939
          ],
          [
            39.65777273,
            43.6761314
          ],
          [
            39.6577604,
            43.6761224
          ],
          [
            39.65774741,
            43.67611374
          ],
          [
            39.65773541,
            43.67610508
          ],
          [
            39.65772342,
            43.67609742
          ],
          [
            39.65771076,
            43.67608942
          ],
          [
            39.65769843,
            43.67608109
          ],
          [
            39.65768644,
            43.67607143
          ],
          [
            39.65767411,
            43.67606244
          ],
          [
            39.65766111,
            43.67605311
          ],
          [
            39.65764878,
            43.67604412
          ],
          [
            39.65763712,
            43.67603579
          ],
          [
            39.65762646,
            43.67602779
          ],
          [
            39.65761546,
            43.67601946
          ],
          [
            39.65760546,
            43.67601047
          ],
          [
            39.65759613,
            43.67600047
          ],
          [
            39.6575868,
            43.67598981
          ],
          [
            39.65757747,
            43.67597881
          ],
          [
            39.65756947,
            43.67596748
          ],
          [
            39.65756114,
            43.67595615
          ],
          [
            39.65755315,
            43.67594449
          ],
          [
            39.65754549,
            43.67593316
          ],
          [
            39.65753616,
            43.67592216
          ],
          [
            39.6575265,
            43.67591083
          ],
          [
            39.65751751,
            43.67589884
          ],
          [
            39.65750918,
            43.67588685
          ],
          [
            39.65750019,
            43.67587585
          ],
          [
            39.65748953,
            43.67586485
          ],
          [
            39.65747787,
            43.67585519
          ],
          [
            39.65746554,
            43.67584653
          ],
          [
            39.65745355,
            43.67584087
          ],
          [
            39.65744089,
            43.67583621
          ],
          [
            39.65742723,
            43.67583188
          ],
          [
            39.65741323,
            43.67582855
          ],
          [
            39.65739923,
            43.67582556
          ],
          [
            39.65738623,
            43.67582223
          ],
          [
            39.65737257,
            43.6758189
          ],
          [
            39.65735824,
            43.67581624
          ],
          [
            39.65734458,
            43.67581391
          ],
          [
            39.65733092,
            43.67581191
          ],
          [
            39.65731726,
            43.67580892
          ],
          [
            39.65730393,
            43.67580626
          ],
          [
            39.65728927,
            43.67580327
          ],
          [
            39.65727294,
            43.67580228
          ],
          [
            39.65725628,
            43.67580028
          ],
          [
            39.65723995,
            43.67579929
          ],
          [
            39.65722329,
            43.67579863
          ],
          [
            39.65720796,
            43.67579863
          ],
          [
            39.65719363,
            43.67579963
          ],
          [
            39.65717897,
            43.67580129
          ],
          [
            39.65716397,
            43.67580295
          ],
          [
            39.65714931,
            43.67580495
          ],
          [
            39.65713365,
            43.67580794
          ],
          [
            39.65711699,
            43.67581027
          ],
          [
            39.65709966,
            43.67581293
          ],
          [
            39.65708133,
            43.67581659
          ],
          [
            39.65706367,
            43.67582092
          ],
          [
            39.65704567,
            43.67582525
          ],
          [
            39.65702701,
            43.67583025
          ],
          [
            39.65700835,
            43.67583424
          ],
          [
            39.65699002,
            43.67583723
          ],
          [
            39.65697069,
            43.67584056
          ],
          [
            39.65695203,
            43.67584322
          ],
          [
            39.6569327,
            43.67584488
          ],
          [
            39.65691437,
            43.67584621
          ],
          [
            39.65689704,
            43.67584821
          ],
          [
            39.65687971,
            43.67585087
          ],
          [
            39.65686472,
            43.67585353
          ],
          [
            39.65685106,
            43.67585553
          ],
          [
            39.6568374,
            43.67585686
          ],
          [
            39.65682274,
            43.67585686
          ],
          [
            39.65680708,
            43.67585587
          ],
          [
            39.65679109,
            43.67585454
          ],
          [
            39.6567741,
            43.67585355
          ],
          [
            39.65675744,
            43.67585322
          ],
          [
            39.65674011,
            43.67585222
          ],
          [
            39.65672345,
            43.67584956
          ],
          [
            39.65670879,
            43.67584523
          ],
          [
            39.6566968,
            43.6758379
          ],
          [
            39.65668847,
            43.67582924
          ],
          [
            39.65668248,
            43.67581824
          ],
          [
            39.65667815,
            43.67580724
          ],
          [
            39.65667649,
            43.67579458
          ],
          [
            39.65667682,
            43.67578092
          ],
          [
            39.65667715,
            43.67576759
          ],
          [
            39.65667848,
            43.6757546
          ],
          [
            39.65668047,
            43.67574094
          ],
          [
            39.6566818,
            43.67572761
          ],
          [
            39.65668346,
            43.67571328
          ],
          [
            39.65668479,
            43.67570028
          ],
          [
            39.65668645,
            43.67568695
          ],
          [
            39.65668878,
            43.67567295
          ],
          [
            39.65669078,
            43.67565962
          ],
          [
            39.65669278,
            43.67564596
          ],
          [
            39.65669511,
            43.67563263
          ],
          [
            39.65669677,
            43.6756193
          ],
          [
            39.6566981,
            43.67560664
          ],
          [
            39.65669909,
            43.67559331
          ],
          [
            39.65670109,
            43.67558032
          ],
          [
            39.65670208,
            43.67556699
          ],
          [
            39.65670208,
            43.67555333
          ],
          [
            39.65670142,
            43.67553933
          ],
          [
            39.65670042,
            43.675526
          ],
          [
            39.65669976,
            43.67551267
          ],
          [
            39.65669943,
            43.67549867
          ],
          [
            39.65669844,
            43.67548467
          ],
          [
            39.65669744,
            43.67547101
          ],
          [
            39.65669611,
            43.67545768
          ],
          [
            39.65669445,
            43.67544435
          ],
          [
            39.65669412,
            43.67543102
          ],
          [
            39.65669346,
            43.67541769
          ],
          [
            39.6566928,
            43.67540403
          ],
          [
            39.6566918,
            43.6753907
          ],
          [
            39.65669081,
            43.67537804
          ],
          [
            39.65668915,
            43.67536504
          ],
          [
            39.65668915,
            43.67535205
          ],
          [
            39.65668981,
            43.67533872
          ],
          [
            39.65669014,
            43.67532506
          ],
          [
            39.6566908,
            43.6753114
          ],
          [
            39.65669213,
            43.67529774
          ],
          [
            39.65669346,
            43.67528441
          ],
          [
            39.65669445,
            43.67527175
          ],
          [
            39.65669478,
            43.67525875
          ],
          [
            39.65669578,
            43.67524542
          ],
          [
            39.65669644,
            43.67523242
          ],
          [
            39.65669677,
            43.67521976
          ],
          [
            39.6566971,
            43.67520676
          ],
          [
            39.65669644,
            43.67519376
          ],
          [
            39.65669611,
            43.6751811
          ],
          [
            39.65669578,
            43.67516911
          ],
          [
            39.65669578,
            43.67515578
          ],
          [
            39.65669512,
            43.67514245
          ],
          [
            39.65669379,
            43.67512845
          ],
          [
            39.65669246,
            43.67511479
          ],
          [
            39.65669113,
            43.6751018
          ],
          [
            39.65669146,
            43.6750888
          ],
          [
            39.65669179,
            43.67507547
          ],
          [
            39.65669179,
            43.67506248
          ],
          [
            39.65669146,
            43.67504848
          ],
          [
            39.65669047,
            43.67503415
          ],
          [
            39.65668847,
            43.67502082
          ],
          [
            39.65668548,
            43.67500749
          ],
          [
            39.65668348,
            43.67499416
          ],
          [
            39.65668182,
            43.67498083
          ],
          [
            39.65668116,
            43.6749675
          ],
          [
            39.65667916,
            43.67495417
          ],
          [
            39.65667583,
            43.67494151
          ],
          [
            39.65667383,
            43.67492885
          ],
          [
            39.6566725,
            43.67491552
          ],
          [
            39.6566705,
            43.67490219
          ],
          [
            39.65666784,
            43.67488919
          ],
          [
            39.65666684,
            43.67487586
          ],
          [
            39.65666717,
            43.67486253
          ],
          [
            39.65666717,
            43.6748492
          ],
          [
            39.65666651,
            43.67483587
          ],
          [
            39.65666618,
            43.67482321
          ],
          [
            39.65666519,
            43.67481021
          ],
          [
            39.65666486,
            43.67479721
          ],
          [
            39.65666386,
            43.67478388
          ],
          [
            39.65666187,
            43.67477088
          ],
          [
            39.65665921,
            43.67475755
          ],
          [
            39.65665655,
            43.67474422
          ],
          [
            39.65665356,
            43.67473289
          ],
          [
            39.6566519,
            43.67472289
          ],
          [
            39.65665124,
            43.67471123
          ],
          [
            39.65665157,
            43.6746999
          ],
          [
            39.65665256,
            43.6746869
          ],
          [
            39.65665256,
            43.67467391
          ],
          [
            39.65665256,
            43.67466025
          ],
          [
            39.65665123,
            43.67464625
          ],
          [
            39.65664824,
            43.67463292
          ],
          [
            39.65664558,
            43.67461959
          ],
          [
            39.65664425,
            43.67460693
          ],
          [
            39.65664491,
            43.6745936
          ],
          [
            39.65664524,
            43.67457994
          ],
          [
            39.65664557,
            43.67456561
          ],
          [
            39.65664424,
            43.67455195
          ],
          [
            39.65664291,
            43.67453896
          ],
          [
            39.65664192,
            43.6745263
          ],
          [
            39.65664026,
            43.67451364
          ],
          [
            39.65663826,
            43.67450131
          ],
          [
            39.6566366,
            43.67448832
          ],
          [
            39.6566356,
            43.67447632
          ],
          [
            39.65663361,
            43.67446366
          ],
          [
            39.65663161,
            43.67445066
          ],
          [
            39.65662995,
            43.67443666
          ],
          [
            39.65662762,
            43.67442266
          ],
          [
            39.65662496,
            43.67440866
          ],
          [
            39.65662096,
            43.67439433
          ],
          [
            39.6566183,
            43.67438033
          ],
          [
            39.65661531,
            43.67436667
          ],
          [
            39.65661265,
            43.67435234
          ],
          [
            39.65660999,
            43.67433868
          ],
          [
            39.65660633,
            43.67432502
          ],
          [
            39.65660334,
            43.67431136
          ],
          [
            39.65659968,
            43.67429803
          ],
          [
            39.65659668,
            43.67428403
          ],
          [
            39.65659502,
            43.67426937
          ],
          [
            39.65659269,
            43.67425537
          ],
          [
            39.65659069,
            43.67424104
          ],
          [
            39.6565887,
            43.67422638
          ],
          [
            39.65658637,
            43.67421172
          ],
          [
            39.65658404,
            43.67419739
          ],
          [
            39.65658138,
            43.67418373
          ],
          [
            39.65657905,
            43.67417007
          ],
          [
            39.65657639,
            43.67415641
          ],
          [
            39.65657506,
            43.67414375
          ],
          [
            39.65657406,
            43.67412975
          ],
          [
            39.65657207,
            43.67411642
          ],
          [
            39.65656941,
            43.67410276
          ],
          [
            39.65656675,
            43.67408876
          ],
          [
            39.65656509,
            43.6740751
          ],
          [
            39.6565641,
            43.67406077
          ],
          [
            39.65656344,
            43.67404744
          ],
          [
            39.65656244,
            43.67403411
          ],
          [
            39.6565631,
            43.67402178
          ],
          [
            39.65656543,
            43.67400878
          ],
          [
            39.65656876,
            43.67399512
          ],
          [
            39.65657309,
            43.67398213
          ],
          [
            39.65657809,
            43.6739698
          ],
          [
            39.65658408,
            43.67395747
          ],
          [
            39.65659007,
            43.67394614
          ],
          [
            39.6565964,
            43.67393481
          ],
          [
            39.65660206,
            43.67392348
          ],
          [
            39.65660472,
            43.67391248
          ],
          [
            39.65660373,
            43.67390282
          ],
          [
            39.6566014,
            43.67389349
          ],
          [
            39.65659841,
            43.67388383
          ],
          [
            39.65659475,
            43.6738735
          ],
          [
            39.65659109,
            43.6738625
          ],
          [
            39.65658843,
            43.6738515
          ],
          [
            39.65658677,
            43.67383884
          ],
          [
            39.65658578,
            43.67382584
          ],
          [
            39.65658512,
            43.67381184
          ],
          [
            39.65658545,
            43.67379851
          ],
          [
            39.65658645,
            43.67378485
          ],
          [
            39.65658612,
            43.67377119
          ],
          [
            39.65658612,
            43.67375853
          ],
          [
            39.65658678,
            43.67374587
          ],
          [
            39.65658844,
            43.67373387
          ],
          [
            39.6565901,
            43.67372288
          ],
          [
            39.65659176,
            43.67371222
          ],
          [
            39.65659242,
            43.67370189
          ],
          [
            39.65659176,
            43.67369089
          ],
          [
            39.6565901,
            43.67367989
          ],
          [
            39.65658844,
            43.6736679
          ],
          [
            39.65658611,
            43.67365457
          ],
          [
            39.65658278,
            43.67364124
          ],
          [
            39.65657878,
            43.67362791
          ],
          [
            39.65657412,
            43.67361458
          ],
          [
            39.65656946,
            43.67360259
          ],
          [
            39.65656546,
            43.67359026
          ],
          [
            39.65656213,
            43.67357793
          ],
          [
            39.65655814,
            43.67356594
          ],
          [
            39.65655281,
            43.67355428
          ],
          [
            39.65654415,
            43.67354295
          ],
          [
            39.65653482,
            43.67353295
          ],
          [
            39.65652583,
            43.67352295
          ],
          [
            39.6565165,
            43.67351296
          ],
          [
            39.65650784,
            43.67350296
          ],
          [
            39.65649984,
            43.6734923
          ],
          [
            39.65649351,
            43.67348197
          ],
          [
            39.65648985,
            43.67347298
          ],
          [
            39.65648752,
            43.67346699
          ],
          [
            39.65648587,
            43.67346367
          ],
          [
            39.65648454,
            43.67346567
          ],
          [
            39.65648587,
            43.673471
          ],
          [
            39.65648787,
            43.67347833
          ],
          [
            39.65649253,
            43.67348766
          ],
          [
            39.65649919,
            43.67349699
          ],
          [
            39.65650719,
            43.67350598
          ],
          [
            39.65651652,
            43.67351564
          ],
          [
            39.65652652,
            43.67352397
          ],
          [
            39.65653685,
            43.67353063
          ],
          [
            39.65654818,
            43.67353429
          ],
          [
            39.65656084,
            43.67353595
          ],
          [
            39.65657017,
            43.67353395
          ],
          [
            39.65657717,
            43.67352896
          ],
          [
            39.65658383,
            43.67352263
          ],
          [
            39.65658949,
            43.67351564
          ],
          [
            39.65659282,
            43.67350831
          ],
          [
            39.65659415,
            43.67350432
          ],
          [
            39.65659614,
            43.67350166
          ],
          [
            39.65659714,
            43.673501
          ],
          [
            39.65659946,
            43.67350166
          ],
          [
            39.6565988,
            43.67350299
          ],
          [
            39.65659581,
            43.67350632
          ],
          [
            39.65659182,
            43.67351165
          ],
          [
            39.65658549,
            43.67351998
          ],
          [
            39.6565775,
            43.67352864
          ],
          [
            39.65656884,
            43.67353497
          ],
          [
            39.65655918,
            43.67353963
          ],
          [
            39.65654785,
            43.67353963
          ],
          [
            39.65653619,
            43.67353697
          ],
          [
            39.6565242,
            43.67352998
          ],
          [
            39.65651287,
            43.67352132
          ],
          [
            39.65650221,
            43.67351266
          ],
          [
            39.65649255,
            43.67350333
          ],
          [
            39.65648522,
            43.67349334
          ],
          [
            39.65648022,
            43.67348168
          ],
          [
            39.65647589,
            43.67347035
          ],
          [
            39.65647323,
            43.67346002
          ],
          [
            39.65647257,
            43.67345269
          ],
          [
            39.65647257,
            43.6734457
          ],
          [
            39.65647323,
            43.6734407
          ],
          [
            39.65647356,
            43.67343771
          ],
          [
            39.65647323,
            43.67343372
          ],
          [
            39.65647057,
            43.67343073
          ],
          [
            39.65646457,
            43.67342907
          ],
          [
            39.65645591,
            43.6734294
          ],
          [
            39.65644658,
            43.67342973
          ],
          [
            39.65643725,
            43.67342973
          ],
          [
            39.65642659,
            43.67342907
          ],
          [
            39.65641826,
            43.67342841
          ],
          [
            39.65640993,
            43.67342841
          ],
          [
            39.65640193,
            43.67342907
          ],
          [
            39.6563936,
            43.6734294
          ],
          [
            39.65638461,
            43.67343006
          ],
          [
            39.65637528,
            43.67343139
          ],
          [
            39.65636528,
            43.67343205
          ],
          [
            39.65635495,
            43.67343271
          ],
          [
            39.65634429,
            43.67343337
          ],
          [
            39.65633229,
            43.67343337
          ],
          [
            39.65631996,
            43.67343337
          ],
          [
            39.65630696,
            43.67343403
          ],
          [
            39.65629397,
            43.67343436
          ],
          [
            39.65628097,
            43.67343502
          ],
          [
            39.65626898,
            43.67343502
          ],
          [
            39.65625632,
            43.67343502
          ],
          [
            39.65624433,
            43.67343502
          ],
          [
            39.65623633,
            43.67343502
          ],
          [
            39.65623267,
            43.67343535
          ],
          [
            39.65623067,
            43.67343502
          ],
          [
            39.65622934,
            43.67343369
          ],
          [
            39.65622868,
            43.67343003
          ],
          [
            39.65622835,
            43.6734247
          ],
          [
            39.65622602,
            43.6734167
          ],
          [
            39.65622469,
            43.67340737
          ],
          [
            39.65622336,
            43.67339571
          ],
          [
            39.65622103,
            43.67338272
          ],
          [
            39.65621903,
            43.67336972
          ],
          [
            39.65621804,
            43.67335572
          ],
          [
            39.65621738,
            43.67334206
          ],
          [
            39.65621672,
            43.6733284
          ],
          [
            39.65621672,
            43.67331541
          ],
          [
            39.65621573,
            43.67330275
          ],
          [
            39.65621407,
            43.67328875
          ],
          [
            39.65621141,
            43.67327609
          ],
          [
            39.65620942,
            43.67326209
          ],
          [
            39.65620742,
            43.67324909
          ],
          [
            39.65620643,
            43.67323676
          ],
          [
            39.65620577,
            43.6732241
          ],
          [
            39.65620444,
            43.67321111
          ],
          [
            39.65620311,
            43.67319845
          ],
          [
            39.65620178,
            43.67318646
          ],
          [
            39.65620079,
            43.6731738
          ],
          [
            39.65619979,
            43.67316081
          ],
          [
            39.65619846,
            43.67314715
          ],
          [
            39.65619746,
            43.67313349
          ],
          [
            39.65619779,
            43.67311916
          ],
          [
            39.65619779,
            43.6731055
          ],
          [
            39.65619912,
            43.67309184
          ],
          [
            39.65620112,
            43.67307751
          ],
          [
            39.65620311,
            43.67306385
          ],
          [
            39.65620511,
            43.67304985
          ],
          [
            39.65620544,
            43.67303519
          ],
          [
            39.65620511,
            43.67302053
          ],
          [
            39.65620445,
            43.67300554
          ],
          [
            39.65620379,
            43.67299121
          ],
          [
            39.65620346,
            43.67297688
          ],
          [
            39.65620246,
            43.67296222
          ],
          [
            39.6562008,
            43.67294723
          ],
          [
            39.65619814,
            43.67293257
          ],
          [
            39.65619614,
            43.67291824
          ],
          [
            39.65619414,
            43.67290424
          ],
          [
            39.65619148,
            43.67289058
          ],
          [
            39.65618949,
            43.67287758
          ],
          [
            39.65618683,
            43.67286458
          ],
          [
            39.6561845,
            43.67285192
          ],
          [
            39.6561825,
            43.67283926
          ],
          [
            39.65618184,
            43.67282627
          ],
          [
            39.65618151,
            43.67281327
          ],
          [
            39.65618085,
            43.67279994
          ],
          [
            39.65618052,
            43.67278661
          ],
          [
            39.65618019,
            43.67277328
          ],
          [
            39.65617986,
            43.67275995
          ],
          [
            39.6561792,
            43.67274662
          ],
          [
            39.65617821,
            43.67273396
          ],
          [
            39.65617755,
            43.67272096
          ],
          [
            39.65617689,
            43.67270797
          ],
          [
            39.65617623,
            43.67269497
          ],
          [
            39.6561749,
            43.67268231
          ],
          [
            39.65617291,
            43.67266931
          ],
          [
            39.65617025,
            43.67265631
          ],
          [
            39.65616659,
            43.67264332
          ],
          [
            39.65616326,
            43.67262999
          ],
          [
            39.65616093,
            43.67261733
          ],
          [
            39.65615927,
            43.672605
          ],
          [
            39.65615861,
            43.67259234
          ],
          [
            39.65615894,
            43.67257968
          ],
          [
            39.65615927,
            43.67256635
          ],
          [
            39.65615861,
            43.67255336
          ],
          [
            39.65615695,
            43.67254003
          ],
          [
            39.65615529,
            43.67252737
          ],
          [
            39.65615263,
            43.67251371
          ],
          [
            39.65614997,
            43.67250105
          ],
          [
            39.65614864,
            43.67248872
          ],
          [
            39.65614631,
            43.67247673
          ],
          [
            39.65614365,
            43.67246407
          ],
          [
            39.65614232,
            43.67245107
          ],
          [
            39.65614132,
            43.67243808
          ],
          [
            39.65614066,
            43.67242508
          ],
          [
            39.656139,
            43.67241108
          ],
          [
            39.65613667,
            43.67239742
          ],
          [
            39.65613368,
            43.67238443
          ],
          [
            39.65613168,
            43.67237143
          ],
          [
            39.65612869,
            43.6723591
          ],
          [
            39.65612669,
            43.67234677
          ],
          [
            39.65612536,
            43.67233411
          ],
          [
            39.6561237,
            43.67232212
          ],
          [
            39.65612204,
            43.67230912
          ],
          [
            39.65612138,
            43.67229679
          ],
          [
            39.65612005,
            43.67228479
          ],
          [
            39.65611805,
            43.67227246
          ],
          [
            39.65611605,
            43.67226013
          ],
          [
            39.65611506,
            43.67224747
          ],
          [
            39.6561134,
            43.67223548
          ],
          [
            39.6561134,
            43.67222349
          ],
          [
            39.65611406,
            43.67221083
          ],
          [
            39.65611472,
            43.6721985
          ],
          [
            39.65611538,
            43.67218517
          ],
          [
            39.65611439,
            43.67217117
          ],
          [
            39.65611406,
            43.67215618
          ],
          [
            39.65611306,
            43.67214185
          ],
          [
            39.65611173,
            43.67212719
          ],
          [
            39.65611107,
            43.67211319
          ],
          [
            39.65611107,
            43.67209853
          ],
          [
            39.65611074,
            43.6720852
          ],
          [
            39.65610941,
            43.67207187
          ],
          [
            39.65610842,
            43.67205787
          ],
          [
            39.65610543,
            43.67204487
          ],
          [
            39.65610277,
            43.67203121
          ],
          [
            39.65610011,
            43.67201755
          ],
          [
            39.65609811,
            43.67200389
          ],
          [
            39.65609678,
            43.6719899
          ],
          [
            39.65609412,
            43.6719759
          ],
          [
            39.65609113,
            43.67196257
          ],
          [
            39.6560878,
            43.67194891
          ],
          [
            39.65608481,
            43.67193491
          ],
          [
            39.65608148,
            43.67192091
          ],
          [
            39.65607815,
            43.67190725
          ],
          [
            39.65607482,
            43.67189325
          ],
          [
            39.65607216,
            43.67187992
          ],
          [
            39.65606917,
            43.67186659
          ],
          [
            39.65606684,
            43.67185426
          ],
          [
            39.65606484,
            43.67184127
          ],
          [
            39.65606218,
            43.67182961
          ],
          [
            39.65605852,
            43.67181795
          ],
          [
            39.65605453,
            43.67180695
          ],
          [
            39.65605153,
            43.67179562
          ],
          [
            39.6560482,
            43.67178396
          ],
          [
            39.65604487,
            43.67177263
          ],
          [
            39.65604154,
            43.67176097
          ],
          [
            39.65603888,
            43.67174864
          ],
          [
            39.65603655,
            43.67173665
          ],
          [
            39.65603389,
            43.67172399
          ],
          [
            39.65603189,
            43.671712
          ],
          [
            39.65602956,
            43.67169934
          ],
          [
            39.65602823,
            43.67168635
          ],
          [
            39.65602424,
            43.67167469
          ],
          [
            39.65601991,
            43.6716617
          ],
          [
            39.65601592,
            43.67164804
          ],
          [
            39.65601226,
            43.67163438
          ],
          [
            39.65600993,
            43.67162072
          ],
          [
            39.65600793,
            43.67160739
          ],
          [
            39.6560056,
            43.67159406
          ],
          [
            39.65600261,
            43.67158006
          ],
          [
            39.65600028,
            43.67156673
          ],
          [
            39.65599829,
            43.6715534
          ],
          [
            39.65599629,
            43.67154041
          ],
          [
            39.65599463,
            43.67152775
          ],
          [
            39.65599663,
            43.67151476
          ],
          [
            39.65600062,
            43.67150243
          ],
          [
            39.65600395,
            43.6714891
          ],
          [
            39.65600494,
            43.67147577
          ],
          [
            39.65600361,
            43.67146211
          ],
          [
            39.65600095,
            43.67144878
          ],
          [
            39.65599796,
            43.67143545
          ],
          [
            39.6559943,
            43.67142279
          ],
          [
            39.65599131,
            43.6714108
          ],
          [
            39.65598798,
            43.67139814
          ],
          [
            39.65598499,
            43.67138515
          ],
          [
            39.65598166,
            43.67137115
          ],
          [
            39.65597766,
            43.67135782
          ],
          [
            39.65597333,
            43.67134416
          ],
          [
            39.65596867,
            43.67133083
          ],
          [
            39.65596367,
            43.67131717
          ],
          [
            39.65595968,
            43.67130384
          ],
          [
            39.65595468,
            43.67129051
          ],
          [
            39.65594935,
            43.67127718
          ],
          [
            39.65594435,
            43.67126385
          ],
          [
            39.65593869,
            43.67125052
          ],
          [
            39.65593303,
            43.67123719
          ],
          [
            39.6559287,
            43.67122386
          ],
          [
            39.6559247,
            43.67121053
          ],
          [
            39.65592071,
            43.6711972
          ],
          [
            39.65591538,
            43.67118454
          ],
          [
            39.65590972,
            43.67117155
          ],
          [
            39.65590472,
            43.67115855
          ],
          [
            39.65589939,
            43.67114622
          ],
          [
            39.6558944,
            43.67113322
          ],
          [
            39.65588974,
            43.67112022
          ],
          [
            39.65588708,
            43.67110622
          ],
          [
            39.65588309,
            43.67109222
          ],
          [
            39.65587909,
            43.67107822
          ],
          [
            39.6558761,
            43.67106389
          ],
          [
            39.65587244,
            43.67104989
          ],
          [
            39.65586811,
            43.6710369
          ],
          [
            39.65586512,
            43.6710229
          ],
          [
            39.65586113,
            43.6710099
          ],
          [
            39.65585747,
            43.67099624
          ],
          [
            39.65585248,
            43.67098391
          ],
          [
            39.65584715,
            43.67097125
          ],
          [
            39.65584215,
            43.67095859
          ],
          [
            39.65583549,
            43.67094526
          ],
          [
            39.65582883,
            43.67093227
          ],
          [
            39.6558215,
            43.67091961
          ],
          [
            39.65581484,
            43.67090661
          ],
          [
            39.65580851,
            43.67089362
          ],
          [
            39.65580452,
            43.67087962
          ],
          [
            39.65580086,
            43.67086529
          ],
          [
            39.6557972,
            43.67085096
          ],
          [
            39.65579387,
            43.67083696
          ],
          [
            39.65578987,
            43.6708223
          ],
          [
            39.65578621,
            43.67080831
          ],
          [
            39.65578255,
            43.67079398
          ],
          [
            39.65577755,
            43.67077998
          ],
          [
            39.65577222,
            43.67076699
          ],
          [
            39.65576556,
            43.67075366
          ],
          [
            39.6557589,
            43.67074033
          ],
          [
            39.65575191,
            43.67072767
          ],
          [
            39.65574458,
            43.67071501
          ],
          [
            39.65573825,
            43.67070268
          ],
          [
            39.65573192,
            43.67069035
          ],
          [
            39.65572526,
            43.67067802
          ],
          [
            39.65571927,
            43.67066503
          ],
          [
            39.65571361,
            43.67065203
          ],
          [
            39.65570828,
            43.6706397
          ],
          [
            39.65570462,
            43.67062604
          ],
          [
            39.65570229,
            43.67061204
          ],
          [
            39.6557003,
            43.67059738
          ],
          [
            39.65569764,
            43.67058338
          ],
          [
            39.65569465,
            43.67056905
          ],
          [
            39.65569099,
            43.67055572
          ],
          [
            39.65568533,
            43.67054239
          ],
          [
            39.65567934,
            43.67052906
          ],
          [
            39.65567401,
            43.67051573
          ],
          [
            39.65566901,
            43.6705024
          ],
          [
            39.65566435,
            43.67048974
          ],
          [
            39.65565869,
            43.67047708
          ],
          [
            39.6556527,
            43.67046442
          ],
          [
            39.65564637,
            43.67045143
          ],
          [
            39.65564071,
            43.67043877
          ],
          [
            39.65563672,
            43.67042477
          ],
          [
            39.65563339,
            43.67041044
          ],
          [
            39.65563106,
            43.67039611
          ],
          [
            39.65562807,
            43.67038211
          ],
          [
            39.65562508,
            43.67036811
          ],
          [
            39.65562075,
            43.67035545
          ],
          [
            39.65561542,
            43.67034212
          ],
          [
            39.65561009,
            43.67032979
          ],
          [
            39.65560476,
            43.67031746
          ],
          [
            39.6556011,
            43.67030413
          ],
          [
            39.65559844,
            43.6702908
          ],
          [
            39.65559645,
            43.67027747
          ],
          [
            39.65559412,
            43.67026347
          ],
          [
            39.65559312,
            43.67024981
          ],
          [
            39.65559146,
            43.67023548
          ],
          [
            39.6555898,
            43.67022148
          ],
          [
            39.65558847,
            43.67020782
          ],
          [
            39.65558781,
            43.67019449
          ],
          [
            39.65558748,
            43.67018116
          ],
          [
            39.65558682,
            43.67016716
          ],
          [
            39.65558549,
            43.67015316
          ],
          [
            39.65558349,
            43.67013883
          ],
          [
            39.65558283,
            43.67012517
          ],
          [
            39.65558416,
            43.67011151
          ],
          [
            39.65558383,
            43.67009785
          ],
          [
            39.65558383,
            43.67008452
          ],
          [
            39.65558516,
            43.67007086
          ],
          [
            39.65558582,
            43.67005753
          ],
          [
            39.65558715,
            43.6700442
          ],
          [
            39.65558848,
            43.6700302
          ],
          [
            39.65558981,
            43.67001587
          ],
          [
            39.65559081,
            43.67000121
          ],
          [
            39.65559347,
            43.66998655
          ],
          [
            39.6555948,
            43.66997222
          ],
          [
            39.65559646,
            43.66995856
          ],
          [
            39.65559812,
            43.6699449
          ],
          [
            39.65559978,
            43.66993124
          ],
          [
            39.65560277,
            43.66991791
          ],
          [
            39.65560643,
            43.66990391
          ],
          [
            39.65560876,
            43.66988925
          ],
          [
            39.65561009,
            43.66987525
          ],
          [
            39.65561175,
            43.66986159
          ],
          [
            39.65561441,
            43.66984726
          ],
          [
            39.6556174,
            43.6698326
          ],
          [
            39.6556194,
            43.6698206
          ],
          [
            39.65562173,
            43.66980961
          ],
          [
            39.65562306,
            43.66979795
          ],
          [
            39.65562539,
            43.66978596
          ],
          [
            39.65563005,
            43.66977463
          ],
          [
            39.65563638,
            43.66976397
          ],
          [
            39.65564237,
            43.66975198
          ],
          [
            39.6556497,
            43.66973898
          ],
          [
            39.65565436,
            43.66972565
          ],
          [
            39.65565902,
            43.66971265
          ],
          [
            39.65566201,
            43.66969932
          ],
          [
            39.65566401,
            43.66968532
          ],
          [
            39.655665,
            43.66967099
          ],
          [
            39.65566799,
            43.66965699
          ],
          [
            39.65567132,
            43.66964266
          ],
          [
            39.65567498,
            43.66962866
          ],
          [
            39.65567664,
            43.669615
          ],
          [
            39.6556773,
            43.66960134
          ],
          [
            39.65567863,
            43.66958734
          ],
          [
            39.65567996,
            43.66957334
          ],
          [
            39.65568162,
            43.66956034
          ],
          [
            39.65568362,
            43.66954734
          ],
          [
            39.65568628,
            43.66953334
          ],
          [
            39.65568927,
            43.66952068
          ],
          [
            39.6556946,
            43.66950735
          ],
          [
            39.65569893,
            43.66949502
          ],
          [
            39.65570359,
            43.66948069
          ],
          [
            39.65570825,
            43.66946536
          ],
          [
            39.65571325,
            43.66945037
          ],
          [
            39.65571725,
            43.66943504
          ],
          [
            39.65571991,
            43.66942071
          ],
          [
            39.65572024,
            43.66940538
          ],
          [
            39.65572223,
            43.66939105
          ],
          [
            39.65572489,
            43.66937705
          ],
          [
            39.65572689,
            43.66936339
          ],
          [
            39.65573022,
            43.66935039
          ],
          [
            39.65573488,
            43.6693374
          ],
          [
            39.65574054,
            43.66932507
          ],
          [
            39.65574653,
            43.66931274
          ],
          [
            39.65575319,
            43.66930141
          ],
          [
            39.65576119,
            43.66929008
          ],
          [
            39.65577152,
            43.66927775
          ],
          [
            39.65578318,
            43.66926642
          ],
          [
            39.65579451,
            43.66925576
          ],
          [
            39.65580551,
            43.66924443
          ],
          [
            39.65581551,
            43.66923243
          ],
          [
            39.65582417,
            43.6692201
          ],
          [
            39.65583183,
            43.6692071
          ],
          [
            39.65583849,
            43.66919477
          ],
          [
            39.65584382,
            43.66918211
          ],
          [
            39.65584915,
            43.66916845
          ],
          [
            39.65585281,
            43.66915479
          ],
          [
            39.6558558,
            43.66914146
          ],
          [
            39.65586013,
            43.66912713
          ],
          [
            39.65586479,
            43.66911347
          ],
          [
            39.65586945,
            43.66910014
          ],
          [
            39.65587511,
            43.66908648
          ],
          [
            39.6558811,
            43.66907282
          ],
          [
            39.6558861,
            43.66905949
          ],
          [
            39.65589109,
            43.66904616
          ],
          [
            39.65589675,
            43.6690335
          ],
          [
            39.65590408,
            43.66902084
          ],
          [
            39.65591141,
            43.66900751
          ],
          [
            39.6559174,
            43.66899452
          ],
          [
            39.65592373,
            43.66898052
          ],
          [
            39.65592972,
            43.66896686
          ],
          [
            39.65593505,
            43.6689532
          ],
          [
            39.65593971,
            43.66893987
          ],
          [
            39.6559447,
            43.66892587
          ],
          [
            39.65594936,
            43.66891187
          ],
          [
            39.65595569,
            43.66889821
          ],
          [
            39.65596002,
            43.66888621
          ],
          [
            39.65596268,
            43.66887422
          ],
          [
            39.65596634,
            43.66886256
          ],
          [
            39.65596933,
            43.6688499
          ],
          [
            39.65597299,
            43.66883791
          ],
          [
            39.65597698,
            43.66882458
          ],
          [
            39.65598164,
            43.66881192
          ],
          [
            39.6559843,
            43.66879892
          ],
          [
            39.65598729,
            43.66878593
          ],
          [
            39.65598962,
            43.6687736
          ],
          [
            39.65599295,
            43.66876061
          ],
          [
            39.65599694,
            43.66874761
          ],
          [
            39.65600227,
            43.66873461
          ],
          [
            39.6560066,
            43.66872195
          ],
          [
            39.6560106,
            43.66870962
          ],
          [
            39.65601526,
            43.66869696
          ],
          [
            39.65601925,
            43.66868396
          ],
          [
            39.65602291,
            43.66867097
          ],
          [
            39.65602624,
            43.66865864
          ],
          [
            39.65603057,
            43.66864565
          ],
          [
            39.65603623,
            43.66863332
          ],
          [
            39.65604123,
            43.66862066
          ],
          [
            39.65604522,
            43.66860733
          ],
          [
            39.65604855,
            43.668595
          ],
          [
            39.65605188,
            43.66858234
          ],
          [
            39.65605387,
            43.66856935
          ],
          [
            39.65605553,
            43.66855569
          ],
          [
            39.65605952,
            43.66854136
          ],
          [
            39.65606352,
            43.66852736
          ],
          [
            39.65606885,
            43.6685127
          ],
          [
            39.65607451,
            43.66849804
          ],
          [
            39.65608084,
            43.66848404
          ],
          [
            39.6560865,
            43.66846971
          ],
          [
            39.65609183,
            43.66845638
          ],
          [
            39.65609782,
            43.66844305
          ],
          [
            39.65610381,
            43.66842972
          ],
          [
            39.65611047,
            43.66841639
          ],
          [
            39.65611613,
            43.66840306
          ],
          [
            39.65612146,
            43.66838973
          ],
          [
            39.65612745,
            43.6683764
          ],
          [
            39.65613378,
            43.66836307
          ],
          [
            39.65614011,
            43.66834974
          ],
          [
            39.6561461,
            43.66833641
          ],
          [
            39.65615243,
            43.66832308
          ],
          [
            39.65615676,
            43.66831042
          ],
          [
            39.65615775,
            43.66829742
          ],
          [
            39.65615742,
            43.66828442
          ],
          [
            39.65615542,
            43.66827109
          ],
          [
            39.65615209,
            43.66825943
          ],
          [
            39.65614643,
            43.66824743
          ],
          [
            39.65613977,
            43.66823577
          ],
          [
            39.65613244,
            43.66822411
          ],
          [
            39.65612545,
            43.66821212
          ],
          [
            39.65611912,
            43.66820079
          ],
          [
            39.65611479,
            43.66818879
          ],
          [
            39.6561108,
            43.66817746
          ],
          [
            39.65610847,
            43.66816647
          ],
          [
            39.65610514,
            43.66815514
          ],
          [
            39.65610314,
            43.66814381
          ],
          [
            39.65610114,
            43.66813148
          ],
          [
            39.65610081,
            43.66811882
          ],
          [
            39.65610048,
            43.66810616
          ],
          [
            39.65610081,
            43.66809283
          ],
          [
            39.65610114,
            43.66807984
          ],
          [
            39.65610048,
            43.66806718
          ],
          [
            39.65609982,
            43.66805419
          ],
          [
            39.65609982,
            43.66804119
          ],
          [
            39.65610048,
            43.66802786
          ],
          [
            39.65610147,
            43.66801487
          ],
          [
            39.65610147,
            43.66800087
          ],
          [
            39.65610213,
            43.66798721
          ],
          [
            39.65610279,
            43.66797288
          ],
          [
            39.65610213,
            43.66795888
          ],
          [
            39.6561018,
            43.66794522
          ],
          [
            39.65610246,
            43.66793122
          ],
          [
            39.65610345,
            43.66791756
          ],
          [
            39.65610411,
            43.6679039
          ],
          [
            39.65610511,
            43.66788957
          ],
          [
            39.6561061,
            43.66787524
          ],
          [
            39.6561081,
            43.66786058
          ],
          [
            39.65611009,
            43.66784558
          ],
          [
            39.65611142,
            43.66783125
          ],
          [
            39.65611076,
            43.66781725
          ],
          [
            39.6561091,
            43.66780392
          ],
          [
            39.65610611,
            43.66779026
          ],
          [
            39.65610345,
            43.6677766
          ],
          [
            39.65610079,
            43.6677626
          ],
          [
            39.65609746,
            43.66774894
          ],
          [
            39.65609513,
            43.66773594
          ],
          [
            39.65609247,
            43.66772295
          ],
          [
            39.65608881,
            43.66770962
          ],
          [
            39.65608448,
            43.66769729
          ],
          [
            39.65608149,
            43.66768429
          ],
          [
            39.65607816,
            43.66767063
          ],
          [
            39.6560755,
            43.6676573
          ],
          [
            39.65607317,
            43.66764364
          ],
          [
            39.65607051,
            43.66763064
          ],
          [
            39.65606785,
            43.66761798
          ],
          [
            39.65606452,
            43.66760465
          ],
          [
            39.65606153,
            43.66759065
          ],
          [
            39.65605887,
            43.66757699
          ],
          [
            39.65605588,
            43.66756366
          ],
          [
            39.65605355,
            43.66755033
          ],
          [
            39.65605022,
            43.66753667
          ],
          [
            39.65604589,
            43.66752267
          ],
          [
            39.65604223,
            43.66750901
          ],
          [
            39.65603857,
            43.66749601
          ],
          [
            39.65603524,
            43.66748235
          ],
          [
            39.65603158,
            43.66746869
          ],
          [
            39.65602825,
            43.66745536
          ],
          [
            39.65602625,
            43.66744136
          ],
          [
            39.65602459,
            43.6674267
          ],
          [
            39.65602426,
            43.66741337
          ],
          [
            39.65602326,
            43.66740004
          ],
          [
            39.65602193,
            43.66738738
          ],
          [
            39.65602027,
            43.66737538
          ],
          [
            39.65601761,
            43.66736272
          ],
          [
            39.65601395,
            43.66735006
          ],
          [
            39.65600895,
            43.6673374
          ],
          [
            39.65600529,
            43.66732474
          ],
          [
            39.65600263,
            43.66731208
          ],
          [
            39.6560003,
            43.66729942
          ],
          [
            39.65599764,
            43.66728643
          ],
          [
            39.65599465,
            43.6672731
          ],
          [
            39.65599266,
            43.66725977
          ],
          [
            39.65599166,
            43.66724678
          ],
          [
            39.65598966,
            43.66723412
          ],
          [
            39.65598767,
            43.66722179
          ],
          [
            39.65598468,
            43.66720913
          ],
          [
            39.65598235,
            43.6671968
          ],
          [
            39.65597936,
            43.66718414
          ],
          [
            39.65597703,
            43.66717115
          ],
          [
            39.65597503,
            43.66715815
          ],
          [
            39.6559717,
            43.66714515
          ],
          [
            39.65596837,
            43.66713116
          ],
          [
            39.65596571,
            43.66711683
          ],
          [
            39.65596138,
            43.6671035
          ],
          [
            39.65595639,
            43.66709017
          ],
          [
            39.65595173,
            43.66707684
          ],
          [
            39.65594707,
            43.66706351
          ],
          [
            39.65594241,
            43.66705018
          ],
          [
            39.65593942,
            43.66703618
          ],
          [
            39.65593576,
            43.66702318
          ],
          [
            39.65593277,
            43.66701019
          ],
          [
            39.65593044,
            43.66699686
          ],
          [
            39.65592645,
            43.66698353
          ],
          [
            39.65592212,
            43.66697154
          ],
          [
            39.65591746,
            43.66696054
          ],
          [
            39.6559098,
            43.66694954
          ],
          [
            39.65590147,
            43.66693854
          ],
          [
            39.65589414,
            43.66692655
          ],
          [
            39.65588448,
            43.66691555
          ],
          [
            39.65587348,
            43.66690555
          ],
          [
            39.65586149,
            43.66689489
          ],
          [
            39.65584916,
            43.66688356
          ],
          [
            39.65583683,
            43.66687223
          ],
          [
            39.65582484,
            43.6668609
          ],
          [
            39.65581518,
            43.66684857
          ],
          [
            39.65580585,
            43.66683591
          ],
          [
            39.65579752,
            43.66682291
          ],
          [
            39.65578952,
            43.66680925
          ],
          [
            39.65578053,
            43.66679659
          ],
          [
            39.6557712,
            43.66678526
          ],
          [
            39.65576221,
            43.66677393
          ],
          [
            39.65575288,
            43.66676227
          ],
          [
            39.65574188,
            43.66675094
          ],
          [
            39.65573122,
            43.66673928
          ],
          [
            39.65572022,
            43.66672795
          ],
          [
            39.65570956,
            43.66671629
          ],
          [
            39.65569856,
            43.66670363
          ],
          [
            39.65568657,
            43.66669163
          ],
          [
            39.65567491,
            43.6666803
          ],
          [
            39.65566291,
            43.66666964
          ],
          [
            39.65565191,
            43.66665931
          ],
          [
            39.65564125,
            43.66664898
          ],
          [
            39.65563159,
            43.66663899
          ],
          [
            39.6556226,
            43.66662833
          ],
          [
            39.65561427,
            43.666617
          ],
          [
            39.65560327,
            43.666607
          ],
          [
            39.65559261,
            43.66659701
          ],
          [
            39.65558428,
            43.66658635
          ],
          [
            39.65557429,
            43.66657602
          ],
          [
            39.65556263,
            43.66656569
          ],
          [
            39.65555063,
            43.66655636
          ],
          [
            39.65553797,
            43.6665467
          ],
          [
            39.65552598,
            43.6665367
          ],
          [
            39.65551398,
            43.66652704
          ],
          [
            39.65550265,
            43.66651704
          ],
          [
            39.65549099,
            43.66650638
          ],
          [
            39.65547999,
            43.66649605
          ],
          [
            39.65546966,
            43.66648505
          ],
          [
            39.65545933,
            43.66647405
          ],
          [
            39.65544833,
            43.66646206
          ],
          [
            39.655438,
            43.6664494
          ],
          [
            39.65542834,
            43.66643574
          ],
          [
            39.65541935,
            43.66642275
          ],
          [
            39.65540969,
            43.66641009
          ],
          [
            39.65539803,
            43.6663981
          ],
          [
            39.6553857,
            43.6663871
          ],
          [
            39.65537304,
            43.66637644
          ],
          [
            39.65536005,
            43.66636678
          ],
          [
            39.65534739,
            43.66635712
          ],
          [
            39.6553354,
            43.66634779
          ],
          [
            39.65532207,
            43.66633746
          ],
          [
            39.65531141,
            43.66632646
          ],
          [
            39.65529842,
            43.66631613
          ],
          [
            39.65528409,
            43.66630513
          ],
          [
            39.65527009,
            43.66629413
          ],
          [
            39.65525609,
            43.66628247
          ],
          [
            39.65524243,
            43.66627114
          ],
          [
            39.6552331,
            43.66625748
          ],
          [
            39.65522344,
            43.66624415
          ],
          [
            39.65521078,
            43.66623182
          ],
          [
            39.65519812,
            43.66621949
          ],
          [
            39.65518512,
            43.66620783
          ],
          [
            39.65517479,
            43.66619484
          ],
          [
            39.65516279,
            43.66618318
          ],
          [
            39.65515213,
            43.66617085
          ],
          [
            39.65514013,
            43.66615786
          ],
          [
            39.65512847,
            43.66614586
          ],
          [
            39.65511648,
            43.66613387
          ],
          [
            39.65510415,
            43.66612254
          ],
          [
            39.65509049,
            43.66611088
          ],
          [
            39.65507983,
            43.66609822
          ],
          [
            39.65506883,
            43.66608589
          ],
          [
            39.6550595,
            43.66607323
          ],
          [
            39.65504817,
            43.66606224
          ],
          [
            39.65503784,
            43.66605158
          ],
          [
            39.65502818,
            43.66604058
          ],
          [
            39.65501918,
            43.66602992
          ],
          [
            39.65501052,
            43.66601892
          ],
          [
            39.65500053,
            43.66600826
          ],
          [
            39.65498854,
            43.6659986
          ],
          [
            39.65497588,
            43.66598827
          ],
          [
            39.65496188,
            43.66597861
          ],
          [
            39.65494689,
            43.66596861
          ],
          [
            39.65493156,
            43.66595928
          ],
          [
            39.65491723,
            43.66595062
          ],
          [
            39.65490657,
            43.66594262
          ],
          [
            39.65489624,
            43.66593429
          ],
          [
            39.65488624,
            43.66592696
          ],
          [
            39.65487791,
            43.66592097
          ],
          [
            39.65487092,
            43.66591364
          ],
          [
            39.65486259,
            43.66590765
          ],
          [
            39.65485326,
            43.66590165
          ],
          [
            39.65484427,
            43.66589599
          ],
          [
            39.65483828,
            43.66588666
          ],
          [
            39.65483328,
            43.66587633
          ],
          [
            39.65482895,
            43.665866
          ],
          [
            39.65482296,
            43.66585867
          ],
          [
            39.65481463,
            43.66585268
          ],
          [
            39.65480564,
            43.66584669
          ],
          [
            39.65479631,
            43.66583969
          ],
          [
            39.65478898,
            43.6658307
          ],
          [
            39.65478098,
            43.66582137
          ],
          [
            39.65477365,
            43.66581004
          ],
          [
            39.65476699,
            43.66579704
          ],
          [
            39.654761,
            43.66578371
          ],
          [
            39.65476499,
            43.66576271
          ],
          [
            39.65476532,
            43.66574272
          ],
          [
            39.65476199,
            43.66572606
          ],
          [
            39.654759,
            43.66570973
          ],
          [
            39.654751,
            43.66569474
          ],
          [
            39.65474701,
            43.66567941
          ],
          [
            39.65474035,
            43.66566342
          ],
          [
            39.65473336,
            43.66564842
          ],
          [
            39.6547257,
            43.66563409
          ],
          [
            39.65471904,
            43.66562009
          ],
          [
            39.65471305,
            43.66560543
          ],
          [
            39.65470605,
            43.66559143
          ],
          [
            39.65470139,
            43.6655771
          ],
          [
            39.6546984,
            43.66556177
          ],
          [
            39.65469607,
            43.66554677
          ],
          [
            39.65469274,
            43.66553311
          ],
          [
            39.65468741,
            43.66552012
          ],
          [
            39.65468342,
            43.66550779
          ],
          [
            39.65467976,
            43.66549513
          ],
          [
            39.6546741,
            43.66548314
          ],
          [
            39.65466811,
            43.66547181
          ],
          [
            39.65466178,
            43.66545981
          ],
          [
            39.65465812,
            43.66544715
          ],
          [
            39.65465446,
            43.66543449
          ],
          [
            39.65465213,
            43.66542183
          ],
          [
            39.65465246,
            43.66540817
          ],
          [
            39.6546518,
            43.66539318
          ],
          [
            39.6546498,
            43.66537752
          ],
          [
            39.65464847,
            43.66536152
          ],
          [
            39.65464314,
            43.66534453
          ],
          [
            39.65463715,
            43.66532854
          ],
          [
            39.65462982,
            43.66531288
          ],
          [
            39.65462383,
            43.66529755
          ],
          [
            39.6546165,
            43.66528289
          ],
          [
            39.65460884,
            43.66526923
          ],
          [
            39.65460451,
            43.6652519
          ],
          [
            39.65460451,
            43.66523091
          ],
          [
            39.65460352,
            43.66521158
          ],
          [
            39.65460252,
            43.66519159
          ],
          [
            39.65460318,
            43.66517126
          ],
          [
            39.65460484,
            43.66515093
          ],
          [
            39.65460583,
            43.66513227
          ],
          [
            39.65460849,
            43.66511461
          ],
          [
            39.65461148,
            43.66509795
          ],
          [
            39.65461514,
            43.66508329
          ],
          [
            39.65461613,
            43.66507229
          ],
          [
            39.65461247,
            43.66506596
          ],
          [
            39.65460447,
            43.66506063
          ],
          [
            39.65459614,
            43.6650533
          ],
          [
            39.65459081,
            43.66504431
          ],
          [
            39.65458748,
            43.66503298
          ],
          [
            39.65458482,
            43.66502098
          ],
          [
            39.65458881,
            43.66500698
          ],
          [
            39.65459147,
            43.66499265
          ],
          [
            39.6545928,
            43.66497865
          ],
          [
            39.65459147,
            43.66496632
          ],
          [
            39.65458981,
            43.66495433
          ],
          [
            39.65458748,
            43.66494167
          ],
          [
            39.65458415,
            43.66492801
          ],
          [
            39.65458015,
            43.66491401
          ],
          [
            39.65457516,
            43.66489968
          ],
          [
            39.6545675,
            43.66488402
          ],
          [
            39.65455884,
            43.66486969
          ],
          [
            39.65455318,
            43.66485436
          ],
          [
            39.65455019,
            43.66483903
          ],
          [
            39.65454986,
            43.6648247
          ],
          [
            39.6545462,
            43.66481104
          ],
          [
            39.65454554,
            43.66479638
          ],
          [
            39.6545462,
            43.66478038
          ],
          [
            39.65454554,
            43.66476472
          ],
          [
            39.65454155,
            43.66474873
          ],
          [
            39.65453755,
            43.6647344
          ],
          [
            39.65453422,
            43.66472107
          ],
          [
            39.65450756,
            43.66469974
          ],
          [
            39.65450256,
            43.66469841
          ],
          [
            39.6544949,
            43.66469575
          ],
          [
            39.65448824,
            43.66469409
          ],
          [
            39.65447924,
            43.66468476
          ],
          [
            39.65446791,
            43.6646781
          ],
          [
            39.65445725,
            43.6646691
          ],
          [
            39.65444392,
            43.66466377
          ],
          [
            39.65443092,
            43.66465944
          ],
          [
            39.65441959,
            43.66465611
          ],
          [
            39.65441093,
            43.66465345
          ],
          [
            39.65440427,
            43.66465046
          ],
          [
            39.65440161,
            43.66464813
          ],
          [
            39.65439862,
            43.66464647
          ],
          [
            39.65439162,
            43.66464713
          ],
          [
            39.65437929,
            43.66464347
          ],
          [
            39.65436996,
            43.66463914
          ],
          [
            39.65436296,
            43.66463281
          ],
          [
            39.65436362,
            43.66462682
          ],
          [
            39.65436329,
            43.66462316
          ],
          [
            39.65436429,
            43.66461717
          ],
          [
            39.65436029,
            43.66460951
          ],
          [
            39.6543533,
            43.66460151
          ],
          [
            39.6543433,
            43.66459485
          ],
          [
            39.65433164,
            43.66458919
          ],
          [
            39.65430731,
            43.66458219
          ],
          [
            39.65428432,
            43.66457653
          ],
          [
            39.65426566,
            43.6645722
          ],
          [
            39.654244,
            43.66456854
          ],
          [
            39.65422067,
            43.66456421
          ],
          [
            39.65419634,
            43.66455788
          ],
          [
            39.65417068,
            43.66454988
          ],
          [
            39.65414568,
            43.66454222
          ],
          [
            39.65411635,
            43.66453189
          ],
          [
            39.65408636,
            43.66451956
          ],
          [
            39.6540557,
            43.66450757
          ],
          [
            39.65402671,
            43.66449591
          ],
          [
            39.65399971,
            43.66448891
          ],
          [
            39.65397505,
            43.66448192
          ],
          [
            39.65395472,
            43.66447893
          ],
          [
            39.65393673,
            43.66447594
          ],
          [
            39.65391974,
            43.66447161
          ],
          [
            39.65390141,
            43.66446628
          ],
          [
            39.65388475,
            43.66446162
          ],
          [
            39.65386742,
            43.66445429
          ],
          [
            39.65385076,
            43.66444696
          ],
          [
            39.65383743,
            43.6644413
          ],
          [
            39.65382777,
            43.66443664
          ],
          [
            39.65381644,
            43.66442998
          ],
          [
            39.65380378,
            43.66442198
          ],
          [
            39.65379079,
            43.66441165
          ],
          [
            39.65377913,
            43.66440199
          ],
          [
            39.65376713,
            43.66439133
          ],
          [
            39.6537568,
            43.66437733
          ],
          [
            39.6537458,
            43.66436267
          ],
          [
            39.65373614,
            43.66434801
          ],
          [
            39.65372881,
            43.66433602
          ],
          [
            39.65372115,
            43.66432302
          ],
          [
            39.65371315,
            43.66431103
          ],
          [
            39.65370716,
            43.66430103
          ],
          [
            39.65370017,
            43.66428937
          ],
          [
            39.65369251,
            43.66427804
          ],
          [
            39.65368618,
            43.66426938
          ],
          [
            39.65368085,
            43.66426305
          ],
          [
            39.65367619,
            43.66425839
          ],
          [
            39.65367286,
            43.66425506
          ],
          [
            39.65366953,
            43.66425306
          ],
          [
            39.65366687,
            43.66425173
          ],
          [
            39.65366454,
            43.66425107
          ],
          [
            39.65366254,
            43.66424441
          ],
          [
            39.65365488,
            43.66423842
          ],
          [
            39.65364922,
            43.66422776
          ],
          [
            39.65364589,
            43.6642131
          ],
          [
            39.65364156,
            43.66419977
          ],
          [
            39.65363023,
            43.66418178
          ],
          [
            39.65361723,
            43.66415779
          ],
          [
            39.65360757,
            43.66413579
          ],
          [
            39.65359891,
            43.66412013
          ],
          [
            39.65359058,
            43.66410613
          ],
          [
            39.65358158,
            43.66409414
          ],
          [
            39.65357359,
            43.66408114
          ],
          [
            39.65356459,
            43.66407081
          ],
          [
            39.65355659,
            43.66406248
          ],
          [
            39.6535416,
            43.66404148
          ],
          [
            39.65354226,
            43.66403916
          ],
          [
            39.65353793,
            43.66402883
          ],
          [
            39.65353327,
            43.66402117
          ],
          [
            39.65352994,
            43.66401684
          ],
          [
            39.65350494,
            43.66399885
          ],
          [
            39.65347561,
            43.66398319
          ],
          [
            39.65345328,
            43.66397186
          ],
          [
            39.65342895,
            43.66396253
          ],
          [
            39.65340862,
            43.66395153
          ],
          [
            39.65339229,
            43.66394087
          ],
          [
            39.65338063,
            43.66393254
          ],
          [
            39.65336963,
            43.66392288
          ],
          [
            39.6533603,
            43.66391022
          ],
          [
            39.65335197,
            43.66389956
          ],
          [
            39.65334497,
            43.66388456
          ],
          [
            39.65333831,
            43.6638699
          ],
          [
            39.65333098,
            43.66385724
          ],
          [
            39.65332298,
            43.66384491
          ],
          [
            39.65331499,
            43.66383225
          ],
          [
            39.65330699,
            43.66382159
          ],
          [
            39.65329999,
            43.66381226
          ],
          [
            39.65329466,
            43.66380526
          ],
          [
            39.65329,
            43.66379993
          ],
          [
            39.653276,
            43.66379727
          ],
          [
            39.65325867,
            43.66379461
          ],
          [
            39.65324234,
            43.66378928
          ],
          [
            39.65322868,
            43.66377962
          ],
          [
            39.65321702,
            43.66376696
          ],
          [
            39.65320969,
            43.66374763
          ],
          [
            39.65320036,
            43.6637313
          ],
          [
            39.65319737,
            43.6637103
          ],
          [
            39.6531997,
            43.66368064
          ],
          [
            39.65319837,
            43.66365765
          ],
          [
            39.65319438,
            43.66363799
          ],
          [
            39.65318972,
            43.66362233
          ],
          [
            39.65318172,
            43.66360867
          ],
          [
            39.65317173,
            43.66359668
          ],
          [
            39.65316173,
            43.66358469
          ],
          [
            39.65315307,
            43.66357236
          ],
          [
            39.65314708,
            43.6635587
          ],
          [
            39.65313875,
            43.66354404
          ],
          [
            39.65312842,
            43.66353105
          ],
          [
            39.65311843,
            43.66351805
          ],
          [
            39.65310777,
            43.66350772
          ],
          [
            39.65309777,
            43.66349473
          ],
          [
            39.65308978,
            43.66347873
          ],
          [
            39.65310044,
            43.66343407
          ],
          [
            39.65311677,
            43.66338374
          ],
          [
            39.65312876,
            43.66334308
          ],
          [
            39.65313376,
            43.66330708
          ],
          [
            39.65313709,
            43.66327375
          ],
          [
            39.65313742,
            43.66324276
          ],
          [
            39.65313443,
            43.6632171
          ],
          [
            39.6531301,
            43.66319444
          ],
          [
            39.65312444,
            43.66317411
          ],
          [
            39.65311878,
            43.66315578
          ],
          [
            39.65311245,
            43.66313879
          ],
          [
            39.65310479,
            43.66312413
          ],
          [
            39.65309813,
            43.6631098
          ],
          [
            39.65309147,
            43.6630958
          ],
          [
            39.65308414,
            43.66308414
          ],
          [
            39.65307514,
            43.66307448
          ],
          [
            39.65306481,
            43.66306615
          ],
          [
            39.65305481,
            43.66305849
          ],
          [
            39.65304615,
            43.66305116
          ],
          [
            39.65303916,
            43.6630395
          ],
          [
            39.65303283,
            43.6630265
          ],
          [
            39.6530255,
            43.66301351
          ],
          [
            39.65301951,
            43.66299951
          ],
          [
            39.65301285,
            43.66298318
          ],
          [
            39.65300586,
            43.66296718
          ],
          [
            39.65299753,
            43.66295318
          ],
          [
            39.65299053,
            43.66293819
          ],
          [
            39.65298354,
            43.66292219
          ],
          [
            39.65297488,
            43.66290819
          ],
          [
            39.65296288,
            43.66289786
          ],
          [
            39.65294922,
            43.6628902
          ],
          [
            39.65293656,
            43.66288287
          ],
          [
            39.6529259,
            43.66287588
          ],
          [
            39.65291557,
            43.66286888
          ],
          [
            39.65290524,
            43.66286089
          ],
          [
            39.65289458,
            43.66285256
          ],
          [
            39.65288459,
            43.66284356
          ],
          [
            39.65287626,
            43.66283423
          ],
          [
            39.65286793,
            43.66282323
          ],
          [
            39.65285993,
            43.66280957
          ],
          [
            39.6528526,
            43.66279524
          ],
          [
            39.65284561,
            43.66278124
          ],
          [
            39.65283861,
            43.66276625
          ],
          [
            39.65282928,
            43.66274892
          ],
          [
            39.65282629,
            43.66273092
          ],
          [
            39.65282728,
            43.66271326
          ],
          [
            39.65282562,
            43.66269793
          ],
          [
            39.65282462,
            43.66268227
          ],
          [
            39.65282229,
            43.66266894
          ],
          [
            39.65281863,
            43.66265628
          ],
          [
            39.65281464,
            43.66264462
          ],
          [
            39.65280865,
            43.66263229
          ],
          [
            39.65280265,
            43.66261963
          ],
          [
            39.65279632,
            43.66260597
          ],
          [
            39.65278966,
            43.66259297
          ],
          [
            39.65278333,
            43.66257998
          ],
          [
            39.65277667,
            43.66256765
          ],
          [
            39.65276934,
            43.66255532
          ],
          [
            39.65276301,
            43.66254333
          ],
          [
            39.65275735,
            43.66253133
          ],
          [
            39.65275102,
            43.66251967
          ],
          [
            39.65274602,
            43.66250601
          ],
          [
            39.65273903,
            43.66249302
          ],
          [
            39.65273137,
            43.66248069
          ],
          [
            39.65272371,
            43.66246936
          ],
          [
            39.65271505,
            43.6624577
          ],
          [
            39.65270572,
            43.66244637
          ],
          [
            39.65269673,
            43.66243604
          ],
          [
            39.65269007,
            43.66242504
          ],
          [
            39.65268474,
            43.66241604
          ],
          [
            39.65268174,
            43.66240838
          ],
          [
            39.65267908,
            43.66240072
          ],
          [
            39.65267609,
            43.66239139
          ],
          [
            39.65267243,
            43.66238073
          ],
          [
            39.65266743,
            43.6623694
          ],
          [
            39.65266277,
            43.66235774
          ],
          [
            39.65265777,
            43.66234674
          ],
          [
            39.65265178,
            43.66233574
          ],
          [
            39.65264712,
            43.66232441
          ],
          [
            39.65264313,
            43.66231341
          ],
          [
            39.65263847,
            43.66230208
          ],
          [
            39.65263181,
            43.66229075
          ],
          [
            39.65262381,
            43.66228009
          ],
          [
            39.65261448,
            43.66226943
          ],
          [
            39.65260482,
            43.66225843
          ],
          [
            39.65259483,
            43.6622481
          ],
          [
            39.65258517,
            43.66223844
          ],
          [
            39.65257651,
            43.66222845
          ],
          [
            39.65256885,
            43.66221879
          ],
          [
            39.65256085,
            43.66220813
          ],
          [
            39.65255252,
            43.66219647
          ],
          [
            39.65254353,
            43.66218414
          ],
          [
            39.6525342,
            43.66217148
          ],
          [
            39.65252387,
            43.66215982
          ],
          [
            39.65251521,
            43.66214816
          ],
          [
            39.65250922,
            43.66213483
          ],
          [
            39.65250489,
            43.66212117
          ],
          [
            39.65249923,
            43.66210751
          ],
          [
            39.6524909,
            43.66209618
          ],
          [
            39.6524829,
            43.66208385
          ],
          [
            39.65247457,
            43.66207186
          ],
          [
            39.65246691,
            43.66205987
          ],
          [
            39.65245758,
            43.66204887
          ],
          [
            39.65244725,
            43.66203754
          ],
          [
            39.65243492,
            43.66202555
          ],
          [
            39.65242326,
            43.66201355
          ],
          [
            39.65241226,
            43.66200189
          ],
          [
            39.65240226,
            43.66199056
          ],
          [
            39.65239293,
            43.66198057
          ],
          [
            39.6523846,
            43.66197257
          ],
          [
            39.65237561,
            43.66196524
          ],
          [
            39.65236428,
            43.66195724
          ],
          [
            39.65235062,
            43.66195058
          ],
          [
            39.65233729,
            43.66194392
          ],
          [
            39.6523223,
            43.66193659
          ],
          [
            39.65230764,
            43.66192893
          ],
          [
            39.65229198,
            43.66192027
          ],
          [
            39.65227665,
            43.66191161
          ],
          [
            39.65226232,
            43.66190328
          ],
          [
            39.65224966,
            43.66189362
          ],
          [
            39.65223866,
            43.66188296
          ],
          [
            39.65222733,
            43.6618723
          ],
          [
            39.65221633,
            43.66186097
          ],
          [
            39.652208,
            43.66184898
          ],
          [
            39.65220101,
            43.66183632
          ],
          [
            39.65219535,
            43.66182333
          ],
          [
            39.65219002,
            43.66180933
          ],
          [
            39.65218636,
            43.66179733
          ],
          [
            39.6521827,
            43.661786
          ],
          [
            39.65217904,
            43.66177401
          ],
          [
            39.65217571,
            43.66176202
          ],
          [
            39.65217305,
            43.66174869
          ],
          [
            39.65217072,
            43.66173503
          ],
          [
            39.65216806,
            43.6617207
          ],
          [
            39.65216573,
            43.66170604
          ],
          [
            39.65216174,
            43.66169204
          ],
          [
            39.65215841,
            43.66167838
          ],
          [
            39.65215175,
            43.66166472
          ],
          [
            39.65214175,
            43.66165306
          ],
          [
            39.65213176,
            43.66164307
          ],
          [
            39.65212343,
            43.66163141
          ],
          [
            39.65212044,
            43.66162108
          ],
          [
            39.65211711,
            43.66160909
          ],
          [
            39.65211511,
            43.66159576
          ],
          [
            39.65211345,
            43.6615811
          ],
          [
            39.65211212,
            43.6615671
          ],
          [
            39.65211146,
            43.6615531
          ],
          [
            39.65211245,
            43.6615391
          ],
          [
            39.65211578,
            43.66152377
          ],
          [
            39.65212144,
            43.66150911
          ],
          [
            39.6521291,
            43.66149578
          ],
          [
            39.65213976,
            43.66148445
          ],
          [
            39.65215209,
            43.66147446
          ],
          [
            39.65216408,
            43.66146413
          ],
          [
            39.65217608,
            43.6614548
          ],
          [
            39.65218708,
            43.66144614
          ],
          [
            39.65219707,
            43.66143748
          ],
          [
            39.6522044,
            43.66142882
          ],
          [
            39.65221073,
            43.66142049
          ],
          [
            39.65221606,
            43.66141316
          ],
          [
            39.65222172,
            43.66140783
          ],
          [
            39.65222672,
            43.6614025
          ],
          [
            39.65223138,
            43.66139784
          ],
          [
            39.65223638,
            43.66139418
          ],
          [
            39.65224004,
            43.66139285
          ],
          [
            39.65224337,
            43.66139285
          ],
          [
            39.65224703,
            43.66139219
          ],
          [
            39.65224969,
            43.66139086
          ],
          [
            39.65225268,
            43.66138886
          ],
          [
            39.65225567,
            43.6613862
          ],
          [
            39.65225833,
            43.66138221
          ],
          [
            39.65226132,
            43.66137855
          ],
          [
            39.65226431,
            43.66137389
          ],
          [
            39.6522673,
            43.6613709
          ],
          [
            39.65227063,
            43.66136824
          ],
          [
            39.65227463,
            43.66136391
          ],
          [
            39.65227729,
            43.66135825
          ],
          [
            39.65227862,
            43.66135126
          ],
          [
            39.65228062,
            43.66134326
          ],
          [
            39.65228461,
            43.66133093
          ],
          [
            39.65228727,
            43.6613176
          ],
          [
            39.65228927,
            43.66130494
          ],
          [
            39.65229026,
            43.66129361
          ],
          [
            39.65229359,
            43.66128095
          ],
          [
            39.65229825,
            43.66126629
          ],
          [
            39.65230258,
            43.66125029
          ],
          [
            39.65230557,
            43.66123363
          ],
          [
            39.65230823,
            43.6612153
          ],
          [
            39.65230823,
            43.66119564
          ],
          [
            39.65230989,
            43.66117698
          ],
          [
            39.65231222,
            43.66115865
          ],
          [
            39.65231688,
            43.66114166
          ],
          [
            39.65232154,
            43.66112467
          ],
          [
            39.65232254,
            43.66111034
          ],
          [
            39.65232353,
            43.66109468
          ],
          [
            39.65232686,
            43.66108002
          ],
          [
            39.65233219,
            43.66106503
          ],
          [
            39.65233885,
            43.6610507
          ],
          [
            39.65234884,
            43.6610367
          ],
          [
            39.65235884,
            43.66102237
          ],
          [
            39.6523735,
            43.66100937
          ],
          [
            39.65239083,
            43.66100004
          ],
          [
            39.65240849,
            43.66099171
          ],
          [
            39.65242582,
            43.66098205
          ],
          [
            39.65244382,
            43.66097172
          ],
          [
            39.65246115,
            43.66096072
          ],
          [
            39.65247981,
            43.66094939
          ],
          [
            39.65249547,
            43.6609374
          ],
          [
            39.65251113,
            43.66092774
          ],
          [
            39.65257546,
            43.66087141
          ],
          [
            39.65257247,
            43.66086475
          ],
          [
            39.65257081,
            43.66085542
          ],
          [
            39.65257314,
            43.66084476
          ],
          [
            39.65257814,
            43.66083043
          ],
          [
            39.65257947,
            43.66081477
          ],
          [
            39.65257514,
            43.66079644
          ],
          [
            39.65258113,
            43.66078311
          ],
          [
            39.65258479,
            43.66077045
          ],
          [
            39.65258712,
            43.66075579
          ],
          [
            39.65258878,
            43.6607388
          ],
          [
            39.65259078,
            43.66071914
          ],
          [
            39.65259444,
            43.66070415
          ],
          [
            39.65259544,
            43.66068682
          ],
          [
            39.65259344,
            43.66067182
          ],
          [
            39.65258811,
            43.66065849
          ],
          [
            39.65258011,
            43.66064416
          ],
          [
            39.65257211,
            43.66062816
          ],
          [
            39.65256412,
            43.66061283
          ],
          [
            39.65255712,
            43.66059817
          ],
          [
            39.65255113,
            43.66058417
          ],
          [
            39.65254613,
            43.66057051
          ],
          [
            39.65254447,
            43.66055885
          ],
          [
            39.65254646,
            43.66054852
          ],
          [
            39.65254613,
            43.66053686
          ],
          [
            39.65254514,
            43.66052586
          ],
          [
            39.65254448,
            43.6605132
          ],
          [
            39.65254481,
            43.66049987
          ],
          [
            39.65254814,
            43.66048521
          ],
          [
            39.65254781,
            43.66047088
          ],
          [
            39.65254748,
            43.66045722
          ],
          [
            39.65254449,
            43.66044489
          ],
          [
            39.65254083,
            43.66043123
          ],
          [
            39.65253717,
            43.6604179
          ],
          [
            39.65253318,
            43.66040524
          ],
          [
            39.65252985,
            43.66039591
          ],
          [
            39.65252752,
            43.66038791
          ],
          [
            39.65253251,
            43.66037658
          ],
          [
            39.65253951,
            43.66036325
          ],
          [
            39.6525465,
            43.66034992
          ],
          [
            39.65255083,
            43.66033592
          ],
          [
            39.65255116,
            43.66032059
          ],
          [
            39.6525505,
            43.66030559
          ],
          [
            39.65254984,
            43.66029326
          ],
          [
            39.65254484,
            43.66028326
          ],
          [
            39.65253818,
            43.66027427
          ],
          [
            39.65253385,
            43.66026461
          ],
          [
            39.65252786,
            43.66025661
          ],
          [
            39.65252487,
            43.66024795
          ],
          [
            39.65252221,
            43.66023795
          ],
          [
            39.65252021,
            43.66022862
          ],
          [
            39.65251622,
            43.66021963
          ],
          [
            39.65251022,
            43.66021297
          ],
          [
            39.65250289,
            43.66020631
          ],
          [
            39.65249189,
            43.66019765
          ],
          [
            39.65247923,
            43.66018899
          ],
          [
            39.65246624,
            43.66018133
          ],
          [
            39.65245458,
            43.660174
          ],
          [
            39.65244425,
            43.66016567
          ],
          [
            39.65243592,
            43.66015601
          ],
          [
            39.65243326,
            43.66014501
          ],
          [
            39.65242927,
            43.66013335
          ],
          [
            39.65243093,
            43.66012002
          ],
          [
            39.65243093,
            43.66010636
          ],
          [
            39.6524306,
            43.66009303
          ],
          [
            39.65242894,
            43.66007903
          ],
          [
            39.65242361,
            43.66006403
          ],
          [
            39.65241495,
            43.66004904
          ],
          [
            39.65240529,
            43.66003471
          ],
          [
            39.65239396,
            43.66002005
          ],
          [
            39.65238063,
            43.66000605
          ],
          [
            39.65236663,
            43.65999272
          ],
          [
            39.6523533,
            43.65998306
          ],
          [
            39.65234364,
            43.6599724
          ],
          [
            39.65233431,
            43.65996007
          ],
          [
            39.65232465,
            43.65994741
          ],
          [
            39.65231432,
            43.65993308
          ],
          [
            39.65230332,
            43.65991842
          ],
          [
            39.65229433,
            43.65990309
          ],
          [
            39.652292,
            43.65988976
          ],
          [
            39.65229067,
            43.6598771
          ],
          [
            39.65228868,
            43.6598641
          ],
          [
            39.65228602,
            43.65984911
          ],
          [
            39.65228303,
            43.65983611
          ],
          [
            39.6522767,
            43.65982211
          ],
          [
            39.65227104,
            43.65980945
          ],
          [
            39.65226271,
            43.65979612
          ],
          [
            39.65225438,
            43.65978346
          ],
          [
            39.65224672,
            43.6597708
          ],
          [
            39.65223939,
            43.65975914
          ],
          [
            39.65222973,
            43.65974648
          ],
          [
            39.65222207,
            43.65973515
          ],
          [
            39.65221608,
            43.65972382
          ],
          [
            39.65221175,
            43.65971149
          ],
          [
            39.65220709,
            43.65969749
          ],
          [
            39.6522011,
            43.65968316
          ],
          [
            39.65219544,
            43.65966916
          ],
          [
            39.65219344,
            43.65965417
          ],
          [
            39.65219278,
            43.65963851
          ],
          [
            39.65219145,
            43.65962451
          ],
          [
            39.65218912,
            43.65961118
          ],
          [
            39.65218912,
            43.65960119
          ],
          [
            39.65218579,
            43.65959419
          ],
          [
            39.65218313,
            43.65958753
          ],
          [
            39.65216913,
            43.6595652
          ],
          [
            39.65217013,
            43.65956387
          ],
          [
            39.6521658,
            43.65956553
          ],
          [
            39.65215981,
            43.65956653
          ],
          [
            39.6521608,
            43.6595652
          ],
          [
            39.65215747,
            43.6595632
          ],
          [
            39.65216997,
            43.65950087
          ],
          [
            39.65218247,
            43.65943854
          ],
          [
            39.65218247,
            43.65943421
          ],
          [
            39.65211581,
            43.65942355
          ],
          [
            39.65210382,
            43.65942222
          ],
          [
            39.65209116,
            43.65941823
          ],
          [
            39.6520765,
            43.65941357
          ],
          [
            39.65206384,
            43.65940958
          ],
          [
            39.65205384,
            43.65940659
          ],
          [
            39.65204651,
            43.65940459
          ],
          [
            39.65203618,
            43.65940193
          ],
          [
            39.65203185,
            43.65938194
          ],
          [
            39.65202852,
            43.65936528
          ],
          [
            39.65202652,
            43.65935195
          ],
          [
            39.65202553,
            43.65934196
          ],
          [
            39.65202287,
            43.65932663
          ],
          [
            39.65202121,
            43.65931397
          ],
          [
            39.65201822,
            43.65930364
          ],
          [
            39.65201456,
            43.65929564
          ],
          [
            39.65201023,
            43.65928798
          ],
          [
            39.65200523,
            43.65928132
          ],
          [
            39.651934563333334,
            43.659208987777774
          ],
          [
            39.65186389666667,
            43.65913665555556
          ],
          [
            39.65179323,
            43.65906432333333
          ],
          [
            39.65172256333334,
            43.65899199111111
          ],
          [
            39.651651896666664,
            43.65891965888889
          ],
          [
            39.65158123,
            43.65884732666667
          ],
          [
            39.65151056333333,
            43.65877499444444
          ],
          [
            39.651439896666666,
            43.658702662222225
          ],
          [
            39.65136923,
            43.65863033
          ],
          [
            39.65141056,
            43.6586
          ],
          [
            39.65147089,
            43.65855367
          ],
          [
            39.65153955,
            43.65849867
          ],
          [
            39.65160021,
            43.65844801
          ],
          [
            39.65164354,
            43.65840768
          ],
          [
            39.65167554,
            43.65837602
          ],
          [
            39.6517002,
            43.65834836
          ],
          [
            39.65172019,
            43.6583237
          ],
          [
            39.65173718,
            43.65830237
          ],
          [
            39.65175184,
            43.65828337
          ],
          [
            39.6517645,
            43.65826471
          ],
          [
            39.65177783,
            43.65824738
          ],
          [
            39.65178949,
            43.65823205
          ],
          [
            39.65179982,
            43.65821805
          ],
          [
            39.65181015,
            43.65820405
          ],
          [
            39.65182014,
            43.65819005
          ],
          [
            39.6518288,
            43.65817672
          ],
          [
            39.65183613,
            43.65816339
          ],
          [
            39.65184346,
            43.6581514
          ],
          [
            39.65184946,
            43.65814107
          ],
          [
            39.65185545,
            43.65813107
          ],
          [
            39.65186078,
            43.65812208
          ],
          [
            39.65186644,
            43.65811275
          ],
          [
            39.65187143,
            43.65810209
          ],
          [
            39.65187576,
            43.6580921
          ],
          [
            39.65188042,
            43.65808177
          ],
          [
            39.65188641,
            43.65807177
          ],
          [
            39.6518934,
            43.65806111
          ],
          [
            39.65190106,
            43.65804945
          ],
          [
            39.65190739,
            43.65803779
          ],
          [
            39.65191338,
            43.65802646
          ],
          [
            39.65191937,
            43.65801447
          ],
          [
            39.65192503,
            43.65800281
          ],
          [
            39.65193003,
            43.65799048
          ],
          [
            39.65193536,
            43.65797782
          ],
          [
            39.65194069,
            43.65796416
          ],
          [
            39.65194602,
            43.65795116
          ],
          [
            39.65195102,
            43.65793883
          ],
          [
            39.65195668,
            43.6579275
          ],
          [
            39.65196167,
            43.6579165
          ],
          [
            39.65196567,
            43.65790484
          ],
          [
            39.65196966,
            43.65789218
          ],
          [
            39.65197332,
            43.65787952
          ],
          [
            39.65197665,
            43.65786519
          ],
          [
            39.65198098,
            43.65785119
          ],
          [
            39.65198531,
            43.65783753
          ],
          [
            39.65199064,
            43.6578252
          ],
          [
            39.65199663,
            43.6578112
          ],
          [
            39.65200196,
            43.65779754
          ],
          [
            39.65200795,
            43.65778388
          ],
          [
            39.65201494,
            43.65777055
          ],
          [
            39.65202227,
            43.65775589
          ],
          [
            39.65202793,
            43.6577409
          ],
          [
            39.65203293,
            43.6577259
          ],
          [
            39.65203793,
            43.65771157
          ],
          [
            39.65204292,
            43.65769624
          ],
          [
            39.65204792,
            43.65768124
          ],
          [
            39.65205358,
            43.65766491
          ],
          [
            39.65205957,
            43.65764891
          ],
          [
            39.65206523,
            43.65763325
          ],
          [
            39.65206989,
            43.65761826
          ],
          [
            39.65207422,
            43.65760327
          ],
          [
            39.65207788,
            43.65758794
          ],
          [
            39.65208221,
            43.65757361
          ],
          [
            39.65208654,
            43.65755895
          ],
          [
            39.65209187,
            43.65754429
          ],
          [
            39.65209786,
            43.65752996
          ],
          [
            39.65210286,
            43.65751563
          ],
          [
            39.65210785,
            43.65750163
          ],
          [
            39.65211285,
            43.65748763
          ],
          [
            39.65211718,
            43.65747397
          ],
          [
            39.65212184,
            43.65745997
          ],
          [
            39.65212584,
            43.65744697
          ],
          [
            39.65213084,
            43.65743498
          ],
          [
            39.65213617,
            43.65742232
          ],
          [
            39.6521405,
            43.65740832
          ],
          [
            39.65214516,
            43.65739432
          ],
          [
            39.65214915,
            43.65738066
          ],
          [
            39.65215281,
            43.65736633
          ],
          [
            39.65215647,
            43.657352
          ],
          [
            39.65215946,
            43.65733734
          ],
          [
            39.65216179,
            43.65732268
          ],
          [
            39.65216445,
            43.65730769
          ],
          [
            39.65216744,
            43.65729336
          ],
          [
            39.6521711,
            43.65727736
          ],
          [
            39.65217476,
            43.6572627
          ],
          [
            39.65217942,
            43.65724704
          ],
          [
            39.65218575,
            43.65723238
          ],
          [
            39.65219208,
            43.65721838
          ],
          [
            39.65219774,
            43.65720305
          ],
          [
            39.65220407,
            43.65718739
          ],
          [
            39.65221006,
            43.65717073
          ],
          [
            39.65221605,
            43.65715407
          ],
          [
            39.65222105,
            43.65713874
          ],
          [
            39.65222538,
            43.65712341
          ],
          [
            39.65223071,
            43.65710842
          ],
          [
            39.65223637,
            43.65709309
          ],
          [
            39.6522417,
            43.65707876
          ],
          [
            39.65224836,
            43.6570661
          ],
          [
            39.65225502,
            43.65705277
          ],
          [
            39.65226168,
            43.65703911
          ],
          [
            39.65226767,
            43.65702612
          ],
          [
            39.65227267,
            43.65701412
          ],
          [
            39.65227633,
            43.65700246
          ],
          [
            39.65228033,
            43.65699247
          ],
          [
            39.65228233,
            43.65698247
          ],
          [
            39.65228266,
            43.65697314
          ],
          [
            39.65228299,
            43.65696214
          ],
          [
            39.65228332,
            43.65695081
          ],
          [
            39.65228465,
            43.65693781
          ],
          [
            39.65228831,
            43.65692515
          ],
          [
            39.65229297,
            43.65691115
          ],
          [
            39.65229763,
            43.65689782
          ],
          [
            39.65230396,
            43.65688416
          ],
          [
            39.65230962,
            43.65687083
          ],
          [
            39.65231528,
            43.65685817
          ],
          [
            39.65231961,
            43.65684618
          ],
          [
            39.65232394,
            43.65683818
          ],
          [
            39.65232693,
            43.65683252
          ],
          [
            39.65232893,
            43.65682719
          ],
          [
            39.65232926,
            43.65682186
          ],
          [
            39.65232959,
            43.65681887
          ],
          [
            39.65232926,
            43.65681687
          ],
          [
            39.65232959,
            43.65681488
          ],
          [
            39.65233092,
            43.65681322
          ],
          [
            39.65233391,
            43.65681089
          ],
          [
            39.65233824,
            43.65680889
          ],
          [
            39.65234357,
            43.6568069
          ],
          [
            39.6523469,
            43.6568049
          ],
          [
            39.65234889,
            43.65680391
          ],
          [
            39.65235322,
            43.65680391
          ],
          [
            39.65235988,
            43.65680125
          ],
          [
            39.65236988,
            43.65679959
          ],
          [
            39.65238321,
            43.65679926
          ],
          [
            39.65239787,
            43.65680192
          ],
          [
            39.6524092,
            43.65680458
          ],
          [
            39.65241753,
            43.65680757
          ],
          [
            39.65242786,
            43.6568079
          ],
          [
            39.65244052,
            43.65680491
          ],
          [
            39.65245051,
            43.65679925
          ],
          [
            39.65245951,
            43.65679326
          ],
          [
            39.6524655,
            43.65678293
          ],
          [
            39.6524645,
            43.65677527
          ],
          [
            39.65246084,
            43.65676761
          ],
          [
            39.65245518,
            43.65675761
          ],
          [
            39.65244952,
            43.65674895
          ],
          [
            39.65244452,
            43.65674296
          ],
          [
            39.65243652,
            43.65673997
          ],
          [
            39.65242786,
            43.65673964
          ],
          [
            39.65241887,
            43.65673997
          ],
          [
            39.65240521,
            43.65673898
          ],
          [
            39.65239455,
            43.65673898
          ],
          [
            39.65238856,
            43.65674431
          ],
          [
            39.65238723,
            43.6567473
          ],
          [
            39.6523849,
            43.65674863
          ],
          [
            39.65238358,
            43.65674963
          ],
          [
            39.65238258,
            43.65674996
          ],
          [
            39.65238092,
            43.65675029
          ],
          [
            39.65237826,
            43.65675095
          ],
          [
            39.65237693,
            43.65675095
          ],
          [
            39.65237527,
            43.65675227
          ],
          [
            39.65237527,
            43.65675492
          ],
          [
            39.65237428,
            43.65675658
          ],
          [
            39.65237195,
            43.65675691
          ],
          [
            39.65236796,
            43.65675724
          ],
          [
            39.6523633,
            43.65675724
          ],
          [
            39.65235931,
            43.65675857
          ],
          [
            39.65235832,
            43.6567599
          ],
          [
            39.65235766,
            43.6567649
          ],
          [
            39.65235932,
            43.65676589
          ],
          [
            39.65236098,
            43.65676688
          ],
          [
            39.65236365,
            43.65676622
          ],
          [
            39.65236099,
            43.65676655
          ],
          [
            39.65235833,
            43.65676755
          ],
          [
            39.65235533,
            43.65676887
          ],
          [
            39.65235666,
            43.6567702
          ],
          [
            39.65235799,
            43.65677383
          ],
          [
            39.65235866,
            43.65677383
          ],
          [
            39.65235999,
            43.6567725
          ],
          [
            39.65235999,
            43.65677117
          ],
          [
            39.65235999,
            43.65676884
          ],
          [
            39.6523656,
            43.65676586
          ],
          [
            39.65236792,
            43.65676785
          ],
          [
            39.65237025,
            43.65676752
          ],
          [
            39.65237291,
            43.65676719
          ],
          [
            39.6523749,
            43.65676653
          ],
          [
            39.6523769,
            43.65676686
          ],
          [
            39.6523789,
            43.6567662
          ],
          [
            39.65238056,
            43.6567662
          ],
          [
            39.65238321,
            43.65676653
          ],
          [
            39.6523852,
            43.65676686
          ],
          [
            39.65238387,
            43.65676752
          ],
          [
            39.65238254,
            43.65676851
          ],
          [
            39.6523842,
            43.65676851
          ],
          [
            39.65238586,
            43.6567695
          ],
          [
            39.65238952,
            43.65676983
          ],
          [
            39.65239351,
            43.6567695
          ],
          [
            39.65239751,
            43.65676917
          ],
          [
            39.65239917,
            43.65676884
          ],
          [
            39.65239684,
            43.65676884
          ],
          [
            39.65239418,
            43.6567695
          ],
          [
            39.65239119,
            43.65676917
          ],
          [
            39.65238753,
            43.65676784
          ],
          [
            39.6523862,
            43.65676751
          ],
          [
            39.65238454,
            43.65676784
          ],
          [
            39.65238188,
            43.65676751
          ],
          [
            39.65237922,
            43.65676751
          ],
          [
            39.65237358,
            43.65676751
          ],
          [
            39.65237158,
            43.65676718
          ],
          [
            39.65237025,
            43.65676585
          ],
          [
            39.65236959,
            43.65676452
          ],
          [
            39.65236628,
            43.65676022
          ],
          [
            39.65236994,
            43.65675989
          ],
          [
            39.65237127,
            43.65676022
          ],
          [
            39.6523726,
            43.65676022
          ],
          [
            39.65237227,
            43.65676254
          ],
          [
            39.65236927,
            43.65676653
          ],
          [
            39.65236694,
            43.65677019
          ],
          [
            39.65236595,
            43.65677318
          ],
          [
            39.65236794,
            43.65677252
          ],
          [
            39.65237092,
            43.6567702
          ],
          [
            39.65237325,
            43.65677119
          ],
          [
            39.65237525,
            43.65677152
          ],
          [
            39.65237758,
            43.65677086
          ],
          [
            39.65237692,
            43.65677384
          ],
          [
            39.65237758,
            43.65677251
          ],
          [
            39.65237858,
            43.65677052
          ],
          [
            39.65238057,
            43.65676753
          ],
          [
            39.65238223,
            43.65676553
          ],
          [
            39.65238322,
            43.65676354
          ],
          [
            39.65238522,
            43.65676088
          ],
          [
            39.6523892,
            43.65676254
          ],
          [
            39.65239019,
            43.65676387
          ],
          [
            39.65239019,
            43.65676653
          ],
          [
            39.65238953,
            43.65676886
          ],
          [
            39.6523862,
            43.65677251
          ],
          [
            39.65238554,
            43.65677384
          ],
          [
            39.65238455,
            43.65677517
          ],
          [
            39.65238356,
            43.65677749
          ],
          [
            39.65238521,
            43.65678147
          ],
          [
            39.65238455,
            43.65678313
          ],
          [
            39.65238322,
            43.65678413
          ],
          [
            39.65238123,
            43.65678546
          ],
          [
            39.65237857,
            43.65678746
          ],
          [
            39.65237591,
            43.65678879
          ],
          [
            39.65237425,
            43.65678879
          ],
          [
            39.65237591,
            43.65678613
          ],
          [
            39.6523789,
            43.6567838
          ],
          [
            39.65238256,
            43.65678114
          ],
          [
            39.65238555,
            43.65678048
          ],
          [
            39.65238721,
            43.65677982
          ],
          [
            39.65238854,
            43.65677883
          ],
          [
            39.65239019,
            43.6567765
          ],
          [
            39.65239383,
            43.6567765
          ],
          [
            39.65239217,
            43.65677749
          ],
          [
            39.65238985,
            43.65677915
          ],
          [
            39.6523862,
            43.65678047
          ],
          [
            39.65238487,
            43.65678047
          ],
          [
            39.65238354,
            43.65678047
          ],
          [
            39.65238154,
            43.65678047
          ],
          [
            39.65238021,
            43.65677981
          ],
          [
            39.65237955,
            43.65677815
          ],
          [
            39.65237856,
            43.65677649
          ],
          [
            39.65237922,
            43.65677483
          ],
          [
            39.65238055,
            43.6567725
          ],
          [
            39.65238155,
            43.65677084
          ],
          [
            39.65238288,
            43.65677018
          ],
          [
            39.65238652,
            43.65676655
          ],
          [
            39.65238519,
            43.65676688
          ],
          [
            39.65238386,
            43.65676688
          ],
          [
            39.65238153,
            43.65676655
          ],
          [
            39.65237855,
            43.65676821
          ],
          [
            39.65237556,
            43.65676953
          ],
          [
            39.6523739,
            43.65677053
          ],
          [
            39.65237224,
            43.65677186
          ],
          [
            39.65236992,
            43.65677319
          ],
          [
            39.65236859,
            43.65677418
          ],
          [
            39.65236661,
            43.65677617
          ],
          [
            39.65236128,
            43.65677716
          ],
          [
            39.65235695,
            43.65677849
          ],
          [
            39.65235229,
            43.65677982
          ],
          [
            39.65234663,
            43.65678281
          ],
          [
            39.65234197,
            43.65678614
          ],
          [
            39.65233531,
            43.65679114
          ],
          [
            39.65233098,
            43.65679413
          ],
          [
            39.652356475000005,
            43.656741635
          ],
          [
            39.65238197,
            43.65668914
          ],
          [
            39.65237898,
            43.65669513
          ],
          [
            39.65237732,
            43.65669579
          ],
          [
            39.65237633,
            43.65669979
          ],
          [
            39.65237534,
            43.65670212
          ],
          [
            39.65236973,
            43.65670677
          ],
          [
            39.65236675,
            43.6567081
          ],
          [
            39.65236475,
            43.65671043
          ],
          [
            39.65236309,
            43.65671309
          ],
          [
            39.65236176,
            43.65671542
          ],
          [
            39.65236043,
            43.65671675
          ],
          [
            39.65236043,
            43.65671841
          ],
          [
            39.65236076,
            43.65672073
          ],
          [
            39.65236242,
            43.65672239
          ],
          [
            39.65236408,
            43.65672505
          ],
          [
            39.65236507,
            43.65672804
          ],
          [
            39.65236707,
            43.65673037
          ],
          [
            39.65236773,
            43.6567317
          ],
          [
            39.65236939,
            43.65673336
          ],
          [
            39.65236906,
            43.65673469
          ],
          [
            39.65237006,
            43.65673568
          ],
          [
            39.65237205,
            43.65673568
          ],
          [
            39.65237305,
            43.65673601
          ],
          [
            39.65237471,
            43.65673634
          ],
          [
            39.65237571,
            43.65673534
          ],
          [
            39.6523767,
            43.65673401
          ],
          [
            39.65237803,
            43.65673268
          ],
          [
            39.65237969,
            43.65673102
          ],
          [
            39.65237969,
            43.65672869
          ],
          [
            39.65237969,
            43.6567257
          ],
          [
            39.65238002,
            43.65672404
          ],
          [
            39.65238068,
            43.65672271
          ],
          [
            39.65238333,
            43.65672072
          ],
          [
            39.65238466,
            43.65671906
          ],
          [
            39.652384,
            43.65671706
          ],
          [
            39.652382,
            43.65671506
          ],
          [
            39.65237901,
            43.65671306
          ],
          [
            39.65237602,
            43.65671073
          ],
          [
            39.65237303,
            43.65670907
          ],
          [
            39.65237004,
            43.65670774
          ],
          [
            39.65236604,
            43.65670608
          ],
          [
            39.65236438,
            43.65670542
          ],
          [
            39.65236205,
            43.65670476
          ],
          [
            39.65235972,
            43.65670377
          ],
          [
            39.65235772,
            43.65670311
          ],
          [
            39.65235473,
            43.65670245
          ],
          [
            39.6523524,
            43.65670179
          ],
          [
            39.65235074,
            43.65670179
          ],
          [
            39.65234941,
            43.65670179
          ],
          [
            39.65234708,
            43.65670279
          ],
          [
            39.65234475,
            43.65670246
          ],
          [
            39.65234309,
            43.65670213
          ],
          [
            39.6523401,
            43.65670114
          ],
          [
            39.65233415,
            43.65669982
          ],
          [
            39.65233514,
            43.65670148
          ],
          [
            39.65233547,
            43.65670512
          ],
          [
            39.6523368,
            43.65670446
          ],
          [
            39.65233746,
            43.65670313
          ],
          [
            39.65233647,
            43.65670147
          ],
          [
            39.65233946,
            43.65670147
          ],
          [
            39.65234245,
            43.6567038
          ],
          [
            39.65234611,
            43.65670646
          ],
          [
            39.65234977,
            43.65670779
          ],
          [
            39.65235043,
            43.65670978
          ],
          [
            39.65234843,
            43.65671144
          ],
          [
            39.65234577,
            43.65671443
          ],
          [
            39.6523461,
            43.65671742
          ],
          [
            39.65234511,
            43.65672041
          ],
          [
            39.65234445,
            43.65672307
          ],
          [
            39.65234478,
            43.65672473
          ],
          [
            39.65234644,
            43.65672373
          ],
          [
            39.65234744,
            43.65672074
          ],
          [
            39.65234611,
            43.65672074
          ],
          [
            39.65234245,
            43.65672008
          ],
          [
            39.65234344,
            43.65671875
          ],
          [
            39.65234677,
            43.65671809
          ],
          [
            39.65234877,
            43.6567171
          ],
          [
            39.65235277,
            43.65671577
          ],
          [
            39.6523551,
            43.65671344
          ],
          [
            39.6523571,
            43.65671078
          ],
          [
            39.65235976,
            43.65670945
          ],
          [
            39.65236275,
            43.65670646
          ],
          [
            39.65236508,
            43.65670679
          ],
          [
            39.65236641,
            43.65670945
          ],
          [
            39.65236475,
            43.65671544
          ],
          [
            39.65236608,
            43.65672077
          ],
          [
            39.65236708,
            43.65672543
          ],
          [
            39.65236642,
            43.65672876
          ],
          [
            39.65236343,
            43.65673142
          ],
          [
            39.6523601,
            43.65673308
          ],
          [
            39.6523581,
            43.65673407
          ],
          [
            39.65235347,
            43.65673539
          ],
          [
            39.65235147,
            43.65673539
          ],
          [
            39.65234981,
            43.65673605
          ],
          [
            39.65234715,
            43.65673638
          ],
          [
            39.65234449,
            43.65673737
          ],
          [
            39.65234283,
            43.6567377
          ],
          [
            39.65233852,
            43.65673836
          ],
          [
            39.65233719,
            43.65673836
          ],
          [
            39.6523362,
            43.65673969
          ],
          [
            39.65233487,
            43.65674134
          ],
          [
            39.65233354,
            43.65674234
          ],
          [
            39.65233586,
            43.65674333
          ],
          [
            39.65233752,
            43.65674234
          ],
          [
            39.65233885,
            43.65674068
          ],
          [
            39.65233984,
            43.65673902
          ],
          [
            39.65234217,
            43.65673836
          ],
          [
            39.65234483,
            43.6567377
          ],
          [
            39.65234682,
            43.65673671
          ],
          [
            39.65234815,
            43.65673638
          ],
          [
            39.65234981,
            43.65673605
          ],
          [
            39.65235213,
            43.65673572
          ],
          [
            39.65235346,
            43.65673605
          ],
          [
            39.65235578,
            43.65673803
          ],
          [
            39.65235777,
            43.65673969
          ],
          [
            39.6523601,
            43.65674135
          ],
          [
            39.65236143,
            43.65674301
          ],
          [
            39.65236342,
            43.65674467
          ],
          [
            39.65236542,
            43.65674633
          ],
          [
            39.65236808,
            43.65674799
          ],
          [
            39.65237041,
            43.65674898
          ],
          [
            39.65237374,
            43.65674964
          ],
          [
            39.6523764,
            43.65674997
          ],
          [
            39.6523784,
            43.65674797
          ],
          [
            39.65238039,
            43.65674697
          ],
          [
            39.65238139,
            43.65674631
          ],
          [
            39.65238272,
            43.65674565
          ],
          [
            39.65238372,
            43.65674565
          ],
          [
            39.65238571,
            43.65674532
          ],
          [
            39.65238671,
            43.65674532
          ],
          [
            39.6523897,
            43.65674433
          ],
          [
            39.65238871,
            43.65674201
          ],
          [
            39.65238738,
            43.65674068
          ],
          [
            39.65238572,
            43.65673902
          ],
          [
            39.65238406,
            43.65673836
          ],
          [
            39.65238206,
            43.6567377
          ],
          [
            39.65237706,
            43.65673737
          ],
          [
            39.65237573,
            43.65673704
          ],
          [
            39.65237176,
            43.65673836
          ],
          [
            39.65236945,
            43.65674134
          ],
          [
            39.65236912,
            43.65674001
          ],
          [
            39.65236912,
            43.65673868
          ],
          [
            39.65236879,
            43.65673735
          ],
          [
            39.65236945,
            43.65673337
          ],
          [
            39.65237045,
            43.65673039
          ],
          [
            39.65237012,
            43.6567284
          ],
          [
            39.65236747,
            43.65672741
          ],
          [
            39.65236614,
            43.65672807
          ],
          [
            39.65236381,
            43.65672873
          ],
          [
            39.65235984,
            43.65673171
          ],
          [
            39.65235851,
            43.65673204
          ],
          [
            39.65235585,
            43.65673237
          ],
          [
            39.65235851,
            43.65673038
          ],
          [
            39.6523625,
            43.65672705
          ],
          [
            39.65236683,
            43.65672372
          ],
          [
            39.65237016,
            43.65672106
          ],
          [
            39.65237349,
            43.65671873
          ],
          [
            39.65237682,
            43.65671607
          ],
          [
            39.65237882,
            43.65671374
          ],
          [
            39.6523785,
            43.65671273
          ],
          [
            39.6523765,
            43.65671373
          ],
          [
            39.65237384,
            43.65671506
          ],
          [
            39.65237118,
            43.65671739
          ],
          [
            39.65236918,
            43.65671905
          ],
          [
            39.65236819,
            43.65672171
          ],
          [
            39.65236753,
            43.65672304
          ],
          [
            39.65236687,
            43.6567247
          ],
          [
            39.65236421,
            43.65672703
          ],
          [
            39.65236055,
            43.65672903
          ],
          [
            39.65235722,
            43.65673036
          ],
          [
            39.65235389,
            43.65673169
          ],
          [
            39.65234989,
            43.65673268
          ],
          [
            39.6523459,
            43.65673368
          ],
          [
            39.65234257,
            43.65673501
          ],
          [
            39.65233958,
            43.65673734
          ],
          [
            39.65233592,
            43.65673867
          ],
          [
            39.65233359,
            43.65674
          ],
          [
            39.65233226,
            43.65674099
          ],
          [
            39.65233093,
            43.65674199
          ],
          [
            39.65232828,
            43.65674365
          ],
          [
            39.65232994,
            43.65674299
          ],
          [
            39.65233194,
            43.656742
          ],
          [
            39.65233327,
            43.65674067
          ],
          [
            39.6523356,
            43.65673901
          ],
          [
            39.65234058,
            43.65673735
          ],
          [
            39.65234258,
            43.65674001
          ],
          [
            39.65234624,
            43.656744
          ],
          [
            39.65234724,
            43.65674733
          ],
          [
            39.65234591,
            43.65675066
          ],
          [
            39.65234225,
            43.65675265
          ],
          [
            39.65233759,
            43.65675365
          ],
          [
            39.65233326,
            43.65675498
          ],
          [
            39.65232826,
            43.65675598
          ],
          [
            39.65232693,
            43.65675631
          ],
          [
            39.6523256,
            43.65675664
          ],
          [
            39.65232427,
            43.65675697
          ],
          [
            39.65232261,
            43.65675697
          ],
          [
            39.65232095,
            43.65675697
          ],
          [
            39.65231962,
            43.65675697
          ],
          [
            39.65231729,
            43.65675697
          ],
          [
            39.65231529,
            43.65675631
          ],
          [
            39.65231396,
            43.65675598
          ],
          [
            39.65231164,
            43.65675565
          ],
          [
            39.65230801,
            43.65675135
          ],
          [
            39.65230568,
            43.65675168
          ],
          [
            39.65230168,
            43.65675168
          ],
          [
            39.65229702,
            43.65675168
          ],
          [
            39.65229436,
            43.65675234
          ],
          [
            39.6522927,
            43.656753
          ],
          [
            39.65228642,
            43.65675861
          ],
          [
            39.65228476,
            43.65675861
          ],
          [
            39.65228143,
            43.65675927
          ],
          [
            39.6522791,
            43.6567596
          ],
          [
            39.65227644,
            43.65676125
          ],
          [
            39.6522781,
            43.65676224
          ],
          [
            39.65228043,
            43.6567629
          ],
          [
            39.65228242,
            43.65676257
          ],
          [
            39.65228541,
            43.65676158
          ],
          [
            39.65228874,
            43.65676092
          ],
          [
            39.65229207,
            43.65676026
          ],
          [
            39.6522934,
            43.6567596
          ],
          [
            39.65229573,
            43.65675927
          ],
          [
            39.65229706,
            43.65675894
          ],
          [
            39.65229905,
            43.65675894
          ],
          [
            39.65231525,
            43.65675365
          ],
          [
            39.65231326,
            43.65675398
          ],
          [
            39.65231128,
            43.65675035
          ],
          [
            39.65231227,
            43.65674902
          ],
          [
            39.6523136,
            43.65674803
          ],
          [
            39.65231558,
            43.65674571
          ],
          [
            39.65231856,
            43.65674273
          ],
          [
            39.65231989,
            43.65674273
          ],
          [
            39.65232221,
            43.65674405
          ],
          [
            39.65232354,
            43.65674538
          ],
          [
            39.65232554,
            43.65674604
          ],
          [
            39.65232754,
            43.6567477
          ],
          [
            39.6523292,
            43.65675103
          ],
          [
            39.6523332,
            43.65675336
          ],
          [
            39.65233786,
            43.65675435
          ],
          [
            39.65234152,
            43.65675534
          ],
          [
            39.65234685,
            43.65675401
          ],
          [
            39.65235218,
            43.65675035
          ],
          [
            39.65235751,
            43.65674769
          ],
          [
            39.65236251,
            43.65674569
          ],
          [
            39.65236617,
            43.65674369
          ],
          [
            39.65236916,
            43.65674236
          ],
          [
            39.65237116,
            43.6567417
          ],
          [
            39.65237315,
            43.65673675
          ],
          [
            39.65236357,
            43.65673013
          ],
          [
            39.65236224,
            43.65672914
          ],
          [
            39.6523543,
            43.65672121
          ],
          [
            39.65236057,
            43.65672518
          ],
          [
            39.6523619,
            43.65672518
          ],
          [
            39.65236389,
            43.65672518
          ],
          [
            39.65236622,
            43.65672485
          ],
          [
            39.65236887,
            43.65672518
          ],
          [
            39.65237086,
            43.65672518
          ],
          [
            39.65237351,
            43.65672353
          ],
          [
            39.65237484,
            43.65672254
          ],
          [
            39.6523765,
            43.65672121
          ],
          [
            39.65237949,
            43.65671855
          ],
          [
            39.65238048,
            43.65671722
          ],
          [
            39.65238214,
            43.65671623
          ],
          [
            39.65238347,
            43.65671557
          ],
          [
            39.6523848,
            43.65671491
          ],
          [
            39.65238712,
            43.65671425
          ],
          [
            39.65238845,
            43.65671425
          ],
          [
            39.65238978,
            43.65671425
          ],
          [
            39.65239441,
            43.6567159
          ],
          [
            39.65239275,
            43.65671723
          ],
          [
            39.65238944,
            43.65672055
          ],
          [
            39.65239043,
            43.65672585
          ],
          [
            39.65239209,
            43.65672652
          ],
          [
            39.65239408,
            43.65672452
          ],
          [
            39.65239641,
            43.65672319
          ],
          [
            39.65239774,
            43.6567222
          ],
          [
            39.65240007,
            43.6567202
          ],
          [
            39.6524014,
            43.6567182
          ],
          [
            39.6524034,
            43.65671587
          ],
          [
            39.65240606,
            43.65671321
          ],
          [
            39.65240839,
            43.65671354
          ],
          [
            39.65241039,
            43.65671487
          ],
          [
            39.65241505,
            43.6567152
          ],
          [
            39.65241904,
            43.65671586
          ],
          [
            39.65242203,
            43.65671652
          ],
          [
            39.65242736,
            43.65671486
          ],
          [
            39.65242969,
            43.65671387
          ],
          [
            39.65243069,
            43.6567132
          ],
          [
            39.65243003,
            43.65671519
          ],
          [
            39.6524287,
            43.65671752
          ],
          [
            39.6524277,
            43.65672018
          ],
          [
            39.65243069,
            43.65672084
          ],
          [
            39.65243135,
            43.6567225
          ],
          [
            39.65243135,
            43.65672017
          ],
          [
            39.65243301,
            43.65671584
          ],
          [
            39.65243434,
            43.65671118
          ],
          [
            39.65243467,
            43.65670885
          ],
          [
            39.65243401,
            43.65670619
          ],
          [
            39.65243268,
            43.6567032
          ],
          [
            39.65243002,
            43.65670087
          ],
          [
            39.65243002,
            43.65669887
          ],
          [
            39.65243068,
            43.65669754
          ],
          [
            39.65243301,
            43.6566982
          ],
          [
            39.65243567,
            43.65669853
          ],
          [
            39.652439,
            43.6566982
          ],
          [
            39.65244199,
            43.65669587
          ],
          [
            39.65244333,
            43.65669354
          ],
          [
            39.65244133,
            43.65669454
          ],
          [
            39.65243734,
            43.65669553
          ],
          [
            39.65243368,
            43.65669553
          ],
          [
            39.65243235,
            43.65669619
          ],
          [
            39.65243002,
            43.65669685
          ],
          [
            39.65242802,
            43.65669685
          ],
          [
            39.65242636,
            43.65669718
          ],
          [
            39.65242337,
            43.65669884
          ],
          [
            39.65242138,
            43.65669983
          ],
          [
            39.65241839,
            43.65670182
          ],
          [
            39.65241972,
            43.65670182
          ],
          [
            39.65242105,
            43.65670182
          ],
          [
            39.65242005,
            43.65670315
          ],
          [
            39.6524184,
            43.65670547
          ],
          [
            39.6524164,
            43.6567068
          ],
          [
            39.65240845,
            43.65670978
          ],
          [
            39.65240646,
            43.65670945
          ],
          [
            39.65240313,
            43.65670912
          ],
          [
            39.65240014,
            43.65670912
          ],
          [
            39.65239815,
            43.65670813
          ],
          [
            39.65239649,
            43.6567078
          ],
          [
            39.65239383,
            43.65670747
          ],
          [
            39.6523925,
            43.65670714
          ],
          [
            39.65239018,
            43.65670714
          ],
          [
            39.65238885,
            43.65670714
          ],
          [
            39.65238818,
            43.65670648
          ],
          [
            39.65238951,
            43.65670549
          ],
          [
            39.65239117,
            43.65670483
          ],
          [
            39.65239283,
            43.65670384
          ],
          [
            39.65239516,
            43.65670251
          ],
          [
            39.65239782,
            43.65670185
          ],
          [
            39.65240015,
            43.65670119
          ],
          [
            39.65240214,
            43.65670086
          ],
          [
            39.65240711,
            43.65670086
          ],
          [
            39.65240578,
            43.65670119
          ],
          [
            39.65240345,
            43.65670252
          ],
          [
            39.65240079,
            43.65670385
          ],
          [
            39.65239913,
            43.65670518
          ],
          [
            39.6523978,
            43.65671114
          ],
          [
            39.65239614,
            43.65671213
          ],
          [
            39.6523925,
            43.65671444
          ],
          [
            39.65239051,
            43.65671345
          ],
          [
            39.65239449,
            43.65671378
          ],
          [
            39.65239615,
            43.65671312
          ],
          [
            39.65239649,
            43.65671411
          ],
          [
            39.65239748,
            43.6567161
          ],
          [
            39.65239848,
            43.6567171
          ],
          [
            39.65239981,
            43.65671776
          ],
          [
            39.65240246,
            43.65671875
          ],
          [
            39.65240643,
            43.65671809
          ],
          [
            39.65240809,
            43.6567171
          ],
          [
            39.65240942,
            43.65671577
          ],
          [
            39.65241175,
            43.65671444
          ],
          [
            39.65241474,
            43.65671179
          ],
          [
            39.65241706,
            43.65670913
          ],
          [
            39.65242004,
            43.65670615
          ],
          [
            39.65241805,
            43.65670252
          ],
          [
            39.65241971,
            43.65670186
          ],
          [
            39.65242104,
            43.6567012
          ],
          [
            39.6524227,
            43.65670054
          ],
          [
            39.65242436,
            43.65669921
          ],
          [
            39.65242834,
            43.65669656
          ],
          [
            39.65242967,
            43.65669523
          ],
          [
            39.652431,
            43.65669424
          ],
          [
            39.652432,
            43.65669291
          ],
          [
            39.65243399,
            43.65669059
          ],
          [
            39.65243663,
            43.65668926
          ],
          [
            39.65243597,
            43.65669092
          ],
          [
            39.65243498,
            43.65669358
          ],
          [
            39.65243298,
            43.65669657
          ],
          [
            39.65243132,
            43.65669857
          ],
          [
            39.65242933,
            43.6567009
          ],
          [
            39.652427,
            43.65670423
          ],
          [
            39.65242567,
            43.65670656
          ],
          [
            39.65242401,
            43.65670889
          ],
          [
            39.65242335,
            43.65671089
          ],
          [
            39.65242335,
            43.65671355
          ],
          [
            39.65242202,
            43.65671621
          ],
          [
            39.65241636,
            43.65671987
          ],
          [
            39.6524107,
            43.65672286
          ],
          [
            39.65240437,
            43.65672519
          ],
          [
            39.65239937,
            43.65672718
          ],
          [
            39.65239371,
            43.65673051
          ],
          [
            39.65238938,
            43.65673317
          ],
          [
            39.65238572,
            43.6567335
          ],
          [
            39.65238139,
            43.65673549
          ],
          [
            39.65237773,
            43.65673749
          ],
          [
            39.6523744,
            43.65673882
          ],
          [
            39.65237274,
            43.65673948
          ],
          [
            39.65237108,
            43.65674147
          ],
          [
            39.65237009,
            43.65674447
          ],
          [
            39.65237009,
            43.65674746
          ],
          [
            39.65236976,
            43.65675178
          ],
          [
            39.65236943,
            43.6567541
          ],
          [
            39.65236777,
            43.6567561
          ],
          [
            39.65236611,
            43.65675776
          ],
          [
            39.65236445,
            43.65675942
          ],
          [
            39.65236279,
            43.65676274
          ],
          [
            39.65236412,
            43.65676241
          ],
          [
            39.65236611,
            43.65676175
          ],
          [
            39.65237173,
            43.65675976
          ],
          [
            39.65237306,
            43.65675745
          ],
          [
            39.65237173,
            43.65675545
          ],
          [
            39.65237107,
            43.65675412
          ],
          [
            39.65237008,
            43.65675212
          ],
          [
            39.65236942,
            43.65674815
          ],
          [
            39.65237108,
            43.65674649
          ],
          [
            39.65237341,
            43.6567455
          ],
          [
            39.65237607,
            43.65674417
          ],
          [
            39.65237507,
            43.6567455
          ],
          [
            39.65237308,
            43.65674883
          ],
          [
            39.65237108,
            43.65675282
          ],
          [
            39.65236809,
            43.65675582
          ],
          [
            39.65236643,
            43.65675848
          ],
          [
            39.65236444,
            43.65675981
          ],
          [
            39.65236278,
            43.6567608
          ],
          [
            39.65235979,
            43.6567628
          ],
          [
            39.65235713,
            43.65676379
          ],
          [
            39.65235447,
            43.65676579
          ],
          [
            39.65235014,
            43.65676678
          ],
          [
            39.65234881,
            43.65676911
          ],
          [
            39.65234815,
            43.65677111
          ],
          [
            39.65234716,
            43.65677477
          ],
          [
            39.65235249,
            43.65677444
          ],
          [
            39.65235548,
            43.65677345
          ],
          [
            39.65235681,
            43.65677378
          ],
          [
            39.65235481,
            43.65677378
          ],
          [
            39.65235382,
            43.65677245
          ],
          [
            39.65235116,
            43.65677146
          ],
          [
            39.65235215,
            43.65677013
          ],
          [
            39.65235481,
            43.6567688
          ],
          [
            39.65235747,
            43.6567688
          ],
          [
            39.65235947,
            43.65676814
          ],
          [
            39.65236046,
            43.6567645
          ],
          [
            39.65236278,
            43.65676218
          ],
          [
            39.65236212,
            43.65676019
          ],
          [
            39.65236345,
            43.65675819
          ],
          [
            39.65236545,
            43.6567552
          ],
          [
            39.65236811,
            43.65675121
          ],
          [
            39.65237077,
            43.65674721
          ],
          [
            39.6523751,
            43.65674188
          ],
          [
            39.65238043,
            43.65673688
          ],
          [
            39.65238509,
            43.65673222
          ],
          [
            39.65238842,
            43.65672823
          ],
          [
            39.65239175,
            43.65672457
          ],
          [
            39.65239375,
            43.65672224
          ],
          [
            39.65239674,
            43.65671992
          ],
          [
            39.65239541,
            43.65672158
          ],
          [
            39.65239408,
            43.65672291
          ],
          [
            39.65239375,
            43.65672491
          ],
          [
            39.65239309,
            43.65672657
          ],
          [
            39.6523921,
            43.6567289
          ],
          [
            39.6523891,
            43.65673156
          ],
          [
            39.65238744,
            43.65673389
          ],
          [
            39.65238744,
            43.65673456
          ],
          [
            39.65238977,
            43.6567339
          ],
          [
            39.65238711,
            43.6567339
          ],
          [
            39.65238445,
            43.65673291
          ],
          [
            39.65238412,
            43.65673059
          ],
          [
            39.65238511,
            43.65672859
          ],
          [
            39.65238777,
            43.65672726
          ],
          [
            39.65238744,
            43.65672893
          ],
          [
            39.65239077,
            43.65672726
          ],
          [
            39.6523931,
            43.65672792
          ],
          [
            39.65239676,
            43.65672891
          ],
          [
            39.65239942,
            43.65673024
          ],
          [
            39.65240075,
            43.65673257
          ],
          [
            39.65240341,
            43.65673323
          ],
          [
            39.65240607,
            43.6567329
          ],
          [
            39.65240973,
            43.6567339
          ],
          [
            39.65241306,
            43.65673523
          ],
          [
            39.65241405,
            43.65673756
          ],
          [
            39.65241039,
            43.65673956
          ],
          [
            39.65240506,
            43.65674189
          ],
          [
            39.65239973,
            43.65674455
          ],
          [
            39.65239674,
            43.65674654
          ],
          [
            39.65239706,
            43.65674356
          ],
          [
            39.65240037,
            43.65674589
          ],
          [
            39.6524017,
            43.65674589
          ],
          [
            39.65240303,
            43.65674556
          ],
          [
            39.65240469,
            43.6567449
          ],
          [
            39.65240336,
            43.65674523
          ],
          [
            39.65240136,
            43.65674789
          ],
          [
            39.6523997,
            43.65675022
          ],
          [
            39.65239904,
            43.65675155
          ],
          [
            39.65239607,
            43.65675354
          ],
          [
            39.6523964,
            43.65675154
          ],
          [
            39.65239706,
            43.65674988
          ],
          [
            39.65239706,
            43.65674822
          ],
          [
            39.65239706,
            43.65674524
          ],
          [
            39.65239607,
            43.65674391
          ],
          [
            39.65239574,
            43.65674524
          ],
          [
            39.65239541,
            43.65674757
          ],
          [
            39.65239408,
            43.6567499
          ],
          [
            39.65239109,
            43.65675356
          ],
          [
            39.65238876,
            43.65675622
          ],
          [
            39.6523871,
            43.65675788
          ],
          [
            39.65238776,
            43.65675988
          ],
          [
            39.65238809,
            43.65676254
          ],
          [
            39.65239042,
            43.6567652
          ],
          [
            39.65239341,
            43.65676653
          ],
          [
            39.65239607,
            43.65676686
          ],
          [
            39.65239508,
            43.65676553
          ],
          [
            39.65239641,
            43.65676287
          ],
          [
            39.65239508,
            43.65675921
          ],
          [
            39.65239108,
            43.65675721
          ],
          [
            39.65238475,
            43.65675721
          ],
          [
            39.65237675,
            43.65675655
          ],
          [
            39.65236809,
            43.65675754
          ],
          [
            39.65235976,
            43.65675954
          ],
          [
            39.65235243,
            43.65676053
          ],
          [
            39.65234677,
            43.65676119
          ],
          [
            39.65234278,
            43.65676252
          ],
          [
            39.65233979,
            43.65676318
          ],
          [
            39.65233813,
            43.65676351
          ],
          [
            39.6523368,
            43.65676417
          ],
          [
            39.65233217,
            43.65676383
          ],
          [
            39.6523335,
            43.6567625
          ],
          [
            39.65233416,
            43.65675984
          ],
          [
            39.65233649,
            43.65675551
          ],
          [
            39.65234082,
            43.65674885
          ],
          [
            39.65234582,
            43.65674019
          ],
          [
            39.65235115,
            43.65673053
          ],
          [
            39.65235615,
            43.65671853
          ],
          [
            39.65236014,
            43.6567062
          ],
          [
            39.6523648,
            43.65669387
          ],
          [
            39.6523698,
            43.65668187
          ],
          [
            39.65237513,
            43.65667021
          ],
          [
            39.65238113,
            43.65666155
          ],
          [
            39.65238879,
            43.65665322
          ],
          [
            39.65239545,
            43.65664089
          ],
          [
            39.65240178,
            43.65662756
          ],
          [
            39.65240777,
            43.65661223
          ],
          [
            39.65241343,
            43.65659623
          ],
          [
            39.65241876,
            43.65658123
          ],
          [
            39.65242342,
            43.65656624
          ],
          [
            39.65242808,
            43.65655191
          ],
          [
            39.65243241,
            43.65653758
          ],
          [
            39.65243741,
            43.65652125
          ],
          [
            39.65244307,
            43.65650459
          ],
          [
            39.65244806,
            43.6564876
          ],
          [
            39.65245006,
            43.65647027
          ],
          [
            39.65245006,
            43.65645427
          ],
          [
            39.65244873,
            43.65643928
          ],
          [
            39.65244607,
            43.65642595
          ],
          [
            39.65244341,
            43.65641296
          ],
          [
            39.65244341,
            43.65640096
          ],
          [
            39.65244674,
            43.65638963
          ],
          [
            39.65245073,
            43.65637797
          ],
          [
            39.65245339,
            43.65636631
          ],
          [
            39.65245273,
            43.65635498
          ],
          [
            39.65244974,
            43.65634332
          ],
          [
            39.65244508,
            43.65632966
          ],
          [
            39.65244042,
            43.656316
          ],
          [
            39.65243576,
            43.65630167
          ],
          [
            39.65243143,
            43.65628801
          ],
          [
            39.65242777,
            43.65627502
          ],
          [
            39.65242478,
            43.65626269
          ],
          [
            39.65242478,
            43.65625036
          ],
          [
            39.65242711,
            43.65623837
          ],
          [
            39.65242944,
            43.65622671
          ],
          [
            39.6524331,
            43.65621372
          ],
          [
            39.65243743,
            43.65620006
          ],
          [
            39.65244176,
            43.65618573
          ],
          [
            39.65244709,
            43.65617173
          ],
          [
            39.65245308,
            43.6561574
          ],
          [
            39.65245907,
            43.65614207
          ],
          [
            39.65246473,
            43.65612708
          ],
          [
            39.65247206,
            43.65611242
          ],
          [
            39.65247939,
            43.65609776
          ],
          [
            39.65248505,
            43.6560831
          ],
          [
            39.65248971,
            43.65606811
          ],
          [
            39.65249404,
            43.65605345
          ],
          [
            39.65249837,
            43.65603846
          ],
          [
            39.6525037,
            43.65602346
          ],
          [
            39.65250903,
            43.65600847
          ],
          [
            39.65251336,
            43.65599414
          ],
          [
            39.65251735,
            43.65598081
          ],
          [
            39.65252268,
            43.65596748
          ],
          [
            39.65252834,
            43.65595348
          ],
          [
            39.65253367,
            43.65593982
          ],
          [
            39.652539,
            43.65592583
          ],
          [
            39.65254266,
            43.65591183
          ],
          [
            39.65254699,
            43.65589817
          ],
          [
            39.65255132,
            43.65588451
          ],
          [
            39.65255632,
            43.65587051
          ],
          [
            39.65255965,
            43.65585552
          ],
          [
            39.65256298,
            43.65584019
          ],
          [
            39.65256498,
            43.65582586
          ],
          [
            39.65256698,
            43.65581186
          ],
          [
            39.65257164,
            43.6557982
          ],
          [
            39.65257697,
            43.65578454
          ],
          [
            39.65258296,
            43.65577054
          ],
          [
            39.65258896,
            43.65575755
          ],
          [
            39.65259562,
            43.65574422
          ],
          [
            39.65260195,
            43.65573156
          ],
          [
            39.65260794,
            43.65571857
          ],
          [
            39.65261393,
            43.65570624
          ],
          [
            39.65261959,
            43.65569358
          ],
          [
            39.65262725,
            43.65567992
          ],
          [
            39.65263491,
            43.65566626
          ],
          [
            39.65264224,
            43.65565293
          ],
          [
            39.6526479,
            43.65563893
          ],
          [
            39.6526529,
            43.65562427
          ],
          [
            39.65265623,
            43.65560894
          ],
          [
            39.65265923,
            43.65559294
          ],
          [
            39.65265956,
            43.65557828
          ],
          [
            39.65266055,
            43.65556329
          ],
          [
            39.65266288,
            43.65554829
          ],
          [
            39.65266621,
            43.65553363
          ],
          [
            39.65266987,
            43.6555193
          ],
          [
            39.65267453,
            43.6555053
          ],
          [
            39.65268086,
            43.65549164
          ],
          [
            39.65268752,
            43.65547731
          ],
          [
            39.65269451,
            43.65546198
          ],
          [
            39.65269984,
            43.65544632
          ],
          [
            39.65270583,
            43.65543032
          ],
          [
            39.65271216,
            43.65541399
          ],
          [
            39.65271782,
            43.65539799
          ],
          [
            39.65272348,
            43.655383
          ],
          [
            39.65272881,
            43.655369
          ],
          [
            39.65273247,
            43.65535534
          ],
          [
            39.6527368,
            43.65534134
          ],
          [
            39.6527408,
            43.65532734
          ],
          [
            39.65274513,
            43.65531268
          ],
          [
            39.65274912,
            43.65529868
          ],
          [
            39.65275312,
            43.65528502
          ],
          [
            39.65275845,
            43.65527069
          ],
          [
            39.65276444,
            43.65525603
          ],
          [
            39.65276977,
            43.6552427
          ],
          [
            39.6527751,
            43.6552307
          ],
          [
            39.65278143,
            43.65521937
          ],
          [
            39.65278809,
            43.65520938
          ],
          [
            39.65279342,
            43.65519938
          ],
          [
            39.65279808,
            43.65518939
          ],
          [
            39.65280341,
            43.65517939
          ],
          [
            39.65281074,
            43.65516806
          ],
          [
            39.65281607,
            43.65515507
          ],
          [
            39.6528194,
            43.65514141
          ],
          [
            39.6528214,
            43.65512808
          ],
          [
            39.6528234,
            43.65511508
          ],
          [
            39.6528254,
            43.65510275
          ],
          [
            39.65282773,
            43.65509076
          ],
          [
            39.65283039,
            43.6550791
          ],
          [
            39.65283439,
            43.6550671
          ],
          [
            39.65283772,
            43.65505544
          ],
          [
            39.65284171,
            43.65504444
          ],
          [
            39.65284704,
            43.65503311
          ],
          [
            39.65285137,
            43.65502178
          ],
          [
            39.65285536,
            43.65501012
          ],
          [
            39.65285902,
            43.65499846
          ],
          [
            39.65286335,
            43.6549868
          ],
          [
            39.65286868,
            43.65497514
          ],
          [
            39.65287301,
            43.65496348
          ],
          [
            39.65287834,
            43.65495182
          ],
          [
            39.65288334,
            43.65494049
          ],
          [
            39.652888,
            43.65492949
          ],
          [
            39.65289266,
            43.65491883
          ],
          [
            39.65289699,
            43.6549085
          ],
          [
            39.65290199,
            43.6548975
          ],
          [
            39.65290765,
            43.6548865
          ],
          [
            39.65291364,
            43.65487417
          ],
          [
            39.6529203,
            43.65486251
          ],
          [
            39.65292596,
            43.65484985
          ],
          [
            39.65293096,
            43.65483719
          ],
          [
            39.65293429,
            43.65482486
          ],
          [
            39.65293762,
            43.65481287
          ],
          [
            39.65294195,
            43.65480088
          ],
          [
            39.65294561,
            43.65478822
          ],
          [
            39.6529486,
            43.65477623
          ],
          [
            39.65295026,
            43.65476424
          ],
          [
            39.65295226,
            43.65475291
          ],
          [
            39.65295325,
            43.65474225
          ],
          [
            39.65295391,
            43.65473125
          ],
          [
            39.65295424,
            43.65471992
          ],
          [
            39.65295624,
            43.65470892
          ],
          [
            39.65295824,
            43.65469726
          ],
          [
            39.65295923,
            43.65468493
          ],
          [
            39.65296089,
            43.65467227
          ],
          [
            39.65296155,
            43.65465994
          ],
          [
            39.65296155,
            43.65464794
          ],
          [
            39.65296122,
            43.65463661
          ],
          [
            39.65296122,
            43.65462528
          ],
          [
            39.65296188,
            43.65461295
          ],
          [
            39.65296354,
            43.65460029
          ],
          [
            39.6529652,
            43.65458663
          ],
          [
            39.65296653,
            43.65457397
          ],
          [
            39.65296719,
            43.65456031
          ],
          [
            39.65296653,
            43.65454532
          ],
          [
            39.65296453,
            43.65453132
          ],
          [
            39.6529612,
            43.65451799
          ],
          [
            39.6529592,
            43.65450466
          ],
          [
            39.65295821,
            43.65449066
          ],
          [
            39.65295688,
            43.65447767
          ],
          [
            39.65295322,
            43.65446434
          ],
          [
            39.65295056,
            43.65445101
          ],
          [
            39.65294823,
            43.65443735
          ],
          [
            39.6529459,
            43.65442436
          ],
          [
            39.65294291,
            43.65441237
          ],
          [
            39.65293958,
            43.65440004
          ],
          [
            39.65293425,
            43.65438871
          ],
          [
            39.65292959,
            43.65437905
          ],
          [
            39.65292559,
            43.65437072
          ],
          [
            39.65292326,
            43.65436139
          ],
          [
            39.6529206,
            43.6543514
          ],
          [
            39.65291827,
            43.65434074
          ],
          [
            39.65291561,
            43.65432908
          ],
          [
            39.65291528,
            43.65431675
          ],
          [
            39.65291627,
            43.65430509
          ],
          [
            39.65291693,
            43.65429376
          ],
          [
            39.6529166,
            43.65428143
          ],
          [
            39.65291394,
            43.6542701
          ],
          [
            39.65290961,
            43.65425877
          ],
          [
            39.65290495,
            43.65424711
          ],
          [
            39.65289929,
            43.65423578
          ],
          [
            39.65289396,
            43.65422612
          ],
          [
            39.65288896,
            43.65421812
          ],
          [
            39.65288463,
            43.65421013
          ],
          [
            39.65287997,
            43.6542028
          ],
          [
            39.65287464,
            43.6541948
          ],
          [
            39.65286931,
            43.65418747
          ],
          [
            39.65286398,
            43.65417981
          ],
          [
            39.65285765,
            43.65417181
          ],
          [
            39.65285066,
            43.65416381
          ],
          [
            39.652844,
            43.65415548
          ],
          [
            39.65283767,
            43.65414649
          ],
          [
            39.65283034,
            43.65413716
          ],
          [
            39.65282301,
            43.65412817
          ],
          [
            39.65281568,
            43.65411884
          ],
          [
            39.65280869,
            43.65410985
          ],
          [
            39.65280169,
            43.65410119
          ],
          [
            39.6527957,
            43.65409253
          ],
          [
            39.65278837,
            43.65408487
          ],
          [
            39.65278238,
            43.65407687
          ],
          [
            39.65277672,
            43.65406754
          ],
          [
            39.65276973,
            43.65405788
          ],
          [
            39.6527624,
            43.65404788
          ],
          [
            39.65275407,
            43.65403755
          ],
          [
            39.65274508,
            43.65402589
          ],
          [
            39.65273642,
            43.65401356
          ],
          [
            39.65272909,
            43.65400056
          ],
          [
            39.65272143,
            43.6539869
          ],
          [
            39.65271343,
            43.65397357
          ],
          [
            39.6527061,
            43.65395957
          ],
          [
            39.65269911,
            43.65394557
          ],
          [
            39.65269278,
            43.65393191
          ],
          [
            39.65268612,
            43.65391858
          ],
          [
            39.65268179,
            43.65390425
          ],
          [
            39.65267846,
            43.65388992
          ],
          [
            39.65267647,
            43.65387526
          ],
          [
            39.65267447,
            43.65386026
          ],
          [
            39.65267214,
            43.65384693
          ],
          [
            39.65266848,
            43.65383627
          ],
          [
            39.65266582,
            43.65382561
          ],
          [
            39.65266283,
            43.65381662
          ],
          [
            39.65265883,
            43.65380929
          ],
          [
            39.65265484,
            43.6538023
          ],
          [
            39.65265018,
            43.65379264
          ],
          [
            39.65264419,
            43.65378164
          ],
          [
            39.65263753,
            43.65376898
          ],
          [
            39.65262987,
            43.65375532
          ],
          [
            39.65262121,
            43.65374099
          ],
          [
            39.65261055,
            43.65372666
          ],
          [
            39.65260022,
            43.65371266
          ],
          [
            39.65258956,
            43.65369833
          ],
          [
            39.65257856,
            43.65368433
          ],
          [
            39.65256823,
            43.65367133
          ],
          [
            39.65255957,
            43.653658
          ],
          [
            39.65255091,
            43.65364501
          ],
          [
            39.65254192,
            43.65363235
          ],
          [
            39.65252993,
            43.65362202
          ],
          [
            39.65251793,
            43.65361136
          ],
          [
            39.6525076,
            43.6535997
          ],
          [
            39.6524976,
            43.6535877
          ],
          [
            39.65248927,
            43.65357537
          ],
          [
            39.65248028,
            43.65356204
          ],
          [
            39.65247095,
            43.65354871
          ],
          [
            39.65245995,
            43.65353538
          ],
          [
            39.65244729,
            43.65352405
          ],
          [
            39.65243363,
            43.65351305
          ],
          [
            39.6524203,
            43.65350239
          ],
          [
            39.65240897,
            43.65349139
          ],
          [
            39.65239797,
            43.65348006
          ],
          [
            39.65238664,
            43.65346873
          ],
          [
            39.65237598,
            43.6534574
          ],
          [
            39.65236632,
            43.65344507
          ],
          [
            39.65235599,
            43.65343307
          ],
          [
            39.65234499,
            43.65342108
          ],
          [
            39.65233366,
            43.65340875
          ],
          [
            39.652323,
            43.65339609
          ],
          [
            39.65231267,
            43.6533831
          ],
          [
            39.65230134,
            43.6533711
          ],
          [
            39.65229135,
            43.65336077
          ],
          [
            39.65228435,
            43.65335077
          ],
          [
            39.65227802,
            43.65334178
          ],
          [
            39.65227302,
            43.65333312
          ],
          [
            39.65226836,
            43.65332479
          ],
          [
            39.65226303,
            43.65331679
          ],
          [
            39.6522587,
            43.65330879
          ],
          [
            39.65225437,
            43.65330079
          ],
          [
            39.65225004,
            43.65329313
          ],
          [
            39.65224605,
            43.65328613
          ],
          [
            39.65224172,
            43.65327914
          ],
          [
            39.65223639,
            43.65327148
          ],
          [
            39.6522304,
            43.65326282
          ],
          [
            39.6522224,
            43.65325383
          ],
          [
            39.65221274,
            43.65324383
          ],
          [
            39.65220241,
            43.6532325
          ],
          [
            39.65219141,
            43.65322017
          ],
          [
            39.65217975,
            43.65320884
          ],
          [
            39.65216842,
            43.65319718
          ],
          [
            39.65215909,
            43.65318585
          ],
          [
            39.65215143,
            43.65317352
          ],
          [
            39.65214343,
            43.65316086
          ],
          [
            39.6521361,
            43.6531472
          ],
          [
            39.6521291,
            43.65313521
          ],
          [
            39.65212177,
            43.65312188
          ],
          [
            39.65211311,
            43.65311055
          ],
          [
            39.65210445,
            43.65310122
          ],
          [
            39.65209812,
            43.65309423
          ],
          [
            39.65209379,
            43.6530859
          ],
          [
            39.65208846,
            43.65307624
          ],
          [
            39.6520818,
            43.65306591
          ],
          [
            39.65207514,
            43.65305491
          ],
          [
            39.65206848,
            43.65304391
          ],
          [
            39.65206115,
            43.65303258
          ],
          [
            39.65205415,
            43.65302025
          ],
          [
            39.65204582,
            43.65300759
          ],
          [
            39.65203816,
            43.65299426
          ],
          [
            39.65203016,
            43.65297993
          ],
          [
            39.6520235,
            43.65296627
          ],
          [
            39.65201684,
            43.65295227
          ],
          [
            39.65201151,
            43.65293827
          ],
          [
            39.65200585,
            43.65292527
          ],
          [
            39.65199886,
            43.65291261
          ],
          [
            39.65199153,
            43.65290095
          ],
          [
            39.65198454,
            43.65289129
          ],
          [
            39.65197821,
            43.65288363
          ],
          [
            39.65197222,
            43.6528783
          ],
          [
            39.65196823,
            43.65287664
          ],
          [
            39.6519649,
            43.65287531
          ],
          [
            39.65196324,
            43.65287265
          ],
          [
            39.65196124,
            43.65286699
          ],
          [
            39.65195691,
            43.65285833
          ],
          [
            39.65195158,
            43.65284834
          ],
          [
            39.65194592,
            43.65283801
          ],
          [
            39.65194026,
            43.65282701
          ],
          [
            39.65193427,
            43.65281502
          ],
          [
            39.65192661,
            43.65280236
          ],
          [
            39.65191795,
            43.6527897
          ],
          [
            39.65191029,
            43.6527767
          ],
          [
            39.65190496,
            43.6527607
          ],
          [
            39.65189863,
            43.65274604
          ],
          [
            39.6518913,
            43.65273238
          ],
          [
            39.65188431,
            43.65272039
          ],
          [
            39.65187598,
            43.65270973
          ],
          [
            39.65186932,
            43.6526994
          ],
          [
            39.65186366,
            43.65268774
          ],
          [
            39.65185833,
            43.65267541
          ],
          [
            39.65185267,
            43.65266275
          ],
          [
            39.65184567,
            43.65265009
          ],
          [
            39.65183701,
            43.65263743
          ],
          [
            39.65182768,
            43.6526261
          ],
          [
            39.65181802,
            43.6526151
          ],
          [
            39.65180769,
            43.65260377
          ],
          [
            39.65179769,
            43.65259244
          ],
          [
            39.65178669,
            43.65258178
          ],
          [
            39.6517777,
            43.65257045
          ],
          [
            39.65176737,
            43.65255912
          ],
          [
            39.65175804,
            43.65254713
          ],
          [
            39.65174938,
            43.65253447
          ],
          [
            39.65174138,
            43.65252214
          ],
          [
            39.65173338,
            43.65250948
          ],
          [
            39.65172572,
            43.65249649
          ],
          [
            39.65171772,
            43.65248349
          ],
          [
            39.65170806,
            43.65247049
          ],
          [
            39.6516974,
            43.6524585
          ],
          [
            39.6516874,
            43.65244651
          ],
          [
            39.6516774,
            43.65243418
          ],
          [
            39.65166874,
            43.65242219
          ],
          [
            39.65166075,
            43.6524102
          ],
          [
            39.65165142,
            43.65239887
          ],
          [
            39.65164076,
            43.65238821
          ],
          [
            39.65163277,
            43.65237788
          ],
          [
            39.65162644,
            43.65236688
          ],
          [
            39.65162078,
            43.65235589
          ],
          [
            39.65161612,
            43.65234423
          ],
          [
            39.65161313,
            43.6523339
          ],
          [
            39.65161147,
            43.65232457
          ],
          [
            39.65160914,
            43.65231491
          ],
          [
            39.65160448,
            43.65230391
          ],
          [
            39.65159882,
            43.65229192
          ],
          [
            39.65159216,
            43.65227959
          ],
          [
            39.65158483,
            43.65226526
          ],
          [
            39.65157717,
            43.65225126
          ],
          [
            39.65156851,
            43.65223793
          ],
          [
            39.65156018,
            43.65222427
          ],
          [
            39.65155218,
            43.65221027
          ],
          [
            39.65154552,
            43.65219594
          ],
          [
            39.65154019,
            43.65218128
          ],
          [
            39.6515342,
            43.65216695
          ],
          [
            39.6515262,
            43.65215429
          ],
          [
            39.65151654,
            43.65214429
          ],
          [
            39.65150621,
            43.6521343
          ],
          [
            39.65149555,
            43.65212364
          ],
          [
            39.65148356,
            43.65211298
          ],
          [
            39.6514709,
            43.65210299
          ],
          [
            39.65145591,
            43.65209399
          ],
          [
            39.65143991,
            43.65208733
          ],
          [
            39.65142225,
            43.65208533
          ],
          [
            39.65140492,
            43.65208599
          ],
          [
            39.65138793,
            43.65208998
          ],
          [
            39.65137093,
            43.65209631
          ],
          [
            39.65135427,
            43.65210331
          ],
          [
            39.65133794,
            43.6521123
          ],
          [
            39.65132161,
            43.65212163
          ],
          [
            39.65130528,
            43.65213129
          ],
          [
            39.65128895,
            43.65214028
          ],
          [
            39.65127229,
            43.65214961
          ],
          [
            39.65125563,
            43.65215894
          ],
          [
            39.65123763,
            43.65216693
          ],
          [
            39.65122097,
            43.65217526
          ],
          [
            39.65120498,
            43.65218326
          ],
          [
            39.65118865,
            43.65219159
          ],
          [
            39.65117199,
            43.65219992
          ],
          [
            39.65115666,
            43.65220891
          ],
          [
            39.65114233,
            43.65221757
          ],
          [
            39.651127,
            43.65222457
          ],
          [
            39.65110634,
            43.6522289
          ],
          [
            39.65108701,
            43.6522349
          ],
          [
            39.65106768,
            43.65224189
          ],
          [
            39.65104702,
            43.65224855
          ],
          [
            39.65102736,
            43.65225588
          ],
          [
            39.6510087,
            43.65226388
          ],
          [
            39.65099104,
            43.65227188
          ],
          [
            39.65097471,
            43.65227887
          ],
          [
            39.65096038,
            43.65228486
          ],
          [
            39.65094738,
            43.65228785
          ],
          [
            39.65093405,
            43.65228752
          ],
          [
            39.65092005,
            43.65228419
          ],
          [
            39.65090639,
            43.65227886
          ],
          [
            39.65089206,
            43.65227287
          ],
          [
            39.6508774,
            43.65226854
          ],
          [
            39.65086274,
            43.65226688
          ],
          [
            39.65084808,
            43.65226787
          ],
          [
            39.65083375,
            43.65227153
          ],
          [
            39.65081942,
            43.65227786
          ],
          [
            39.65080576,
            43.65228485
          ],
          [
            39.65079243,
            43.65229251
          ],
          [
            39.65077843,
            43.65230051
          ],
          [
            39.6507641,
            43.65230851
          ],
          [
            39.65074944,
            43.65231684
          ],
          [
            39.65073478,
            43.65232417
          ],
          [
            39.65071912,
            43.65233217
          ],
          [
            39.65070312,
            43.6523395
          ],
          [
            39.65068712,
            43.65234716
          ],
          [
            39.65067113,
            43.65235516
          ],
          [
            39.65065513,
            43.65236282
          ],
          [
            39.6506398,
            43.65237048
          ],
          [
            39.6506248,
            43.65237848
          ],
          [
            39.65061014,
            43.65238747
          ],
          [
            39.65059515,
            43.6523958
          ],
          [
            39.65057982,
            43.6524038
          ],
          [
            39.65056483,
            43.65241246
          ],
          [
            39.65054984,
            43.65242079
          ],
          [
            39.65053551,
            43.65243012
          ],
          [
            39.65052085,
            43.65243878
          ],
          [
            39.65050685,
            43.65244678
          ],
          [
            39.65049252,
            43.65245544
          ],
          [
            39.65047786,
            43.6524641
          ],
          [
            39.6504632,
            43.65247176
          ],
          [
            39.65044887,
            43.65247909
          ],
          [
            39.65043454,
            43.65248642
          ],
          [
            39.65041988,
            43.65249375
          ],
          [
            39.65040489,
            43.65250241
          ],
          [
            39.6503899,
            43.6525104
          ],
          [
            39.6503759,
            43.6525184
          ],
          [
            39.65036057,
            43.65252673
          ],
          [
            39.65034558,
            43.65253406
          ],
          [
            39.65033158,
            43.65254272
          ],
          [
            39.65031959,
            43.65255305
          ],
          [
            39.65031093,
            43.65256538
          ],
          [
            39.6503056,
            43.65257804
          ],
          [
            39.6503006,
            43.65259103
          ],
          [
            39.65029461,
            43.65260336
          ],
          [
            39.65028595,
            43.65261469
          ],
          [
            39.65027595,
            43.65262502
          ],
          [
            39.65026329,
            43.65263368
          ],
          [
            39.65024929,
            43.65264101
          ],
          [
            39.65023396,
            43.65264767
          ],
          [
            39.65021763,
            43.652654
          ],
          [
            39.65020097,
            43.65266133
          ],
          [
            39.65018497,
            43.65266966
          ],
          [
            39.65016931,
            43.65267865
          ],
          [
            39.65015465,
            43.65268731
          ],
          [
            39.65013999,
            43.65269597
          ],
          [
            39.65012566,
            43.6527043
          ],
          [
            39.650111,
            43.6527133
          ],
          [
            39.65009567,
            43.65272229
          ],
          [
            39.65008101,
            43.65273062
          ],
          [
            39.65006701,
            43.65273928
          ],
          [
            39.65005268,
            43.65274694
          ],
          [
            39.65003668,
            43.65275493
          ],
          [
            39.65002069,
            43.65276226
          ],
          [
            39.65000403,
            43.65277026
          ],
          [
            39.64998803,
            43.65277892
          ],
          [
            39.6499727,
            43.65278825
          ],
          [
            39.64995804,
            43.65279758
          ],
          [
            39.64994338,
            43.65280657
          ],
          [
            39.64992839,
            43.65281457
          ],
          [
            39.64991306,
            43.65282223
          ],
          [
            39.64989773,
            43.65282956
          ],
          [
            39.6498824,
            43.65283655
          ],
          [
            39.64986641,
            43.65284321
          ],
          [
            39.64985041,
            43.6528502
          ],
          [
            39.64983475,
            43.65285753
          ],
          [
            39.64981776,
            43.65286452
          ],
          [
            39.6498011,
            43.65287152
          ],
          [
            39.64978444,
            43.65287851
          ],
          [
            39.64976711,
            43.65288517
          ],
          [
            39.64974945,
            43.65289116
          ],
          [
            39.64973212,
            43.65289815
          ],
          [
            39.64971646,
            43.65290581
          ],
          [
            39.6497028,
            43.6529148
          ],
          [
            39.64968947,
            43.65292313
          ],
          [
            39.64967681,
            43.65293246
          ],
          [
            39.64966348,
            43.65294012
          ],
          [
            39.64965048,
            43.65294478
          ],
          [
            39.64963882,
            43.65294644
          ],
          [
            39.64962849,
            43.65294611
          ],
          [
            39.6496195,
            43.65294512
          ],
          [
            39.64961084,
            43.65294446
          ],
          [
            39.64960185,
            43.65294413
          ],
          [
            39.64959219,
            43.65294114
          ],
          [
            39.64958253,
            43.65293681
          ],
          [
            39.6495742,
            43.65293215
          ],
          [
            39.64956554,
            43.65292616
          ],
          [
            39.64955854,
            43.65291917
          ],
          [
            39.64955155,
            43.65291018
          ],
          [
            39.64954556,
            43.65290152
          ],
          [
            39.64954056,
            43.65289452
          ],
          [
            39.64953623,
            43.65288886
          ],
          [
            39.6495329,
            43.65288453
          ],
          [
            39.64952891,
            43.65288154
          ],
          [
            39.64952592,
            43.65287988
          ],
          [
            39.64952293,
            43.65287855
          ],
          [
            39.6495196,
            43.65287789
          ],
          [
            39.64951627,
            43.65287756
          ],
          [
            39.64951494,
            43.65287756
          ],
          [
            39.64951163,
            43.6528769
          ],
          [
            39.64950931,
            43.65287756
          ],
          [
            39.64950798,
            43.65287789
          ],
          [
            39.64950731,
            43.65287822
          ],
          [
            39.64950698,
            43.65287656
          ],
          [
            39.64950599,
            43.6528739
          ],
          [
            39.64950299,
            43.6528699
          ],
          [
            39.649497,
            43.65286457
          ],
          [
            39.64949001,
            43.65286024
          ],
          [
            39.64948468,
            43.65285624
          ],
          [
            39.64948268,
            43.65285458
          ],
          [
            39.64948035,
            43.65285292
          ],
          [
            39.64947869,
            43.65285193
          ],
          [
            39.64947803,
            43.6528506
          ],
          [
            39.64946975,
            43.65284961
          ],
          [
            39.64946775,
            43.65284994
          ],
          [
            39.64946443,
            43.65285027
          ],
          [
            39.64946277,
            43.65285027
          ],
          [
            39.64945814,
            43.6528539
          ],
          [
            39.64945681,
            43.65285324
          ],
          [
            39.64945348,
            43.65285324
          ],
          [
            39.64944948,
            43.65285424
          ],
          [
            39.64944815,
            43.65285391
          ],
          [
            39.64944682,
            43.65285457
          ],
          [
            39.6494445,
            43.65285391
          ],
          [
            39.64944218,
            43.65285391
          ],
          [
            39.64944118,
            43.65285391
          ],
          [
            39.64943819,
            43.65285724
          ],
          [
            39.64943286,
            43.6528629
          ],
          [
            39.64942586,
            43.65287056
          ],
          [
            39.64941586,
            43.65287689
          ],
          [
            39.6494042,
            43.65288222
          ],
          [
            39.64939121,
            43.65288721
          ],
          [
            39.64937688,
            43.65289121
          ],
          [
            39.64936222,
            43.65289487
          ],
          [
            39.64934789,
            43.6528992
          ],
          [
            39.64933423,
            43.65290419
          ],
          [
            39.64932124,
            43.65290885
          ],
          [
            39.64931058,
            43.65291085
          ],
          [
            39.64930159,
            43.65290985
          ],
          [
            39.64929159,
            43.65290719
          ],
          [
            39.64928226,
            43.65290586
          ],
          [
            39.6492726,
            43.6529042
          ],
          [
            39.6492636,
            43.65290187
          ],
          [
            39.64925494,
            43.65289721
          ],
          [
            39.64924495,
            43.65289122
          ],
          [
            39.64923429,
            43.65288489
          ],
          [
            39.64922329,
            43.65287823
          ],
          [
            39.6492113,
            43.6528719
          ],
          [
            39.64919964,
            43.65286591
          ],
          [
            39.64918698,
            43.65285891
          ],
          [
            39.64917632,
            43.65285192
          ],
          [
            39.64916633,
            43.65284459
          ],
          [
            39.64915867,
            43.6528376
          ],
          [
            39.64915101,
            43.6528306
          ],
          [
            39.64914535,
            43.65282127
          ],
          [
            39.64914069,
            43.65281094
          ],
          [
            39.64913503,
            43.65279861
          ],
          [
            39.6490417,
            43.65274528
          ],
          [
            39.64903537,
            43.65273828
          ],
          [
            39.64902638,
            43.65272395
          ],
          [
            39.64901605,
            43.65270496
          ],
          [
            39.64899839,
            43.65268596
          ],
          [
            39.6489774,
            43.6526713
          ],
          [
            39.64896307,
            43.65265797
          ],
          [
            39.64895474,
            43.65264831
          ],
          [
            39.64895074,
            43.65264065
          ],
          [
            39.64894675,
            43.65263466
          ],
          [
            39.64893809,
            43.65262966
          ],
          [
            39.64893076,
            43.652626
          ],
          [
            39.64892243,
            43.65262167
          ],
          [
            39.6489131,
            43.65261601
          ],
          [
            39.6489011,
            43.65260835
          ],
          [
            39.64888744,
            43.65259969
          ],
          [
            39.64887178,
            43.65259203
          ],
          [
            39.64885512,
            43.6525867
          ],
          [
            39.64883846,
            43.65258204
          ],
          [
            39.6488218,
            43.65257738
          ],
          [
            39.64880381,
            43.65257272
          ],
          [
            39.64878581,
            43.65256839
          ],
          [
            39.64876748,
            43.65256173
          ],
          [
            39.64875115,
            43.6525544
          ],
          [
            39.64873616,
            43.65254774
          ],
          [
            39.6487205,
            43.65254141
          ],
          [
            39.64870384,
            43.65253575
          ],
          [
            39.64868651,
            43.65253042
          ],
          [
            39.64866918,
            43.65252509
          ],
          [
            39.64865219,
            43.65251976
          ],
          [
            39.64863619,
            43.65251476
          ],
          [
            39.64862053,
            43.6525091
          ],
          [
            39.64860453,
            43.65250377
          ],
          [
            39.64858754,
            43.65249911
          ],
          [
            39.64856921,
            43.65249545
          ],
          [
            39.64855121,
            43.65249345
          ],
          [
            39.64853122,
            43.65249445
          ],
          [
            39.64851089,
            43.65249678
          ],
          [
            39.64849156,
            43.65250277
          ],
          [
            39.64847357,
            43.65251077
          ],
          [
            39.64845691,
            43.65251876
          ],
          [
            39.64844025,
            43.65252809
          ],
          [
            39.64842492,
            43.65253775
          ],
          [
            39.64840926,
            43.65254808
          ],
          [
            39.6483936,
            43.65255841
          ],
          [
            39.64837827,
            43.65256874
          ],
          [
            39.64836261,
            43.65257807
          ],
          [
            39.64834562,
            43.65258773
          ],
          [
            39.64832896,
            43.65259672
          ],
          [
            39.64831296,
            43.65260605
          ],
          [
            39.64829497,
            43.65261538
          ],
          [
            39.64827798,
            43.65262471
          ],
          [
            39.64826165,
            43.65263337
          ],
          [
            39.64824599,
            43.65264236
          ],
          [
            39.64823166,
            43.65265236
          ],
          [
            39.648218,
            43.65266202
          ],
          [
            39.64820367,
            43.65267135
          ],
          [
            39.64819034,
            43.65268101
          ],
          [
            39.64817768,
            43.65269067
          ],
          [
            39.64816502,
            43.65270066
          ],
          [
            39.64815102,
            43.65270999
          ],
          [
            39.64813702,
            43.65271865
          ],
          [
            39.64812236,
            43.65272731
          ],
          [
            39.64810836,
            43.6527353
          ],
          [
            39.6480937,
            43.6527433
          ],
          [
            39.64807904,
            43.65275163
          ],
          [
            39.64806371,
            43.65275896
          ],
          [
            39.64804771,
            43.65276696
          ],
          [
            39.64803138,
            43.65277496
          ],
          [
            39.64801505,
            43.65278362
          ],
          [
            39.64799939,
            43.65279295
          ],
          [
            39.6479844,
            43.65280261
          ],
          [
            39.6479694,
            43.65281194
          ],
          [
            39.64795374,
            43.65282127
          ],
          [
            39.64793841,
            43.65282993
          ],
          [
            39.64792242,
            43.65283826
          ],
          [
            39.64790709,
            43.65284626
          ],
          [
            39.64789243,
            43.65285525
          ],
          [
            39.64787943,
            43.65286458
          ],
          [
            39.6478681,
            43.65287558
          ],
          [
            39.64785644,
            43.65288591
          ],
          [
            39.64784445,
            43.65289557
          ],
          [
            39.64783246,
            43.6529049
          ],
          [
            39.64781946,
            43.65291356
          ],
          [
            39.6478058,
            43.65292156
          ],
          [
            39.64779247,
            43.65292889
          ],
          [
            39.64777981,
            43.65293822
          ],
          [
            39.64776715,
            43.65294888
          ],
          [
            39.64775516,
            43.65296021
          ],
          [
            39.64774283,
            43.65297021
          ],
          [
            39.64772983,
            43.6529802
          ],
          [
            39.6477175,
            43.6529902
          ],
          [
            39.6477045,
            43.65299953
          ],
          [
            39.64769151,
            43.65300986
          ],
          [
            39.64767918,
            43.65301986
          ],
          [
            39.64766685,
            43.65302985
          ],
          [
            39.64765519,
            43.65304085
          ],
          [
            39.64764286,
            43.65305118
          ],
          [
            39.6476292,
            43.65306084
          ],
          [
            39.64761587,
            43.6530705
          ],
          [
            39.64760254,
            43.65308049
          ],
          [
            39.64758921,
            43.65308948
          ],
          [
            39.64757588,
            43.65309848
          ],
          [
            39.64756222,
            43.65310647
          ],
          [
            39.64754889,
            43.65311513
          ],
          [
            39.64753556,
            43.65312513
          ],
          [
            39.64752156,
            43.65313446
          ],
          [
            39.64750856,
            43.65314279
          ],
          [
            39.64749623,
            43.65315045
          ],
          [
            39.64748257,
            43.65315644
          ],
          [
            39.64746824,
            43.6531591
          ],
          [
            39.64745258,
            43.65315877
          ],
          [
            39.64743592,
            43.65315778
          ],
          [
            39.64741926,
            43.65315745
          ],
          [
            39.64740227,
            43.65315712
          ],
          [
            39.64738561,
            43.65315745
          ],
          [
            39.64736895,
            43.65315778
          ],
          [
            39.64735229,
            43.65315811
          ],
          [
            39.64733563,
            43.65315745
          ],
          [
            39.64731897,
            43.65315778
          ],
          [
            39.64730297,
            43.65315944
          ],
          [
            39.64728798,
            43.65316243
          ],
          [
            39.64727398,
            43.65316542
          ],
          [
            39.64725932,
            43.65317008
          ],
          [
            39.64724399,
            43.65317407
          ],
          [
            39.647228,
            43.65317773
          ],
          [
            39.64721234,
            43.65318206
          ],
          [
            39.64719701,
            43.65318606
          ],
          [
            39.64718101,
            43.65318839
          ],
          [
            39.64716568,
            43.65318839
          ],
          [
            39.64714902,
            43.65318839
          ],
          [
            39.64713169,
            43.65318839
          ],
          [
            39.64711403,
            43.65318905
          ],
          [
            39.64709604,
            43.65319071
          ],
          [
            39.64707838,
            43.65319404
          ],
          [
            39.64706205,
            43.6531977
          ],
          [
            39.64704572,
            43.65320203
          ],
          [
            39.64702906,
            43.65320669
          ],
          [
            39.64701306,
            43.65321202
          ],
          [
            39.6469974,
            43.65321801
          ],
          [
            39.64698274,
            43.65322467
          ],
          [
            39.64696874,
            43.65323133
          ],
          [
            39.64695641,
            43.65323866
          ],
          [
            39.64694475,
            43.65324532
          ],
          [
            39.64693242,
            43.65325165
          ],
          [
            39.64691909,
            43.65325831
          ],
          [
            39.64690576,
            43.65326564
          ],
          [
            39.6468931,
            43.65327397
          ],
          [
            39.6468811,
            43.65328163
          ],
          [
            39.64686911,
            43.65328963
          ],
          [
            39.64685645,
            43.65329696
          ],
          [
            39.64684279,
            43.65330429
          ],
          [
            39.64683013,
            43.65331128
          ],
          [
            39.64681714,
            43.65331794
          ],
          [
            39.64680414,
            43.65332493
          ],
          [
            39.64679148,
            43.65333159
          ],
          [
            39.64677848,
            43.65333759
          ],
          [
            39.64676548,
            43.65334458
          ],
          [
            39.64675148,
            43.65335057
          ],
          [
            39.64673649,
            43.6533559
          ],
          [
            39.64672116,
            43.65336056
          ],
          [
            39.64670583,
            43.65336655
          ],
          [
            39.6466905,
            43.65337188
          ],
          [
            39.64667617,
            43.65337721
          ],
          [
            39.64666151,
            43.65338287
          ],
          [
            39.64664718,
            43.6533892
          ],
          [
            39.64663285,
            43.65339519
          ],
          [
            39.64661819,
            43.65340185
          ],
          [
            39.6466032,
            43.65340785
          ],
          [
            39.6465882,
            43.65341318
          ],
          [
            39.64657321,
            43.65341851
          ],
          [
            39.64655855,
            43.65342384
          ],
          [
            39.64654422,
            43.6534295
          ],
          [
            39.64653022,
            43.65343583
          ],
          [
            39.64651656,
            43.65344149
          ],
          [
            39.64650223,
            43.65344682
          ],
          [
            39.64648823,
            43.65345115
          ],
          [
            39.64647423,
            43.65345681
          ],
          [
            39.64645957,
            43.65346214
          ],
          [
            39.64644424,
            43.6534678
          ],
          [
            39.64642958,
            43.65347413
          ],
          [
            39.64641558,
            43.65348012
          ],
          [
            39.64640158,
            43.65348611
          ],
          [
            39.64638725,
            43.65349077
          ],
          [
            39.64637359,
            43.65349577
          ],
          [
            39.64635926,
            43.65350143
          ],
          [
            39.64634393,
            43.65350542
          ],
          [
            39.64632727,
            43.65350908
          ],
          [
            39.64631161,
            43.65351274
          ],
          [
            39.64629662,
            43.6535174
          ],
          [
            39.64628329,
            43.65352306
          ],
          [
            39.64626963,
            43.65352972
          ],
          [
            39.64625697,
            43.65353705
          ],
          [
            39.64624331,
            43.65354504
          ],
          [
            39.64622898,
            43.65355137
          ],
          [
            39.64621465,
            43.65355736
          ],
          [
            39.64619932,
            43.65356302
          ],
          [
            39.64618399,
            43.65356835
          ],
          [
            39.64616966,
            43.65357434
          ],
          [
            39.64615566,
            43.65357967
          ],
          [
            39.64614033,
            43.653585
          ],
          [
            39.64612534,
            43.65359099
          ],
          [
            39.64611101,
            43.65359598
          ],
          [
            39.64609635,
            43.65359931
          ],
          [
            39.64608135,
            43.6536023
          ],
          [
            39.64606602,
            43.65360429
          ],
          [
            39.64605002,
            43.65360729
          ],
          [
            39.64603369,
            43.65361028
          ],
          [
            39.64601803,
            43.65361394
          ],
          [
            39.64600303,
            43.65361827
          ],
          [
            39.6459897,
            43.6536236
          ],
          [
            39.64597604,
            43.65362926
          ],
          [
            39.64596204,
            43.65363426
          ],
          [
            39.64594771,
            43.65363692
          ],
          [
            39.64593371,
            43.65363925
          ],
          [
            39.64591971,
            43.65364224
          ],
          [
            39.64590571,
            43.65364523
          ],
          [
            39.64589171,
            43.65364889
          ],
          [
            39.64587805,
            43.65365255
          ],
          [
            39.64586539,
            43.65365588
          ],
          [
            39.64585373,
            43.65366088
          ],
          [
            39.64584474,
            43.65366554
          ],
          [
            39.64583841,
            43.6536712
          ],
          [
            39.64583341,
            43.65367586
          ],
          [
            39.64582942,
            43.65368119
          ],
          [
            39.64582476,
            43.65368718
          ],
          [
            39.64581943,
            43.65369417
          ],
          [
            39.6458141,
            43.65370083
          ],
          [
            39.64581011,
            43.65370716
          ],
          [
            39.64580811,
            43.65371182
          ],
          [
            39.64580678,
            43.65371748
          ],
          [
            39.64580512,
            43.65372414
          ],
          [
            39.64580413,
            43.65373114
          ],
          [
            39.6458028,
            43.6537378
          ],
          [
            39.64580147,
            43.65374513
          ],
          [
            39.64580014,
            43.65375279
          ],
          [
            39.64579848,
            43.65376145
          ],
          [
            39.64579782,
            43.65377011
          ],
          [
            39.64579848,
            43.65377777
          ],
          [
            39.64579881,
            43.65378643
          ],
          [
            39.64579848,
            43.65379309
          ],
          [
            39.64579881,
            43.65379708
          ],
          [
            39.6457998,
            43.65379941
          ],
          [
            39.64580113,
            43.65380141
          ],
          [
            39.64580146,
            43.65380274
          ],
          [
            39.6457998,
            43.6538034
          ],
          [
            39.64579714,
            43.65380573
          ],
          [
            39.64579415,
            43.65381006
          ],
          [
            39.64578882,
            43.65381639
          ],
          [
            39.64578183,
            43.65382372
          ],
          [
            39.64577284,
            43.65383172
          ],
          [
            39.64576151,
            43.65383972
          ],
          [
            39.64574751,
            43.65384705
          ],
          [
            39.64573218,
            43.65385471
          ],
          [
            39.64571785,
            43.65386237
          ],
          [
            39.64570385,
            43.65387103
          ],
          [
            39.64568952,
            43.65387969
          ],
          [
            39.64567552,
            43.65388902
          ],
          [
            39.64566186,
            43.65389801
          ],
          [
            39.64564853,
            43.65390734
          ],
          [
            39.6456342,
            43.653916
          ],
          [
            39.64562054,
            43.65392466
          ],
          [
            39.64560555,
            43.65393266
          ],
          [
            39.64559056,
            43.65393999
          ],
          [
            39.64557556,
            43.65394698
          ],
          [
            39.6455599,
            43.65395398
          ],
          [
            39.64554357,
            43.65395997
          ],
          [
            39.64552757,
            43.65396663
          ],
          [
            39.64551224,
            43.65397363
          ],
          [
            39.64549791,
            43.65398129
          ],
          [
            39.64548258,
            43.65398862
          ],
          [
            39.64546592,
            43.65399428
          ],
          [
            39.64544859,
            43.65399894
          ],
          [
            39.64543126,
            43.6540026
          ],
          [
            39.64541393,
            43.65400726
          ],
          [
            39.6453976,
            43.65401192
          ],
          [
            39.64538194,
            43.65401758
          ],
          [
            39.64536561,
            43.65402358
          ],
          [
            39.64535061,
            43.65403124
          ],
          [
            39.64533628,
            43.6540399
          ],
          [
            39.64532228,
            43.65404823
          ],
          [
            39.64530729,
            43.65405523
          ],
          [
            39.6452923,
            43.65406156
          ],
          [
            39.64527664,
            43.65406722
          ],
          [
            39.64526098,
            43.65407288
          ],
          [
            39.64524532,
            43.65407788
          ],
          [
            39.64522899,
            43.65408321
          ],
          [
            39.64521333,
            43.65408821
          ],
          [
            39.64519667,
            43.6540942
          ],
          [
            39.64517934,
            43.65409886
          ],
          [
            39.64516201,
            43.65410386
          ],
          [
            39.64514602,
            43.65410852
          ],
          [
            39.64512869,
            43.65411352
          ],
          [
            39.64511203,
            43.65411851
          ],
          [
            39.64509437,
            43.65412284
          ],
          [
            39.64507738,
            43.6541275
          ],
          [
            39.64505905,
            43.65413083
          ],
          [
            39.64504105,
            43.65413482
          ],
          [
            39.64502339,
            43.65413848
          ],
          [
            39.6450054,
            43.65414214
          ],
          [
            39.64498774,
            43.65414613
          ],
          [
            39.64497141,
            43.65415146
          ],
          [
            39.64495608,
            43.65415712
          ],
          [
            39.64494109,
            43.65416345
          ],
          [
            39.64492643,
            43.65417045
          ],
          [
            39.64491177,
            43.65417744
          ],
          [
            39.64489578,
            43.65418343
          ],
          [
            39.64487812,
            43.65418776
          ],
          [
            39.64486012,
            43.65419109
          ],
          [
            39.64484213,
            43.65419442
          ],
          [
            39.6448238,
            43.65419775
          ],
          [
            39.64480614,
            43.65420141
          ],
          [
            39.64478915,
            43.65420574
          ],
          [
            39.64477349,
            43.6542104
          ],
          [
            39.64475716,
            43.65421439
          ],
          [
            39.64474116,
            43.65421905
          ],
          [
            39.64472383,
            43.65422171
          ],
          [
            39.64470684,
            43.65422404
          ],
          [
            39.64469018,
            43.65422737
          ],
          [
            39.64467418,
            43.65423203
          ],
          [
            39.64465852,
            43.65423769
          ],
          [
            39.64464153,
            43.65424268
          ],
          [
            39.64462487,
            43.65424801
          ],
          [
            39.64460821,
            43.65425367
          ],
          [
            39.64459155,
            43.65426067
          ],
          [
            39.64457489,
            43.65426733
          ],
          [
            39.64455823,
            43.65427399
          ],
          [
            39.64454157,
            43.65428065
          ],
          [
            39.64452424,
            43.65428731
          ],
          [
            39.64450658,
            43.65429331
          ],
          [
            39.64448859,
            43.65429764
          ],
          [
            39.6444706,
            43.65430097
          ],
          [
            39.64445294,
            43.65430363
          ],
          [
            39.64443595,
            43.65430629
          ],
          [
            39.64441962,
            43.65430928
          ],
          [
            39.64440262,
            43.65431128
          ],
          [
            39.64438563,
            43.65431294
          ],
          [
            39.64436797,
            43.65431427
          ],
          [
            39.64434998,
            43.65431593
          ],
          [
            39.64433198,
            43.65431926
          ],
          [
            39.64431465,
            43.65432325
          ],
          [
            39.64429799,
            43.65432725
          ],
          [
            39.64428233,
            43.65433324
          ],
          [
            39.64426733,
            43.65433957
          ],
          [
            39.64425267,
            43.65434523
          ],
          [
            39.64423701,
            43.65435089
          ],
          [
            39.64422068,
            43.65435622
          ],
          [
            39.64420402,
            43.65435988
          ],
          [
            39.64418703,
            43.65436354
          ],
          [
            39.64417037,
            43.65436554
          ],
          [
            39.64415271,
            43.6543662
          ],
          [
            39.64413505,
            43.65436686
          ],
          [
            39.64411706,
            43.6543662
          ],
          [
            39.64409806,
            43.65436686
          ],
          [
            39.64407973,
            43.65436819
          ],
          [
            39.64406107,
            43.65437185
          ],
          [
            39.64404341,
            43.65437585
          ],
          [
            39.64402675,
            43.65438118
          ],
          [
            39.64401009,
            43.65438551
          ],
          [
            39.64399343,
            43.65439017
          ],
          [
            39.64397677,
            43.65439483
          ],
          [
            39.64396011,
            43.65439916
          ],
          [
            39.64394412,
            43.65440449
          ],
          [
            39.64392879,
            43.65440949
          ],
          [
            39.64391313,
            43.65441449
          ],
          [
            39.64389713,
            43.65442015
          ],
          [
            39.6438818,
            43.65442581
          ],
          [
            39.64386647,
            43.6544318
          ],
          [
            39.64385081,
            43.65443646
          ],
          [
            39.64383515,
            43.65444146
          ],
          [
            39.64381982,
            43.65444712
          ],
          [
            39.64380449,
            43.65445245
          ],
          [
            39.64378883,
            43.65445711
          ],
          [
            39.64377417,
            43.65446244
          ],
          [
            39.64375851,
            43.65446677
          ],
          [
            39.64374318,
            43.6544711
          ],
          [
            39.64372752,
            43.65447476
          ],
          [
            39.64371119,
            43.65447842
          ],
          [
            39.64369486,
            43.65448175
          ],
          [
            39.64367787,
            43.65448541
          ],
          [
            39.64366154,
            43.6544894
          ],
          [
            39.64364554,
            43.65449239
          ],
          [
            39.64363088,
            43.65449639
          ],
          [
            39.64361589,
            43.65450072
          ],
          [
            39.6436009,
            43.65450505
          ],
          [
            39.64358557,
            43.65450904
          ],
          [
            39.64356891,
            43.65451237
          ],
          [
            39.64355291,
            43.65451537
          ],
          [
            39.64353692,
            43.6545187
          ],
          [
            39.64352159,
            43.65452269
          ],
          [
            39.6435066,
            43.65452702
          ],
          [
            39.64349127,
            43.65453168
          ],
          [
            39.64347561,
            43.65453634
          ],
          [
            39.64345828,
            43.65454067
          ],
          [
            39.64344028,
            43.65454533
          ],
          [
            39.64342229,
            43.65455066
          ],
          [
            39.64340496,
            43.65455566
          ],
          [
            39.64338797,
            43.65455965
          ],
          [
            39.64337098,
            43.65456398
          ],
          [
            39.64335532,
            43.65456864
          ],
          [
            39.64333933,
            43.6545733
          ],
          [
            39.64332367,
            43.6545783
          ],
          [
            39.64330701,
            43.65458296
          ],
          [
            39.64329101,
            43.65458795
          ],
          [
            39.64327568,
            43.65459228
          ],
          [
            39.64325968,
            43.65459694
          ],
          [
            39.64324335,
            43.6546016
          ],
          [
            39.64322802,
            43.65460726
          ],
          [
            39.64321303,
            43.65461392
          ],
          [
            39.6431977,
            43.65461991
          ],
          [
            39.64318304,
            43.65462457
          ],
          [
            39.64316805,
            43.65462957
          ],
          [
            39.64315372,
            43.65463457
          ],
          [
            39.64313972,
            43.65464023
          ],
          [
            39.64312606,
            43.65464622
          ],
          [
            39.64311106,
            43.65465188
          ],
          [
            39.64309706,
            43.65465654
          ],
          [
            39.6430824,
            43.6546602
          ],
          [
            39.64306641,
            43.65466286
          ],
          [
            39.64305075,
            43.65466519
          ],
          [
            39.64303542,
            43.65466719
          ],
          [
            39.64302009,
            43.65466985
          ],
          [
            39.64300576,
            43.65467318
          ],
          [
            39.6429911,
            43.65467784
          ],
          [
            39.6429761,
            43.65468284
          ],
          [
            39.64296177,
            43.65468717
          ],
          [
            39.64294811,
            43.65469116
          ],
          [
            39.64293378,
            43.65469549
          ],
          [
            39.64291912,
            43.65469948
          ],
          [
            39.64290346,
            43.65470314
          ],
          [
            39.64288846,
            43.65470613
          ],
          [
            39.6428718,
            43.65470846
          ],
          [
            39.64285514,
            43.65471112
          ],
          [
            39.64283815,
            43.65471411
          ],
          [
            39.64282082,
            43.65471777
          ],
          [
            39.64280416,
            43.6547221
          ],
          [
            39.64278783,
            43.65472676
          ],
          [
            39.64277183,
            43.65473142
          ],
          [
            39.64275583,
            43.65473708
          ],
          [
            39.64274117,
            43.65474241
          ],
          [
            39.64272618,
            43.65474874
          ],
          [
            39.64271118,
            43.65475507
          ],
          [
            39.64269652,
            43.65476106
          ],
          [
            39.64268219,
            43.65476606
          ],
          [
            39.64266886,
            43.65476972
          ],
          [
            39.64265553,
            43.65477305
          ],
          [
            39.64264287,
            43.65477638
          ],
          [
            39.64263121,
            43.65478004
          ]
        ]
      },
      "properties": {
        "name": "Track"
      }
    }
  ]
}