{
  "type": "FeatureCollection",
  "features": [
    {
      "type": "Feature",
      "geometry": {
        "type": "LineString",
        "coordinates": [
          [
            44.148002,
            42.88095133
          ],
          [
            44.148003,
            42.88095266
          ],
          [
            44.14800698,
            42.88095498
          ],
          [
            44.1480093,
            42.88095399
          ],
          [
            44.14801096,
            42.88095299
          ],
          [
            44.14801361,
            42.8809553
          ],
          [
            44.14801328,
            42.88095663
          ],
          [
            44.14800634,
            42.88096226
          ],
          [
            44.14800501,
            42.88096226
          ],
          [
            44.14800368,
            42.88096392
          ],
          [
            44.14800103,
            42.88096326
          ],
          [
            44.14800037,
            42.88096193
          ],
          [
            44.14800004,
            42.88096027
          ],
          [
            44.14799938,
            42.88095861
          ],
          [
            44.14799639,
            42.88095496
          ],
          [
            44.14799805,
            42.88095098
          ],
          [
            44.14800137,
            42.88095296
          ],
          [
            44.14800038,
            42.88095495
          ],
          [
            44.14799411,
            42.88096288
          ],
          [
            44.14799312,
            42.88096421
          ],
          [
            44.14799179,
            42.88096587
          ],
          [
            44.14799013,
            42.88096653
          ],
          [
            44.14798747,
            42.88096653
          ],
          [
            44.14798581,
            42.88096719
          ],
          [
            44.14798316,
            42.88096719
          ],
          [
            44.14798117,
            42.88096653
          ],
          [
            44.14797951,
            42.88096653
          ],
          [
            44.14797652,
            42.88096653
          ],
          [
            44.14797386,
            42.88096719
          ],
          [
            44.14797186,
            42.88096686
          ],
          [
            44.14796787,
            42.88096719
          ],
          [
            44.14796054,
            42.88096752
          ],
          [
            44.14795255,
            42.88096785
          ],
          [
            44.14794255,
            42.88096785
          ],
          [
            44.14793422,
            42.88096785
          ],
          [
            44.14792556,
            42.88096719
          ],
          [
            44.14791756,
            42.88096686
          ],
          [
            44.14790923,
            42.88096752
          ],
          [
            44.1479009,
            42.88096818
          ],
          [
            44.14789191,
            42.88096884
          ],
          [
            44.14788292,
            42.88096851
          ],
          [
            44.14787393,
            42.88096884
          ],
          [
            44.14786427,
            42.88096983
          ],
          [
            44.14785594,
            42.88097016
          ],
          [
            44.14784895,
            42.88097049
          ],
          [
            44.14784395,
            42.88097016
          ],
          [
            44.14783895,
            42.88096983
          ],
          [
            44.14783329,
            42.88096917
          ],
          [
            44.14782596,
            42.88096884
          ],
          [
            44.1478183,
            42.88096851
          ],
          [
            44.1478103,
            42.88096818
          ],
          [
            44.14780164,
            42.88096818
          ],
          [
            44.14779298,
            42.88096818
          ],
          [
            44.14778365,
            42.88096818
          ],
          [
            44.14777432,
            42.88096884
          ],
          [
            44.14776466,
            42.88096917
          ],
          [
            44.14775433,
            42.88096983
          ],
          [
            44.147743,
            42.88097116
          ],
          [
            44.147732,
            42.88097315
          ],
          [
            44.14772034,
            42.88097481
          ],
          [
            44.14770901,
            42.88097747
          ],
          [
            44.14769735,
            42.88098013
          ],
          [
            44.14768502,
            42.88098246
          ],
          [
            44.14767236,
            42.88098379
          ],
          [
            44.1476607,
            42.88098612
          ],
          [
            44.14764904,
            42.88098878
          ],
          [
            44.14763771,
            42.88099111
          ],
          [
            44.14762571,
            42.88099311
          ],
          [
            44.14761438,
            42.8809951
          ],
          [
            44.14760239,
            42.88099743
          ],
          [
            44.14759106,
            42.88100042
          ],
          [
            44.14757907,
            42.88100275
          ],
          [
            44.14756708,
            42.88100541
          ],
          [
            44.14755442,
            42.88100774
          ],
          [
            44.14754176,
            42.88101107
          ],
          [
            44.1475291,
            42.88101373
          ],
          [
            44.14751544,
            42.88101606
          ],
          [
            44.14750211,
            42.88101739
          ],
          [
            44.14748878,
            42.88101839
          ],
          [
            44.14747478,
            42.88101872
          ],
          [
            44.14746078,
            42.88101905
          ],
          [
            44.14744712,
            42.88101938
          ],
          [
            44.14743379,
            42.88102004
          ],
          [
            44.14741979,
            42.88102037
          ],
          [
            44.14740513,
            42.88102037
          ],
          [
            44.14739113,
            42.88102137
          ],
          [
            44.14737747,
            42.88102203
          ],
          [
            44.14736381,
            42.8810217
          ],
          [
            44.14735048,
            42.8810207
          ],
          [
            44.14733682,
            42.88102037
          ],
          [
            44.14732349,
            42.88102004
          ],
          [
            44.14731016,
            42.88101971
          ],
          [
            44.1472975,
            42.88101905
          ],
          [
            44.14728617,
            42.88101772
          ],
          [
            44.14727517,
            42.88101706
          ],
          [
            44.14726384,
            42.88101739
          ],
          [
            44.14725251,
            42.88101706
          ],
          [
            44.14724151,
            42.88101673
          ],
          [
            44.14723051,
            42.88101574
          ],
          [
            44.14721885,
            42.88101508
          ],
          [
            44.14721152,
            42.88101475
          ],
          [
            44.14720719,
            42.88101409
          ],
          [
            44.14720486,
            42.8810131
          ],
          [
            44.14720419,
            42.88100945
          ],
          [
            44.14720652,
            42.88100612
          ],
          [
            44.14720852,
            42.88100146
          ],
          [
            44.14720985,
            42.88099746
          ],
          [
            44.14721051,
            42.88099413
          ],
          [
            44.14721117,
            42.8809918
          ],
          [
            44.14721216,
            42.88098948
          ],
          [
            44.14720392,
            42.88099342
          ],
          [
            44.14720525,
            42.88099375
          ],
          [
            44.14720658,
            42.88099342
          ],
          [
            44.14719801,
            42.88099474
          ],
          [
            44.14719302,
            42.88099607
          ],
          [
            44.14718402,
            42.8809974
          ],
          [
            44.14717269,
            42.88099873
          ],
          [
            44.14715903,
            42.88099906
          ],
          [
            44.14714504,
            42.8809984
          ],
          [
            44.14712904,
            42.88099873
          ],
          [
            44.14711171,
            42.88099906
          ],
          [
            44.14709438,
            42.88099972
          ],
          [
            44.14707672,
            42.88100038
          ],
          [
            44.14705973,
            42.88100005
          ],
          [
            44.1470424,
            42.88099906
          ],
          [
            44.14702507,
            42.88099806
          ],
          [
            44.14700808,
            42.88099673
          ],
          [
            44.14699175,
            42.8809944
          ],
          [
            44.14697575,
            42.88099174
          ],
          [
            44.14695976,
            42.88098941
          ],
          [
            44.14694343,
            42.88098742
          ],
          [
            44.14692743,
            42.88098476
          ],
          [
            44.1469111,
            42.88098276
          ],
          [
            44.14689644,
            42.88098076
          ],
          [
            44.14688111,
            42.88097877
          ],
          [
            44.14686711,
            42.88097644
          ],
          [
            44.14685178,
            42.88097511
          ],
          [
            44.14683579,
            42.88097345
          ],
          [
            44.14681979,
            42.88097112
          ],
          [
            44.14680413,
            42.88096846
          ],
          [
            44.1467888,
            42.88096613
          ],
          [
            44.14677347,
            42.8809628
          ],
          [
            44.14675848,
            42.88095947
          ],
          [
            44.14674315,
            42.88095547
          ],
          [
            44.14672882,
            42.88095181
          ],
          [
            44.14671416,
            42.88094748
          ],
          [
            44.14669917,
            42.88094315
          ],
          [
            44.14668584,
            42.88093782
          ],
          [
            44.14667251,
            42.88093183
          ],
          [
            44.14665851,
            42.88092617
          ],
          [
            44.14664451,
            42.88092084
          ],
          [
            44.14663185,
            42.88091651
          ],
          [
            44.14661919,
            42.88091085
          ],
          [
            44.14660853,
            42.88090452
          ],
          [
            44.1465982,
            42.88089853
          ],
          [
            44.14658854,
            42.88089287
          ],
          [
            44.14657921,
            42.88088754
          ],
          [
            44.14657022,
            42.88088254
          ],
          [
            44.14656056,
            42.88087655
          ],
          [
            44.1465499,
            42.88087056
          ],
          [
            44.14653824,
            42.88086423
          ],
          [
            44.14652724,
            42.8808579
          ],
          [
            44.14651658,
            42.8808519
          ],
          [
            44.14650625,
            42.88084691
          ],
          [
            44.14649726,
            42.88084258
          ],
          [
            44.14648926,
            42.88083825
          ],
          [
            44.14648093,
            42.88083325
          ],
          [
            44.14647427,
            42.88082792
          ],
          [
            44.14646694,
            42.88082193
          ],
          [
            44.14645928,
            42.88081627
          ],
          [
            44.14644995,
            42.88081161
          ],
          [
            44.14643962,
            42.88080695
          ],
          [
            44.14642929,
            42.88080062
          ],
          [
            44.1464193,
            42.88079429
          ],
          [
            44.14640864,
            42.88078763
          ],
          [
            44.14639731,
            42.88078063
          ],
          [
            44.14638598,
            42.88077364
          ],
          [
            44.14637465,
            42.88076664
          ],
          [
            44.14636299,
            42.88075931
          ],
          [
            44.14635099,
            42.88075298
          ],
          [
            44.146339,
            42.88074632
          ],
          [
            44.14632701,
            42.88073966
          ],
          [
            44.14631435,
            42.88073433
          ],
          [
            44.14630169,
            42.88072967
          ],
          [
            44.14628936,
            42.88072634
          ],
          [
            44.14627937,
            42.88072168
          ],
          [
            44.14626937,
            42.88071769
          ],
          [
            44.14625804,
            42.88071369
          ],
          [
            44.14624638,
            42.88070936
          ],
          [
            44.14623472,
            42.88070436
          ],
          [
            44.14622273,
            42.88069837
          ],
          [
            44.14620973,
            42.88069171
          ],
          [
            44.14619673,
            42.88068438
          ],
          [
            44.14618374,
            42.88067672
          ],
          [
            44.14617074,
            42.88066872
          ],
          [
            44.14615941,
            42.88066039
          ],
          [
            44.14614875,
            42.88065206
          ],
          [
            44.14613876,
            42.88064307
          ],
          [
            44.14612943,
            42.88063374
          ],
          [
            44.14612077,
            42.88062408
          ],
          [
            44.14611278,
            42.88061442
          ],
          [
            44.14610478,
            42.88060476
          ],
          [
            44.14609645,
            42.88059477
          ],
          [
            44.14608845,
            42.88058477
          ],
          [
            44.14608079,
            42.88057478
          ],
          [
            44.14607346,
            42.88056478
          ],
          [
            44.14606513,
            42.88055545
          ],
          [
            44.14605547,
            42.88054646
          ],
          [
            44.14604548,
            42.88053713
          ],
          [
            44.14603448,
            42.88052847
          ],
          [
            44.14602215,
            42.88051948
          ],
          [
            44.14600882,
            42.88051049
          ],
          [
            44.14599549,
            42.8805015
          ],
          [
            44.14598149,
            42.88049284
          ],
          [
            44.14596883,
            42.88048518
          ],
          [
            44.14595684,
            42.88047718
          ],
          [
            44.14594451,
            42.88046885
          ],
          [
            44.14593118,
            42.88046219
          ],
          [
            44.14591652,
            42.88045586
          ],
          [
            44.14590219,
            42.88044953
          ],
          [
            44.14588853,
            42.88044354
          ],
          [
            44.14587354,
            42.88043888
          ],
          [
            44.14585921,
            42.88043455
          ],
          [
            44.14584455,
            42.88042989
          ],
          [
            44.14582889,
            42.88042656
          ],
          [
            44.14581323,
            42.88042323
          ],
          [
            44.14579824,
            42.8804199
          ],
          [
            44.14578358,
            42.88041657
          ],
          [
            44.14576925,
            42.88041324
          ],
          [
            44.14575392,
            42.88041058
          ],
          [
            44.14573959,
            42.88040859
          ],
          [
            44.14572493,
            42.88040659
          ],
          [
            44.1457106,
            42.88040393
          ],
          [
            44.1456966,
            42.8804016
          ],
          [
            44.1456826,
            42.88039961
          ],
          [
            44.14566927,
            42.88039861
          ],
          [
            44.14565661,
            42.88039628
          ],
          [
            44.14564428,
            42.88039395
          ],
          [
            44.14563095,
            42.88039162
          ],
          [
            44.14561695,
            42.88039029
          ],
          [
            44.14560529,
            42.88038896
          ],
          [
            44.14559496,
            42.8803873
          ],
          [
            44.14558863,
            42.88038564
          ],
          [
            44.14558497,
            42.88038331
          ],
          [
            44.14558297,
            42.88038198
          ],
          [
            44.14558031,
            42.88038032
          ],
          [
            44.14557565,
            42.88038032
          ],
          [
            44.14557065,
            42.88037999
          ],
          [
            44.14556466,
            42.88038065
          ],
          [
            44.145558,
            42.88038131
          ],
          [
            44.14555034,
            42.88038131
          ],
          [
            44.14554268,
            42.8803823
          ],
          [
            44.14553602,
            42.88038197
          ],
          [
            44.14553069,
            42.88038197
          ],
          [
            44.14552636,
            42.88038098
          ],
          [
            44.1455227,
            42.88037999
          ],
          [
            44.14551937,
            42.88037866
          ],
          [
            44.14551671,
            42.880378
          ],
          [
            44.14551538,
            42.88037767
          ],
          [
            44.14551074,
            42.88037635
          ],
          [
            44.14550908,
            42.88037569
          ],
          [
            44.14550642,
            42.88037569
          ],
          [
            44.14550476,
            42.88037536
          ],
          [
            44.14550343,
            42.88037536
          ],
          [
            44.14550177,
            42.8803747
          ],
          [
            44.14549945,
            42.88037404
          ],
          [
            44.14549812,
            42.88037371
          ],
          [
            44.14549379,
            42.88037437
          ],
          [
            44.1454888,
            42.8803747
          ],
          [
            44.14548314,
            42.88037503
          ],
          [
            44.14547681,
            42.88037503
          ],
          [
            44.14546948,
            42.88037503
          ],
          [
            44.14546282,
            42.88037569
          ],
          [
            44.14545549,
            42.88037635
          ],
          [
            44.14544849,
            42.88037701
          ],
          [
            44.1454415,
            42.88037901
          ],
          [
            44.1454335,
            42.88038134
          ],
          [
            44.1454225,
            42.88038433
          ],
          [
            44.1454115,
            42.88038732
          ],
          [
            44.1454005,
            42.88039098
          ],
          [
            44.14539151,
            42.88039464
          ],
          [
            44.14538185,
            42.88039797
          ],
          [
            44.14537452,
            42.8804003
          ],
          [
            44.14536652,
            42.88040296
          ],
          [
            44.14535719,
            42.88040629
          ],
          [
            44.14534686,
            42.88040962
          ],
          [
            44.1453352,
            42.88041328
          ],
          [
            44.14532387,
            42.88041728
          ],
          [
            44.14531121,
            42.88042094
          ],
          [
            44.14529855,
            42.88042527
          ],
          [
            44.14528689,
            42.88042926
          ],
          [
            44.14527523,
            42.88043359
          ],
          [
            44.14526357,
            42.88043758
          ],
          [
            44.14525157,
            42.88044057
          ],
          [
            44.14524024,
            42.8804449
          ],
          [
            44.14522991,
            42.88044956
          ],
          [
            44.14521991,
            42.88045522
          ],
          [
            44.14520858,
            42.88046055
          ],
          [
            44.14519825,
            42.88046488
          ],
          [
            44.14518859,
            42.88046887
          ],
          [
            44.14517859,
            42.88047253
          ],
          [
            44.14516693,
            42.88047686
          ],
          [
            44.1451556,
            42.88047985
          ],
          [
            44.14514327,
            42.88048318
          ],
          [
            44.14513061,
            42.88048584
          ],
          [
            44.14511795,
            42.88048817
          ],
          [
            44.14510529,
            42.88049017
          ],
          [
            44.14509363,
            42.88049283
          ],
          [
            44.14508297,
            42.88049549
          ],
          [
            44.14507164,
            42.88049815
          ],
          [
            44.14506065,
            42.88050148
          ],
          [
            44.14505165,
            42.88050347
          ],
          [
            44.14504365,
            42.8805038
          ],
          [
            44.14503599,
            42.88050347
          ],
          [
            44.14503066,
            42.88050281
          ],
          [
            44.145027,
            42.88050182
          ],
          [
            44.14502434,
            42.88050116
          ],
          [
            44.14502168,
            42.88050314
          ],
          [
            44.14502432,
            42.8804995
          ],
          [
            44.14502631,
            42.8804975
          ],
          [
            44.14502764,
            42.88049452
          ],
          [
            44.14502631,
            42.88049319
          ],
          [
            44.14501903,
            42.88048691
          ],
          [
            44.14501639,
            42.88048492
          ],
          [
            44.14501239,
            42.88048692
          ],
          [
            44.1450054,
            42.88048891
          ],
          [
            44.14499641,
            42.88049057
          ],
          [
            44.14498575,
            42.8804929
          ],
          [
            44.14497409,
            42.88049656
          ],
          [
            44.14496243,
            42.88050055
          ],
          [
            44.14494943,
            42.88050421
          ],
          [
            44.14493643,
            42.88050787
          ],
          [
            44.14492243,
            42.8805112
          ],
          [
            44.14490877,
            42.8805152
          ],
          [
            44.14489444,
            42.88051986
          ],
          [
            44.14488078,
            42.88052452
          ],
          [
            44.14486712,
            42.88052851
          ],
          [
            44.14485279,
            42.88053251
          ],
          [
            44.14483913,
            42.88053484
          ],
          [
            44.14482613,
            42.8805355
          ],
          [
            44.1448138,
            42.88053583
          ],
          [
            44.14480147,
            42.88053682
          ],
          [
            44.14479081,
            42.88053815
          ],
          [
            44.14477981,
            42.88053948
          ],
          [
            44.14476781,
            42.88054247
          ],
          [
            44.14475548,
            42.88054613
          ],
          [
            44.14474315,
            42.88054946
          ],
          [
            44.14473182,
            42.88055312
          ],
          [
            44.14472049,
            42.88055645
          ],
          [
            44.14470816,
            42.88055911
          ],
          [
            44.14469483,
            42.8805621
          ],
          [
            44.14468217,
            42.88056509
          ],
          [
            44.14466884,
            42.88056775
          ],
          [
            44.14465585,
            42.88057074
          ],
          [
            44.14464285,
            42.88057373
          ],
          [
            44.14462852,
            42.88057606
          ],
          [
            44.14461452,
            42.88057905
          ],
          [
            44.14460052,
            42.88058138
          ],
          [
            44.14458619,
            42.88058404
          ],
          [
            44.1445712,
            42.88058537
          ],
          [
            44.1445552,
            42.88058636
          ],
          [
            44.1445392,
            42.88058769
          ],
          [
            44.14452254,
            42.88059002
          ],
          [
            44.14450755,
            42.88059235
          ],
          [
            44.14449256,
            42.88059601
          ],
          [
            44.1444779,
            42.88060101
          ],
          [
            44.14446324,
            42.88060567
          ],
          [
            44.14444991,
            42.88061067
          ],
          [
            44.14443725,
            42.88061566
          ],
          [
            44.14442526,
            42.88061932
          ],
          [
            44.14441226,
            42.88062198
          ],
          [
            44.14439793,
            42.88062531
          ],
          [
            44.1443836,
            42.88062897
          ],
          [
            44.14436894,
            42.88063263
          ],
          [
            44.14435528,
            42.88063529
          ],
          [
            44.14434128,
            42.88063762
          ],
          [
            44.14432662,
            42.88063995
          ],
          [
            44.14431129,
            42.88064195
          ],
          [
            44.14429496,
            42.88064294
          ],
          [
            44.1442783,
            42.88064427
          ],
          [
            44.14426297,
            42.8806456
          ],
          [
            44.14424798,
            42.88064793
          ],
          [
            44.14423265,
            42.88064993
          ],
          [
            44.14421766,
            42.88065192
          ],
          [
            44.14420267,
            42.88065425
          ],
          [
            44.14418701,
            42.88065658
          ],
          [
            44.14417168,
            42.88065858
          ],
          [
            44.14415702,
            42.88066024
          ],
          [
            44.14414302,
            42.8806619
          ],
          [
            44.14413136,
            42.88066456
          ],
          [
            44.14412403,
            42.88066522
          ],
          [
            44.14412003,
            42.88066555
          ],
          [
            44.14411837,
            42.88066621
          ],
          [
            44.14412003,
            42.88066621
          ],
          [
            44.1441187,
            42.88066621
          ],
          [
            44.14411237,
            42.88066687
          ],
          [
            44.14410304,
            42.8806682
          ],
          [
            44.14409105,
            42.8806702
          ],
          [
            44.14407805,
            42.88067253
          ],
          [
            44.14406472,
            42.88067552
          ],
          [
            44.14404939,
            42.88067918
          ],
          [
            44.1440344,
            42.88068251
          ],
          [
            44.14401874,
            42.8806855
          ],
          [
            44.14400341,
            42.88068849
          ],
          [
            44.14398941,
            42.88069148
          ],
          [
            44.14398008,
            42.88069281
          ],
          [
            44.14397609,
            42.88069281
          ],
          [
            44.14397376,
            42.88069281
          ],
          [
            44.14397045,
            42.88069281
          ],
          [
            44.14396746,
            42.88069414
          ],
          [
            44.14396246,
            42.8806958
          ],
          [
            44.1439558,
            42.88069813
          ],
          [
            44.14394614,
            42.88069979
          ],
          [
            44.14393514,
            42.88070179
          ],
          [
            44.14392315,
            42.88070345
          ],
          [
            44.14391016,
            42.88070544
          ],
          [
            44.14389683,
            42.88070777
          ],
          [
            44.1438835,
            42.88070977
          ],
          [
            44.1438695,
            42.88071143
          ],
          [
            44.14385584,
            42.88071342
          ],
          [
            44.14384151,
            42.88071442
          ],
          [
            44.14382718,
            42.88071641
          ],
          [
            44.14381318,
            42.88071841
          ],
          [
            44.14379918,
            42.8807194
          ],
          [
            44.14378618,
            42.88072006
          ],
          [
            44.14377319,
            42.88072006
          ],
          [
            44.14376019,
            42.88072039
          ],
          [
            44.14374686,
            42.88072072
          ],
          [
            44.1437342,
            42.88072105
          ],
          [
            44.14372254,
            42.88072039
          ],
          [
            44.14371088,
            42.88071939
          ],
          [
            44.14370088,
            42.8807174
          ],
          [
            44.14369122,
            42.8807154
          ],
          [
            44.14368156,
            42.88071374
          ],
          [
            44.1436709,
            42.88071275
          ],
          [
            44.14366057,
            42.88071142
          ],
          [
            44.14364991,
            42.88071009
          ],
          [
            44.14363891,
            42.88070843
          ],
          [
            44.14362658,
            42.8807061
          ],
          [
            44.14361525,
            42.88070344
          ],
          [
            44.14360325,
            42.88070045
          ],
          [
            44.14359092,
            42.88069746
          ],
          [
            44.14357792,
            42.88069513
          ],
          [
            44.14356493,
            42.88069214
          ],
          [
            44.14355193,
            42.88068848
          ],
          [
            44.14353793,
            42.88068482
          ],
          [
            44.14352327,
            42.88068149
          ],
          [
            44.14350961,
            42.8806785
          ],
          [
            44.14349528,
            42.88067517
          ],
          [
            44.14347995,
            42.88067218
          ],
          [
            44.14346395,
            42.88066852
          ],
          [
            44.14344929,
            42.88066486
          ],
          [
            44.14343429,
            42.88066087
          ],
          [
            44.14341796,
            42.88065687
          ],
          [
            44.1434023,
            42.88065288
          ],
          [
            44.14338697,
            42.88064888
          ],
          [
            44.14337164,
            42.88064522
          ],
          [
            44.14335665,
            42.88064156
          ],
          [
            44.14334132,
            42.88063857
          ],
          [
            44.14332699,
            42.88063591
          ],
          [
            44.14331299,
            42.88063258
          ],
          [
            44.14329866,
            42.88063025
          ],
          [
            44.14328466,
            42.88062726
          ],
          [
            44.143271,
            42.88062426
          ],
          [
            44.14325867,
            42.8806216
          ],
          [
            44.14324668,
            42.88061894
          ],
          [
            44.14323468,
            42.88061595
          ],
          [
            44.14322302,
            42.88061262
          ],
          [
            44.14321136,
            42.88060929
          ],
          [
            44.1431997,
            42.88060663
          ],
          [
            44.14318804,
            42.88060463
          ],
          [
            44.14317771,
            42.88060197
          ],
          [
            44.14316738,
            42.88060064
          ],
          [
            44.14315738,
            42.88059864
          ],
          [
            44.14314672,
            42.88059665
          ],
          [
            44.14313606,
            42.88059399
          ],
          [
            44.14312506,
            42.880591
          ],
          [
            44.14311473,
            42.880587
          ],
          [
            44.1431044,
            42.88058367
          ],
          [
            44.1430934,
            42.88058001
          ],
          [
            44.14308274,
            42.88057601
          ],
          [
            44.14307241,
            42.88057135
          ],
          [
            44.14306241,
            42.88056602
          ],
          [
            44.14305208,
            42.88056036
          ],
          [
            44.14304275,
            42.8805547
          ],
          [
            44.14303342,
            42.8805507
          ],
          [
            44.14302342,
            42.88054704
          ],
          [
            44.14301376,
            42.88054271
          ],
          [
            44.14300376,
            42.88053772
          ],
          [
            44.1429931,
            42.88053239
          ],
          [
            44.14298177,
            42.88052739
          ],
          [
            44.14297077,
            42.88052306
          ],
          [
            44.14295911,
            42.8805184
          ],
          [
            44.14294845,
            42.8805144
          ],
          [
            44.14293679,
            42.88051007
          ],
          [
            44.14292413,
            42.88050674
          ],
          [
            44.1429128,
            42.88050308
          ],
          [
            44.14290114,
            42.88049975
          ],
          [
            44.14288915,
            42.88049709
          ],
          [
            44.14287615,
            42.8804941
          ],
          [
            44.14286382,
            42.88049177
          ],
          [
            44.14285182,
            42.88048811
          ],
          [
            44.14283916,
            42.88048478
          ],
          [
            44.14282583,
            42.88048278
          ],
          [
            44.14281183,
            42.88048045
          ],
          [
            44.14279717,
            42.88047746
          ],
          [
            44.14278251,
            42.8804758
          ],
          [
            44.14276851,
            42.8804748
          ],
          [
            44.14275451,
            42.88047414
          ],
          [
            44.14274151,
            42.88047315
          ],
          [
            44.14272918,
            42.88047115
          ],
          [
            44.14271618,
            42.88046882
          ],
          [
            44.14270285,
            42.88046649
          ],
          [
            44.14268919,
            42.8804645
          ],
          [
            44.14267786,
            42.88046284
          ],
          [
            44.14267353,
            42.88046018
          ],
          [
            44.14267486,
            42.88045885
          ],
          [
            44.14267986,
            42.88045852
          ],
          [
            44.14268352,
            42.88045719
          ],
          [
            44.14268485,
            42.88045553
          ],
          [
            44.14268319,
            42.88045387
          ],
          [
            44.14268086,
            42.88045321
          ],
          [
            44.1426792,
            42.88045255
          ],
          [
            44.14267621,
            42.88045289
          ],
          [
            44.14267621,
            42.88045156
          ],
          [
            44.14267522,
            42.88045023
          ],
          [
            44.14267257,
            42.88044791
          ],
          [
            44.14266794,
            42.88044824
          ],
          [
            44.14266561,
            42.88045024
          ],
          [
            44.14266361,
            42.88045357
          ],
          [
            44.14266461,
            42.88045823
          ],
          [
            44.1426656,
            42.88046156
          ],
          [
            44.1426676,
            42.88046023
          ],
          [
            44.14266859,
            42.88045757
          ],
          [
            44.14267025,
            42.88045524
          ],
          [
            44.14267025,
            42.88045291
          ],
          [
            44.14267025,
            42.88045025
          ],
          [
            44.14266992,
            42.88044692
          ],
          [
            44.14266892,
            42.88044326
          ],
          [
            44.14266826,
            42.88044126
          ],
          [
            44.14266793,
            42.8804396
          ],
          [
            44.1426676,
            42.88043827
          ],
          [
            44.14266826,
            42.8804396
          ],
          [
            44.14267059,
            42.88044226
          ],
          [
            44.14267259,
            42.88044492
          ],
          [
            44.14267392,
            42.88044691
          ],
          [
            44.14267359,
            42.8804499
          ],
          [
            44.14267226,
            42.88045056
          ],
          [
            44.14267093,
            42.88045122
          ],
          [
            44.14266629,
            42.88045221
          ],
          [
            44.14266432,
            42.88045453
          ],
          [
            44.14266167,
            42.88045486
          ],
          [
            44.14265242,
            42.88045519
          ],
          [
            44.14265308,
            42.88045652
          ],
          [
            44.14265407,
            42.88045851
          ],
          [
            44.14265671,
            42.88046117
          ],
          [
            44.14265704,
            42.88046217
          ],
          [
            44.14265439,
            42.88046514
          ],
          [
            44.14265439,
            42.88046647
          ],
          [
            44.14265307,
            42.88047012
          ],
          [
            44.14264974,
            42.88046946
          ],
          [
            44.14264141,
            42.8804688
          ],
          [
            44.14263041,
            42.88046814
          ],
          [
            44.14261741,
            42.88046681
          ],
          [
            44.14260275,
            42.88046615
          ],
          [
            44.14258742,
            42.88046482
          ],
          [
            44.14257209,
            42.88046282
          ],
          [
            44.14255643,
            42.88046183
          ],
          [
            44.1425401,
            42.88046117
          ],
          [
            44.1425241,
            42.88045918
          ],
          [
            44.1425081,
            42.88045752
          ],
          [
            44.14249177,
            42.88045586
          ],
          [
            44.14247544,
            42.88045453
          ],
          [
            44.14245911,
            42.88045354
          ],
          [
            44.14244245,
            42.88045288
          ],
          [
            44.14242645,
            42.88045155
          ],
          [
            44.14241012,
            42.88045022
          ],
          [
            44.14239379,
            42.88044956
          ],
          [
            44.14237813,
            42.8804479
          ],
          [
            44.14236247,
            42.8804459
          ],
          [
            44.14234714,
            42.88044424
          ],
          [
            44.14233248,
            42.88044258
          ],
          [
            44.14231715,
            42.88044025
          ],
          [
            44.14230216,
            42.88043759
          ],
          [
            44.14228717,
            42.88043526
          ],
          [
            44.14227184,
            42.88043293
          ],
          [
            44.14225685,
            42.8804316
          ],
          [
            44.14224185,
            42.88043094
          ],
          [
            44.14222686,
            42.88042994
          ],
          [
            44.1422112,
            42.88042795
          ],
          [
            44.14219587,
            42.88042695
          ],
          [
            44.14218054,
            42.88042496
          ],
          [
            44.14216621,
            42.88042296
          ],
          [
            44.14215221,
            42.8804213
          ],
          [
            44.14213821,
            42.88041931
          ],
          [
            44.14212388,
            42.88041765
          ],
          [
            44.14210988,
            42.88041599
          ],
          [
            44.14209655,
            42.88041433
          ],
          [
            44.14208289,
            42.880412
          ],
          [
            44.14206889,
            42.88041
          ],
          [
            44.1420539,
            42.88040867
          ],
          [
            44.14203924,
            42.88040734
          ],
          [
            44.14202458,
            42.88040568
          ],
          [
            44.14201058,
            42.88040435
          ],
          [
            44.14199559,
            42.88040336
          ],
          [
            44.14198026,
            42.8804027
          ],
          [
            44.14196526,
            42.8804017
          ],
          [
            44.14195093,
            42.88039971
          ],
          [
            44.1419376,
            42.88039771
          ],
          [
            44.14192427,
            42.88039605
          ],
          [
            44.14191094,
            42.88039439
          ],
          [
            44.14189694,
            42.88039206
          ],
          [
            44.14188261,
            42.88038973
          ],
          [
            44.14186861,
            42.88038773
          ],
          [
            44.14185428,
            42.88038607
          ],
          [
            44.14184028,
            42.88038441
          ],
          [
            44.14182728,
            42.88038208
          ],
          [
            44.14181362,
            42.88038009
          ],
          [
            44.14180063,
            42.88037876
          ],
          [
            44.14178663,
            42.88037743
          ],
          [
            44.1417723,
            42.88037643
          ],
          [
            44.14175864,
            42.88037544
          ],
          [
            44.14174498,
            42.88037378
          ],
          [
            44.14173198,
            42.88037245
          ],
          [
            44.14171832,
            42.88037012
          ],
          [
            44.14170533,
            42.88036746
          ],
          [
            44.14169233,
            42.88036447
          ],
          [
            44.14168,
            42.88036214
          ],
          [
            44.141667,
            42.88035948
          ],
          [
            44.14165401,
            42.88035715
          ],
          [
            44.14164068,
            42.88035449
          ],
          [
            44.14162835,
            42.8803515
          ],
          [
            44.14161602,
            42.88034884
          ],
          [
            44.14160336,
            42.88034685
          ],
          [
            44.14159103,
            42.88034485
          ],
          [
            44.14157904,
            42.88034285
          ],
          [
            44.14156705,
            42.88034119
          ],
          [
            44.14155472,
            42.88033886
          ],
          [
            44.14154273,
            42.88033686
          ],
          [
            44.1415314,
            42.8803342
          ],
          [
            44.14151974,
            42.88033187
          ],
          [
            44.14150841,
            42.88032921
          ],
          [
            44.14149741,
            42.88032688
          ],
          [
            44.14148675,
            42.88032422
          ],
          [
            44.14147676,
            42.88032156
          ],
          [
            44.1414651,
            42.8803189
          ],
          [
            44.14145277,
            42.88031557
          ],
          [
            44.14144144,
            42.88031224
          ],
          [
            44.14142945,
            42.88030858
          ],
          [
            44.14141745,
            42.88030592
          ],
          [
            44.14140512,
            42.88030392
          ],
          [
            44.14139212,
            42.88030093
          ],
          [
            44.14137979,
            42.88029927
          ],
          [
            44.1413678,
            42.88029694
          ],
          [
            44.14135581,
            42.88029428
          ],
          [
            44.14134315,
            42.88029095
          ],
          [
            44.14133116,
            42.88028729
          ],
          [
            44.1413185,
            42.88028396
          ],
          [
            44.14130484,
            42.88027963
          ],
          [
            44.14129051,
            42.88027597
          ],
          [
            44.14127685,
            42.88027231
          ],
          [
            44.14126252,
            42.88026898
          ],
          [
            44.14124886,
            42.88026632
          ],
          [
            44.14123386,
            42.88026366
          ],
          [
            44.1412192,
            42.880261
          ],
          [
            44.14120554,
            42.88025801
          ],
          [
            44.14119188,
            42.88025502
          ],
          [
            44.14117822,
            42.88025302
          ],
          [
            44.14116389,
            42.88025069
          ],
          [
            44.1411489,
            42.88024803
          ],
          [
            44.14113391,
            42.88024503
          ],
          [
            44.14111958,
            42.8802417
          ],
          [
            44.14110558,
            42.88023871
          ],
          [
            44.14109192,
            42.88023472
          ],
          [
            44.14107759,
            42.88023173
          ],
          [
            44.14106326,
            42.8802284
          ],
          [
            44.1410486,
            42.8802254
          ],
          [
            44.14103427,
            42.88022141
          ],
          [
            44.14102094,
            42.88021708
          ],
          [
            44.14100728,
            42.88021375
          ],
          [
            44.14099428,
            42.88021042
          ],
          [
            44.14097995,
            42.88020776
          ],
          [
            44.14096529,
            42.8802051
          ],
          [
            44.14094963,
            42.88020244
          ],
          [
            44.1409343,
            42.88020045
          ],
          [
            44.1409183,
            42.88019779
          ],
          [
            44.1409023,
            42.8801948
          ],
          [
            44.14088731,
            42.88019247
          ],
          [
            44.14087365,
            42.88018881
          ],
          [
            44.14085932,
            42.88018548
          ],
          [
            44.14084566,
            42.88018149
          ],
          [
            44.14083233,
            42.88017783
          ],
          [
            44.14082067,
            42.88017483
          ],
          [
            44.14081368,
            42.8801725
          ],
          [
            44.14080968,
            42.88017084
          ],
          [
            44.14080769,
            42.88016952
          ],
          [
            44.14080736,
            42.88016653
          ],
          [
            44.14080604,
            42.88016388
          ],
          [
            44.1407958,
            42.88015925
          ],
          [
            44.14079281,
            42.88015659
          ],
          [
            44.14078882,
            42.8801536
          ],
          [
            44.14078716,
            42.88015094
          ],
          [
            44.14078749,
            42.88014894
          ],
          [
            44.14078716,
            42.88014695
          ],
          [
            44.1407855,
            42.88014662
          ],
          [
            44.14077097,
            42.88013441
          ],
          [
            44.14077196,
            42.88013142
          ],
          [
            44.14077262,
            42.88012609
          ],
          [
            44.14077362,
            42.88011943
          ],
          [
            44.14077461,
            42.8801141
          ],
          [
            44.14077627,
            42.88011077
          ],
          [
            44.1407776,
            42.88010811
          ],
          [
            44.14077727,
            42.88010546
          ],
          [
            44.14077661,
            42.8801038
          ],
          [
            44.14077661,
            42.88010746
          ],
          [
            44.14077927,
            42.88011146
          ],
          [
            44.14078126,
            42.88011646
          ],
          [
            44.14078425,
            42.88012079
          ],
          [
            44.14078591,
            42.88012545
          ],
          [
            44.14078757,
            42.88012811
          ],
          [
            44.14078889,
            42.8801311
          ],
          [
            44.14079879,
            42.88012583
          ],
          [
            44.1407978,
            42.88012749
          ],
          [
            44.14079846,
            42.88012882
          ],
          [
            44.14080111,
            42.88013147
          ],
          [
            44.14080211,
            42.8801318
          ],
          [
            44.14080577,
            42.88013279
          ],
          [
            44.14080943,
            42.88013412
          ],
          [
            44.14081542,
            42.88013478
          ],
          [
            44.14082308,
            42.88013577
          ],
          [
            44.14082907,
            42.88013577
          ],
          [
            44.1408354,
            42.88013577
          ],
          [
            44.14084273,
            42.88013577
          ],
          [
            44.14084806,
            42.88013444
          ],
          [
            44.14084973,
            42.88013278
          ],
          [
            44.14085106,
            42.88013179
          ],
          [
            44.14085339,
            42.8801308
          ],
          [
            44.14085472,
            42.88012947
          ],
          [
            44.14085605,
            42.88012814
          ],
          [
            44.14085539,
            42.88012515
          ],
          [
            44.14085173,
            42.88012015
          ],
          [
            44.1408464,
            42.88011315
          ],
          [
            44.14083841,
            42.88010549
          ],
          [
            44.14083108,
            42.88009816
          ],
          [
            44.14082575,
            42.88009217
          ],
          [
            44.14081942,
            42.88008751
          ],
          [
            44.14081242,
            42.88008418
          ],
          [
            44.14080709,
            42.88008285
          ],
          [
            44.14080343,
            42.88008152
          ],
          [
            44.1408021,
            42.88007986
          ],
          [
            44.1408011,
            42.8800782
          ],
          [
            44.14079911,
            42.88007754
          ],
          [
            44.14079811,
            42.88007754
          ],
          [
            44.14079745,
            42.88007887
          ],
          [
            44.14079712,
            42.88008053
          ],
          [
            44.14079646,
            42.88008186
          ],
          [
            44.14079246,
            42.88008286
          ],
          [
            44.14078813,
            42.88008419
          ],
          [
            44.14078347,
            42.88008485
          ],
          [
            44.14077881,
            42.88008518
          ],
          [
            44.14077382,
            42.88008518
          ],
          [
            44.14077049,
            42.88008485
          ],
          [
            44.14076683,
            42.88008585
          ],
          [
            44.14076217,
            42.88008651
          ],
          [
            44.14075718,
            42.88008485
          ],
          [
            44.14075452,
            42.88008219
          ],
          [
            44.14075319,
            42.88007886
          ],
          [
            44.14075519,
            42.88007553
          ],
          [
            44.14075852,
            42.8800732
          ],
          [
            44.14076185,
            42.88007087
          ],
          [
            44.14076418,
            42.88006954
          ],
          [
            44.14076651,
            42.88006954
          ],
          [
            44.14076851,
            42.88006954
          ],
          [
            44.14076852,
            42.88007053
          ],
          [
            44.14076553,
            42.8800702
          ],
          [
            44.14076187,
            42.88006987
          ],
          [
            44.14075788,
            42.88007086
          ],
          [
            44.14075389,
            42.88007219
          ],
          [
            44.14075156,
            42.88007385
          ],
          [
            44.14074956,
            42.88007718
          ],
          [
            44.14074723,
            42.88008217
          ],
          [
            44.14074557,
            42.8800875
          ],
          [
            44.14074491,
            42.88009349
          ],
          [
            44.14074491,
            42.88009715
          ],
          [
            44.14074557,
            42.88009948
          ],
          [
            44.14073963,
            42.88010378
          ],
          [
            44.14074459,
            42.88010642
          ],
          [
            44.1407555,
            42.88010973
          ],
          [
            44.14075783,
            42.88011139
          ],
          [
            44.14076349,
            42.88011605
          ],
          [
            44.14077182,
            42.88012038
          ],
          [
            44.14078115,
            42.88012404
          ],
          [
            44.14078848,
            42.88012604
          ],
          [
            44.14079281,
            42.88012737
          ],
          [
            44.14079647,
            42.88012803
          ],
          [
            44.14079913,
            42.88012902
          ],
          [
            44.14080079,
            42.88012968
          ],
          [
            44.14080445,
            42.88013001
          ],
          [
            44.14080944,
            42.88013167
          ],
          [
            44.14081677,
            42.88013266
          ],
          [
            44.14082477,
            42.88013233
          ],
          [
            44.1408301,
            42.88013299
          ],
          [
            44.14083409,
            42.88013365
          ],
          [
            44.14083872,
            42.88013596
          ],
          [
            44.14083439,
            42.88013396
          ],
          [
            44.14082573,
            42.8801313
          ],
          [
            44.14081407,
            42.88012897
          ],
          [
            44.14080107,
            42.88012764
          ],
          [
            44.14078941,
            42.88012631
          ],
          [
            44.14077808,
            42.88012332
          ],
          [
            44.14077008,
            42.88011799
          ],
          [
            44.14076542,
            42.880111
          ],
          [
            44.14076243,
            42.88010434
          ],
          [
            44.1407601,
            42.88009835
          ],
          [
            44.14075844,
            42.88009302
          ],
          [
            44.14075844,
            42.88009003
          ],
          [
            44.14076177,
            42.8800877
          ],
          [
            44.1407651,
            42.88008504
          ],
          [
            44.14077109,
            42.88008138
          ],
          [
            44.14077575,
            42.88007905
          ],
          [
            44.14077941,
            42.88007706
          ],
          [
            44.14078074,
            42.88007606
          ],
          [
            44.14077908,
            42.88007672
          ],
          [
            44.14077542,
            42.88008005
          ],
          [
            44.14077176,
            42.88008438
          ],
          [
            44.14076777,
            42.88009037
          ],
          [
            44.14076444,
            42.88009837
          ],
          [
            44.14076411,
            42.88010736
          ],
          [
            44.14076644,
            42.88011602
          ],
          [
            44.14076844,
            42.88012201
          ],
          [
            44.1407711,
            42.88012534
          ],
          [
            44.14077709,
            42.88012967
          ],
          [
            44.14078708,
            42.88013333
          ],
          [
            44.14079874,
            42.88013532
          ],
          [
            44.1408104,
            42.88013665
          ],
          [
            44.14081806,
            42.88013764
          ],
          [
            44.14082272,
            42.88013797
          ],
          [
            44.14082571,
            42.88013797
          ],
          [
            44.14082737,
            42.88013764
          ],
          [
            44.14082606,
            42.88013698
          ],
          [
            44.14082207,
            42.88013764
          ],
          [
            44.14081507,
            42.88013864
          ],
          [
            44.14080574,
            42.8801403
          ],
          [
            44.14079341,
            42.88014196
          ],
          [
            44.14077975,
            42.88014262
          ],
          [
            44.14076442,
            42.88014395
          ],
          [
            44.14074876,
            42.88014461
          ],
          [
            44.14073177,
            42.8801456
          ],
          [
            44.14071444,
            42.88014626
          ],
          [
            44.14069778,
            42.88014593
          ],
          [
            44.14068145,
            42.8801446
          ],
          [
            44.14066479,
            42.8801436
          ],
          [
            44.14064813,
            42.88014327
          ],
          [
            44.1406328,
            42.88014161
          ],
          [
            44.14061714,
            42.88013995
          ],
          [
            44.14060081,
            42.88013829
          ],
          [
            44.14058382,
            42.88013663
          ],
          [
            44.14056683,
            42.88013497
          ],
          [
            44.1405495,
            42.88013264
          ],
          [
            44.14053151,
            42.88013131
          ],
          [
            44.14051551,
            42.88013032
          ],
          [
            44.14049918,
            42.88012866
          ],
          [
            44.14048285,
            42.88012666
          ],
          [
            44.14046552,
            42.880125
          ],
          [
            44.14044986,
            42.880124
          ],
          [
            44.1404352,
            42.88012267
          ],
          [
            44.14041987,
            42.88012134
          ],
          [
            44.14040521,
            42.88011968
          ],
          [
            44.14039121,
            42.88011735
          ],
          [
            44.14037588,
            42.88011535
          ],
          [
            44.14035955,
            42.88011436
          ],
          [
            44.14034289,
            42.8801137
          ],
          [
            44.1403249,
            42.88011237
          ],
          [
            44.14030757,
            42.88011037
          ],
          [
            44.14029124,
            42.88010871
          ],
          [
            44.14027524,
            42.88010671
          ],
          [
            44.14025891,
            42.88010505
          ],
          [
            44.14024125,
            42.88010405
          ],
          [
            44.14022359,
            42.88010206
          ],
          [
            44.14020593,
            42.88009906
          ],
          [
            44.1401896,
            42.88009507
          ],
          [
            44.14017294,
            42.88009208
          ],
          [
            44.14015728,
            42.88008942
          ],
          [
            44.14014162,
            42.88008676
          ],
          [
            44.14012562,
            42.88008343
          ],
          [
            44.14010996,
            42.88008044
          ],
          [
            44.14009463,
            42.88007711
          ],
          [
            44.14007997,
            42.88007445
          ],
          [
            44.14006531,
            42.88007179
          ],
          [
            44.14004998,
            42.8800688
          ],
          [
            44.14003399,
            42.88006547
          ],
          [
            44.14001833,
            42.88006214
          ],
          [
            44.140003,
            42.88005848
          ],
          [
            44.139988,
            42.88005482
          ],
          [
            44.13997301,
            42.88005116
          ],
          [
            44.13995835,
            42.88004817
          ],
          [
            44.13994302,
            42.88004518
          ],
          [
            44.13992803,
            42.88004219
          ],
          [
            44.13991337,
            42.88003886
          ],
          [
            44.13989937,
            42.88003587
          ],
          [
            44.13988504,
            42.88003254
          ],
          [
            44.13987038,
            42.88002921
          ],
          [
            44.13985705,
            42.88002588
          ],
          [
            44.13984372,
            42.88002255
          ],
          [
            44.13983039,
            42.88001989
          ],
          [
            44.13981706,
            42.8800169
          ],
          [
            44.1398024,
            42.88001457
          ],
          [
            44.13978741,
            42.88001258
          ],
          [
            44.13977308,
            42.88000992
          ],
          [
            44.13976008,
            42.88000759
          ],
          [
            44.13974608,
            42.88000493
          ],
          [
            44.13973309,
            42.8800026
          ],
          [
            44.13972009,
            42.87999994
          ],
          [
            44.13970743,
            42.87999728
          ],
          [
            44.1396951,
            42.87999462
          ],
          [
            44.13968244,
            42.87999263
          ],
          [
            44.13966911,
            42.87999063
          ],
          [
            44.13965678,
            42.87998897
          ],
          [
            44.13964478,
            42.87998631
          ],
          [
            44.13963279,
            42.87998365
          ],
          [
            44.13961979,
            42.87998132
          ],
          [
            44.13960646,
            42.87997832
          ],
          [
            44.13959346,
            42.87997633
          ],
          [
            44.1395808,
            42.879973
          ],
          [
            44.1395678,
            42.879969
          ],
          [
            44.13955547,
            42.87996567
          ],
          [
            44.13954314,
            42.87996301
          ],
          [
            44.13953081,
            42.87996035
          ],
          [
            44.13951781,
            42.87995736
          ],
          [
            44.13950348,
            42.8799547
          ],
          [
            44.13948748,
            42.87995304
          ],
          [
            44.13947115,
            42.87995171
          ],
          [
            44.13945482,
            42.87995005
          ],
          [
            44.13943916,
            42.87994739
          ],
          [
            44.13942283,
            42.87994406
          ],
          [
            44.13940584,
            42.8799414
          ],
          [
            44.13938951,
            42.87993941
          ],
          [
            44.13937318,
            42.87993675
          ],
          [
            44.13935685,
            42.87993376
          ],
          [
            44.13934085,
            42.87993077
          ],
          [
            44.13932519,
            42.87992744
          ],
          [
            44.13930986,
            42.87992378
          ],
          [
            44.1392942,
            42.87991945
          ],
          [
            44.13927854,
            42.87991612
          ],
          [
            44.13926255,
            42.87991279
          ],
          [
            44.13924622,
            42.87990946
          ],
          [
            44.13923122,
            42.87990613
          ],
          [
            44.13921689,
            42.87990213
          ],
          [
            44.13920223,
            42.87989914
          ],
          [
            44.1391879,
            42.87989448
          ],
          [
            44.13917424,
            42.87988915
          ],
          [
            44.13915991,
            42.87988282
          ],
          [
            44.13914558,
            42.87987483
          ],
          [
            44.13913192,
            42.8798665
          ],
          [
            44.13911859,
            42.8798585
          ],
          [
            44.13910593,
            42.87985084
          ],
          [
            44.1390936,
            42.87984284
          ],
          [
            44.13908161,
            42.87983551
          ],
          [
            44.13907095,
            42.87982718
          ],
          [
            44.13906029,
            42.87981818
          ],
          [
            44.13904963,
            42.87980885
          ],
          [
            44.1390393,
            42.87979852
          ],
          [
            44.1390283,
            42.87978886
          ],
          [
            44.13901697,
            42.8797792
          ],
          [
            44.13900564,
            42.8797692
          ],
          [
            44.13899431,
            42.87975921
          ],
          [
            44.13898132,
            42.87974921
          ],
          [
            44.13896899,
            42.87973955
          ],
          [
            44.13895633,
            42.87972955
          ],
          [
            44.13894367,
            42.87972022
          ],
          [
            44.13893034,
            42.87971122
          ],
          [
            44.13891634,
            42.87970256
          ],
          [
            44.13890201,
            42.8796939
          ],
          [
            44.13888735,
            42.87968691
          ],
          [
            44.13887402,
            42.87967991
          ],
          [
            44.13886002,
            42.87967292
          ],
          [
            44.13884669,
            42.87966693
          ],
          [
            44.13883369,
            42.8796616
          ],
          [
            44.13882036,
            42.87965694
          ],
          [
            44.13880703,
            42.87965128
          ],
          [
            44.13879237,
            42.87964662
          ],
          [
            44.13877704,
            42.87964196
          ],
          [
            44.13876171,
            42.87963763
          ],
          [
            44.13874638,
            42.87963297
          ],
          [
            44.13873072,
            42.87962831
          ],
          [
            44.13871506,
            42.87962432
          ],
          [
            44.1386994,
            42.87961999
          ],
          [
            44.13868374,
            42.87961466
          ],
          [
            44.13866841,
            42.879608
          ],
          [
            44.13865275,
            42.87960134
          ],
          [
            44.13863709,
            42.87959401
          ],
          [
            44.13862176,
            42.87958635
          ],
          [
            44.13860743,
            42.87957902
          ],
          [
            44.13859343,
            42.87957136
          ],
          [
            44.13857943,
            42.87956403
          ],
          [
            44.13856643,
            42.87955637
          ],
          [
            44.13855343,
            42.87954771
          ],
          [
            44.13854244,
            42.87953838
          ],
          [
            44.13853178,
            42.87952905
          ],
          [
            44.13852178,
            42.87951872
          ],
          [
            44.13851179,
            42.87950772
          ],
          [
            44.13850213,
            42.87949706
          ],
          [
            44.13849147,
            42.87948707
          ],
          [
            44.13848014,
            42.87947741
          ],
          [
            44.13846881,
            42.87946775
          ],
          [
            44.13845948,
            42.87945642
          ],
          [
            44.13844949,
            42.87944576
          ],
          [
            44.13843916,
            42.8794361
          ],
          [
            44.13842916,
            42.87942677
          ],
          [
            44.13841917,
            42.87941744
          ],
          [
            44.13840884,
            42.87940944
          ],
          [
            44.13839818,
            42.87940045
          ],
          [
            44.13838718,
            42.87939079
          ],
          [
            44.13837652,
            42.87938046
          ],
          [
            44.13836552,
            42.87937013
          ],
          [
            44.13835419,
            42.87936047
          ],
          [
            44.13834253,
            42.87935114
          ],
          [
            44.13833087,
            42.87934181
          ],
          [
            44.13832088,
            42.87933248
          ],
          [
            44.13830955,
            42.87932349
          ],
          [
            44.13829855,
            42.87931483
          ],
          [
            44.13828722,
            42.8793055
          ],
          [
            44.13827722,
            42.87929584
          ],
          [
            44.13826656,
            42.87928685
          ],
          [
            44.13825557,
            42.87927819
          ],
          [
            44.13824491,
            42.87926886
          ],
          [
            44.13823525,
            42.87925987
          ],
          [
            44.13822592,
            42.87925054
          ],
          [
            44.13821659,
            42.87924154
          ],
          [
            44.13820626,
            42.87923421
          ],
          [
            44.1381946,
            42.87922721
          ],
          [
            44.13818227,
            42.87922055
          ],
          [
            44.13817094,
            42.87921289
          ],
          [
            44.13816028,
            42.8792059
          ],
          [
            44.13815062,
            42.87919857
          ],
          [
            44.13813996,
            42.87919258
          ],
          [
            44.1381283,
            42.87918758
          ],
          [
            44.13811564,
            42.87918425
          ],
          [
            44.13810298,
            42.87918126
          ],
          [
            44.13808999,
            42.87917793
          ],
          [
            44.13807699,
            42.87917494
          ],
          [
            44.13806433,
            42.87917161
          ],
          [
            44.13805233,
            42.87916828
          ],
          [
            44.13804034,
            42.87916429
          ],
          [
            44.13802835,
            42.87915929
          ],
          [
            44.13801669,
            42.87915563
          ],
          [
            44.13800436,
            42.87915197
          ],
          [
            44.13799203,
            42.87914797
          ],
          [
            44.13798103,
            42.87914331
          ],
          [
            44.13797103,
            42.87913865
          ],
          [
            44.1379597,
            42.87913332
          ],
          [
            44.13794937,
            42.87912799
          ],
          [
            44.13793871,
            42.87912266
          ],
          [
            44.13792905,
            42.87911766
          ],
          [
            44.13791839,
            42.87911267
          ],
          [
            44.13790806,
            42.87910668
          ],
          [
            44.1378984,
            42.87910068
          ],
          [
            44.13788874,
            42.87909502
          ],
          [
            44.13787975,
            42.87908969
          ],
          [
            44.13787076,
            42.8790837
          ],
          [
            44.13786143,
            42.87907837
          ],
          [
            44.1378521,
            42.87907304
          ],
          [
            44.13784077,
            42.87906838
          ],
          [
            44.13783078,
            42.87906305
          ],
          [
            44.13782345,
            42.87906006
          ],
          [
            44.13781645,
            42.87905873
          ],
          [
            44.13781012,
            42.87905674
          ],
          [
            44.13780512,
            42.87905341
          ],
          [
            44.13780013,
            42.87904808
          ],
          [
            44.1377938,
            42.87904308
          ],
          [
            44.13778581,
            42.87903842
          ],
          [
            44.13777648,
            42.87903376
          ],
          [
            44.13776649,
            42.8790291
          ],
          [
            44.13775616,
            42.8790241
          ],
          [
            44.1377455,
            42.87901977
          ],
          [
            44.13773551,
            42.87901511
          ],
          [
            44.13772518,
            42.87901045
          ],
          [
            44.13771619,
            42.87900579
          ],
          [
            44.13770753,
            42.87900079
          ],
          [
            44.13769887,
            42.87899579
          ],
          [
            44.13769054,
            42.87899079
          ],
          [
            44.13768121,
            42.87898646
          ],
          [
            44.13767188,
            42.8789828
          ],
          [
            44.13766322,
            42.87897914
          ],
          [
            44.13765456,
            42.87897548
          ],
          [
            44.1376449,
            42.87897282
          ],
          [
            44.13763524,
            42.87896983
          ],
          [
            44.13762625,
            42.87896684
          ],
          [
            44.13761692,
            42.87896351
          ],
          [
            44.13760792,
            42.87895951
          ],
          [
            44.13759992,
            42.87895585
          ],
          [
            44.13759026,
            42.87895219
          ],
          [
            44.1375806,
            42.87894886
          ],
          [
            44.13757227,
            42.8789452
          ],
          [
            44.13756427,
            42.87894187
          ],
          [
            44.13755694,
            42.87893787
          ],
          [
            44.13754928,
            42.87893421
          ],
          [
            44.13754062,
            42.87893055
          ],
          [
            44.13753163,
            42.87892655
          ],
          [
            44.13752264,
            42.87892256
          ],
          [
            44.13751331,
            42.8789199
          ],
          [
            44.13750365,
            42.87891657
          ],
          [
            44.13749466,
            42.87891358
          ],
          [
            44.137486,
            42.87890958
          ],
          [
            44.137476,
            42.87890592
          ],
          [
            44.13746601,
            42.87890159
          ],
          [
            44.13745601,
            42.87889793
          ],
          [
            44.13744668,
            42.8788936
          ],
          [
            44.13743702,
            42.87888894
          ],
          [
            44.13742936,
            42.87888394
          ],
          [
            44.1374207,
            42.87887928
          ],
          [
            44.13741237,
            42.87887428
          ],
          [
            44.13740437,
            42.87887028
          ],
          [
            44.13739637,
            42.87886562
          ],
          [
            44.13738837,
            42.87886062
          ],
          [
            44.13738004,
            42.87885629
          ],
          [
            44.13737171,
            42.87885196
          ],
          [
            44.13736405,
            42.8788473
          ],
          [
            44.13735605,
            42.87884297
          ],
          [
            44.13734872,
            42.87883864
          ],
          [
            44.13734173,
            42.87883331
          ],
          [
            44.13733473,
            42.87882798
          ],
          [
            44.13732707,
            42.87882299
          ],
          [
            44.13731941,
            42.87881866
          ],
          [
            44.13731141,
            42.87881533
          ],
          [
            44.13730375,
            42.878812
          ],
          [
            44.13729809,
            42.87880934
          ],
          [
            44.13729243,
            42.87880635
          ],
          [
            44.13728577,
            42.87880269
          ],
          [
            44.13727911,
            42.87879836
          ],
          [
            44.13727078,
            42.8787947
          ],
          [
            44.13726312,
            42.87879104
          ],
          [
            44.13725612,
            42.87878671
          ],
          [
            44.13725013,
            42.87878205
          ],
          [
            44.1372438,
            42.87877806
          ],
          [
            44.13723814,
            42.87877507
          ],
          [
            44.13723148,
            42.87877207
          ],
          [
            44.13722515,
            42.87876874
          ],
          [
            44.13721849,
            42.87876608
          ],
          [
            44.13721083,
            42.87876309
          ],
          [
            44.13720317,
            42.8787601
          ],
          [
            44.13719618,
            42.87875677
          ],
          [
            44.13718952,
            42.87875378
          ],
          [
            44.13718219,
            42.87875112
          ],
          [
            44.13717519,
            42.87874813
          ],
          [
            44.1371682,
            42.87874514
          ],
          [
            44.13716154,
            42.87874114
          ],
          [
            44.13715888,
            42.87873981
          ],
          [
            44.13715689,
            42.87873783
          ],
          [
            44.13715822,
            42.87873783
          ],
          [
            44.13715955,
            42.87873684
          ],
          [
            44.13716088,
            42.87873551
          ],
          [
            44.13716254,
            42.87873485
          ],
          [
            44.13716454,
            42.87873386
          ],
          [
            44.13716787,
            42.8787312
          ],
          [
            44.13716787,
            42.87872754
          ],
          [
            44.13716521,
            42.87872288
          ],
          [
            44.13716121,
            42.87871655
          ],
          [
            44.13715655,
            42.87871089
          ],
          [
            44.13714922,
            42.87870556
          ],
          [
            44.13714189,
            42.8787009
          ],
          [
            44.13713523,
            42.87869757
          ],
          [
            44.13712824,
            42.87869424
          ],
          [
            44.13712124,
            42.87869058
          ],
          [
            44.13711525,
            42.87868725
          ],
          [
            44.13710892,
            42.87868392
          ],
          [
            44.13710192,
            42.87867993
          ],
          [
            44.13709426,
            42.87867627
          ],
          [
            44.13708693,
            42.87867261
          ],
          [
            44.13707927,
            42.87866928
          ],
          [
            44.13707228,
            42.87866662
          ],
          [
            44.13706595,
            42.87866429
          ],
          [
            44.13705795,
            42.87866063
          ],
          [
            44.13705062,
            42.87865663
          ],
          [
            44.13704363,
            42.87865297
          ],
          [
            44.13703663,
            42.87864931
          ],
          [
            44.13702997,
            42.87864531
          ],
          [
            44.13702331,
            42.87864165
          ],
          [
            44.13701632,
            42.87863799
          ],
          [
            44.13700899,
            42.87863433
          ],
          [
            44.13700266,
            42.878631
          ],
          [
            44.13699667,
            42.87862767
          ],
          [
            44.13699068,
            42.87862434
          ],
          [
            44.13698568,
            42.87862034
          ],
          [
            44.13698035,
            42.87861768
          ],
          [
            44.13697502,
            42.87861568
          ],
          [
            44.13696969,
            42.87861302
          ],
          [
            44.1369637,
            42.87861003
          ],
          [
            44.13695804,
            42.8786077
          ],
          [
            44.13695205,
            42.87860504
          ],
          [
            44.13694672,
            42.87860171
          ],
          [
            44.13694206,
            42.87859938
          ],
          [
            44.13693906,
            42.87859738
          ],
          [
            44.13694038,
            42.87859308
          ],
          [
            44.13694171,
            42.87859208
          ],
          [
            44.13694138,
            42.87859075
          ],
          [
            44.13694072,
            42.87858875
          ],
          [
            44.13693773,
            42.87858609
          ],
          [
            44.1369344,
            42.87858343
          ],
          [
            44.13693007,
            42.8785811
          ],
          [
            44.13692408,
            42.87857811
          ],
          [
            44.13691775,
            42.87857378
          ],
          [
            44.13691142,
            42.87857012
          ],
          [
            44.13690342,
            42.87856646
          ],
          [
            44.13689542,
            42.87856213
          ],
          [
            44.13688776,
            42.8785588
          ],
          [
            44.1368791,
            42.87855514
          ],
          [
            44.13687077,
            42.87855115
          ],
          [
            44.13686378,
            42.87854849
          ],
          [
            44.13685678,
            42.8785455
          ],
          [
            44.13685012,
            42.87854217
          ],
          [
            44.13684346,
            42.87853984
          ],
          [
            44.1368368,
            42.87853618
          ],
          [
            44.13682947,
            42.87853285
          ],
          [
            44.13682214,
            42.87852952
          ],
          [
            44.13681481,
            42.87852553
          ],
          [
            44.13680615,
            42.87852087
          ],
          [
            44.13679849,
            42.87851688
          ],
          [
            44.13679049,
            42.87851288
          ],
          [
            44.13678149,
            42.87850889
          ],
          [
            44.13677283,
            42.87850556
          ],
          [
            44.1367635,
            42.8785019
          ],
          [
            44.13675417,
            42.87849624
          ],
          [
            44.13674451,
            42.87849125
          ],
          [
            44.13673452,
            42.87848592
          ],
          [
            44.13672386,
            42.87848059
          ],
          [
            44.13671386,
            42.87847593
          ],
          [
            44.1367042,
            42.87847194
          ],
          [
            44.13669521,
            42.87846828
          ],
          [
            44.13668655,
            42.87846462
          ],
          [
            44.13667789,
            42.87846129
          ],
          [
            44.13666923,
            42.87845729
          ],
          [
            44.13666023,
            42.87845263
          ],
          [
            44.1366509,
            42.8784473
          ],
          [
            44.13664191,
            42.87844131
          ],
          [
            44.13663325,
            42.87843598
          ],
          [
            44.13662392,
            42.87843065
          ],
          [
            44.13661426,
            42.87842532
          ],
          [
            44.13660527,
            42.87842032
          ],
          [
            44.13659561,
            42.87841466
          ],
          [
            44.13658695,
            42.87840867
          ],
          [
            44.13657796,
            42.87840301
          ],
          [
            44.13656897,
            42.87839735
          ],
          [
            44.13656064,
            42.87839169
          ],
          [
            44.13655364,
            42.87838536
          ],
          [
            44.13654565,
            42.8783797
          ],
          [
            44.13653665,
            42.8783757
          ],
          [
            44.13652799,
            42.87837104
          ],
          [
            44.13651933,
            42.87836571
          ],
          [
            44.13651234,
            42.87836071
          ],
          [
            44.13650534,
            42.87835538
          ],
          [
            44.13649935,
            42.87835239
          ],
          [
            44.13649502,
            42.87835073
          ],
          [
            44.13649203,
            42.87834874
          ],
          [
            44.13648938,
            42.87834675
          ],
          [
            44.13648672,
            42.87834475
          ],
          [
            44.13648272,
            42.87834142
          ],
          [
            44.13647706,
            42.87833843
          ],
          [
            44.13647007,
            42.87833477
          ],
          [
            44.13646207,
            42.87833077
          ],
          [
            44.13645407,
            42.87832778
          ],
          [
            44.13644441,
            42.87832445
          ],
          [
            44.13643475,
            42.87832112
          ],
          [
            44.13642576,
            42.87831713
          ],
          [
            44.13641543,
            42.87831413
          ],
          [
            44.1364061,
            42.87831047
          ],
          [
            44.13639711,
            42.87830681
          ],
          [
            44.13638711,
            42.87830315
          ],
          [
            44.13637712,
            42.87829982
          ],
          [
            44.13636746,
            42.87829616
          ],
          [
            44.13635847,
            42.87829217
          ],
          [
            44.13635047,
            42.87828918
          ],
          [
            44.13634181,
            42.87828552
          ],
          [
            44.13633248,
            42.87828086
          ],
          [
            44.13632415,
            42.87827653
          ],
          [
            44.13631516,
            42.87827254
          ],
          [
            44.13630583,
            42.87826788
          ],
          [
            44.13629783,
            42.87826389
          ],
          [
            44.13628817,
            42.87825956
          ],
          [
            44.13627884,
            42.8782549
          ],
          [
            44.13627151,
            42.87825024
          ],
          [
            44.13626285,
            42.87824591
          ],
          [
            44.13625386,
            42.87824158
          ],
          [
            44.1362452,
            42.87823725
          ],
          [
            44.13623587,
            42.87823359
          ],
          [
            44.13622754,
            42.87822926
          ],
          [
            44.13621988,
            42.8782256
          ],
          [
            44.13621188,
            42.87822161
          ],
          [
            44.13620522,
            42.87822028
          ],
          [
            44.13620056,
            42.87821862
          ],
          [
            44.1361979,
            42.87821763
          ],
          [
            44.13619658,
            42.87821597
          ],
          [
            44.13619426,
            42.87821597
          ],
          [
            44.13619128,
            42.87821497
          ],
          [
            44.13618762,
            42.87821297
          ],
          [
            44.13618129,
            42.87821098
          ],
          [
            44.13617296,
            42.87820765
          ],
          [
            44.1361653,
            42.87820432
          ],
          [
            44.1361573,
            42.87820066
          ],
          [
            44.13614864,
            42.87819633
          ],
          [
            44.13614065,
            42.87819233
          ],
          [
            44.13613265,
            42.878188
          ],
          [
            44.13612366,
            42.87818334
          ],
          [
            44.13611566,
            42.87818001
          ],
          [
            44.13610766,
            42.87817635
          ],
          [
            44.1361,
            42.87817302
          ],
          [
            44.13609534,
            42.87817103
          ],
          [
            44.13609069,
            42.87817102
          ],
          [
            44.13608771,
            42.87816937
          ],
          [
            44.13608472,
            42.87816638
          ],
          [
            44.13607972,
            42.87816105
          ],
          [
            44.13607472,
            42.87815539
          ],
          [
            44.13606839,
            42.87814973
          ],
          [
            44.13606106,
            42.87814374
          ],
          [
            44.13605473,
            42.87813841
          ],
          [
            44.13604774,
            42.87813275
          ],
          [
            44.13604074,
            42.87812642
          ],
          [
            44.13603541,
            42.87811976
          ],
          [
            44.13602942,
            42.87811377
          ],
          [
            44.13602376,
            42.87810744
          ],
          [
            44.13601777,
            42.87810178
          ],
          [
            44.13601178,
            42.87809612
          ],
          [
            44.13600579,
            42.87809013
          ],
          [
            44.13599979,
            42.8780848
          ],
          [
            44.13599413,
            42.87807881
          ],
          [
            44.13598847,
            42.87807282
          ],
          [
            44.13598314,
            42.87806549
          ],
          [
            44.13597814,
            42.87805883
          ],
          [
            44.13597248,
            42.8780525
          ],
          [
            44.13596682,
            42.87804617
          ],
          [
            44.13596182,
            42.87804051
          ],
          [
            44.13595583,
            42.87803551
          ],
          [
            44.13594984,
            42.87803085
          ],
          [
            44.13594418,
            42.87802519
          ],
          [
            44.13593752,
            42.87801886
          ],
          [
            44.13593153,
            42.87801287
          ],
          [
            44.13592587,
            42.87800554
          ],
          [
            44.13592054,
            42.87799821
          ],
          [
            44.13591655,
            42.87799088
          ],
          [
            44.13591222,
            42.87798322
          ],
          [
            44.13590756,
            42.87797522
          ],
          [
            44.1359029,
            42.87796789
          ],
          [
            44.13589724,
            42.87796056
          ],
          [
            44.13589125,
            42.87795457
          ],
          [
            44.13588559,
            42.87794724
          ],
          [
            44.13588093,
            42.87793991
          ],
          [
            44.1358776,
            42.87793258
          ],
          [
            44.13587494,
            42.87792425
          ],
          [
            44.13587228,
            42.87791559
          ],
          [
            44.13587028,
            42.8779066
          ],
          [
            44.13586862,
            42.8778986
          ],
          [
            44.13586596,
            42.8778906
          ],
          [
            44.1358643,
            42.87788161
          ],
          [
            44.13586364,
            42.87787228
          ],
          [
            44.13586298,
            42.87786329
          ],
          [
            44.13586198,
            42.87785396
          ],
          [
            44.13586198,
            42.87784497
          ],
          [
            44.13586165,
            42.87783697
          ],
          [
            44.13586132,
            42.87782731
          ],
          [
            44.13586232,
            42.87781665
          ],
          [
            44.13586365,
            42.87780599
          ],
          [
            44.13586565,
            42.87779499
          ],
          [
            44.13586898,
            42.87778433
          ],
          [
            44.13587098,
            42.87777267
          ],
          [
            44.13587164,
            42.87776034
          ],
          [
            44.1358733,
            42.87774801
          ],
          [
            44.13587496,
            42.87773635
          ],
          [
            44.13587795,
            42.87772535
          ],
          [
            44.13588094,
            42.87771302
          ],
          [
            44.1358836,
            42.87770102
          ],
          [
            44.13588693,
            42.87768936
          ],
          [
            44.13588893,
            42.8776777
          ],
          [
            44.13588959,
            42.8776667
          ],
          [
            44.13589025,
            42.87765537
          ],
          [
            44.13589025,
            42.87764404
          ],
          [
            44.13589191,
            42.87763238
          ],
          [
            44.13589324,
            42.87762005
          ],
          [
            44.1358949,
            42.87760872
          ],
          [
            44.13589656,
            42.87759739
          ],
          [
            44.13589822,
            42.87758573
          ],
          [
            44.13589988,
            42.87757407
          ],
          [
            44.13590154,
            42.87756174
          ],
          [
            44.1359032,
            42.87754908
          ],
          [
            44.13590453,
            42.87753642
          ],
          [
            44.13590552,
            42.87752443
          ],
          [
            44.13590618,
            42.8775121
          ],
          [
            44.13590718,
            42.87749944
          ],
          [
            44.13590917,
            42.87748711
          ],
          [
            44.13591117,
            42.87747345
          ],
          [
            44.13591483,
            42.87746012
          ],
          [
            44.13591916,
            42.87744679
          ],
          [
            44.13592315,
            42.87743413
          ],
          [
            44.13592748,
            42.87742047
          ],
          [
            44.13593147,
            42.87740781
          ],
          [
            44.13593613,
            42.87739548
          ],
          [
            44.13594046,
            42.87738349
          ],
          [
            44.13594512,
            42.87737149
          ],
          [
            44.13594945,
            42.87735916
          ],
          [
            44.13595378,
            42.87734616
          ],
          [
            44.13595778,
            42.87733317
          ],
          [
            44.13596077,
            42.87732051
          ],
          [
            44.1359641,
            42.87730852
          ],
          [
            44.13596743,
            42.87729719
          ],
          [
            44.13597042,
            42.8772852
          ],
          [
            44.13597308,
            42.87727387
          ],
          [
            44.13597607,
            42.87726221
          ],
          [
            44.13597773,
            42.87725022
          ],
          [
            44.13597872,
            42.87723889
          ],
          [
            44.13598072,
            42.8772269
          ],
          [
            44.13598205,
            42.87721557
          ],
          [
            44.13598271,
            42.87720291
          ],
          [
            44.13598371,
            42.87719058
          ],
          [
            44.13598637,
            42.87717725
          ],
          [
            44.13598803,
            42.87716359
          ],
          [
            44.13598869,
            42.87715093
          ],
          [
            44.13598935,
            42.87713793
          ],
          [
            44.13598968,
            42.87712627
          ],
          [
            44.13599134,
            42.87711328
          ],
          [
            44.13599367,
            42.87710095
          ],
          [
            44.135997,
            42.87708796
          ],
          [
            44.13600099,
            42.87707563
          ],
          [
            44.13600565,
            42.87706397
          ],
          [
            44.13600964,
            42.87705264
          ],
          [
            44.13601297,
            42.87704098
          ],
          [
            44.13601663,
            42.87702932
          ],
          [
            44.13601996,
            42.87701766
          ],
          [
            44.13602529,
            42.87700633
          ],
          [
            44.13602995,
            42.876994
          ],
          [
            44.13603428,
            42.87698234
          ],
          [
            44.13603928,
            42.87697101
          ],
          [
            44.13604461,
            42.87695935
          ],
          [
            44.13604861,
            42.87694769
          ],
          [
            44.13605194,
            42.87693603
          ],
          [
            44.1360566,
            42.8769237
          ],
          [
            44.13606093,
            42.87691104
          ],
          [
            44.13606593,
            42.87689904
          ],
          [
            44.13607093,
            42.87688705
          ],
          [
            44.13607593,
            42.87687506
          ],
          [
            44.13608192,
            42.8768624
          ],
          [
            44.13608725,
            42.87685041
          ],
          [
            44.13609291,
            42.87683775
          ],
          [
            44.1360979,
            42.87682475
          ],
          [
            44.13610356,
            42.87681175
          ],
          [
            44.13611022,
            42.87679942
          ],
          [
            44.13611621,
            42.87678709
          ],
          [
            44.13611987,
            42.87677509
          ],
          [
            44.1361222,
            42.87676343
          ],
          [
            44.13612453,
            42.8767501
          ],
          [
            44.13612619,
            42.87673677
          ],
          [
            44.13612752,
            42.87672344
          ],
          [
            44.13612851,
            42.87670944
          ],
          [
            44.13612917,
            42.87669611
          ],
          [
            44.1361295,
            42.87668312
          ],
          [
            44.13612917,
            42.87667012
          ],
          [
            44.13612817,
            42.87665779
          ],
          [
            44.13612651,
            42.87664546
          ],
          [
            44.13612385,
            42.8766328
          ],
          [
            44.13612119,
            42.87662047
          ],
          [
            44.13612019,
            42.87660781
          ],
          [
            44.13611953,
            42.87659481
          ],
          [
            44.13611986,
            42.87658115
          ],
          [
            44.13612219,
            42.87656816
          ],
          [
            44.13612585,
            42.87655583
          ],
          [
            44.13613051,
            42.87654317
          ],
          [
            44.13613517,
            42.87652951
          ],
          [
            44.13613983,
            42.87651585
          ],
          [
            44.13614483,
            42.87650252
          ],
          [
            44.13614883,
            42.87648852
          ],
          [
            44.13615349,
            42.87647519
          ],
          [
            44.13615815,
            42.87646253
          ],
          [
            44.13616214,
            42.87645054
          ],
          [
            44.1361688,
            42.87643921
          ],
          [
            44.13617613,
            42.87642821
          ],
          [
            44.13618179,
            42.87641721
          ],
          [
            44.13618645,
            42.87640655
          ],
          [
            44.13619078,
            42.87639555
          ],
          [
            44.13619444,
            42.87638422
          ],
          [
            44.1361981,
            42.87637356
          ],
          [
            44.13620243,
            42.87636223
          ],
          [
            44.13620542,
            42.87635023
          ],
          [
            44.13620808,
            42.87633857
          ],
          [
            44.13620974,
            42.87632724
          ],
          [
            44.13621107,
            42.87631525
          ],
          [
            44.1362134,
            42.87630326
          ],
          [
            44.13621606,
            42.87629093
          ],
          [
            44.13622039,
            42.8762786
          ],
          [
            44.13622505,
            42.87626594
          ],
          [
            44.13622971,
            42.87625395
          ],
          [
            44.13623404,
            42.87624196
          ],
          [
            44.1362377,
            42.8762293
          ],
          [
            44.13624069,
            42.87621564
          ],
          [
            44.13624302,
            42.87620298
          ],
          [
            44.13624668,
            42.87618965
          ],
          [
            44.13625001,
            42.87617666
          ],
          [
            44.136254,
            42.87616433
          ],
          [
            44.136259,
            42.876152
          ],
          [
            44.13626266,
            42.876141
          ],
          [
            44.13626766,
            42.87612934
          ],
          [
            44.13627132,
            42.87611734
          ],
          [
            44.13627598,
            42.87610535
          ],
          [
            44.13627964,
            42.87609302
          ],
          [
            44.1362833,
            42.87608069
          ],
          [
            44.13628596,
            42.8760687
          ],
          [
            44.13628829,
            42.87605604
          ],
          [
            44.13629095,
            42.87604404
          ],
          [
            44.13629328,
            42.87603205
          ],
          [
            44.13629528,
            42.87602006
          ],
          [
            44.13629727,
            42.8760084
          ],
          [
            44.13629827,
            42.8759974
          ],
          [
            44.13629893,
            42.87598607
          ],
          [
            44.13630026,
            42.87597474
          ],
          [
            44.13630226,
            42.87596374
          ],
          [
            44.13630459,
            42.87595308
          ],
          [
            44.13630659,
            42.87594309
          ],
          [
            44.13630858,
            42.87593209
          ],
          [
            44.13631024,
            42.87592143
          ],
          [
            44.13631157,
            42.87591077
          ],
          [
            44.1363129,
            42.87589944
          ],
          [
            44.13631456,
            42.87588844
          ],
          [
            44.13631589,
            42.87587811
          ],
          [
            44.13631755,
            42.87586778
          ],
          [
            44.13631854,
            42.87585645
          ],
          [
            44.13632087,
            42.87584479
          ],
          [
            44.13632453,
            42.87583346
          ],
          [
            44.13632786,
            42.87582246
          ],
          [
            44.13633219,
            42.87581113
          ],
          [
            44.13633652,
            42.87580113
          ],
          [
            44.13634118,
            42.87579114
          ],
          [
            44.13634717,
            42.87578048
          ],
          [
            44.13635183,
            42.87576982
          ],
          [
            44.13635649,
            42.87576016
          ],
          [
            44.13636249,
            42.8757505
          ],
          [
            44.13637015,
            42.87574117
          ],
          [
            44.13637815,
            42.87573184
          ],
          [
            44.13638681,
            42.87572218
          ],
          [
            44.13639514,
            42.87571218
          ],
          [
            44.13640314,
            42.87570319
          ],
          [
            44.1364098,
            42.8756942
          ],
          [
            44.13641713,
            42.87568487
          ],
          [
            44.13642446,
            42.87567521
          ],
          [
            44.13643179,
            42.87566622
          ],
          [
            44.13643912,
            42.87565756
          ],
          [
            44.13644278,
            42.8756509
          ],
          [
            44.13644444,
            42.87564824
          ],
          [
            44.13644576,
            42.87564658
          ],
          [
            44.13644742,
            42.87564492
          ],
          [
            44.13645041,
            42.87564159
          ],
          [
            44.1364534,
            42.87563593
          ],
          [
            44.1364554,
            42.87562994
          ],
          [
            44.13645773,
            42.87562295
          ],
          [
            44.13646073,
            42.87561629
          ],
          [
            44.13646572,
            42.87560896
          ],
          [
            44.13647205,
            42.87560096
          ],
          [
            44.13647904,
            42.87559296
          ],
          [
            44.13648604,
            42.87558496
          ],
          [
            44.13649137,
            42.87557663
          ],
          [
            44.13649603,
            42.87556764
          ],
          [
            44.13650069,
            42.87555831
          ],
          [
            44.13650502,
            42.87554998
          ],
          [
            44.13650902,
            42.87554165
          ],
          [
            44.13651301,
            42.87553332
          ],
          [
            44.13651634,
            42.87552499
          ],
          [
            44.13651967,
            42.87551733
          ],
          [
            44.13652367,
            42.87550967
          ],
          [
            44.136527,
            42.87550101
          ],
          [
            44.13652999,
            42.87549168
          ],
          [
            44.13653399,
            42.87548269
          ],
          [
            44.13653698,
            42.87547603
          ],
          [
            44.13653931,
            42.87547204
          ],
          [
            44.13654064,
            42.87547038
          ],
          [
            44.1365423,
            42.87546939
          ],
          [
            44.13654329,
            42.87546806
          ],
          [
            44.13654395,
            42.87546706
          ],
          [
            44.13654494,
            42.87546273
          ],
          [
            44.1365456,
            42.8754554
          ],
          [
            44.13654693,
            42.87544707
          ],
          [
            44.13655026,
            42.87543874
          ],
          [
            44.13655325,
            42.87542975
          ],
          [
            44.13655658,
            42.87542009
          ],
          [
            44.13655924,
            42.87541076
          ],
          [
            44.13656057,
            42.87540077
          ],
          [
            44.13656423,
            42.87539077
          ],
          [
            44.13656923,
            42.87538111
          ],
          [
            44.13657323,
            42.87536911
          ],
          [
            44.13657622,
            42.87535712
          ],
          [
            44.13657821,
            42.87534679
          ],
          [
            44.13658087,
            42.87533779
          ],
          [
            44.13658487,
            42.87532913
          ],
          [
            44.13658953,
            42.87532047
          ],
          [
            44.13659419,
            42.87531148
          ],
          [
            44.13659885,
            42.87530148
          ],
          [
            44.13660318,
            42.87529115
          ],
          [
            44.13660651,
            42.87528115
          ],
          [
            44.13660884,
            42.87527182
          ],
          [
            44.13661317,
            42.87526283
          ],
          [
            44.1366175,
            42.8752535
          ],
          [
            44.1366225,
            42.87524417
          ],
          [
            44.13662616,
            42.87523484
          ],
          [
            44.13662816,
            42.87522684
          ],
          [
            44.13663049,
            42.87521785
          ],
          [
            44.13663215,
            42.87520919
          ],
          [
            44.13663448,
            42.87520019
          ],
          [
            44.13663581,
            42.87519053
          ],
          [
            44.13663747,
            42.87518087
          ],
          [
            44.1366388,
            42.87517221
          ],
          [
            44.13664113,
            42.87516588
          ],
          [
            44.13664312,
            42.87516088
          ],
          [
            44.13664445,
            42.87515689
          ],
          [
            44.13664578,
            42.87515456
          ],
          [
            44.13664678,
            42.87515323
          ],
          [
            44.13664777,
            42.87515058
          ],
          [
            44.13664843,
            42.87514825
          ],
          [
            44.13664943,
            42.87514559
          ],
          [
            44.13665009,
            42.87514326
          ],
          [
            44.13664877,
            42.87513994
          ],
          [
            44.13664977,
            42.87513794
          ],
          [
            44.13665143,
            42.87513328
          ],
          [
            44.13665343,
            42.87512662
          ],
          [
            44.13665442,
            42.87511996
          ],
          [
            44.13665508,
            42.8751133
          ],
          [
            44.13665607,
            42.87510731
          ],
          [
            44.13665673,
            42.87510065
          ],
          [
            44.13665574,
            42.87509499
          ],
          [
            44.13665508,
            42.87509033
          ],
          [
            44.13665641,
            42.87508534
          ],
          [
            44.13665841,
            42.87508134
          ],
          [
            44.13665874,
            42.87507868
          ],
          [
            44.13665742,
            42.8750757
          ],
          [
            44.13665477,
            42.87507339
          ],
          [
            44.1366561,
            42.87507073
          ],
          [
            44.13665876,
            42.87506574
          ],
          [
            44.13666175,
            42.87505874
          ],
          [
            44.13666474,
            42.87505241
          ],
          [
            44.13666807,
            42.87504741
          ],
          [
            44.13667073,
            42.87504375
          ],
          [
            44.13667273,
            42.87504142
          ],
          [
            44.13667473,
            42.87503942
          ],
          [
            44.13667672,
            42.87503776
          ],
          [
            44.13666649,
            42.87503148
          ],
          [
            44.13666219,
            42.87503115
          ],
          [
            44.13666252,
            42.87502916
          ],
          [
            44.13666252,
            42.87502616
          ],
          [
            44.13666418,
            42.87502217
          ],
          [
            44.13666551,
            42.87501884
          ],
          [
            44.13666717,
            42.87501451
          ],
          [
            44.13666883,
            42.87500918
          ],
          [
            44.13667049,
            42.87500419
          ],
          [
            44.13667215,
            42.87499986
          ],
          [
            44.13667381,
            42.87499587
          ],
          [
            44.13667547,
            42.87499221
          ],
          [
            44.1366778,
            42.87498855
          ],
          [
            44.13667979,
            42.87498456
          ],
          [
            44.13668245,
            42.87497956
          ],
          [
            44.13668445,
            42.87497223
          ],
          [
            44.13668778,
            42.87496457
          ],
          [
            44.13669178,
            42.87495757
          ],
          [
            44.13669611,
            42.87495224
          ],
          [
            44.13669877,
            42.87494891
          ],
          [
            44.1367011,
            42.87494658
          ],
          [
            44.13670243,
            42.87494525
          ],
          [
            44.13670574,
            42.87494228
          ],
          [
            44.13670807,
            42.87493795
          ],
          [
            44.13671106,
            42.87493096
          ],
          [
            44.13671372,
            42.8749213
          ],
          [
            44.13671605,
            42.8749103
          ],
          [
            44.13671738,
            42.87489831
          ],
          [
            44.13671837,
            42.87488632
          ],
          [
            44.1367187,
            42.87487432
          ],
          [
            44.13671903,
            42.87486199
          ],
          [
            44.13671737,
            42.87485066
          ],
          [
            44.13671471,
            42.874839
          ],
          [
            44.13671338,
            42.87482701
          ],
          [
            44.13671105,
            42.87481401
          ],
          [
            44.13670839,
            42.87480168
          ],
          [
            44.13670639,
            42.87478968
          ],
          [
            44.13670573,
            42.87477835
          ],
          [
            44.13670373,
            42.87476636
          ],
          [
            44.13670007,
            42.87475403
          ],
          [
            44.13669607,
            42.87474237
          ],
          [
            44.13669274,
            42.87473071
          ],
          [
            44.13668875,
            42.87471971
          ],
          [
            44.13668375,
            42.87470872
          ],
          [
            44.13667809,
            42.87469806
          ],
          [
            44.13667076,
            42.87468806
          ],
          [
            44.13666143,
            42.87467873
          ],
          [
            44.13665277,
            42.87466873
          ],
          [
            44.13664411,
            42.87465773
          ],
          [
            44.13663578,
            42.8746474
          ],
          [
            44.13662578,
            42.87463807
          ],
          [
            44.13661679,
            42.87462808
          ],
          [
            44.1366078,
            42.87461875
          ],
          [
            44.1365998,
            42.87461009
          ],
          [
            44.13659147,
            42.87460076
          ],
          [
            44.13658347,
            42.8745911
          ],
          [
            44.13657448,
            42.87458277
          ],
          [
            44.13656515,
            42.87457411
          ],
          [
            44.13655549,
            42.87456611
          ],
          [
            44.13654583,
            42.87455745
          ],
          [
            44.1365365,
            42.87454912
          ],
          [
            44.13652717,
            42.87454146
          ],
          [
            44.13651818,
            42.8745338
          ],
          [
            44.13650885,
            42.87452581
          ],
          [
            44.13649919,
            42.87451748
          ],
          [
            44.1364892,
            42.87450848
          ],
          [
            44.13647954,
            42.87450049
          ],
          [
            44.13646955,
            42.87449216
          ],
          [
            44.13646022,
            42.87448416
          ],
          [
            44.13645123,
            42.87447583
          ],
          [
            44.13644257,
            42.87446817
          ],
          [
            44.13643358,
            42.87446017
          ],
          [
            44.13642325,
            42.87445217
          ],
          [
            44.13641225,
            42.87444418
          ],
          [
            44.13640125,
            42.87443585
          ],
          [
            44.13639059,
            42.87442785
          ],
          [
            44.13638026,
            42.87441852
          ],
          [
            44.1363706,
            42.87440986
          ],
          [
            44.13636027,
            42.8744012
          ],
          [
            44.13634861,
            42.87439354
          ],
          [
            44.13633795,
            42.87438554
          ],
          [
            44.13632729,
            42.87437721
          ],
          [
            44.1363173,
            42.87436921
          ],
          [
            44.1363103,
            42.87436288
          ],
          [
            44.13630731,
            42.87435922
          ],
          [
            44.13630632,
            42.87435689
          ],
          [
            44.13630632,
            42.87435556
          ],
          [
            44.13630632,
            42.87435423
          ],
          [
            44.13630368,
            42.87435224
          ],
          [
            44.13630135,
            42.87434925
          ],
          [
            44.13629669,
            42.87434425
          ],
          [
            44.13628936,
            42.87433792
          ],
          [
            44.1362807,
            42.87433092
          ],
          [
            44.1362717,
            42.87432326
          ],
          [
            44.13626104,
            42.8743156
          ],
          [
            44.13624971,
            42.8743076
          ],
          [
            44.13623771,
            42.87429927
          ],
          [
            44.13622671,
            42.87429094
          ],
          [
            44.13621571,
            42.87428261
          ],
          [
            44.13620605,
            42.87427428
          ],
          [
            44.13619672,
            42.87426529
          ],
          [
            44.13618639,
            42.87425596
          ],
          [
            44.13617839,
            42.87424863
          ],
          [
            44.1361744,
            42.87424397
          ],
          [
            44.13617174,
            42.87424031
          ],
          [
            44.13617108,
            42.87423765
          ],
          [
            44.13617108,
            42.87423565
          ],
          [
            44.13617108,
            42.87423332
          ],
          [
            44.13616382,
            42.87422902
          ],
          [
            44.13615949,
            42.87422636
          ],
          [
            44.13615316,
            42.8742207
          ],
          [
            44.13614516,
            42.87421337
          ],
          [
            44.13613583,
            42.87420471
          ],
          [
            44.1361255,
            42.87419572
          ],
          [
            44.13611517,
            42.87418639
          ],
          [
            44.13610517,
            42.87417673
          ],
          [
            44.13609384,
            42.8741674
          ],
          [
            44.13608151,
            42.87415874
          ],
          [
            44.13607018,
            42.87414941
          ],
          [
            44.13605952,
            42.87413941
          ],
          [
            44.13604753,
            42.87412975
          ],
          [
            44.1360352,
            42.87412009
          ],
          [
            44.13602321,
            42.8741101
          ],
          [
            44.13601188,
            42.87409977
          ],
          [
            44.13600122,
            42.87408877
          ],
          [
            44.13598989,
            42.87407811
          ],
          [
            44.1359779,
            42.87406778
          ],
          [
            44.13596591,
            42.87405745
          ],
          [
            44.13595425,
            42.87404745
          ],
          [
            44.13594192,
            42.87403712
          ],
          [
            44.13592859,
            42.87402779
          ],
          [
            44.13591593,
            42.87401813
          ],
          [
            44.1359036,
            42.87400847
          ],
          [
            44.13589094,
            42.87399947
          ],
          [
            44.13587861,
            42.87398981
          ],
          [
            44.13586595,
            42.87398015
          ],
          [
            44.13585362,
            42.87397115
          ],
          [
            44.13584196,
            42.87396149
          ],
          [
            44.13582996,
            42.87395216
          ],
          [
            44.13581797,
            42.87394283
          ],
          [
            44.13580697,
            42.87393284
          ],
          [
            44.13579531,
            42.87392318
          ],
          [
            44.13578332,
            42.87391352
          ],
          [
            44.13577132,
            42.87390519
          ],
          [
            44.13575899,
            42.87389653
          ],
          [
            44.13574733,
            42.87388754
          ],
          [
            44.135737,
            42.87387754
          ],
          [
            44.13572734,
            42.87386755
          ],
          [
            44.13571901,
            42.87385622
          ],
          [
            44.13571068,
            42.87384456
          ],
          [
            44.13570169,
            42.8738329
          ],
          [
            44.13569369,
            42.87382091
          ],
          [
            44.13568703,
            42.87380791
          ],
          [
            44.1356797,
            42.87379658
          ],
          [
            44.1356717,
            42.87378492
          ],
          [
            44.1356637,
            42.87377326
          ],
          [
            44.13565537,
            42.87376127
          ],
          [
            44.13564737,
            42.87375061
          ],
          [
            44.13563838,
            42.87373928
          ],
          [
            44.13562839,
            42.87372862
          ],
          [
            44.13561839,
            42.87371796
          ],
          [
            44.13560773,
            42.87370696
          ],
          [
            44.1355974,
            42.8736953
          ],
          [
            44.1355864,
            42.87368331
          ],
          [
            44.13557674,
            42.87367298
          ],
          [
            44.13556741,
            42.87366198
          ],
          [
            44.13555641,
            42.87365099
          ],
          [
            44.13554575,
            42.87363966
          ],
          [
            44.13553409,
            42.87362933
          ],
          [
            44.1355221,
            42.873619
          ],
          [
            44.13551011,
            42.87360834
          ],
          [
            44.13549878,
            42.87359734
          ],
          [
            44.13548745,
            42.87358601
          ],
          [
            44.13547579,
            42.87357435
          ],
          [
            44.13546346,
            42.87356369
          ],
          [
            44.1354508,
            42.87355336
          ],
          [
            44.1354388,
            42.87354303
          ],
          [
            44.13542747,
            42.87353203
          ],
          [
            44.13541514,
            42.87352137
          ],
          [
            44.13540181,
            42.87351104
          ],
          [
            44.13538781,
            42.87350171
          ],
          [
            44.13537282,
            42.87349272
          ],
          [
            44.13535782,
            42.87348406
          ],
          [
            44.13534349,
            42.87347473
          ],
          [
            44.13533016,
            42.87346507
          ],
          [
            44.13531616,
            42.87345608
          ],
          [
            44.13530316,
            42.87344709
          ],
          [
            44.13528916,
            42.87343876
          ],
          [
            44.1352755,
            42.87342977
          ],
          [
            44.13526351,
            42.87342011
          ],
          [
            44.13525018,
            42.87341112
          ],
          [
            44.13523552,
            42.87340179
          ],
          [
            44.13522152,
            42.8733928
          ],
          [
            44.13520986,
            42.87338314
          ],
          [
            44.13519787,
            42.87337348
          ],
          [
            44.13518621,
            42.87336382
          ],
          [
            44.13517522,
            42.87335449
          ],
          [
            44.13516322,
            42.87334583
          ],
          [
            44.13515123,
            42.87333783
          ],
          [
            44.13513957,
            42.87332983
          ],
          [
            44.13512791,
            42.8733215
          ],
          [
            44.13511491,
            42.87331251
          ],
          [
            44.13510258,
            42.87330318
          ],
          [
            44.13509025,
            42.87329352
          ],
          [
            44.13507826,
            42.87328386
          ],
          [
            44.1350666,
            42.8732742
          ],
          [
            44.13505461,
            42.8732642
          ],
          [
            44.13504295,
            42.87325487
          ],
          [
            44.13503129,
            42.87324521
          ],
          [
            44.13502029,
            42.87323555
          ],
          [
            44.1350103,
            42.87322489
          ],
          [
            44.13500097,
            42.87321389
          ],
          [
            44.13499231,
            42.87320356
          ],
          [
            44.13498265,
            42.87319323
          ],
          [
            44.13497232,
            42.8731829
          ],
          [
            44.13496233,
            42.87317291
          ],
          [
            44.13495167,
            42.87316358
          ],
          [
            44.13493968,
            42.87315359
          ],
          [
            44.13492802,
            42.87314459
          ],
          [
            44.13491702,
            42.87313526
          ],
          [
            44.13490569,
            42.87312627
          ],
          [
            44.13489436,
            42.87311661
          ],
          [
            44.13488336,
            42.87310728
          ],
          [
            44.1348727,
            42.87309729
          ],
          [
            44.13486337,
            42.87308663
          ],
          [
            44.13485404,
            42.87307663
          ],
          [
            44.13484405,
            42.8730663
          ],
          [
            44.13483339,
            42.87305697
          ],
          [
            44.1348214,
            42.87304731
          ],
          [
            44.13480974,
            42.87303798
          ],
          [
            44.13479674,
            42.87302865
          ],
          [
            44.13478441,
            42.87301866
          ],
          [
            44.13477208,
            42.87300833
          ],
          [
            44.13475942,
            42.87299834
          ],
          [
            44.13474676,
            42.87298801
          ],
          [
            44.13473343,
            42.87297835
          ],
          [
            44.13472177,
            42.87296902
          ],
          [
            44.13471044,
            42.87295903
          ],
          [
            44.13469978,
            42.8729487
          ],
          [
            44.13468945,
            42.87293837
          ],
          [
            44.13467845,
            42.87292804
          ],
          [
            44.13466812,
            42.87291871
          ],
          [
            44.13465712,
            42.87290838
          ],
          [
            44.13464579,
            42.87289805
          ],
          [
            44.13463413,
            42.87288805
          ],
          [
            44.1346228,
            42.87287772
          ],
          [
            44.13461114,
            42.87286839
          ],
          [
            44.13459915,
            42.87286073
          ],
          [
            44.13458515,
            42.87285473
          ],
          [
            44.13456982,
            42.87285007
          ],
          [
            44.13455483,
            42.87284441
          ],
          [
            44.1345405,
            42.87283775
          ],
          [
            44.1345265,
            42.87282976
          ],
          [
            44.1345135,
            42.87282043
          ],
          [
            44.13450084,
            42.8728101
          ],
          [
            44.13448818,
            42.8727991
          ],
          [
            44.13447585,
            42.87278844
          ],
          [
            44.13446419,
            42.87277778
          ],
          [
            44.13445353,
            42.87276712
          ],
          [
            44.13444253,
            42.87275679
          ],
          [
            44.1344312,
            42.87274579
          ],
          [
            44.13441887,
            42.87273546
          ],
          [
            44.13440687,
            42.87272446
          ],
          [
            44.13439454,
            42.8727138
          ],
          [
            44.13438221,
            42.87270414
          ],
          [
            44.13436955,
            42.87269414
          ],
          [
            44.13435722,
            42.87268381
          ],
          [
            44.13434589,
            42.87267281
          ],
          [
            44.13433523,
            42.87266148
          ],
          [
            44.13432557,
            42.87265048
          ],
          [
            44.13431557,
            42.87264015
          ],
          [
            44.13430424,
            42.87263082
          ],
          [
            44.13429124,
            42.87262149
          ],
          [
            44.13427925,
            42.87261283
          ],
          [
            44.13426759,
            42.8726035
          ],
          [
            44.13425626,
            42.87259384
          ],
          [
            44.1342446,
            42.87258418
          ],
          [
            44.13423294,
            42.87257385
          ],
          [
            44.13422128,
            42.87256319
          ],
          [
            44.13420995,
            42.87255319
          ],
          [
            44.13419729,
            42.8725432
          ],
          [
            44.1341853,
            42.87253354
          ],
          [
            44.13417497,
            42.87252321
          ],
          [
            44.13416464,
            42.87251321
          ],
          [
            44.13415364,
            42.87250321
          ],
          [
            44.13414265,
            42.87249288
          ],
          [
            44.13413165,
            42.87248288
          ],
          [
            44.13412199,
            42.87247222
          ],
          [
            44.13411133,
            42.87246256
          ],
          [
            44.1341,
            42.87245323
          ],
          [
            44.13408834,
            42.87244457
          ],
          [
            44.13407668,
            42.87243524
          ],
          [
            44.13406502,
            42.87242625
          ],
          [
            44.13405236,
            42.87241626
          ],
          [
            44.13404037,
            42.87240626
          ],
          [
            44.13402838,
            42.87239626
          ],
          [
            44.13401605,
            42.87238627
          ],
          [
            44.13400405,
            42.87237627
          ],
          [
            44.13399206,
            42.87236628
          ],
          [
            44.13398007,
            42.87235562
          ],
          [
            44.13396907,
            42.87234529
          ],
          [
            44.13395708,
            42.87233563
          ],
          [
            44.13394608,
            42.87232497
          ],
          [
            44.13393475,
            42.87231498
          ],
          [
            44.13392309,
            42.87230565
          ],
          [
            44.13391143,
            42.87229599
          ],
          [
            44.13390043,
            42.872287
          ],
          [
            44.13388943,
            42.87227734
          ],
          [
            44.13387777,
            42.87226768
          ],
          [
            44.13386644,
            42.87225768
          ],
          [
            44.13385478,
            42.87224802
          ],
          [
            44.13384345,
            42.87223802
          ],
          [
            44.13383212,
            42.87222803
          ],
          [
            44.13382112,
            42.87221737
          ],
          [
            44.13380979,
            42.87220704
          ],
          [
            44.13379746,
            42.87219671
          ],
          [
            44.13378547,
            42.87218671
          ],
          [
            44.13377381,
            42.87217705
          ],
          [
            44.13376182,
            42.87216772
          ],
          [
            44.13374949,
            42.87215839
          ],
          [
            44.13373749,
            42.87214839
          ],
          [
            44.1337255,
            42.8721384
          ],
          [
            44.13371351,
            42.87212807
          ],
          [
            44.13370185,
            42.87211808
          ],
          [
            44.13369019,
            42.87210808
          ],
          [
            44.13367919,
            42.87209808
          ],
          [
            44.13366919,
            42.87208742
          ],
          [
            44.13365853,
            42.87207709
          ],
          [
            44.1336482,
            42.87206609
          ],
          [
            44.13363654,
            42.87205576
          ],
          [
            44.13362488,
            42.87204443
          ],
          [
            44.13361289,
            42.87203343
          ],
          [
            44.1336009,
            42.87202244
          ],
          [
            44.13358824,
            42.87201211
          ],
          [
            44.13357591,
            42.87200178
          ],
          [
            44.13356525,
            42.87199112
          ],
          [
            44.13355559,
            42.87197979
          ],
          [
            44.13354426,
            42.87196913
          ],
          [
            44.13353227,
            42.87195813
          ],
          [
            44.13351961,
            42.87194747
          ],
          [
            44.13350695,
            42.87193781
          ],
          [
            44.13349329,
            42.87192848
          ],
          [
            44.13348029,
            42.87191915
          ],
          [
            44.13346796,
            42.87190882
          ],
          [
            44.13345663,
            42.87189849
          ],
          [
            44.13344497,
            42.87188749
          ],
          [
            44.13343331,
            42.87187649
          ],
          [
            44.13342132,
            42.87186649
          ],
          [
            44.13340899,
            42.87185716
          ],
          [
            44.13339733,
            42.87184716
          ],
          [
            44.13338533,
            42.87183616
          ],
          [
            44.13337367,
            42.87182583
          ],
          [
            44.13336201,
            42.87181483
          ],
          [
            44.13335035,
            42.8718035
          ],
          [
            44.13333869,
            42.87179284
          ],
          [
            44.13332603,
            42.87178218
          ],
          [
            44.13331404,
            42.87177118
          ],
          [
            44.13330205,
            42.87175952
          ],
          [
            44.13329105,
            42.87174753
          ],
          [
            44.13328105,
            42.87173587
          ],
          [
            44.13327106,
            42.87172487
          ],
          [
            44.1332604,
            42.87171354
          ],
          [
            44.13325074,
            42.87170221
          ],
          [
            44.13324241,
            42.87169055
          ],
          [
            44.13323375,
            42.87167955
          ],
          [
            44.13322476,
            42.87166889
          ],
          [
            44.1332161,
            42.87165889
          ],
          [
            44.1332081,
            42.87164789
          ],
          [
            44.13319911,
            42.8716379
          ],
          [
            44.13319012,
            42.87162891
          ],
          [
            44.13317979,
            42.87162058
          ],
          [
            44.13316913,
            42.87161225
          ],
          [
            44.1331578,
            42.87160559
          ],
          [
            44.13314581,
            42.8715986
          ],
          [
            44.13313415,
            42.87159027
          ],
          [
            44.13312216,
            42.87158161
          ],
          [
            44.13310983,
            42.87157228
          ],
          [
            44.13309883,
            42.87156262
          ],
          [
            44.13308917,
            42.87155229
          ],
          [
            44.13307984,
            42.87154063
          ],
          [
            44.13307251,
            42.87153064
          ],
          [
            44.13306718,
            42.87152431
          ],
          [
            44.13306419,
            42.87152065
          ],
          [
            44.13306219,
            42.87151832
          ],
          [
            44.1330612,
            42.87151699
          ],
          [
            44.13306054,
            42.87151566
          ],
          [
            44.13304798,
            42.87150939
          ],
          [
            44.13304732,
            42.87150706
          ],
          [
            44.13304566,
            42.87150273
          ],
          [
            44.133042,
            42.87149773
          ],
          [
            44.133037,
            42.87149207
          ],
          [
            44.13303301,
            42.87148674
          ],
          [
            44.13303035,
            42.87148341
          ],
          [
            44.13302902,
            42.87147976
          ],
          [
            44.13302737,
            42.87147777
          ],
          [
            44.13302571,
            42.87147577
          ],
          [
            44.13302272,
            42.87147311
          ],
          [
            44.13301806,
            42.87146845
          ],
          [
            44.13301273,
            42.87146245
          ],
          [
            44.13300707,
            42.87145479
          ],
          [
            44.13300141,
            42.8714458
          ],
          [
            44.13299475,
            42.87143547
          ],
          [
            44.13298609,
            42.87142447
          ],
          [
            44.1329771,
            42.87141347
          ],
          [
            44.13297011,
            42.87140348
          ],
          [
            44.13296411,
            42.87139415
          ],
          [
            44.13295778,
            42.87138482
          ],
          [
            44.13295045,
            42.87137549
          ],
          [
            44.13294345,
            42.87136683
          ],
          [
            44.13293679,
            42.8713575
          ],
          [
            44.13293013,
            42.87134817
          ],
          [
            44.13292314,
            42.87133951
          ],
          [
            44.13291781,
            42.87133185
          ],
          [
            44.13291248,
            42.87132652
          ],
          [
            44.13290949,
            42.87132353
          ],
          [
            44.13290683,
            42.87132087
          ],
          [
            44.13290483,
            42.87131921
          ],
          [
            44.13289854,
            42.87131491
          ],
          [
            44.13290287,
            42.87131225
          ],
          [
            44.1329102,
            42.87130892
          ],
          [
            44.1329182,
            42.87130559
          ],
          [
            44.13292419,
            42.87130359
          ],
          [
            44.13292885,
            42.87130226
          ],
          [
            44.13293184,
            42.8713016
          ],
          [
            44.13293186,
            42.87129071
          ],
          [
            44.13293053,
            42.87129071
          ],
          [
            44.1329262,
            42.87128805
          ],
          [
            44.13291954,
            42.87128372
          ],
          [
            44.13291121,
            42.87127906
          ],
          [
            44.13289921,
            42.8712744
          ],
          [
            44.13288422,
            42.87127074
          ],
          [
            44.13286789,
            42.87126608
          ],
          [
            44.13285123,
            42.87125975
          ],
          [
            44.1328349,
            42.87125276
          ],
          [
            44.13281824,
            42.8712451
          ],
          [
            44.13280091,
            42.87123744
          ],
          [
            44.13278325,
            42.87123011
          ],
          [
            44.13276592,
            42.87122278
          ],
          [
            44.13274859,
            42.87121645
          ],
          [
            44.13273126,
            42.87121079
          ],
          [
            44.1327136,
            42.87120546
          ],
          [
            44.13269561,
            42.8712008
          ],
          [
            44.13267728,
            42.87119747
          ],
          [
            44.13265895,
            42.87119547
          ],
          [
            44.13264062,
            42.87119414
          ],
          [
            44.13262263,
            42.87119348
          ],
          [
            44.13260363,
            42.87119148
          ],
          [
            44.1325853,
            42.87118982
          ],
          [
            44.1325673,
            42.87118883
          ],
          [
            44.13254964,
            42.87118817
          ],
          [
            44.13253165,
            42.87118651
          ],
          [
            44.13251365,
            42.87118452
          ],
          [
            44.13249566,
            42.87118252
          ],
          [
            44.13247666,
            42.87118052
          ],
          [
            44.132458,
            42.87117852
          ],
          [
            44.13243967,
            42.87117653
          ],
          [
            44.13242101,
            42.8711742
          ],
          [
            44.13240268,
            42.87117121
          ],
          [
            44.13238368,
            42.87116955
          ],
          [
            44.13236569,
            42.87116856
          ],
          [
            44.13234736,
            42.87116757
          ],
          [
            44.13232937,
            42.87116691
          ],
          [
            44.13231104,
            42.87116625
          ],
          [
            44.13229238,
            42.87116625
          ],
          [
            44.13227405,
            42.87116526
          ],
          [
            44.13225606,
            42.87116493
          ],
          [
            44.13223773,
            42.8711646
          ],
          [
            44.1322184,
            42.87116427
          ],
          [
            44.13219974,
            42.87116361
          ],
          [
            44.13218074,
            42.87116295
          ],
          [
            44.13216108,
            42.87116129
          ],
          [
            44.13214208,
            42.87115996
          ],
          [
            44.13212342,
            42.87115896
          ],
          [
            44.13210409,
            42.8711583
          ],
          [
            44.1320871,
            42.87115664
          ],
          [
            44.1320731,
            42.87115531
          ],
          [
            44.13206044,
            42.87115465
          ],
          [
            44.13204845,
            42.87115498
          ],
          [
            44.13203712,
            42.87115465
          ],
          [
            44.13202612,
            42.87115432
          ],
          [
            44.13201779,
            42.87115465
          ],
          [
            44.1320108,
            42.87115598
          ],
          [
            44.13200647,
            42.87115565
          ],
          [
            44.13200414,
            42.87115499
          ],
          [
            44.13200181,
            42.871154
          ],
          [
            44.13200115,
            42.87115267
          ],
          [
            44.13199949,
            42.87115034
          ],
          [
            44.13199583,
            42.87114901
          ],
          [
            44.13198684,
            42.87114701
          ],
          [
            44.13197485,
            42.87114368
          ],
          [
            44.13196119,
            42.87114002
          ],
          [
            44.13194686,
            42.87113703
          ],
          [
            44.1319322,
            42.87113603
          ],
          [
            44.13191587,
            42.87113669
          ],
          [
            44.13189687,
            42.87113702
          ],
          [
            44.13187688,
            42.87113768
          ],
          [
            44.13185689,
            42.87113801
          ],
          [
            44.13183756,
            42.87113801
          ],
          [
            44.13181923,
            42.87113702
          ],
          [
            44.1318009,
            42.87113436
          ],
          [
            44.13178224,
            42.87113236
          ],
          [
            44.13176358,
            42.8711317
          ],
          [
            44.13174359,
            42.87113269
          ],
          [
            44.13172426,
            42.87113469
          ],
          [
            44.13170526,
            42.87113702
          ],
          [
            44.13168593,
            42.87113935
          ],
          [
            44.13166693,
            42.87114201
          ],
          [
            44.13164827,
            42.87114534
          ],
          [
            44.13163061,
            42.87114933
          ],
          [
            44.13161162,
            42.87115399
          ],
          [
            44.13159329,
            42.87115865
          ],
          [
            44.13157463,
            42.87116298
          ],
          [
            44.1315563,
            42.87116731
          ],
          [
            44.13153797,
            42.87117264
          ],
          [
            44.13151897,
            42.8711773
          ],
          [
            44.13149898,
            42.87117996
          ],
          [
            44.13147865,
            42.87118129
          ],
          [
            44.13145866,
            42.87118295
          ],
          [
            44.13143933,
            42.87118495
          ],
          [
            44.13141967,
            42.87118694
          ],
          [
            44.13140068,
            42.87118827
          ],
          [
            44.13138369,
            42.8711906
          ],
          [
            44.13136769,
            42.87119326
          ],
          [
            44.1313507,
            42.87119692
          ],
          [
            44.1313347,
            42.87120025
          ],
          [
            44.13131837,
            42.87120391
          ],
          [
            44.13130071,
            42.87120591
          ],
          [
            44.13128138,
            42.87120791
          ],
          [
            44.13126205,
            42.87120957
          ],
          [
            44.13124339,
            42.8712119
          ],
          [
            44.13122473,
            42.87121489
          ],
          [
            44.13120507,
            42.87121855
          ],
          [
            44.13118574,
            42.87122254
          ],
          [
            44.13116641,
            42.8712272
          ],
          [
            44.13114708,
            42.87123253
          ],
          [
            44.13112775,
            42.87123752
          ],
          [
            44.13110875,
            42.87124352
          ],
          [
            44.13109009,
            42.87125018
          ],
          [
            44.13107243,
            42.87125617
          ],
          [
            44.13105444,
            42.87126216
          ],
          [
            44.13103678,
            42.87126882
          ],
          [
            44.13101979,
            42.87127615
          ],
          [
            44.13100346,
            42.87128448
          ],
          [
            44.13098746,
            42.87129281
          ],
          [
            44.13097313,
            42.87130147
          ],
          [
            44.1309588,
            42.87130913
          ],
          [
            44.13094347,
            42.87131779
          ],
          [
            44.13092848,
            42.87132678
          ],
          [
            44.13091382,
            42.87133544
          ],
          [
            44.13089982,
            42.8713441
          ],
          [
            44.13088549,
            42.87135276
          ],
          [
            44.13087083,
            42.87136109
          ],
          [
            44.13085683,
            42.87136975
          ],
          [
            44.13084217,
            42.87137808
          ],
          [
            44.13082817,
            42.87138608
          ],
          [
            44.13081384,
            42.87139507
          ],
          [
            44.13079984,
            42.87140473
          ],
          [
            44.13078485,
            42.87141372
          ],
          [
            44.13076952,
            42.87142238
          ],
          [
            44.13075353,
            42.87143171
          ],
          [
            44.1307362,
            42.87144037
          ],
          [
            44.13071954,
            42.8714497
          ],
          [
            44.13070188,
            42.87145869
          ],
          [
            44.13068389,
            42.87146735
          ],
          [
            44.13066723,
            42.87147735
          ],
          [
            44.13065123,
            42.87148734
          ],
          [
            44.13063723,
            42.87149667
          ],
          [
            44.13062257,
            42.871506
          ],
          [
            44.13060791,
            42.87151599
          ],
          [
            44.13059292,
            42.87152565
          ],
          [
            44.13057859,
            42.87153431
          ],
          [
            44.13056726,
            42.87154197
          ],
          [
            44.13055726,
            42.8715493
          ],
          [
            44.1305466,
            42.8715573
          ],
          [
            44.13053627,
            42.87156563
          ],
          [
            44.13052861,
            42.87157363
          ],
          [
            44.13052495,
            42.87158096
          ],
          [
            44.13052362,
            42.87158662
          ],
          [
            44.13052296,
            42.87159161
          ],
          [
            44.13052263,
            42.87159594
          ],
          [
            44.13052263,
            42.87159893
          ],
          [
            44.13052528,
            42.87159993
          ],
          [
            44.13052561,
            42.8715986
          ],
          [
            44.13052361,
            42.8715986
          ],
          [
            44.13051861,
            42.87159594
          ],
          [
            44.13051061,
            42.87159261
          ],
          [
            44.13050062,
            42.87158828
          ],
          [
            44.13048796,
            42.87158429
          ],
          [
            44.1304753,
            42.87158429
          ],
          [
            44.13046397,
            42.87158662
          ],
          [
            44.13045664,
            42.87159295
          ],
          [
            44.13045198,
            42.87159994
          ],
          [
            44.13045165,
            42.87160727
          ],
          [
            44.13045464,
            42.8716146
          ],
          [
            44.13045964,
            42.87162026
          ],
          [
            44.1304653,
            42.87162559
          ],
          [
            44.13047163,
            42.87163059
          ],
          [
            44.13047896,
            42.87163658
          ],
          [
            44.13048696,
            42.87164224
          ],
          [
            44.13049429,
            42.87164823
          ],
          [
            44.13050095,
            42.87165423
          ],
          [
            44.13050761,
            42.87165989
          ],
          [
            44.13051294,
            42.87166555
          ],
          [
            44.13051727,
            42.87167054
          ],
          [
            44.13052193,
            42.87167554
          ],
          [
            44.13052526,
            42.87167954
          ],
          [
            44.13052197,
            42.87168583
          ],
          [
            44.13052197,
            42.87168716
          ],
          [
            44.13052363,
            42.8716855
          ],
          [
            44.13052297,
            42.87168217
          ],
          [
            44.13052131,
            42.87167751
          ],
          [
            44.13051832,
            42.87167251
          ],
          [
            44.13051466,
            42.87166751
          ],
          [
            44.130511,
            42.87166252
          ],
          [
            44.13050834,
            42.87165852
          ],
          [
            44.13050534,
            42.87165386
          ],
          [
            44.13050235,
            42.87165053
          ],
          [
            44.13049902,
            42.87164787
          ],
          [
            44.13049503,
            42.87164454
          ],
          [
            44.1304907,
            42.87164088
          ],
          [
            44.13048604,
            42.87163655
          ],
          [
            44.13048004,
            42.87163189
          ],
          [
            44.13047438,
            42.87162723
          ],
          [
            44.13046772,
            42.87162257
          ],
          [
            44.13046106,
            42.87161891
          ],
          [
            44.13045373,
            42.87161625
          ],
          [
            44.1304464,
            42.87161292
          ],
          [
            44.13043907,
            42.87160926
          ],
          [
            44.13043174,
            42.87160426
          ],
          [
            44.13042475,
            42.87159893
          ],
          [
            44.13041842,
            42.87159294
          ],
          [
            44.13041076,
            42.87158661
          ],
          [
            44.13040276,
            42.87157928
          ],
          [
            44.1303941,
            42.87157262
          ],
          [
            44.1303841,
            42.87156562
          ],
          [
            44.13037411,
            42.87155896
          ],
          [
            44.13036345,
            42.87155196
          ],
          [
            44.13035245,
            42.87154463
          ],
          [
            44.13034179,
            42.87153697
          ],
          [
            44.1303318,
            42.87152964
          ],
          [
            44.13032281,
            42.87152265
          ],
          [
            44.13031415,
            42.87151632
          ],
          [
            44.13030682,
            42.87150999
          ],
          [
            44.13029982,
            42.871503
          ],
          [
            44.13029283,
            42.87149567
          ],
          [
            44.13028617,
            42.87148834
          ],
          [
            44.13028017,
            42.87148201
          ],
          [
            44.13027518,
            42.87147535
          ],
          [
            44.13027085,
            42.87146869
          ],
          [
            44.13026552,
            42.87146203
          ],
          [
            44.13025886,
            42.8714547
          ],
          [
            44.13025386,
            42.87144704
          ],
          [
            44.13024886,
            42.87143904
          ],
          [
            44.13024287,
            42.87143038
          ],
          [
            44.13023688,
            42.87142105
          ],
          [
            44.13023089,
            42.87141072
          ],
          [
            44.13022423,
            42.87140072
          ],
          [
            44.1302169,
            42.87139139
          ],
          [
            44.13020957,
            42.87138106
          ],
          [
            44.13020291,
            42.87137073
          ],
          [
            44.13019458,
            42.87136107
          ],
          [
            44.13018592,
            42.87135274
          ],
          [
            44.13017726,
            42.87134341
          ],
          [
            44.1301696,
            42.87133408
          ],
          [
            44.1301616,
            42.87132475
          ],
          [
            44.13015461,
            42.87131442
          ],
          [
            44.13014795,
            42.87130342
          ],
          [
            44.13014196,
            42.87129309
          ],
          [
            44.13013563,
            42.87128276
          ],
          [
            44.1301283,
            42.87127243
          ],
          [
            44.13012231,
            42.87126377
          ],
          [
            44.13011698,
            42.87125644
          ],
          [
            44.13011399,
            42.87125178
          ],
          [
            44.130112,
            42.87124912
          ],
          [
            44.13011034,
            42.87124779
          ],
          [
            44.13010768,
            42.87124746
          ],
          [
            44.13010635,
            42.87124313
          ],
          [
            44.13010435,
            42.87123547
          ],
          [
            44.13010169,
            42.87122481
          ],
          [
            44.13009803,
            42.87121315
          ],
          [
            44.1300957,
            42.87120149
          ],
          [
            44.13009437,
            42.87119049
          ],
          [
            44.13009503,
            42.87118316
          ],
          [
            44.13009536,
            42.87117816
          ],
          [
            44.13009569,
            42.87117483
          ],
          [
            44.13009569,
            42.87117151
          ],
          [
            44.13009236,
            42.87117052
          ],
          [
            44.13008603,
            42.87116852
          ],
          [
            44.1300767,
            42.87116486
          ],
          [
            44.13006637,
            42.8711592
          ],
          [
            44.13005571,
            42.87115187
          ],
          [
            44.13004538,
            42.87114321
          ],
          [
            44.13003405,
            42.87113422
          ],
          [
            44.13002239,
            42.87112456
          ],
          [
            44.13000973,
            42.8711149
          ],
          [
            44.12999774,
            42.87110524
          ],
          [
            44.12998575,
            42.87109558
          ],
          [
            44.12997309,
            42.87108492
          ],
          [
            44.12996209,
            42.87107392
          ],
          [
            44.12995109,
            42.87106259
          ],
          [
            44.12994176,
            42.87105159
          ],
          [
            44.1299321,
            42.87104059
          ],
          [
            44.12992244,
            42.87102993
          ],
          [
            44.12991211,
            42.8710196
          ],
          [
            44.12990245,
            42.8710086
          ],
          [
            44.12989445,
            42.87099694
          ],
          [
            44.12988712,
            42.87098495
          ],
          [
            44.12988079,
            42.87097329
          ],
          [
            44.1298728,
            42.87096096
          ],
          [
            44.12986414,
            42.87094963
          ],
          [
            44.12985415,
            42.87093863
          ],
          [
            44.12984349,
            42.87092797
          ],
          [
            44.12983249,
            42.87091864
          ],
          [
            44.12982116,
            42.87090998
          ],
          [
            44.12980917,
            42.87090165
          ],
          [
            44.12979751,
            42.87089466
          ],
          [
            44.12978518,
            42.870887
          ],
          [
            44.12977152,
            42.87088
          ],
          [
            44.12975819,
            42.87087267
          ],
          [
            44.12974419,
            42.87086668
          ],
          [
            44.12972953,
            42.87086102
          ],
          [
            44.1297142,
            42.87085636
          ],
          [
            44.1296982,
            42.8708527
          ],
          [
            44.12968154,
            42.87084937
          ],
          [
            44.12966488,
            42.87084738
          ],
          [
            44.12964789,
            42.87084538
          ],
          [
            44.12963123,
            42.87084505
          ],
          [
            44.12961457,
            42.87084538
          ],
          [
            44.12959857,
            42.87084405
          ],
          [
            44.12958324,
            42.87084339
          ],
          [
            44.12956724,
            42.87084173
          ],
          [
            44.12955091,
            42.87084073
          ],
          [
            44.12953491,
            42.87083807
          ],
          [
            44.12951892,
            42.87083574
          ],
          [
            44.12950193,
            42.87083374
          ],
          [
            44.12948427,
            42.87083241
          ],
          [
            44.12946694,
            42.87083042
          ],
          [
            44.12944961,
            42.87082776
          ],
          [
            44.12943228,
            42.87082576
          ],
          [
            44.12941462,
            42.87082376
          ],
          [
            44.12939662,
            42.87082177
          ],
          [
            44.12937929,
            42.87081944
          ],
          [
            44.12936096,
            42.87081744
          ],
          [
            44.1293423,
            42.87081478
          ],
          [
            44.12932397,
            42.87081112
          ],
          [
            44.12930564,
            42.87080779
          ],
          [
            44.12928798,
            42.87080279
          ],
          [
            44.12926932,
            42.87079879
          ],
          [
            44.12925133,
            42.87079413
          ],
          [
            44.12923333,
            42.87078947
          ],
          [
            44.129216,
            42.87078548
          ],
          [
            44.12919867,
            42.87078015
          ],
          [
            44.12918168,
            42.87077649
          ],
          [
            44.12916402,
            42.87077316
          ],
          [
            44.12914636,
            42.8707695
          ],
          [
            44.12912903,
            42.87076384
          ],
          [
            44.12911204,
            42.87075785
          ],
          [
            44.12909538,
            42.87075119
          ],
          [
            44.12907905,
            42.87074353
          ],
          [
            44.12906306,
            42.87073653
          ],
          [
            44.12904706,
            42.87072887
          ],
          [
            44.1290314,
            42.87072221
          ],
          [
            44.12901541,
            42.87071488
          ],
          [
            44.12899975,
            42.87070755
          ],
          [
            44.12898442,
            42.87069889
          ],
          [
            44.12896976,
            42.87069023
          ],
          [
            44.1289551,
            42.87068124
          ],
          [
            44.1289411,
            42.87067158
          ],
          [
            44.12892777,
            42.87066159
          ],
          [
            44.12891411,
            42.87065126
          ],
          [
            44.12890111,
            42.8706406
          ],
          [
            44.12888878,
            42.87062927
          ],
          [
            44.12887645,
            42.87061794
          ],
          [
            44.12886379,
            42.87060728
          ],
          [
            44.12885079,
            42.87059662
          ],
          [
            44.12883713,
            42.87058629
          ],
          [
            44.12882447,
            42.87057696
          ],
          [
            44.12881114,
            42.87056696
          ],
          [
            44.12879781,
            42.8705573
          ],
          [
            44.12878515,
            42.8705483
          ],
          [
            44.12877249,
            42.87053931
          ],
          [
            44.1287595,
            42.87052998
          ],
          [
            44.12874584,
            42.87052099
          ],
          [
            44.12873284,
            42.87051233
          ],
          [
            44.12871951,
            42.870504
          ],
          [
            44.12870685,
            42.870496
          ],
          [
            44.12869352,
            42.870488
          ],
          [
            44.12867986,
            42.87048067
          ],
          [
            44.12866586,
            42.87047368
          ],
          [
            44.1286522,
            42.87046602
          ],
          [
            44.12863754,
            42.87045869
          ],
          [
            44.12862255,
            42.87045136
          ],
          [
            44.12860822,
            42.8704447
          ],
          [
            44.12859289,
            42.87043937
          ],
          [
            44.12857789,
            42.87043337
          ],
          [
            44.12856256,
            42.87042838
          ],
          [
            44.12854757,
            42.87042305
          ],
          [
            44.12853124,
            42.87041772
          ],
          [
            44.12851391,
            42.87041373
          ],
          [
            44.12849791,
            42.87041007
          ],
          [
            44.12848125,
            42.87040641
          ],
          [
            44.12846559,
            42.87040275
          ],
          [
            44.12844993,
            42.87039942
          ],
          [
            44.12843393,
            42.87039476
          ],
          [
            44.12841927,
            42.8703891
          ],
          [
            44.12840428,
            42.87038311
          ],
          [
            44.12838828,
            42.87037645
          ],
          [
            44.12837162,
            42.87037112
          ],
          [
            44.12835429,
            42.87036579
          ],
          [
            44.12833796,
            42.87036046
          ],
          [
            44.12832063,
            42.87035613
          ],
          [
            44.12830364,
            42.87035214
          ],
          [
            44.12828631,
            42.87034848
          ],
          [
            44.12826998,
            42.87034549
          ],
          [
            44.12825332,
            42.87034316
          ],
          [
            44.12823599,
            42.8703405
          ],
          [
            44.128219,
            42.87033751
          ],
          [
            44.12820201,
            42.87033418
          ],
          [
            44.12818535,
            42.87033085
          ],
          [
            44.12816869,
            42.87032852
          ],
          [
            44.12815269,
            42.87032686
          ],
          [
            44.12813603,
            42.87032653
          ],
          [
            44.1281197,
            42.87032686
          ],
          [
            44.12810271,
            42.87032719
          ],
          [
            44.12808505,
            42.87032885
          ],
          [
            44.12806772,
            42.87033118
          ],
          [
            44.12805006,
            42.87033384
          ],
          [
            44.1280334,
            42.8703375
          ],
          [
            44.12801674,
            42.8703415
          ],
          [
            44.12800074,
            42.87034616
          ],
          [
            44.12798474,
            42.87035082
          ],
          [
            44.12796808,
            42.87035615
          ],
          [
            44.12795175,
            42.87036214
          ],
          [
            44.12793575,
            42.87036847
          ],
          [
            44.12792076,
            42.8703758
          ],
          [
            44.1279051,
            42.87038246
          ],
          [
            44.12788977,
            42.87038846
          ],
          [
            44.12787477,
            42.87039479
          ],
          [
            44.12785978,
            42.87040078
          ],
          [
            44.12784445,
            42.87040744
          ],
          [
            44.12782945,
            42.87041444
          ],
          [
            44.12781446,
            42.87042244
          ],
          [
            44.12779947,
            42.87042977
          ],
          [
            44.12778381,
            42.8704371
          ],
          [
            44.12776781,
            42.87044309
          ],
          [
            44.12775148,
            42.87044908
          ],
          [
            44.12773482,
            42.87045474
          ],
          [
            44.12771849,
            42.87046007
          ],
          [
            44.12770249,
            42.87046573
          ],
          [
            44.12768683,
            42.87047172
          ],
          [
            44.12767017,
            42.87047805
          ],
          [
            44.12765351,
            42.87048404
          ],
          [
            44.12763751,
            42.87049004
          ],
          [
            44.12762385,
            42.87049603
          ],
          [
            44.12761052,
            42.87050069
          ],
          [
            44.12759686,
            42.87050469
          ],
          [
            44.1275822,
            42.87051002
          ],
          [
            44.12756687,
            42.87051435
          ],
          [
            44.12755021,
            42.87051901
          ],
          [
            44.12753355,
            42.87052267
          ],
          [
            44.12751622,
            42.870526
          ],
          [
            44.12749856,
            42.87052866
          ],
          [
            44.12748056,
            42.87053099
          ],
          [
            44.12746157,
            42.87053365
          ],
          [
            44.12744324,
            42.87053565
          ],
          [
            44.12742558,
            42.87053864
          ],
          [
            44.12740758,
            42.87054163
          ],
          [
            44.12738992,
            42.87054462
          ],
          [
            44.12737293,
            42.87054728
          ],
          [
            44.12735494,
            42.87054928
          ],
          [
            44.12733795,
            42.87055194
          ],
          [
            44.12732029,
            42.8705556
          ],
          [
            44.12730296,
            42.87055993
          ],
          [
            44.12728597,
            42.87056426
          ],
          [
            44.12726898,
            42.87056959
          ],
          [
            44.12725365,
            42.87057459
          ],
          [
            44.12723765,
            42.87058058
          ],
          [
            44.12722232,
            42.87058691
          ],
          [
            44.12720699,
            42.87059257
          ],
          [
            44.12719233,
            42.87059856
          ],
          [
            44.127178,
            42.87060455
          ],
          [
            44.12716434,
            42.87061188
          ],
          [
            44.12715101,
            42.87061854
          ],
          [
            44.12713668,
            42.87062554
          ],
          [
            44.12712335,
            42.8706322
          ],
          [
            44.12711102,
            42.87063953
          ],
          [
            44.12709869,
            42.87064753
          ],
          [
            44.12708669,
            42.87065486
          ],
          [
            44.12707436,
            42.87066186
          ],
          [
            44.12706203,
            42.87066885
          ],
          [
            44.12704937,
            42.87067651
          ],
          [
            44.12703571,
            42.8706835
          ],
          [
            44.12702138,
            42.8706905
          ],
          [
            44.12700772,
            42.87069816
          ],
          [
            44.12699406,
            42.87070515
          ],
          [
            44.12698073,
            42.87071215
          ],
          [
            44.12696673,
            42.87071848
          ],
          [
            44.12695207,
            42.87072381
          ],
          [
            44.12693741,
            42.87072947
          ],
          [
            44.12692275,
            42.87073546
          ],
          [
            44.12690842,
            42.87074079
          ],
          [
            44.12689376,
            42.87074612
          ],
          [
            44.1268791,
            42.87075145
          ],
          [
            44.1268651,
            42.87075644
          ],
          [
            44.12685044,
            42.87076077
          ],
          [
            44.12683778,
            42.87076476
          ],
          [
            44.12682412,
            42.87076809
          ],
          [
            44.12681046,
            42.87077175
          ],
          [
            44.1267978,
            42.87077441
          ],
          [
            44.12678514,
            42.87077774
          ],
          [
            44.12677248,
            42.87078107
          ],
          [
            44.12675982,
            42.8707844
          ],
          [
            44.12674616,
            42.87078706
          ],
          [
            44.12673317,
            42.87078906
          ],
          [
            44.12672017,
            42.87079239
          ],
          [
            44.12670884,
            42.87079772
          ],
          [
            44.12670018,
            42.87080371
          ],
          [
            44.12669352,
            42.87080937
          ],
          [
            44.12669053,
            42.87081403
          ],
          [
            44.12668854,
            42.87081768
          ],
          [
            44.12668887,
            42.87082034
          ],
          [
            44.12669087,
            42.87082434
          ],
          [
            44.12669486,
            42.870831
          ],
          [
            44.12670085,
            42.87083733
          ],
          [
            44.12670751,
            42.87084332
          ],
          [
            44.12671184,
            42.87084765
          ],
          [
            44.12671317,
            42.87085164
          ],
          [
            44.12671151,
            42.87085664
          ],
          [
            44.12670785,
            42.87086297
          ],
          [
            44.12670419,
            42.8708693
          ],
          [
            44.12670086,
            42.87087529
          ],
          [
            44.12669886,
            42.87088228
          ],
          [
            44.12669886,
            42.87088761
          ],
          [
            44.12669886,
            42.87089227
          ],
          [
            44.12669753,
            42.8708976
          ],
          [
            44.12669487,
            42.87090159
          ],
          [
            44.12669254,
            42.87090458
          ],
          [
            44.12669021,
            42.87090691
          ],
          [
            44.12668855,
            42.87090857
          ],
          [
            44.12668688,
            42.87090857
          ],
          [
            44.12668888,
            42.87090791
          ],
          [
            44.12669287,
            42.87090558
          ],
          [
            44.1266972,
            42.87090159
          ],
          [
            44.12669786,
            42.87089726
          ],
          [
            44.1266962,
            42.87089193
          ],
          [
            44.12669454,
            42.8708876
          ],
          [
            44.12669587,
            42.87088361
          ],
          [
            44.1267002,
            42.87087961
          ],
          [
            44.12670753,
            42.87087461
          ],
          [
            44.12671419,
            42.87086795
          ],
          [
            44.12671885,
            42.87085829
          ],
          [
            44.12672018,
            42.87084929
          ],
          [
            44.12672018,
            42.8708423
          ],
          [
            44.12671919,
            42.87083497
          ],
          [
            44.12671686,
            42.87082598
          ],
          [
            44.1267142,
            42.87081532
          ],
          [
            44.12671087,
            42.87080266
          ],
          [
            44.12670488,
            42.87079067
          ],
          [
            44.12669522,
            42.87077867
          ],
          [
            44.12668422,
            42.87076934
          ],
          [
            44.12667256,
            42.87076268
          ],
          [
            44.1266619,
            42.87075868
          ],
          [
            44.12665124,
            42.87075602
          ],
          [
            44.12664158,
            42.87075269
          ],
          [
            44.12663192,
            42.8707487
          ],
          [
            44.12662159,
            42.8707447
          ],
          [
            44.12661026,
            42.87074104
          ],
          [
            44.12659993,
            42.87073705
          ],
          [
            44.12659027,
            42.87073239
          ],
          [
            44.12658027,
            42.87072773
          ],
          [
            44.12656994,
            42.8707234
          ],
          [
            44.12655961,
            42.8707184
          ],
          [
            44.12654861,
            42.8707134
          ],
          [
            44.12653795,
            42.87070774
          ],
          [
            44.12652796,
            42.87070175
          ],
          [
            44.12651763,
            42.87069609
          ],
          [
            44.12650697,
            42.87068943
          ],
          [
            44.12649498,
            42.87068243
          ],
          [
            44.12648265,
            42.87067577
          ],
          [
            44.12647065,
            42.87066911
          ],
          [
            44.12645932,
            42.87066312
          ],
          [
            44.12644866,
            42.87065779
          ],
          [
            44.12643733,
            42.87065246
          ],
          [
            44.12642734,
            42.87064647
          ],
          [
            44.12641734,
            42.87064014
          ],
          [
            44.12640735,
            42.87063514
          ],
          [
            44.12639735,
            42.87063081
          ],
          [
            44.12638869,
            42.87062615
          ],
          [
            44.12638036,
            42.87062216
          ],
          [
            44.12637103,
            42.87061716
          ],
          [
            44.12636303,
            42.87061183
          ],
          [
            44.1263547,
            42.87060683
          ],
          [
            44.1263467,
            42.87060117
          ],
          [
            44.12633771,
            42.87059584
          ],
          [
            44.12632905,
            42.87059118
          ],
          [
            44.12631972,
            42.87058618
          ],
          [
            44.12631139,
            42.87058152
          ],
          [
            44.12630239,
            42.87057586
          ],
          [
            44.12629373,
            42.87057053
          ],
          [
            44.12628574,
            42.8705652
          ],
          [
            44.12627841,
            42.87055954
          ],
          [
            44.12627008,
            42.87055288
          ],
          [
            44.12626175,
            42.87054655
          ],
          [
            44.12625276,
            42.87054022
          ],
          [
            44.12624243,
            42.87053456
          ],
          [
            44.1262331,
            42.87052923
          ],
          [
            44.12622444,
            42.87052323
          ],
          [
            44.12621411,
            42.87051824
          ],
          [
            44.12620411,
            42.87051324
          ],
          [
            44.12619412,
            42.87050924
          ],
          [
            44.12618479,
            42.87050525
          ],
          [
            44.12617579,
            42.87050092
          ],
          [
            44.12616713,
            42.87049559
          ],
          [
            44.12615914,
            42.8704896
          ],
          [
            44.12615181,
            42.8704826
          ],
          [
            44.12614415,
            42.87047594
          ],
          [
            44.12613615,
            42.87046995
          ],
          [
            44.12612749,
            42.87046395
          ],
          [
            44.12611883,
            42.87045796
          ],
          [
            44.12610984,
            42.87045197
          ],
          [
            44.12610018,
            42.87044564
          ],
          [
            44.12609085,
            42.87043965
          ],
          [
            44.12608152,
            42.87043366
          ],
          [
            44.12607186,
            42.87042733
          ],
          [
            44.12606287,
            42.87042067
          ],
          [
            44.12605288,
            42.87041401
          ],
          [
            44.12604322,
            42.87040735
          ],
          [
            44.12603389,
            42.87040102
          ],
          [
            44.12602456,
            42.87039369
          ],
          [
            44.1260159,
            42.8703867
          ],
          [
            44.12600657,
            42.8703797
          ],
          [
            44.12599624,
            42.87037371
          ],
          [
            44.12598624,
            42.87036705
          ],
          [
            44.12597691,
            42.87036139
          ],
          [
            44.12597025,
            42.87035806
          ],
          [
            44.12596726,
            42.8703564
          ],
          [
            44.12596362,
            42.87035673
          ],
          [
            44.12596263,
            42.8703554
          ],
          [
            44.12595997,
            42.87035107
          ],
          [
            44.12595497,
            42.87034508
          ],
          [
            44.12594898,
            42.87033809
          ],
          [
            44.12594098,
            42.87033143
          ],
          [
            44.12593165,
            42.87032444
          ],
          [
            44.12592232,
            42.87031845
          ],
          [
            44.12591166,
            42.87031179
          ],
          [
            44.12590133,
            42.87030413
          ],
          [
            44.12589133,
            42.87029613
          ],
          [
            44.12588067,
            42.8702888
          ],
          [
            44.12587001,
            42.87028181
          ],
          [
            44.12585968,
            42.87027348
          ],
          [
            44.12584902,
            42.87026515
          ],
          [
            44.12583769,
            42.87025715
          ],
          [
            44.1258257,
            42.87024882
          ],
          [
            44.12581371,
            42.87024016
          ],
          [
            44.12580138,
            42.8702315
          ],
          [
            44.12579005,
            42.87022284
          ],
          [
            44.12577839,
            42.87021418
          ],
          [
            44.12576573,
            42.87020552
          ],
          [
            44.12575307,
            42.87019786
          ],
          [
            44.12574008,
            42.87018986
          ],
          [
            44.12572808,
            42.8701812
          ],
          [
            44.12571542,
            42.87017254
          ],
          [
            44.12570242,
            42.87016488
          ],
          [
            44.12568909,
            42.87015655
          ],
          [
            44.12567543,
            42.87014855
          ],
          [
            44.1256611,
            42.87014089
          ],
          [
            44.12564644,
            42.87013289
          ],
          [
            44.12563278,
            42.87012423
          ],
          [
            44.12561945,
            42.8701159
          ],
          [
            44.12560545,
            42.87010857
          ],
          [
            44.12559112,
            42.87010191
          ],
          [
            44.12557646,
            42.87009491
          ],
          [
            44.12556246,
            42.87008758
          ],
          [
            44.12554846,
            42.87007992
          ],
          [
            44.12553446,
            42.87007126
          ],
          [
            44.12552046,
            42.8700626
          ],
          [
            44.12550613,
            42.87005427
          ],
          [
            44.12549213,
            42.87004627
          ],
          [
            44.1254778,
            42.87003894
          ],
          [
            44.1254638,
            42.87003195
          ],
          [
            44.12544947,
            42.87002596
          ],
          [
            44.12543547,
            42.8700193
          ],
          [
            44.12542181,
            42.87001264
          ],
          [
            44.12540815,
            42.87000631
          ],
          [
            44.12539482,
            42.86999965
          ],
          [
            44.12538049,
            42.86999232
          ],
          [
            44.12536683,
            42.86998532
          ],
          [
            44.1253525,
            42.86997766
          ],
          [
            44.12533884,
            42.86997
          ],
          [
            44.12532518,
            42.86996267
          ],
          [
            44.12531085,
            42.86995467
          ],
          [
            44.12529685,
            42.86994734
          ],
          [
            44.12528252,
            42.86994034
          ],
          [
            44.12526852,
            42.86993301
          ],
          [
            44.12525419,
            42.86992635
          ],
          [
            44.12523886,
            42.86992169
          ],
          [
            44.12522387,
            42.86991636
          ],
          [
            44.12520921,
            42.86991037
          ],
          [
            44.12519455,
            42.86990404
          ],
          [
            44.12517922,
            42.86989771
          ],
          [
            44.12516389,
            42.86989172
          ],
          [
            44.12514889,
            42.86988639
          ],
          [
            44.12513323,
            42.86988106
          ],
          [
            44.12511723,
            42.86987673
          ],
          [
            44.1250999,
            42.86987273
          ],
          [
            44.12508257,
            42.8698694
          ],
          [
            44.12506558,
            42.8698674
          ],
          [
            44.12504825,
            42.86986641
          ],
          [
            44.12503092,
            42.86986508
          ],
          [
            44.12501393,
            42.86986442
          ],
          [
            44.12499627,
            42.86986442
          ],
          [
            44.12497894,
            42.86986442
          ],
          [
            44.12496195,
            42.86986542
          ],
          [
            44.12494429,
            42.86986708
          ],
          [
            44.12492696,
            42.86986908
          ],
          [
            44.1249103,
            42.86987141
          ],
          [
            44.12489264,
            42.86987407
          ],
          [
            44.12487531,
            42.86987706
          ],
          [
            44.12485798,
            42.86988005
          ],
          [
            44.12484065,
            42.86988338
          ],
          [
            44.12482366,
            42.86988604
          ],
          [
            44.12480667,
            42.86988937
          ],
          [
            44.12479034,
            42.86989303
          ],
          [
            44.12477368,
            42.86989636
          ],
          [
            44.12475602,
            42.86989969
          ],
          [
            44.12473869,
            42.86990235
          ],
          [
            44.12472103,
            42.86990534
          ],
          [
            44.12470404,
            42.86990833
          ],
          [
            44.12468638,
            42.86991099
          ],
          [
            44.12466905,
            42.86991365
          ],
          [
            44.12465206,
            42.86991664
          ],
          [
            44.1246364,
            42.8699193
          ],
          [
            44.12462041,
            42.86992229
          ],
          [
            44.12460408,
            42.86992528
          ],
          [
            44.12458709,
            42.86992894
          ],
          [
            44.12456943,
            42.86993327
          ],
          [
            44.1245521,
            42.86993726
          ],
          [
            44.12453477,
            42.86994059
          ],
          [
            44.12451678,
            42.86994358
          ],
          [
            44.12449878,
            42.86994657
          ],
          [
            44.12448112,
            42.86994923
          ],
          [
            44.12446246,
            42.86995222
          ],
          [
            44.1244448,
            42.86995555
          ],
          [
            44.12442747,
            42.86995988
          ],
          [
            44.12440914,
            42.86996454
          ],
          [
            44.12439148,
            42.8699692
          ],
          [
            44.12437349,
            42.86997319
          ],
          [
            44.12435616,
            42.86997718
          ],
          [
            44.12433883,
            42.86998084
          ],
          [
            44.12432284,
            42.86998483
          ],
          [
            44.12430551,
            42.86998949
          ],
          [
            44.12428852,
            42.86999282
          ],
          [
            44.12427119,
            42.86999548
          ],
          [
            44.1242532,
            42.86999847
          ],
          [
            44.12423587,
            42.8700008
          ],
          [
            44.12421821,
            42.87000279
          ],
          [
            44.12420155,
            42.87000479
          ],
          [
            44.12418489,
            42.87000745
          ],
          [
            44.12416823,
            42.87001078
          ],
          [
            44.1241509,
            42.87001511
          ],
          [
            44.12413324,
            42.87001877
          ],
          [
            44.12411525,
            42.87002176
          ],
          [
            44.12409726,
            42.87002475
          ],
          [
            44.12407893,
            42.87002875
          ],
          [
            44.1240606,
            42.87003241
          ],
          [
            44.12404227,
            42.87003507
          ],
          [
            44.12402494,
            42.8700384
          ],
          [
            44.12400761,
            42.87004139
          ],
          [
            44.12398995,
            42.87004505
          ],
          [
            44.12397329,
            42.87004838
          ],
          [
            44.12395596,
            42.87005137
          ],
          [
            44.1239383,
            42.87005436
          ],
          [
            44.12392031,
            42.87005702
          ],
          [
            44.12390298,
            42.87005935
          ],
          [
            44.12388565,
            42.87006134
          ],
          [
            44.12386832,
            42.87006334
          ],
          [
            44.12385166,
            42.870065
          ],
          [
            44.12383433,
            42.87006733
          ],
          [
            44.12381767,
            42.87006899
          ],
          [
            44.12380134,
            42.87006932
          ],
          [
            44.12378435,
            42.87007065
          ],
          [
            44.12376636,
            42.87007198
          ],
          [
            44.1237487,
            42.87007364
          ],
          [
            44.12373137,
            42.8700753
          ],
          [
            44.12371404,
            42.87007696
          ],
          [
            44.12369705,
            42.87007862
          ],
          [
            44.12368039,
            42.87007895
          ],
          [
            44.1236644,
            42.87007895
          ],
          [
            44.12364807,
            42.87007928
          ],
          [
            44.12363074,
            42.87007928
          ],
          [
            44.12361308,
            42.87007928
          ],
          [
            44.12359509,
            42.87007994
          ],
          [
            44.12357843,
            42.87007961
          ],
          [
            44.1235611,
            42.87008027
          ],
          [
            44.12354411,
            42.87008126
          ],
          [
            44.12352712,
            42.87008259
          ],
          [
            44.12350979,
            42.87008259
          ],
          [
            44.12349179,
            42.87008259
          ],
          [
            44.12347313,
            42.87008325
          ],
          [
            44.12345447,
            42.87008458
          ],
          [
            44.12343614,
            42.87008591
          ],
          [
            44.12341848,
            42.87008724
          ],
          [
            44.12340182,
            42.8700879
          ],
          [
            44.12338449,
            42.87008923
          ],
          [
            44.1233675,
            42.87009056
          ],
          [
            44.12334984,
            42.87009222
          ],
          [
            44.12333218,
            42.87009355
          ],
          [
            44.12331485,
            42.87009454
          ],
          [
            44.12329752,
            42.87009654
          ],
          [
            44.12328053,
            42.8700982
          ],
          [
            44.12326387,
            42.87010053
          ],
          [
            44.12324721,
            42.87010352
          ],
          [
            44.12323055,
            42.87010518
          ],
          [
            44.12321289,
            42.87010784
          ],
          [
            44.12319523,
            42.87011117
          ],
          [
            44.1231779,
            42.8701145
          ],
          [
            44.12316024,
            42.8701185
          ],
          [
            44.12314224,
            42.87012249
          ],
          [
            44.12312391,
            42.87012582
          ],
          [
            44.12310658,
            42.87012982
          ],
          [
            44.12308959,
            42.87013348
          ],
          [
            44.1230716,
            42.87013714
          ],
          [
            44.12305394,
            42.8701408
          ],
          [
            44.12303661,
            42.87014413
          ],
          [
            44.12301928,
            42.87014746
          ],
          [
            44.12300229,
            42.87015079
          ],
          [
            44.12298496,
            42.87015412
          ],
          [
            44.12296797,
            42.87015745
          ],
          [
            44.12294998,
            42.87016078
          ],
          [
            44.12293332,
            42.87016477
          ],
          [
            44.12291633,
            42.87016843
          ],
          [
            44.12289934,
            42.87017143
          ],
          [
            44.12288168,
            42.87017542
          ],
          [
            44.12286468,
            42.87017808
          ],
          [
            44.12284669,
            42.87018174
          ],
          [
            44.12282903,
            42.8701854
          ],
          [
            44.12281103,
            42.87018906
          ],
          [
            44.1227927,
            42.87019239
          ],
          [
            44.1227747,
            42.87019572
          ],
          [
            44.12275671,
            42.87019838
          ],
          [
            44.12274005,
            42.87020137
          ],
          [
            44.12272339,
            42.87020503
          ],
          [
            44.12270706,
            42.87020803
          ],
          [
            44.12268973,
            42.87021102
          ],
          [
            44.12267274,
            42.87021401
          ],
          [
            44.12265508,
            42.87021667
          ],
          [
            44.12263742,
            42.870219
          ],
          [
            44.12262009,
            42.87022166
          ],
          [
            44.12260209,
            42.87022399
          ],
          [
            44.12258543,
            42.87022665
          ],
          [
            44.12256877,
            42.87022964
          ],
          [
            44.12255278,
            42.87023263
          ],
          [
            44.12253579,
            42.87023596
          ],
          [
            44.12251913,
            42.87023996
          ],
          [
            44.1225018,
            42.87024262
          ],
          [
            44.12248381,
            42.87024595
          ],
          [
            44.12246582,
            42.87024861
          ],
          [
            44.12244782,
            42.87025061
          ],
          [
            44.12243083,
            42.8702526
          ],
          [
            44.12241284,
            42.87025526
          ],
          [
            44.12239518,
            42.87025726
          ],
          [
            44.12237752,
            42.87025992
          ],
          [
            44.12235886,
            42.87026291
          ],
          [
            44.12234086,
            42.87026524
          ],
          [
            44.12232253,
            42.87026823
          ],
          [
            44.12230453,
            42.87026989
          ],
          [
            44.12228687,
            42.87027155
          ],
          [
            44.12226988,
            42.87027188
          ],
          [
            44.12225289,
            42.87027288
          ],
          [
            44.1222359,
            42.87027387
          ],
          [
            44.1222199,
            42.87027453
          ],
          [
            44.12220424,
            42.87027486
          ],
          [
            44.12218824,
            42.87027387
          ],
          [
            44.12217258,
            42.87027187
          ],
          [
            44.12215692,
            42.87026954
          ],
          [
            44.12214259,
            42.87026655
          ],
          [
            44.12212793,
            42.87026289
          ],
          [
            44.12211227,
            42.87025923
          ],
          [
            44.12209694,
            42.8702559
          ],
          [
            44.12208261,
            42.8702519
          ],
          [
            44.12206828,
            42.87024857
          ],
          [
            44.12205529,
            42.87024458
          ],
          [
            44.12204196,
            42.87023992
          ],
          [
            44.12202896,
            42.87023426
          ],
          [
            44.12201496,
            42.87022893
          ],
          [
            44.1220013,
            42.8702236
          ],
          [
            44.1219883,
            42.87021827
          ],
          [
            44.1219753,
            42.87021394
          ],
          [
            44.12196297,
            42.87020861
          ],
          [
            44.12194931,
            42.87020262
          ],
          [
            44.12193665,
            42.87019596
          ],
          [
            44.12192499,
            42.87018863
          ],
          [
            44.12191333,
            42.87018197
          ],
          [
            44.12190167,
            42.87017464
          ],
          [
            44.12189001,
            42.87016764
          ],
          [
            44.12187835,
            42.87016098
          ],
          [
            44.12186735,
            42.87015499
          ],
          [
            44.12185669,
            42.870149
          ],
          [
            44.12184569,
            42.87014234
          ],
          [
            44.12183436,
            42.87013501
          ],
          [
            44.12182303,
            42.87012735
          ],
          [
            44.12181137,
            42.87011869
          ],
          [
            44.12180004,
            42.87011036
          ],
          [
            44.12178671,
            42.87010236
          ],
          [
            44.12177438,
            42.8700937
          ],
          [
            44.12176239,
            42.87008537
          ],
          [
            44.12175039,
            42.87007604
          ],
          [
            44.12173906,
            42.87006671
          ],
          [
            44.1217284,
            42.87005705
          ],
          [
            44.1217174,
            42.87004739
          ],
          [
            44.12170607,
            42.8700374
          ],
          [
            44.12169474,
            42.8700274
          ],
          [
            44.12168508,
            42.87001741
          ],
          [
            44.12167609,
            42.87000741
          ],
          [
            44.12166743,
            42.86999742
          ],
          [
            44.1216581,
            42.86998676
          ],
          [
            44.1216491,
            42.86997576
          ],
          [
            44.12164044,
            42.86996443
          ],
          [
            44.12163244,
            42.8699531
          ],
          [
            44.12162378,
            42.86994144
          ],
          [
            44.12161479,
            42.86992911
          ],
          [
            44.12160713,
            42.86991645
          ],
          [
            44.12160047,
            42.86990345
          ],
          [
            44.12159381,
            42.86989046
          ],
          [
            44.12158648,
            42.86987746
          ],
          [
            44.12158015,
            42.8698648
          ],
          [
            44.12157515,
            42.86985247
          ],
          [
            44.12156949,
            42.86983981
          ],
          [
            44.12156416,
            42.86982748
          ],
          [
            44.12156017,
            42.86981549
          ],
          [
            44.12155718,
            42.86980316
          ],
          [
            44.12155385,
            42.86979016
          ],
          [
            44.12155019,
            42.86977783
          ],
          [
            44.12154586,
            42.8697665
          ],
          [
            44.12154186,
            42.86975484
          ],
          [
            44.1215382,
            42.86974385
          ],
          [
            44.12153521,
            42.86973285
          ],
          [
            44.12153355,
            42.86972152
          ],
          [
            44.12153222,
            42.86970986
          ],
          [
            44.12153122,
            42.8696982
          ],
          [
            44.12152989,
            42.8696872
          ],
          [
            44.1215289,
            42.86967621
          ],
          [
            44.1215279,
            42.86966555
          ],
          [
            44.12152724,
            42.86965422
          ],
          [
            44.12152458,
            42.86964289
          ],
          [
            44.12152258,
            42.86963289
          ],
          [
            44.12151992,
            42.8696229
          ],
          [
            44.12151826,
            42.8696129
          ],
          [
            44.1215166,
            42.86960257
          ],
          [
            44.12151427,
            42.86959191
          ],
          [
            44.12151228,
            42.86958158
          ],
          [
            44.12151128,
            42.86957125
          ],
          [
            44.12150962,
            42.86956192
          ],
          [
            44.12150829,
            42.86955192
          ],
          [
            44.12150663,
            42.86954293
          ],
          [
            44.12150497,
            42.86953294
          ],
          [
            44.12150297,
            42.86952294
          ],
          [
            44.12150098,
            42.86951261
          ],
          [
            44.12149898,
            42.86950328
          ],
          [
            44.12149799,
            42.86949495
          ],
          [
            44.12149666,
            42.86948596
          ],
          [
            44.121495,
            42.86947663
          ],
          [
            44.12149267,
            42.8694673
          ],
          [
            44.12149001,
            42.86945797
          ],
          [
            44.12148702,
            42.86944931
          ],
          [
            44.12148536,
            42.86943998
          ],
          [
            44.12148303,
            42.86943032
          ],
          [
            44.12148037,
            42.86942133
          ],
          [
            44.12147638,
            42.86941267
          ],
          [
            44.12147305,
            42.86940401
          ],
          [
            44.12146839,
            42.86939468
          ],
          [
            44.12146273,
            42.86938602
          ],
          [
            44.1214574,
            42.86937736
          ],
          [
            44.12145207,
            42.86936803
          ],
          [
            44.12144774,
            42.86935937
          ],
          [
            44.12144241,
            42.86934937
          ],
          [
            44.12143808,
            42.86934004
          ],
          [
            44.12143342,
            42.86933138
          ],
          [
            44.12142842,
            42.86932272
          ],
          [
            44.12142409,
            42.86931406
          ],
          [
            44.1214191,
            42.86930473
          ],
          [
            44.1214131,
            42.86929607
          ],
          [
            44.12140777,
            42.86928741
          ],
          [
            44.12140244,
            42.86927908
          ],
          [
            44.12139644,
            42.86926975
          ],
          [
            44.12139045,
            42.86926042
          ],
          [
            44.12138379,
            42.86925142
          ],
          [
            44.12137813,
            42.86924209
          ],
          [
            44.12137214,
            42.86923243
          ],
          [
            44.12136581,
            42.86922344
          ],
          [
            44.12135881,
            42.86921444
          ],
          [
            44.12135248,
            42.86920578
          ],
          [
            44.12134582,
            42.86919679
          ],
          [
            44.12133816,
            42.8691878
          ],
          [
            44.12132983,
            42.86917914
          ],
          [
            44.12132117,
            42.86917015
          ],
          [
            44.12131251,
            42.86916049
          ],
          [
            44.12130485,
            42.86915083
          ],
          [
            44.12129719,
            42.86914184
          ],
          [
            44.12129086,
            42.86913284
          ],
          [
            44.12128453,
            42.86912418
          ],
          [
            44.1212772,
            42.86911552
          ],
          [
            44.12126954,
            42.86910786
          ],
          [
            44.12126288,
            42.86910053
          ],
          [
            44.12125555,
            42.86909353
          ],
          [
            44.12124856,
            42.8690862
          ],
          [
            44.12124156,
            42.86907887
          ],
          [
            44.12123457,
            42.86907121
          ],
          [
            44.12122791,
            42.86906322
          ],
          [
            44.12122258,
            42.86905522
          ],
          [
            44.12121758,
            42.86904756
          ],
          [
            44.12121225,
            42.86904057
          ],
          [
            44.12120659,
            42.86903357
          ],
          [
            44.12120126,
            42.86902591
          ],
          [
            44.12119593,
            42.86901892
          ],
          [
            44.1211906,
            42.86901126
          ],
          [
            44.12118494,
            42.86900326
          ],
          [
            44.12117961,
            42.86899526
          ],
          [
            44.12117362,
            42.86898627
          ],
          [
            44.12116796,
            42.86897761
          ],
          [
            44.12116197,
            42.86896895
          ],
          [
            44.12115564,
            42.86896062
          ],
          [
            44.12114998,
            42.86895229
          ],
          [
            44.12114432,
            42.8689433
          ],
          [
            44.12113999,
            42.86893364
          ],
          [
            44.12113666,
            42.86892498
          ],
          [
            44.12113233,
            42.86891632
          ],
          [
            44.12112867,
            42.86890766
          ],
          [
            44.12112434,
            42.86889933
          ],
          [
            44.12112068,
            42.86889067
          ],
          [
            44.12111635,
            42.86888234
          ],
          [
            44.12111169,
            42.86887368
          ],
          [
            44.1211077,
            42.86886435
          ],
          [
            44.12110437,
            42.86885502
          ],
          [
            44.12110104,
            42.86884569
          ],
          [
            44.12109771,
            42.8688367
          ],
          [
            44.12109438,
            42.86882771
          ],
          [
            44.12109205,
            42.86881938
          ],
          [
            44.12108906,
            42.86881072
          ],
          [
            44.1210874,
            42.86880239
          ],
          [
            44.12108607,
            42.86879406
          ],
          [
            44.12108541,
            42.86878573
          ],
          [
            44.12108508,
            42.86877674
          ],
          [
            44.12108375,
            42.86876741
          ],
          [
            44.12108209,
            42.86875775
          ],
          [
            44.12108109,
            42.86874775
          ],
          [
            44.12107976,
            42.86873942
          ],
          [
            44.1210791,
            42.86873109
          ],
          [
            44.1210781,
            42.8687231
          ],
          [
            44.12107744,
            42.86871444
          ],
          [
            44.12107645,
            42.86870478
          ],
          [
            44.12107711,
            42.86869545
          ],
          [
            44.12107744,
            42.86868712
          ],
          [
            44.12107843,
            42.86867813
          ],
          [
            44.12107909,
            42.8686688
          ],
          [
            44.12107942,
            42.86865914
          ],
          [
            44.12108008,
            42.86865015
          ],
          [
            44.12108141,
            42.86864149
          ],
          [
            44.12108207,
            42.86863216
          ],
          [
            44.1210824,
            42.8686225
          ],
          [
            44.12108339,
            42.86861351
          ],
          [
            44.12108472,
            42.86860551
          ],
          [
            44.12108538,
            42.86859785
          ],
          [
            44.12108571,
            42.86859086
          ],
          [
            44.12108737,
            42.86858386
          ],
          [
            44.12108903,
            42.8685762
          ],
          [
            44.12109069,
            42.86856854
          ],
          [
            44.12109268,
            42.86856121
          ],
          [
            44.12109368,
            42.86855321
          ],
          [
            44.12109335,
            42.86854588
          ],
          [
            44.12109434,
            42.86853888
          ],
          [
            44.121095,
            42.86853255
          ],
          [
            44.12109633,
            42.86852622
          ],
          [
            44.12109633,
            42.86851989
          ],
          [
            44.12109567,
            42.8685139
          ],
          [
            44.12109467,
            42.86850757
          ],
          [
            44.12109267,
            42.86850124
          ],
          [
            44.12109001,
            42.86849525
          ],
          [
            44.12108801,
            42.86848859
          ],
          [
            44.12108668,
            42.8684816
          ],
          [
            44.12108535,
            42.86847627
          ],
          [
            44.12108502,
            42.86847328
          ],
          [
            44.12108469,
            42.86847195
          ],
          [
            44.12108139,
            42.86846798
          ],
          [
            44.12108205,
            42.86846465
          ],
          [
            44.12108172,
            42.86845965
          ],
          [
            44.12108139,
            42.86845299
          ],
          [
            44.12108006,
            42.86844466
          ],
          [
            44.1210774,
            42.86843466
          ],
          [
            44.12107407,
            42.86842467
          ],
          [
            44.12107108,
            42.86841567
          ],
          [
            44.12106908,
            42.86840668
          ],
          [
            44.12107007,
            42.86839802
          ],
          [
            44.12107273,
            42.86838936
          ],
          [
            44.12107572,
            42.86838103
          ],
          [
            44.12107871,
            42.86837404
          ],
          [
            44.12108237,
            42.86836771
          ],
          [
            44.1210867,
            42.86836205
          ],
          [
            44.12109203,
            42.86835705
          ],
          [
            44.12109836,
            42.86835306
          ],
          [
            44.12110636,
            42.86834907
          ],
          [
            44.12111502,
            42.86834574
          ],
          [
            44.12112268,
            42.86834208
          ],
          [
            44.12112734,
            42.86833909
          ],
          [
            44.12113167,
            42.86833709
          ],
          [
            44.12113633,
            42.8683351
          ],
          [
            44.12114232,
            42.8683311
          ],
          [
            44.12114865,
            42.8683261
          ],
          [
            44.12115498,
            42.86832044
          ],
          [
            44.12116131,
            42.86831478
          ],
          [
            44.12116997,
            42.86830912
          ],
          [
            44.12118063,
            42.86830213
          ],
          [
            44.12119163,
            42.86829447
          ],
          [
            44.12120362,
            42.86828681
          ],
          [
            44.12121528,
            42.86827882
          ],
          [
            44.12122628,
            42.86827016
          ],
          [
            44.12123561,
            42.8682615
          ],
          [
            44.12124194,
            42.86825384
          ],
          [
            44.12124593,
            42.86824918
          ],
          [
            44.12124726,
            42.86824685
          ],
          [
            44.12124826,
            42.86824552
          ],
          [
            44.12125025,
            42.86824419
          ],
          [
            44.12125325,
            42.86823986
          ],
          [
            44.12125658,
            42.86823486
          ],
          [
            44.12125991,
            42.86822753
          ],
          [
            44.12126324,
            42.86821854
          ],
          [
            44.12126657,
            42.86820855
          ],
          [
            44.12127023,
            42.86819789
          ],
          [
            44.12127389,
            42.86818756
          ],
          [
            44.12127688,
            42.86817656
          ],
          [
            44.12127954,
            42.86816623
          ],
          [
            44.12128087,
            42.86815723
          ],
          [
            44.12128386,
            42.86814857
          ],
          [
            44.12128752,
            42.86813924
          ],
          [
            44.12129018,
            42.86813025
          ],
          [
            44.12129184,
            42.86812292
          ],
          [
            44.12129217,
            42.86811926
          ],
          [
            44.12129052,
            42.86811727
          ],
          [
            44.12128886,
            42.86811727
          ],
          [
            44.12128986,
            42.86811494
          ],
          [
            44.12129252,
            42.86811095
          ],
          [
            44.12129585,
            42.86810496
          ],
          [
            44.12129884,
            42.8680963
          ],
          [
            44.12130183,
            42.86808664
          ],
          [
            44.12130549,
            42.86807665
          ],
          [
            44.12131049,
            42.86806732
          ],
          [
            44.12131515,
            42.86805799
          ],
          [
            44.12131814,
            42.86804766
          ],
          [
            44.12131947,
            42.86803733
          ],
          [
            44.12131881,
            42.86802733
          ],
          [
            44.12131782,
            42.868019
          ],
          [
            44.12131649,
            42.868011
          ],
          [
            44.12131815,
            42.86800334
          ],
          [
            44.12132414,
            42.86799534
          ],
          [
            44.1213328,
            42.86798801
          ],
          [
            44.12134279,
            42.86798001
          ],
          [
            44.12135212,
            42.86797235
          ],
          [
            44.12136178,
            42.86796435
          ],
          [
            44.12137077,
            42.86795602
          ],
          [
            44.12138043,
            42.86794869
          ],
          [
            44.12139009,
            42.86794136
          ],
          [
            44.12139975,
            42.86793436
          ],
          [
            44.12140775,
            42.86792737
          ],
          [
            44.12141374,
            42.86792071
          ],
          [
            44.12141807,
            42.86791705
          ],
          [
            44.1214214,
            42.86791572
          ],
          [
            44.12142373,
            42.86791572
          ],
          [
            44.12142406,
            42.86791572
          ],
          [
            44.12142108,
            42.86791606
          ],
          [
            44.12141975,
            42.86791506
          ],
          [
            44.12141842,
            42.86791539
          ],
          [
            44.12141609,
            42.86791473
          ],
          [
            44.12141343,
            42.86791374
          ],
          [
            44.12141043,
            42.86791108
          ],
          [
            44.1214061,
            42.86790809
          ],
          [
            44.12140144,
            42.86790576
          ],
          [
            44.12139811,
            42.86790376
          ],
          [
            44.12139446,
            42.86790376
          ],
          [
            44.12139512,
            42.86790509
          ],
          [
            44.12139611,
            42.86790642
          ],
          [
            44.12139677,
            42.86790808
          ],
          [
            44.1213981,
            42.86790974
          ],
          [
            44.12139414,
            42.86791239
          ],
          [
            44.12139314,
            42.8679104
          ],
          [
            44.12139148,
            42.8679084
          ],
          [
            44.12139247,
            42.86790541
          ],
          [
            44.12139346,
            42.86790674
          ],
          [
            44.12139544,
            42.86791005
          ],
          [
            44.12139777,
            42.86791038
          ],
          [
            44.12139977,
            42.86791038
          ],
          [
            44.12140143,
            42.86791038
          ],
          [
            44.12140343,
            42.86791038
          ],
          [
            44.12140708,
            42.86791137
          ],
          [
            44.12140342,
            42.86790904
          ],
          [
            44.12139842,
            42.86790571
          ],
          [
            44.12139476,
            42.86790305
          ],
          [
            44.12139276,
            42.86790206
          ],
          [
            44.12139143,
            42.86790107
          ],
          [
            44.12138911,
            42.86790173
          ],
          [
            44.12139044,
            42.86790406
          ],
          [
            44.1213941,
            42.86790705
          ],
          [
            44.12139976,
            42.86790971
          ],
          [
            44.12140375,
            42.86791071
          ],
          [
            44.12140608,
            42.86791104
          ],
          [
            44.12140874,
            42.86791368
          ],
          [
            44.12140907,
            42.86791501
          ],
          [
            44.12140774,
            42.867918
          ],
          [
            44.12140441,
            42.86792033
          ],
          [
            44.12140175,
            42.86792166
          ],
          [
            44.12139909,
            42.86792232
          ],
          [
            44.12139376,
            42.86792265
          ],
          [
            44.1213881,
            42.86792298
          ],
          [
            44.12138477,
            42.86792265
          ],
          [
            44.12137816,
            42.867923
          ],
          [
            44.12136562,
            42.86792334
          ],
          [
            44.12137253,
            42.86792336
          ],
          [
            44.12138671,
            42.86791776
          ],
          [
            44.1213877,
            42.86791876
          ],
          [
            44.12139636,
            42.86792209
          ],
          [
            44.12140769,
            42.86792475
          ],
          [
            44.12141968,
            42.86792442
          ],
          [
            44.12142834,
            42.86792209
          ],
          [
            44.12143267,
            42.86791809
          ],
          [
            44.12143333,
            42.86791443
          ],
          [
            44.12143267,
            42.86791077
          ],
          [
            44.12143001,
            42.86790778
          ],
          [
            44.12142768,
            42.86790578
          ],
          [
            44.12142568,
            42.86790378
          ],
          [
            44.12142469,
            42.86790245
          ],
          [
            44.12142169,
            42.86790179
          ],
          [
            44.1214157,
            42.86789979
          ],
          [
            44.12141104,
            42.86789879
          ],
          [
            44.12141068,
            42.86789548
          ],
          [
            44.12141233,
            42.86789879
          ],
          [
            44.12141432,
            42.86789945
          ],
          [
            44.12141565,
            42.86790078
          ],
          [
            44.12142164,
            42.86790144
          ],
          [
            44.1214293,
            42.86790177
          ],
          [
            44.12143663,
            42.86790177
          ],
          [
            44.12144296,
            42.86790243
          ],
          [
            44.12144829,
            42.86790309
          ],
          [
            44.12145128,
            42.86790309
          ],
          [
            44.12145558,
            42.86790309
          ],
          [
            44.12145292,
            42.86790475
          ],
          [
            44.12145026,
            42.86790774
          ],
          [
            44.1214466,
            42.86791073
          ],
          [
            44.12144094,
            42.86791406
          ],
          [
            44.12143495,
            42.86791672
          ],
          [
            44.12142729,
            42.86791805
          ],
          [
            44.12141896,
            42.86791838
          ],
          [
            44.1214113,
            42.86791805
          ],
          [
            44.12140497,
            42.86791772
          ],
          [
            44.12140064,
            42.86791673
          ],
          [
            44.12139698,
            42.8679164
          ],
          [
            44.12139399,
            42.8679154
          ],
          [
            44.12139133,
            42.86791407
          ],
          [
            44.12138802,
            42.86791275
          ],
          [
            44.12138968,
            42.8679144
          ],
          [
            44.1213996,
            42.86791671
          ],
          [
            44.12140359,
            42.86791904
          ],
          [
            44.12141025,
            42.8679207
          ],
          [
            44.12141991,
            42.86792136
          ],
          [
            44.12143157,
            42.86792036
          ],
          [
            44.12144257,
            42.86791703
          ],
          [
            44.12145257,
            42.86791304
          ],
          [
            44.1214619,
            42.86790738
          ],
          [
            44.12147023,
            42.86790138
          ],
          [
            44.12147523,
            42.86789639
          ],
          [
            44.12147889,
            42.8678934
          ],
          [
            44.12148122,
            42.86789174
          ],
          [
            44.12149412,
            42.86788876
          ],
          [
            44.12149545,
            42.86788743
          ],
          [
            44.12148159,
            42.86788675
          ],
          [
            44.12147993,
            42.86788675
          ],
          [
            44.12147827,
            42.86788675
          ],
          [
            44.12147594,
            42.86788775
          ],
          [
            44.12147328,
            42.86788941
          ],
          [
            44.12146898,
            42.86789603
          ],
          [
            44.12146565,
            42.86789769
          ],
          [
            44.12145999,
            42.86790002
          ],
          [
            44.121451,
            42.86790301
          ],
          [
            44.12143967,
            42.86790501
          ],
          [
            44.12142834,
            42.86790634
          ],
          [
            44.12141668,
            42.86790667
          ],
          [
            44.12140802,
            42.86790634
          ],
          [
            44.12140203,
            42.86790601
          ],
          [
            44.12139903,
            42.86790502
          ],
          [
            44.12139704,
            42.86790436
          ],
          [
            44.12139902,
            42.86790535
          ],
          [
            44.12140266,
            42.86790469
          ],
          [
            44.12140399,
            42.86790602
          ],
          [
            44.12140565,
            42.86790935
          ],
          [
            44.12140765,
            42.86791234
          ],
          [
            44.12140964,
            42.86791567
          ],
          [
            44.12141064,
            42.86791833
          ],
          [
            44.1214133,
            42.86791966
          ],
          [
            44.12141729,
            42.86791999
          ],
          [
            44.12141929,
            42.867919
          ],
          [
            44.12142128,
            42.86791834
          ],
          [
            44.12142327,
            42.86791702
          ],
          [
            44.12142393,
            42.86791272
          ],
          [
            44.12142326,
            42.86791437
          ],
          [
            44.12142459,
            42.86791637
          ],
          [
            44.12142459,
            42.86791803
          ],
          [
            44.12142525,
            42.86791903
          ],
          [
            44.12142591,
            42.86791937
          ],
          [
            44.12142724,
            42.86792036
          ],
          [
            44.12142361,
            42.86791805
          ],
          [
            44.12141567,
            42.86792168
          ],
          [
            44.12141368,
            42.86792234
          ],
          [
            44.12141268,
            42.867923
          ],
          [
            44.12141763,
            42.86792302
          ],
          [
            44.12141763,
            42.86792468
          ],
          [
            44.12141763,
            42.86792634
          ],
          [
            44.12141763,
            42.86792834
          ],
          [
            44.1214163,
            42.867933
          ],
          [
            44.12141464,
            42.86794066
          ],
          [
            44.12141398,
            42.86794732
          ],
          [
            44.12141198,
            42.86795465
          ],
          [
            44.12140899,
            42.86796165
          ],
          [
            44.12140366,
            42.86796931
          ],
          [
            44.12139733,
            42.86797764
          ],
          [
            44.12138933,
            42.86798597
          ],
          [
            44.12137933,
            42.8679943
          ],
          [
            44.12136867,
            42.86800263
          ],
          [
            44.12135701,
            42.86801129
          ],
          [
            44.12134668,
            42.86801995
          ],
          [
            44.12133635,
            42.86802894
          ],
          [
            44.12132702,
            42.8680386
          ],
          [
            44.12131803,
            42.8680486
          ],
          [
            44.12130837,
            42.86805793
          ],
          [
            44.12129904,
            42.86806759
          ],
          [
            44.12128838,
            42.86807658
          ],
          [
            44.12127705,
            42.86808458
          ],
          [
            44.12126405,
            42.86809224
          ],
          [
            44.12124939,
            42.86809957
          ],
          [
            44.12123539,
            42.8681069
          ],
          [
            44.1212224,
            42.86811423
          ],
          [
            44.12121174,
            42.86812089
          ],
          [
            44.12120341,
            42.86812522
          ],
          [
            44.12119608,
            42.86812855
          ],
          [
            44.12118808,
            42.86813188
          ],
          [
            44.12117942,
            42.86813521
          ],
          [
            44.12116743,
            42.86813787
          ],
          [
            44.12115277,
            42.86814153
          ],
          [
            44.12113811,
            42.86814653
          ],
          [
            44.12112478,
            42.86815252
          ],
          [
            44.12111478,
            42.86816018
          ],
          [
            44.12110579,
            42.86816884
          ],
          [
            44.12109713,
            42.86817817
          ],
          [
            44.12109014,
            42.86818716
          ],
          [
            44.12108348,
            42.86819449
          ],
          [
            44.12107715,
            42.86820148
          ],
          [
            44.12107082,
            42.86820814
          ],
          [
            44.12106416,
            42.8682158
          ],
          [
            44.12105717,
            42.8682228
          ],
          [
            44.12105151,
            42.86822979
          ],
          [
            44.12104585,
            42.86823745
          ],
          [
            44.12104085,
            42.86824511
          ],
          [
            44.12103486,
            42.86825311
          ],
          [
            44.12102887,
            42.86826177
          ],
          [
            44.12102187,
            42.8682711
          ],
          [
            44.12101221,
            42.86827943
          ],
          [
            44.12100121,
            42.86828842
          ],
          [
            44.12099055,
            42.86829775
          ],
          [
            44.12098022,
            42.86830741
          ],
          [
            44.12096956,
            42.86831707
          ],
          [
            44.1209569,
            42.86832573
          ],
          [
            44.12094391,
            42.86833406
          ],
          [
            44.12093025,
            42.86834139
          ],
          [
            44.12091592,
            42.86834738
          ],
          [
            44.12090292,
            42.86835404
          ],
          [
            44.12088892,
            42.8683597
          ],
          [
            44.12087559,
            42.8683647
          ],
          [
            44.1208626,
            42.86836936
          ],
          [
            44.12085027,
            42.86837502
          ],
          [
            44.12083794,
            42.86838035
          ],
          [
            44.12082661,
            42.86838634
          ],
          [
            44.12081528,
            42.86839167
          ],
          [
            44.12080428,
            42.86839833
          ],
          [
            44.12079395,
            42.86840566
          ],
          [
            44.12078362,
            42.86841399
          ],
          [
            44.12077329,
            42.86842265
          ],
          [
            44.12076263,
            42.86843164
          ],
          [
            44.12075197,
            42.86844164
          ],
          [
            44.12074264,
            42.86845097
          ],
          [
            44.12073198,
            42.8684613
          ],
          [
            44.12072132,
            42.86847063
          ],
          [
            44.12070999,
            42.86847929
          ],
          [
            44.12069933,
            42.86848828
          ],
          [
            44.12068933,
            42.86849694
          ],
          [
            44.12067967,
            42.86850494
          ],
          [
            44.12066967,
            42.86851294
          ],
          [
            44.12065968,
            42.86852127
          ],
          [
            44.12064968,
            42.86852927
          ],
          [
            44.12063969,
            42.86853693
          ],
          [
            44.12062969,
            42.86854559
          ],
          [
            44.12062036,
            42.86855458
          ],
          [
            44.1206117,
            42.86856258
          ],
          [
            44.12060137,
            42.86857024
          ],
          [
            44.12059004,
            42.86857623
          ],
          [
            44.12057771,
            42.86858256
          ],
          [
            44.12056638,
            42.86858822
          ],
          [
            44.12055505,
            42.86859355
          ],
          [
            44.12054372,
            42.86859954
          ],
          [
            44.12053206,
            42.86860487
          ],
          [
            44.12051973,
            42.86861086
          ],
          [
            44.1205084,
            42.86861719
          ],
          [
            44.12049641,
            42.86862152
          ],
          [
            44.12048375,
            42.86862551
          ],
          [
            44.12047042,
            42.86862817
          ],
          [
            44.12045676,
            42.8686315
          ],
          [
            44.1204441,
            42.86863549
          ],
          [
            44.12043177,
            42.86863849
          ],
          [
            44.12041977,
            42.86864182
          ],
          [
            44.12040778,
            42.86864481
          ],
          [
            44.12039579,
            42.86864814
          ],
          [
            44.12038413,
            42.86865147
          ],
          [
            44.12037513,
            42.8686548
          ],
          [
            44.12036647,
            42.86865746
          ],
          [
            44.12035648,
            42.86866045
          ],
          [
            44.12034715,
            42.86866344
          ],
          [
            44.12033749,
            42.86866744
          ],
          [
            44.12032783,
            42.86867177
          ],
          [
            44.12031683,
            42.86867476
          ],
          [
            44.12030517,
            42.86867876
          ],
          [
            44.12029451,
            42.86868409
          ],
          [
            44.12028351,
            42.86868875
          ],
          [
            44.12027152,
            42.86869341
          ],
          [
            44.12025952,
            42.86869674
          ],
          [
            44.12024786,
            42.8686994
          ],
          [
            44.12023587,
            42.86870273
          ],
          [
            44.12022487,
            42.86870706
          ],
          [
            44.12021288,
            42.86871139
          ],
          [
            44.12020089,
            42.86871539
          ],
          [
            44.12018856,
            42.86871905
          ],
          [
            44.12017657,
            42.86872338
          ],
          [
            44.12016458,
            42.86872804
          ],
          [
            44.12015292,
            42.8687327
          ],
          [
            44.12014093,
            42.8687367
          ],
          [
            44.12012927,
            42.86874069
          ],
          [
            44.12011827,
            42.86874569
          ],
          [
            44.12010694,
            42.86875068
          ],
          [
            44.12009628,
            42.86875568
          ],
          [
            44.12008629,
            42.86876068
          ],
          [
            44.12007596,
            42.86876467
          ],
          [
            44.12006463,
            42.86876933
          ],
          [
            44.12005464,
            42.86877333
          ],
          [
            44.12004431,
            42.86877732
          ],
          [
            44.12003398,
            42.86878098
          ],
          [
            44.12002298,
            42.86878431
          ],
          [
            44.12001232,
            42.86878831
          ],
          [
            44.12000233,
            42.8687923
          ],
          [
            44.11999133,
            42.86879663
          ],
          [
            44.11998067,
            42.86880062
          ],
          [
            44.11997068,
            42.86880328
          ],
          [
            44.11995968,
            42.86880728
          ],
          [
            44.11994802,
            42.86881161
          ],
          [
            44.11993602,
            42.86881594
          ],
          [
            44.11992303,
            42.86882093
          ],
          [
            44.1199097,
            42.86882593
          ],
          [
            44.1198967,
            42.86883059
          ],
          [
            44.11988404,
            42.86883559
          ],
          [
            44.11987171,
            42.86884058
          ],
          [
            44.11985905,
            42.86884424
          ],
          [
            44.11984605,
            42.86884823
          ],
          [
            44.11983372,
            42.86885223
          ],
          [
            44.11982173,
            42.86885722
          ],
          [
            44.1198104,
            42.86886288
          ],
          [
            44.11979907,
            42.86886754
          ],
          [
            44.11978741,
            42.8688722
          ],
          [
            44.11977508,
            42.86887653
          ],
          [
            44.11976242,
            42.86888153
          ],
          [
            44.11975009,
            42.86888619
          ],
          [
            44.11973743,
            42.86889018
          ],
          [
            44.11972443,
            42.86889551
          ],
          [
            44.11971144,
            42.8688995
          ],
          [
            44.11969844,
            42.86890416
          ],
          [
            44.11968578,
            42.86890849
          ],
          [
            44.11967212,
            42.86891215
          ],
          [
            44.11965946,
            42.86891581
          ],
          [
            44.11964646,
            42.86891981
          ],
          [
            44.1196328,
            42.8689238
          ],
          [
            44.1196198,
            42.86892813
          ],
          [
            44.1196058,
            42.86893112
          ],
          [
            44.11959147,
            42.86893578
          ],
          [
            44.11957781,
            42.86894078
          ],
          [
            44.11956415,
            42.86894544
          ],
          [
            44.11955116,
            42.86895044
          ],
          [
            44.11953816,
            42.86895543
          ],
          [
            44.11952483,
            42.86896043
          ],
          [
            44.11951184,
            42.86896409
          ],
          [
            44.11949851,
            42.86896875
          ],
          [
            44.11948518,
            42.86897308
          ],
          [
            44.11947185,
            42.86897841
          ],
          [
            44.11945852,
            42.86898341
          ],
          [
            44.11944452,
            42.86898841
          ],
          [
            44.11943019,
            42.86899274
          ],
          [
            44.11941686,
            42.86899673
          ],
          [
            44.11940286,
            42.86900139
          ],
          [
            44.11938886,
            42.86900672
          ],
          [
            44.11937486,
            42.86901171
          ],
          [
            44.1193602,
            42.86901737
          ],
          [
            44.11934554,
            42.86902237
          ],
          [
            44.11933021,
            42.86902703
          ],
          [
            44.11931555,
            42.86903136
          ],
          [
            44.11930055,
            42.86903602
          ],
          [
            44.11928556,
            42.86903935
          ],
          [
            44.1192709,
            42.86904335
          ],
          [
            44.11925524,
            42.86904768
          ],
          [
            44.11923991,
            42.86905168
          ],
          [
            44.11922558,
            42.86905601
          ],
          [
            44.11921158,
            42.86906134
          ],
          [
            44.11919758,
            42.86906667
          ],
          [
            44.11918358,
            42.86907167
          ],
          [
            44.11916958,
            42.86907666
          ],
          [
            44.11915558,
            42.86908199
          ],
          [
            44.11914225,
            42.86908765
          ],
          [
            44.11912859,
            42.86909298
          ],
          [
            44.11911526,
            42.86909831
          ],
          [
            44.11910126,
            42.86910397
          ],
          [
            44.1190876,
            42.86910963
          ],
          [
            44.11907527,
            42.86911463
          ],
          [
            44.11906394,
            42.86911996
          ],
          [
            44.11905328,
            42.86912562
          ],
          [
            44.11904195,
            42.86913195
          ],
          [
            44.11903062,
            42.86913895
          ],
          [
            44.11901896,
            42.86914594
          ],
          [
            44.11900763,
            42.8691526
          ],
          [
            44.11899663,
            42.86915926
          ],
          [
            44.11898597,
            42.86916726
          ],
          [
            44.11897531,
            42.86917459
          ],
          [
            44.11896531,
            42.86918192
          ],
          [
            44.11895532,
            42.86918958
          ],
          [
            44.11894666,
            42.86919691
          ],
          [
            44.11893833,
            42.86920357
          ],
          [
            44.118929,
            42.86921123
          ],
          [
            44.11892101,
            42.86921989
          ],
          [
            44.11891335,
            42.86922822
          ],
          [
            44.11890702,
            42.86923755
          ],
          [
            44.11890102,
            42.86924688
          ],
          [
            44.11889469,
            42.86925587
          ],
          [
            44.11888836,
            42.86926587
          ],
          [
            44.11888303,
            42.86927586
          ],
          [
            44.1188787,
            42.86928652
          ],
          [
            44.1188747,
            42.86929685
          ],
          [
            44.11887171,
            42.86930718
          ],
          [
            44.11886805,
            42.86931718
          ],
          [
            44.11886439,
            42.86932818
          ],
          [
            44.11886073,
            42.86933918
          ],
          [
            44.1188574,
            42.86935051
          ],
          [
            44.11885374,
            42.86936284
          ],
          [
            44.11885108,
            42.86937483
          ],
          [
            44.11884809,
            42.86938716
          ],
          [
            44.11884576,
            42.86939915
          ],
          [
            44.1188431,
            42.86941114
          ],
          [
            44.11883977,
            42.86942314
          ],
          [
            44.11883744,
            42.8694348
          ],
          [
            44.11883478,
            42.86944613
          ],
          [
            44.11883112,
            42.86945713
          ],
          [
            44.11882746,
            42.86946879
          ],
          [
            44.1188248,
            42.86948012
          ],
          [
            44.11882247,
            42.86949178
          ],
          [
            44.11882047,
            42.86950344
          ],
          [
            44.11881981,
            42.86951577
          ],
          [
            44.11882014,
            42.86952776
          ],
          [
            44.11881948,
            42.86953942
          ],
          [
            44.11881948,
            42.86955141
          ],
          [
            44.11882048,
            42.86956307
          ],
          [
            44.11882248,
            42.86957473
          ],
          [
            44.11882514,
            42.86958606
          ],
          [
            44.11882714,
            42.86959739
          ],
          [
            44.1188298,
            42.86960805
          ],
          [
            44.11883346,
            42.86961905
          ],
          [
            44.11883746,
            42.86963038
          ],
          [
            44.11884279,
            42.86964204
          ],
          [
            44.11884779,
            42.86965337
          ],
          [
            44.11885412,
            42.86966503
          ],
          [
            44.11886212,
            42.86967669
          ],
          [
            44.11887078,
            42.86968769
          ],
          [
            44.11888011,
            42.86969768
          ],
          [
            44.11889077,
            42.86970667
          ],
          [
            44.1189021,
            42.86971633
          ],
          [
            44.11891276,
            42.86972532
          ],
          [
            44.11892376,
            42.86973431
          ],
          [
            44.11893509,
            42.86974297
          ],
          [
            44.11894742,
            42.86974997
          ],
          [
            44.11896008,
            42.86975696
          ],
          [
            44.11897208,
            42.86976362
          ],
          [
            44.11898541,
            42.86976995
          ],
          [
            44.11899941,
            42.86977628
          ],
          [
            44.11901274,
            42.86978261
          ],
          [
            44.1190244,
            42.86978994
          ],
          [
            44.11903573,
            42.86979694
          ],
          [
            44.11904473,
            42.8698046
          ],
          [
            44.11905439,
            42.8698116
          ],
          [
            44.11906472,
            42.86981926
          ],
          [
            44.11907505,
            42.86982659
          ],
          [
            44.11908605,
            42.86983425
          ],
          [
            44.11909705,
            42.86984158
          ],
          [
            44.11910838,
            42.86984858
          ],
          [
            44.11911971,
            42.86985624
          ],
          [
            44.11913137,
            42.8698639
          ],
          [
            44.1191437,
            42.86987123
          ],
          [
            44.11915569,
            42.86987889
          ],
          [
            44.11916802,
            42.86988688
          ],
          [
            44.11918035,
            42.86989454
          ],
          [
            44.11919168,
            42.86990287
          ],
          [
            44.11920234,
            42.86991186
          ],
          [
            44.119213,
            42.86992086
          ],
          [
            44.11922266,
            42.86993019
          ],
          [
            44.11923032,
            42.86993952
          ],
          [
            44.11923765,
            42.86994851
          ],
          [
            44.11924631,
            42.86995751
          ],
          [
            44.1192553,
            42.86996617
          ],
          [
            44.11926463,
            42.8699745
          ],
          [
            44.11927362,
            42.86998283
          ],
          [
            44.11928095,
            42.86999149
          ],
          [
            44.11928795,
            42.87000015
          ],
          [
            44.11929628,
            42.87000881
          ],
          [
            44.11930394,
            42.87001681
          ],
          [
            44.11931027,
            42.87002414
          ],
          [
            44.1193156,
            42.87003214
          ],
          [
            44.11932093,
            42.87004014
          ],
          [
            44.11932592,
            42.87004814
          ],
          [
            44.11933125,
            42.87005647
          ],
          [
            44.11933625,
            42.87006546
          ],
          [
            44.11934125,
            42.87007546
          ],
          [
            44.11934591,
            42.87008612
          ],
          [
            44.11935057,
            42.87009745
          ],
          [
            44.11935323,
            42.87010811
          ],
          [
            44.11935656,
            42.87011811
          ],
          [
            44.11935955,
            42.87012844
          ],
          [
            44.11936121,
            42.87013844
          ],
          [
            44.11936254,
            42.87014743
          ],
          [
            44.11936353,
            42.87015543
          ],
          [
            44.11936353,
            42.87016343
          ],
          [
            44.11936353,
            42.87017276
          ],
          [
            44.11936419,
            42.87018276
          ],
          [
            44.11936452,
            42.87019242
          ],
          [
            44.11936552,
            42.87020141
          ],
          [
            44.11936519,
            42.87021107
          ],
          [
            44.11936453,
            42.87022106
          ],
          [
            44.11936354,
            42.87023139
          ],
          [
            44.11936088,
            42.87024072
          ],
          [
            44.11935789,
            42.87025072
          ],
          [
            44.11935556,
            42.87026005
          ],
          [
            44.11935423,
            42.87026904
          ],
          [
            44.11935257,
            42.87027837
          ],
          [
            44.11935024,
            42.8702877
          ],
          [
            44.11934758,
            42.87029703
          ],
          [
            44.11934492,
            42.87030636
          ],
          [
            44.11934026,
            42.87031269
          ],
          [
            44.11933626,
            42.87031769
          ],
          [
            44.11933327,
            42.87032202
          ],
          [
            44.11933129,
            42.87032468
          ],
          [
            44.11932996,
            42.87032567
          ],
          [
            44.11932763,
            42.870329
          ],
          [
            44.11932464,
            42.87033499
          ],
          [
            44.11932165,
            42.87034098
          ],
          [
            44.11931832,
            42.87034731
          ],
          [
            44.11931599,
            42.87035397
          ],
          [
            44.11931366,
            42.8703593
          ],
          [
            44.11931233,
            42.87036296
          ],
          [
            44.119311,
            42.87036595
          ],
          [
            44.11930934,
            42.87036761
          ],
          [
            44.11930834,
            42.87036927
          ],
          [
            44.11930635,
            42.87037191
          ],
          [
            44.11930469,
            42.87037457
          ],
          [
            44.11930303,
            42.87037957
          ],
          [
            44.1193007,
            42.87038523
          ],
          [
            44.11929871,
            42.87039256
          ],
          [
            44.11929605,
            42.87040022
          ],
          [
            44.11929306,
            42.87040755
          ],
          [
            44.11929007,
            42.87041521
          ],
          [
            44.11928741,
            42.87042321
          ],
          [
            44.11928475,
            42.87043121
          ],
          [
            44.11928176,
            42.87043954
          ],
          [
            44.1192801,
            42.87044787
          ],
          [
            44.11927877,
            42.8704562
          ],
          [
            44.11927811,
            42.87046519
          ],
          [
            44.11927645,
            42.87047385
          ],
          [
            44.11927346,
            42.87048218
          ],
          [
            44.11927047,
            42.87049151
          ],
          [
            44.11926714,
            42.87050051
          ],
          [
            44.11926381,
            42.87050884
          ],
          [
            44.11926182,
            42.87051683
          ],
          [
            44.11925849,
            42.87052483
          ],
          [
            44.11925516,
            42.87053216
          ],
          [
            44.11925183,
            42.87053949
          ],
          [
            44.1192495,
            42.87054648
          ],
          [
            44.11924651,
            42.87055314
          ],
          [
            44.11924285,
            42.8705598
          ],
          [
            44.11923952,
            42.87056613
          ],
          [
            44.11923519,
            42.87057246
          ],
          [
            44.11923153,
            42.87057879
          ],
          [
            44.11922787,
            42.87058545
          ],
          [
            44.11922421,
            42.87059144
          ],
          [
            44.11922088,
            42.87059677
          ],
          [
            44.11921655,
            42.87060343
          ],
          [
            44.11921289,
            42.87061009
          ],
          [
            44.11920923,
            42.87061675
          ],
          [
            44.1192059,
            42.87062408
          ],
          [
            44.11920324,
            42.87063174
          ],
          [
            44.11920224,
            42.87063974
          ],
          [
            44.11920357,
            42.87064774
          ],
          [
            44.1192079,
            42.8706554
          ],
          [
            44.11921356,
            42.87066273
          ],
          [
            44.11922056,
            42.87066973
          ],
          [
            44.11922789,
            42.87067639
          ],
          [
            44.11923422,
            42.87068405
          ],
          [
            44.11923955,
            42.87069238
          ],
          [
            44.11924321,
            42.87070137
          ],
          [
            44.11924754,
            42.87071036
          ],
          [
            44.11925387,
            42.87071935
          ],
          [
            44.1192612,
            42.87072768
          ],
          [
            44.1192692,
            42.87073468
          ],
          [
            44.11927386,
            42.87073901
          ],
          [
            44.11927652,
            42.87074134
          ],
          [
            44.11927784,
            42.870743
          ],
          [
            44.11927817,
            42.87074167
          ],
          [
            44.11927718,
            42.87073968
          ],
          [
            44.11927319,
            42.87073868
          ],
          [
            44.11926753,
            42.87073569
          ],
          [
            44.1192592,
            42.87073103
          ],
          [
            44.11925054,
            42.8707247
          ],
          [
            44.11924121,
            42.87071737
          ],
          [
            44.11922955,
            42.87071138
          ],
          [
            44.11921589,
            42.87070605
          ],
          [
            44.11920189,
            42.87070105
          ],
          [
            44.11918789,
            42.87069672
          ],
          [
            44.11917356,
            42.87069339
          ],
          [
            44.1191589,
            42.87069073
          ],
          [
            44.11914357,
            42.87068907
          ],
          [
            44.11912924,
            42.8706904
          ],
          [
            44.11911758,
            42.8706944
          ],
          [
            44.11910892,
            42.87070006
          ],
          [
            44.11910026,
            42.87070605
          ],
          [
            44.1190926,
            42.87071238
          ],
          [
            44.11908461,
            42.87071871
          ],
          [
            44.11907695,
            42.87072604
          ],
          [
            44.11906862,
            42.87073303
          ],
          [
            44.11905996,
            42.87073902
          ],
          [
            44.11905097,
            42.87074535
          ],
          [
            44.11904197,
            42.87075168
          ],
          [
            44.11903364,
            42.87075834
          ],
          [
            44.11902431,
            42.87076433
          ],
          [
            44.11901498,
            42.87077133
          ],
          [
            44.11900665,
            42.87077732
          ],
          [
            44.11899732,
            42.87078432
          ],
          [
            44.11898866,
            42.87079198
          ],
          [
            44.11898066,
            42.87079864
          ],
          [
            44.11897266,
            42.87080297
          ],
          [
            44.11896533,
            42.8708073
          ],
          [
            44.11895667,
            42.87081163
          ],
          [
            44.11894701,
            42.87081696
          ],
          [
            44.11893735,
            42.87082196
          ],
          [
            44.11892602,
            42.87082662
          ],
          [
            44.11891469,
            42.87083128
          ],
          [
            44.11890303,
            42.87083561
          ],
          [
            44.11889203,
            42.87083927
          ],
          [
            44.1188817,
            42.8708436
          ],
          [
            44.11887171,
            42.87084826
          ],
          [
            44.11886405,
            42.87085359
          ],
          [
            44.11886006,
            42.87085759
          ],
          [
            44.11885773,
            42.87085992
          ],
          [
            44.11885376,
            42.87085993
          ],
          [
            44.11885043,
            42.87086059
          ],
          [
            44.11884544,
            42.87086158
          ],
          [
            44.11883844,
            42.87086424
          ],
          [
            44.11883011,
            42.87086857
          ],
          [
            44.11882178,
            42.87087256
          ],
          [
            44.11881279,
            42.87087689
          ],
          [
            44.11880313,
            42.87088155
          ],
          [
            44.11879447,
            42.87088621
          ],
          [
            44.11878514,
            42.8708902
          ],
          [
            44.11877515,
            42.87089453
          ],
          [
            44.11876549,
            42.87089852
          ],
          [
            44.11875583,
            42.87090318
          ],
          [
            44.1187465,
            42.87090717
          ],
          [
            44.11873684,
            42.87091016
          ],
          [
            44.11872651,
            42.87091416
          ],
          [
            44.11871685,
            42.87091849
          ],
          [
            44.11870719,
            42.87092215
          ],
          [
            44.11869753,
            42.87092448
          ],
          [
            44.11868687,
            42.87092648
          ],
          [
            44.11867654,
            42.87092848
          ],
          [
            44.11866621,
            42.87093114
          ],
          [
            44.11865621,
            42.8709328
          ],
          [
            44.11864555,
            42.8709348
          ],
          [
            44.11863355,
            42.8709368
          ],
          [
            44.11862322,
            42.87093813
          ],
          [
            44.11861222,
            42.87093946
          ],
          [
            44.11860122,
            42.87094212
          ],
          [
            44.11859089,
            42.87094511
          ],
          [
            44.11858156,
            42.87094777
          ],
          [
            44.11857156,
            42.87094943
          ],
          [
            44.11856056,
            42.87095143
          ],
          [
            44.11855057,
            42.87095409
          ],
          [
            44.11854158,
            42.87095642
          ],
          [
            44.11853192,
            42.87095908
          ],
          [
            44.11852226,
            42.87096274
          ],
          [
            44.11851226,
            42.87096673
          ],
          [
            44.1185026,
            42.87097073
          ],
          [
            44.1184926,
            42.87097439
          ],
          [
            44.11848194,
            42.87097772
          ],
          [
            44.11847228,
            42.87098172
          ],
          [
            44.11846162,
            42.87098505
          ],
          [
            44.11845163,
            42.87098904
          ],
          [
            44.11844263,
            42.87099337
          ],
          [
            44.1184333,
            42.87099703
          ],
          [
            44.11842431,
            42.87100103
          ],
          [
            44.11841498,
            42.87100302
          ],
          [
            44.11840498,
            42.87100502
          ],
          [
            44.11839465,
            42.87100835
          ],
          [
            44.11838499,
            42.87101101
          ],
          [
            44.11837566,
            42.87101301
          ],
          [
            44.118365,
            42.87101501
          ],
          [
            44.11835467,
            42.871017
          ],
          [
            44.11834401,
            42.87101866
          ],
          [
            44.11833468,
            42.87102032
          ],
          [
            44.11832535,
            42.87102298
          ],
          [
            44.11831502,
            42.87102564
          ],
          [
            44.11830402,
            42.87102797
          ],
          [
            44.11829369,
            42.87103063
          ],
          [
            44.11828403,
            42.87103362
          ],
          [
            44.11827537,
            42.87103661
          ],
          [
            44.11826704,
            42.87104061
          ],
          [
            44.11825938,
            42.87104427
          ],
          [
            44.11825205,
            42.8710476
          ],
          [
            44.11824505,
            42.87105026
          ],
          [
            44.11823972,
            42.87105259
          ],
          [
            44.11823639,
            42.87105392
          ],
          [
            44.11823439,
            42.87105491
          ],
          [
            44.11823141,
            42.87105524
          ],
          [
            44.11822942,
            42.87105491
          ],
          [
            44.11822409,
            42.87105491
          ],
          [
            44.1182181,
            42.87105524
          ],
          [
            44.11821277,
            42.87105623
          ],
          [
            44.11820877,
            42.87105756
          ],
          [
            44.11820578,
            42.87105855
          ],
          [
            44.11820312,
            42.87105888
          ],
          [
            44.11820079,
            42.87105954
          ],
          [
            44.11819913,
            42.8710602
          ],
          [
            44.1181948,
            42.87106119
          ],
          [
            44.11818947,
            42.87106319
          ],
          [
            44.11818281,
            42.87106652
          ],
          [
            44.11817481,
            42.87107018
          ],
          [
            44.11816582,
            42.87107384
          ],
          [
            44.11815749,
            42.8710775
          ],
          [
            44.11814916,
            42.87108183
          ],
          [
            44.1181425,
            42.87108549
          ],
          [
            44.11813951,
            42.87108782
          ],
          [
            44.11813951,
            42.87109115
          ],
          [
            44.11813951,
            42.87109514
          ],
          [
            44.11813751,
            42.87109947
          ],
          [
            44.11813385,
            42.87110413
          ],
          [
            44.11812819,
            42.87110913
          ],
          [
            44.11812086,
            42.87111446
          ],
          [
            44.11811286,
            42.87112045
          ],
          [
            44.11810486,
            42.87112611
          ],
          [
            44.1180962,
            42.8711321
          ],
          [
            44.11808687,
            42.87113843
          ],
          [
            44.11807788,
            42.87114676
          ],
          [
            44.11806855,
            42.87115542
          ],
          [
            44.11805922,
            42.87116375
          ],
          [
            44.11804922,
            42.87117174
          ],
          [
            44.11803956,
            42.87117974
          ],
          [
            44.11802957,
            42.87118674
          ],
          [
            44.11801891,
            42.87119474
          ],
          [
            44.11800858,
            42.87120107
          ],
          [
            44.11799692,
            42.87120573
          ],
          [
            44.11798493,
            42.87120672
          ],
          [
            44.1179716,
            42.87120506
          ],
          [
            44.11795894,
            42.87120207
          ],
          [
            44.11794595,
            42.87119974
          ],
          [
            44.11793462,
            42.87120107
          ],
          [
            44.11792662,
            42.87120706
          ],
          [
            44.11792396,
            42.87121672
          ],
          [
            44.11792297,
            42.87122705
          ],
          [
            44.11792164,
            42.87123805
          ],
          [
            44.11791865,
            42.87124871
          ],
          [
            44.11791365,
            42.87125804
          ],
          [
            44.11790632,
            42.8712667
          ],
          [
            44.11789632,
            42.8712737
          ],
          [
            44.11788499,
            42.87128003
          ],
          [
            44.117875,
            42.87128636
          ],
          [
            44.11786567,
            42.87129269
          ],
          [
            44.11785668,
            42.87129935
          ],
          [
            44.11784868,
            42.87130468
          ],
          [
            44.11784368,
            42.87130801
          ],
          [
            44.11784102,
            42.87131001
          ],
          [
            44.11783605,
            42.87131034
          ],
          [
            44.11783306,
            42.871314
          ],
          [
            44.11782773,
            42.871319
          ],
          [
            44.11782073,
            42.87132433
          ],
          [
            44.1178124,
            42.87133099
          ],
          [
            44.11780341,
            42.87133899
          ],
          [
            44.11779342,
            42.87134732
          ],
          [
            44.11778109,
            42.87135498
          ],
          [
            44.11776876,
            42.87136197
          ],
          [
            44.1177571,
            42.87136963
          ],
          [
            44.11774544,
            42.87137796
          ],
          [
            44.11773445,
            42.87138596
          ],
          [
            44.11772412,
            42.87139395
          ],
          [
            44.11771279,
            42.87140195
          ],
          [
            44.11770179,
            42.87141028
          ],
          [
            44.11769013,
            42.87141861
          ],
          [
            44.11767747,
            42.8714276
          ],
          [
            44.11766481,
            42.87143693
          ],
          [
            44.11765282,
            42.87144626
          ],
          [
            44.11764182,
            42.87145626
          ],
          [
            44.11762982,
            42.87146559
          ],
          [
            44.11761783,
            42.87147425
          ],
          [
            44.11760617,
            42.87148358
          ],
          [
            44.11759418,
            42.87149257
          ],
          [
            44.11758252,
            42.8715019
          ],
          [
            44.11757086,
            42.87151156
          ],
          [
            44.1175592,
            42.87152122
          ],
          [
            44.11754687,
            42.87153055
          ],
          [
            44.11753421,
            42.87153855
          ],
          [
            44.11752155,
            42.87154688
          ],
          [
            44.11750889,
            42.87155587
          ],
          [
            44.11749823,
            42.8715652
          ],
          [
            44.1174869,
            42.87157553
          ],
          [
            44.11747557,
            42.87158586
          ],
          [
            44.11746324,
            42.87159519
          ],
          [
            44.11744991,
            42.87160352
          ],
          [
            44.11743658,
            42.87161251
          ],
          [
            44.11742392,
            42.87162184
          ],
          [
            44.11741093,
            42.8716315
          ],
          [
            44.11739793,
            42.87164049
          ],
          [
            44.11738493,
            42.87164982
          ],
          [
            44.11737227,
            42.87165982
          ],
          [
            44.11735994,
            42.87166881
          ],
          [
            44.11734728,
            42.87167747
          ],
          [
            44.11733595,
            42.8716868
          ],
          [
            44.11732529,
            42.87169646
          ],
          [
            44.11731663,
            42.87170545
          ],
          [
            44.1173073,
            42.87171444
          ],
          [
            44.11729764,
            42.87172244
          ],
          [
            44.11728798,
            42.87172977
          ],
          [
            44.11727732,
            42.87173743
          ],
          [
            44.11726833,
            42.87174609
          ],
          [
            44.11726167,
            42.87175475
          ],
          [
            44.11725701,
            42.87176374
          ],
          [
            44.11725301,
            42.87177207
          ],
          [
            44.11724968,
            42.87177873
          ],
          [
            44.11724802,
            42.87178506
          ],
          [
            44.11724602,
            42.87179006
          ],
          [
            44.11724569,
            42.87179372
          ],
          [
            44.11724503,
            42.87179705
          ],
          [
            44.11724303,
            42.87180071
          ],
          [
            44.1172417,
            42.87180337
          ],
          [
            44.11723905,
            42.87180668
          ],
          [
            44.11723739,
            42.87180768
          ],
          [
            44.11723606,
            42.87180901
          ],
          [
            44.11723307,
            42.87181034
          ],
          [
            44.11723041,
            42.87181134
          ],
          [
            44.11722808,
            42.87181233
          ],
          [
            44.11722608,
            42.87181299
          ],
          [
            44.11722442,
            42.87181365
          ],
          [
            44.1172178,
            42.87181299
          ],
          [
            44.11721614,
            42.87181299
          ],
          [
            44.11721315,
            42.87181266
          ],
          [
            44.11720982,
            42.87181266
          ],
          [
            44.11720816,
            42.87181266
          ],
          [
            44.11720583,
            42.87181266
          ],
          [
            44.11720217,
            42.87181266
          ],
          [
            44.11719651,
            42.87181266
          ],
          [
            44.11718818,
            42.871812
          ],
          [
            44.11717819,
            42.87181067
          ],
          [
            44.11716586,
            42.87181001
          ],
          [
            44.1171522,
            42.87181234
          ],
          [
            44.11713954,
            42.87181634
          ],
          [
            44.11712788,
            42.87182233
          ],
          [
            44.11711688,
            42.87182832
          ],
          [
            44.11710555,
            42.87183531
          ],
          [
            44.11709489,
            42.87184331
          ],
          [
            44.11708389,
            42.87185164
          ],
          [
            44.11707256,
            42.87185964
          ],
          [
            44.1170609,
            42.8718673
          ],
          [
            44.1170479,
            42.87187463
          ],
          [
            44.11703491,
            42.87188229
          ],
          [
            44.11702258,
            42.87189029
          ],
          [
            44.11701092,
            42.87189928
          ],
          [
            44.11700059,
            42.87190794
          ],
          [
            44.11699126,
            42.87191627
          ],
          [
            44.1169836,
            42.8719246
          ],
          [
            44.1169756,
            42.8719316
          ],
          [
            44.11696727,
            42.87193859
          ],
          [
            44.11695861,
            42.87194559
          ],
          [
            44.11694928,
            42.87195225
          ],
          [
            44.11694029,
            42.87195958
          ],
          [
            44.11693096,
            42.87196657
          ],
          [
            44.11692063,
            42.8719739
          ],
          [
            44.11690997,
            42.87198123
          ],
          [
            44.11689898,
            42.87198823
          ],
          [
            44.11688765,
            42.87199656
          ],
          [
            44.11687532,
            42.87200422
          ],
          [
            44.11686333,
            42.87201222
          ],
          [
            44.11685134,
            42.87201955
          ],
          [
            44.11684034,
            42.87202721
          ],
          [
            44.11682968,
            42.8720352
          ],
          [
            44.11681868,
            42.87204353
          ],
          [
            44.11680735,
            42.87205186
          ],
          [
            44.11679602,
            42.87205919
          ],
          [
            44.11678436,
            42.87206719
          ],
          [
            44.1167727,
            42.87207519
          ],
          [
            44.11676137,
            42.87208318
          ],
          [
            44.11675004,
            42.87209151
          ],
          [
            44.11673871,
            42.87210051
          ],
          [
            44.11672805,
            42.87210984
          ],
          [
            44.11671705,
            42.87211883
          ],
          [
            44.11670572,
            42.87212749
          ],
          [
            44.11669373,
            42.87213515
          ],
          [
            44.11668173,
            42.87214281
          ],
          [
            44.1166704,
            42.87215114
          ],
          [
            44.11665841,
            42.8721588
          ],
          [
            44.11664675,
            42.87216746
          ],
          [
            44.11663409,
            42.87217612
          ],
          [
            44.1166221,
            42.87218445
          ],
          [
            44.11660944,
            42.87219244
          ],
          [
            44.11659711,
            42.87220044
          ],
          [
            44.11658445,
            42.87220844
          ],
          [
            44.11657145,
            42.87221677
          ],
          [
            44.11655845,
            42.87222477
          ],
          [
            44.11654546,
            42.87223243
          ],
          [
            44.11653213,
            42.87224009
          ],
          [
            44.1165188,
            42.87224842
          ],
          [
            44.11650547,
            42.87225575
          ],
          [
            44.11649281,
            42.87226408
          ],
          [
            44.11648048,
            42.87227274
          ],
          [
            44.11646848,
            42.87228173
          ],
          [
            44.11645749,
            42.87229072
          ],
          [
            44.11644616,
            42.87229872
          ],
          [
            44.11643383,
            42.87230605
          ],
          [
            44.11642184,
            42.87231371
          ],
          [
            44.11641118,
            42.87232171
          ],
          [
            44.11640052,
            42.87232971
          ],
          [
            44.11638853,
            42.87233804
          ],
          [
            44.11637654,
            42.87234504
          ],
          [
            44.11636488,
            42.87235203
          ],
          [
            44.11635488,
            42.87235936
          ],
          [
            44.11634455,
            42.87236635
          ],
          [
            44.11633456,
            42.87237335
          ],
          [
            44.11632223,
            42.87238001
          ],
          [
            44.1163089,
            42.872386
          ],
          [
            44.11629624,
            42.872393
          ],
          [
            44.11628325,
            42.87240066
          ],
          [
            44.11627092,
            42.87240799
          ],
          [
            44.11625826,
            42.87241498
          ],
          [
            44.11624526,
            42.87242231
          ],
          [
            44.11623193,
            42.87242897
          ],
          [
            44.1162196,
            42.87243563
          ],
          [
            44.1162066,
            42.87244162
          ],
          [
            44.11619361,
            42.87244628
          ],
          [
            44.11618095,
            42.87245261
          ],
          [
            44.11616962,
            42.8724596
          ],
          [
            44.11615729,
            42.87246593
          ],
          [
            44.1161453,
            42.87247159
          ],
          [
            44.11613297,
            42.87247725
          ],
          [
            44.11611931,
            42.87248124
          ],
          [
            44.11610531,
            42.87248423
          ],
          [
            44.11608965,
            42.87248589
          ],
          [
            44.11607266,
            42.87248722
          ],
          [
            44.116055,
            42.87248788
          ],
          [
            44.11603667,
            42.87248821
          ],
          [
            44.11601901,
            42.87248954
          ],
          [
            44.11600101,
            42.8724912
          ],
          [
            44.11598402,
            42.87249286
          ],
          [
            44.11596736,
            42.87249519
          ],
          [
            44.1159507,
            42.87249785
          ],
          [
            44.11593404,
            42.87250084
          ],
          [
            44.11591671,
            42.87250383
          ],
          [
            44.11589972,
            42.87250649
          ],
          [
            44.11588273,
            42.87250915
          ],
          [
            44.11586607,
            42.87251148
          ],
          [
            44.11584908,
            42.87251381
          ],
          [
            44.11583175,
            42.87251547
          ],
          [
            44.11581409,
            42.87251813
          ],
          [
            44.11579676,
            42.87251946
          ],
          [
            44.11577977,
            42.87252112
          ],
          [
            44.11576211,
            42.87252278
          ],
          [
            44.11574512,
            42.87252377
          ],
          [
            44.11572813,
            42.8725251
          ],
          [
            44.11571047,
            42.87252643
          ],
          [
            44.11569348,
            42.87252742
          ],
          [
            44.11567615,
            42.87252709
          ],
          [
            44.11565949,
            42.87252643
          ],
          [
            44.11564283,
            42.87252443
          ],
          [
            44.11562617,
            42.8725221
          ],
          [
            44.11560984,
            42.87251844
          ],
          [
            44.11559385,
            42.87251511
          ],
          [
            44.11557719,
            42.87251178
          ],
          [
            44.11556153,
            42.87250779
          ],
          [
            44.1155452,
            42.87250279
          ],
          [
            44.11552954,
            42.87249713
          ],
          [
            44.11551421,
            42.87249247
          ],
          [
            44.11549888,
            42.87248747
          ],
          [
            44.11548288,
            42.87248281
          ],
          [
            44.11546822,
            42.87247681
          ],
          [
            44.11545323,
            42.87247015
          ],
          [
            44.1154379,
            42.87246416
          ],
          [
            44.11542324,
            42.8724585
          ],
          [
            44.11541091,
            42.87245317
          ],
          [
            44.11540425,
            42.87245018
          ],
          [
            44.11540026,
            42.87244818
          ],
          [
            44.11539793,
            42.87244752
          ],
          [
            44.11538372,
            42.87244455
          ],
          [
            44.11538139,
            42.87244255
          ],
          [
            44.1153774,
            42.87243956
          ],
          [
            44.11536874,
            42.8724359
          ],
          [
            44.11535841,
            42.87243157
          ],
          [
            44.11534675,
            42.87242658
          ],
          [
            44.11533375,
            42.87242025
          ],
          [
            44.11532142,
            42.87241292
          ],
          [
            44.11530809,
            42.87240592
          ],
          [
            44.11529476,
            42.87239893
          ],
          [
            44.11528076,
            42.87239227
          ],
          [
            44.1152661,
            42.87238561
          ],
          [
            44.1152521,
            42.87237828
          ],
          [
            44.11523844,
            42.87237095
          ],
          [
            44.11522478,
            42.87236429
          ],
          [
            44.11521078,
            42.8723573
          ],
          [
            44.11519779,
            42.87235064
          ],
          [
            44.11518379,
            42.87234398
          ],
          [
            44.11517013,
            42.87233765
          ],
          [
            44.1151558,
            42.87233132
          ],
          [
            44.11514114,
            42.87232499
          ],
          [
            44.11512714,
            42.87231933
          ],
          [
            44.11511214,
            42.87231434
          ],
          [
            44.11509715,
            42.87231034
          ],
          [
            44.11508249,
            42.87230501
          ],
          [
            44.11506783,
            42.87229968
          ],
          [
            44.1150525,
            42.87229402
          ],
          [
            44.11503684,
            42.87228869
          ],
          [
            44.11502051,
            42.87228336
          ],
          [
            44.11500418,
            42.8722797
          ],
          [
            44.11498752,
            42.87227604
          ],
          [
            44.11497152,
            42.87227238
          ],
          [
            44.11495619,
            42.87226838
          ],
          [
            44.11494086,
            42.87226239
          ],
          [
            44.11492487,
            42.87225706
          ],
          [
            44.11490887,
            42.87225173
          ],
          [
            44.11489388,
            42.87224574
          ],
          [
            44.11487955,
            42.87223908
          ],
          [
            44.11486489,
            42.87223275
          ],
          [
            44.11485089,
            42.87222742
          ],
          [
            44.11483523,
            42.87222242
          ],
          [
            44.1148189,
            42.87221976
          ],
          [
            44.11480191,
            42.87221743
          ],
          [
            44.11478492,
            42.87221444
          ],
          [
            44.11476892,
            42.87221145
          ],
          [
            44.11475259,
            42.87220912
          ],
          [
            44.11473693,
            42.87220713
          ],
          [
            44.11471994,
            42.87220447
          ],
          [
            44.11470295,
            42.87220148
          ],
          [
            44.11468629,
            42.87219848
          ],
          [
            44.11466963,
            42.87219682
          ],
          [
            44.1146523,
            42.87219549
          ],
          [
            44.11463464,
            42.87219416
          ],
          [
            44.11461798,
            42.8721935
          ],
          [
            44.11460132,
            42.8721925
          ],
          [
            44.11458466,
            42.87219117
          ],
          [
            44.114568,
            42.87218884
          ],
          [
            44.11455134,
            42.87218618
          ],
          [
            44.11453335,
            42.87218418
          ],
          [
            44.11451602,
            42.87218185
          ],
          [
            44.11449803,
            42.87217952
          ],
          [
            44.1144807,
            42.87217719
          ],
          [
            44.11446437,
            42.87217453
          ],
          [
            44.11444771,
            42.8721722
          ],
          [
            44.11443138,
            42.8721702
          ],
          [
            44.11441405,
            42.87216787
          ],
          [
            44.11439639,
            42.87216554
          ],
          [
            44.11437839,
            42.87216354
          ],
          [
            44.11436006,
            42.87216154
          ],
          [
            44.11434207,
            42.87215988
          ],
          [
            44.11432374,
            42.87215955
          ],
          [
            44.11430541,
            42.87215922
          ],
          [
            44.11428875,
            42.87215856
          ],
          [
            44.11427242,
            42.8721559
          ],
          [
            44.11425676,
            42.87215191
          ],
          [
            44.11424077,
            42.87214725
          ],
          [
            44.11422311,
            42.87214392
          ],
          [
            44.11420512,
            42.87214192
          ],
          [
            44.11418746,
            42.87213959
          ],
          [
            44.11417047,
            42.87213593
          ],
          [
            44.11415348,
            42.87213194
          ],
          [
            44.11413682,
            42.87212794
          ],
          [
            44.11411983,
            42.87212461
          ],
          [
            44.11410383,
            42.87212028
          ],
          [
            44.11408817,
            42.87211595
          ],
          [
            44.11407218,
            42.87211095
          ],
          [
            44.11405585,
            42.87210629
          ],
          [
            44.11403952,
            42.87210129
          ],
          [
            44.11402319,
            42.87209629
          ],
          [
            44.11400653,
            42.87209129
          ],
          [
            44.11398987,
            42.87208696
          ],
          [
            44.11397254,
            42.8720833
          ],
          [
            44.11395621,
            42.87207864
          ],
          [
            44.11393988,
            42.87207464
          ],
          [
            44.11392255,
            42.87207131
          ],
          [
            44.11390622,
            42.87206698
          ],
          [
            44.11388989,
            42.87206232
          ],
          [
            44.11387389,
            42.87205699
          ],
          [
            44.11385756,
            42.87205199
          ],
          [
            44.11384123,
            42.87204766
          ],
          [
            44.1138249,
            42.87204366
          ],
          [
            44.11380957,
            42.872039
          ],
          [
            44.11379557,
            42.87203301
          ],
          [
            44.11378157,
            42.87202701
          ],
          [
            44.11376624,
            42.87202102
          ],
          [
            44.11375091,
            42.87201569
          ],
          [
            44.11373592,
            42.87201036
          ],
          [
            44.11372093,
            42.8720047
          ],
          [
            44.11370527,
            42.87199904
          ],
          [
            44.11369028,
            42.87199238
          ],
          [
            44.11367529,
            42.87198505
          ],
          [
            44.11366129,
            42.87197739
          ],
          [
            44.11364629,
            42.87197073
          ],
          [
            44.11363096,
            42.87196474
          ],
          [
            44.11361663,
            42.87195875
          ],
          [
            44.11360197,
            42.87195276
          ],
          [
            44.11358664,
            42.8719481
          ],
          [
            44.11357064,
            42.87194511
          ],
          [
            44.11355431,
            42.87194278
          ],
          [
            44.11353865,
            42.87193945
          ],
          [
            44.11352332,
            42.87193479
          ],
          [
            44.11350799,
            42.87192913
          ],
          [
            44.113493,
            42.87192314
          ],
          [
            44.11347834,
            42.87191648
          ],
          [
            44.11346368,
            42.87190882
          ],
          [
            44.11344835,
            42.87190216
          ],
          [
            44.11343169,
            42.87189716
          ],
          [
            44.11341503,
            42.87189117
          ],
          [
            44.11339837,
            42.87188584
          ],
          [
            44.11338171,
            42.87188118
          ],
          [
            44.11336438,
            42.87187752
          ],
          [
            44.11334739,
            42.87187619
          ],
          [
            44.11333173,
            42.87187619
          ],
          [
            44.11331907,
            42.87187819
          ],
          [
            44.11331041,
            42.87188052
          ],
          [
            44.11330641,
            42.87188318
          ],
          [
            44.11330442,
            42.87188684
          ],
          [
            44.11330409,
            42.87189183
          ],
          [
            44.11330309,
            42.87189749
          ],
          [
            44.1133021,
            42.87190282
          ],
          [
            44.11330144,
            42.87190748
          ],
          [
            44.11329878,
            42.87191214
          ],
          [
            44.11329612,
            42.87191613
          ],
          [
            44.11329412,
            42.87192079
          ],
          [
            44.11329279,
            42.87192478
          ],
          [
            44.11329179,
            42.87192844
          ],
          [
            44.11329179,
            42.87193277
          ],
          [
            44.11329179,
            42.8719361
          ],
          [
            44.11329179,
            42.87193943
          ],
          [
            44.11329245,
            42.87194176
          ],
          [
            44.11329311,
            42.87194474
          ],
          [
            44.11329477,
            42.87194707
          ],
          [
            44.11329677,
            42.87195073
          ],
          [
            44.11329877,
            42.87195406
          ],
          [
            44.11330276,
            42.87195605
          ],
          [
            44.11330575,
            42.87195738
          ],
          [
            44.11330741,
            42.87195804
          ],
          [
            44.11330874,
            42.87195804
          ],
          [
            44.11330874,
            42.87195638
          ],
          [
            44.11330775,
            42.87195472
          ],
          [
            44.11330542,
            42.87195339
          ],
          [
            44.11330342,
            42.87195173
          ],
          [
            44.11330143,
            42.87194907
          ],
          [
            44.11329877,
            42.87194641
          ],
          [
            44.11329744,
            42.87194408
          ],
          [
            44.11329777,
            42.87194142
          ],
          [
            44.1132981,
            42.87193909
          ],
          [
            44.11329876,
            42.87193709
          ],
          [
            44.11329942,
            42.87193443
          ],
          [
            44.11330108,
            42.87193177
          ],
          [
            44.11330341,
            42.87192944
          ],
          [
            44.11330541,
            42.87192611
          ],
          [
            44.11330741,
            42.87192178
          ],
          [
            44.11330774,
            42.87191612
          ],
          [
            44.11330873,
            42.87190946
          ],
          [
            44.11331006,
            42.87190213
          ],
          [
            44.11330873,
            42.87189413
          ],
          [
            44.11330407,
            42.87188613
          ],
          [
            44.11329641,
            42.87187814
          ],
          [
            44.11328641,
            42.87187114
          ],
          [
            44.11327508,
            42.87186448
          ],
          [
            44.11326375,
            42.87185849
          ],
          [
            44.11325176,
            42.87185483
          ],
          [
            44.11323977,
            42.87185384
          ],
          [
            44.11322877,
            42.87185584
          ],
          [
            44.11322011,
            42.87185983
          ],
          [
            44.11321278,
            42.87186249
          ],
          [
            44.11320478,
            42.87186249
          ],
          [
            44.11319579,
            42.87186116
          ],
          [
            44.11318413,
            42.87185883
          ],
          [
            44.11317113,
            42.87185883
          ],
          [
            44.11315814,
            42.87185982
          ],
          [
            44.11314814,
            42.87185949
          ],
          [
            44.11314085,
            42.87186081
          ],
          [
            44.11313719,
            42.87186015
          ],
          [
            44.1131312,
            42.87185949
          ],
          [
            44.1131232,
            42.87185949
          ],
          [
            44.11311421,
            42.87185916
          ],
          [
            44.11310455,
            42.87185916
          ],
          [
            44.11309489,
            42.87185916
          ],
          [
            44.11308356,
            42.87185916
          ],
          [
            44.11307223,
            42.87185783
          ],
          [
            44.11305957,
            42.87185684
          ],
          [
            44.11304524,
            42.87185651
          ],
          [
            44.11302991,
            42.87185618
          ],
          [
            44.11301391,
            42.87185552
          ],
          [
            44.11299858,
            42.87185419
          ],
          [
            44.11298325,
            42.87185286
          ],
          [
            44.11296825,
            42.87185153
          ],
          [
            44.11295292,
            42.87184987
          ],
          [
            44.11293726,
            42.87184821
          ],
          [
            44.1129206,
            42.87184522
          ],
          [
            44.11290394,
            42.87184289
          ],
          [
            44.11288795,
            42.87184089
          ],
          [
            44.11287229,
            42.87183756
          ],
          [
            44.11285629,
            42.87183357
          ],
          [
            44.1128413,
            42.87182791
          ],
          [
            44.11282631,
            42.87182192
          ],
          [
            44.11281065,
            42.87181559
          ],
          [
            44.11279532,
            42.87180893
          ],
          [
            44.11277999,
            42.87180327
          ],
          [
            44.112765,
            42.87179761
          ],
          [
            44.11274967,
            42.87179228
          ],
          [
            44.11273467,
            42.87178662
          ],
          [
            44.11271968,
            42.87178096
          ],
          [
            44.11270402,
            42.87177563
          ],
          [
            44.11268869,
            42.8717713
          ],
          [
            44.11267403,
            42.87176697
          ],
          [
            44.11265937,
            42.87176331
          ],
          [
            44.11264438,
            42.87175965
          ],
          [
            44.11262972,
            42.87175566
          ],
          [
            44.11261473,
            42.87175133
          ],
          [
            44.11259973,
            42.87174667
          ],
          [
            44.11258474,
            42.87174234
          ],
          [
            44.11257041,
            42.87173801
          ],
          [
            44.11255508,
            42.87173335
          ],
          [
            44.11253942,
            42.87172902
          ],
          [
            44.11252442,
            42.87172436
          ],
          [
            44.11250976,
            42.8717197
          ],
          [
            44.11249543,
            42.87171504
          ],
          [
            44.11248077,
            42.87170938
          ],
          [
            44.11246544,
            42.87170405
          ],
          [
            44.11244944,
            42.87169972
          ],
          [
            44.11243311,
            42.87169506
          ],
          [
            44.11241678,
            42.87169007
          ],
          [
            44.11239945,
            42.87168574
          ],
          [
            44.11238279,
            42.87168141
          ],
          [
            44.1123658,
            42.87167741
          ],
          [
            44.1123498,
            42.87167275
          ],
          [
            44.11233347,
            42.87166809
          ],
          [
            44.11231781,
            42.87166343
          ],
          [
            44.11230148,
            42.87165843
          ],
          [
            44.11228515,
            42.8716541
          ],
          [
            44.11226916,
            42.87164977
          ],
          [
            44.11225283,
            42.87164478
          ],
          [
            44.11223817,
            42.87163945
          ],
          [
            44.11222251,
            42.87163479
          ],
          [
            44.11220785,
            42.87162979
          ],
          [
            44.11219219,
            42.87162513
          ],
          [
            44.1121762,
            42.87162013
          ],
          [
            44.11215987,
            42.87161513
          ],
          [
            44.11214421,
            42.87161013
          ],
          [
            44.11212955,
            42.87160513
          ],
          [
            44.11211389,
            42.87160014
          ],
          [
            44.11209723,
            42.87159614
          ],
          [
            44.11208123,
            42.87159081
          ],
          [
            44.1120649,
            42.87158548
          ],
          [
            44.11204857,
            42.87158049
          ],
          [
            44.11203191,
            42.87157549
          ],
          [
            44.11201558,
            42.87157049
          ],
          [
            44.11199892,
            42.87156616
          ],
          [
            44.11198159,
            42.8715615
          ],
          [
            44.11196459,
            42.8715565
          ],
          [
            44.1119476,
            42.87155184
          ],
          [
            44.11193061,
            42.87154751
          ],
          [
            44.11191395,
            42.87154385
          ],
          [
            44.11189729,
            42.87153919
          ],
          [
            44.11187996,
            42.8715362
          ],
          [
            44.11186297,
            42.87153287
          ],
          [
            44.11184531,
            42.87153021
          ],
          [
            44.11182798,
            42.87152788
          ],
          [
            44.11181065,
            42.87152522
          ],
          [
            44.11179332,
            42.87152289
          ],
          [
            44.11177599,
            42.87152089
          ],
          [
            44.11175933,
            42.87151856
          ],
          [
            44.11174267,
            42.87151623
          ],
          [
            44.11172534,
            42.8715149
          ],
          [
            44.11170735,
            42.87151391
          ],
          [
            44.11169002,
            42.87151358
          ],
          [
            44.11167303,
            42.87151391
          ],
          [
            44.11165604,
            42.8715149
          ],
          [
            44.11164004,
            42.8715159
          ],
          [
            44.11162371,
            42.87151756
          ],
          [
            44.11160705,
            42.87151889
          ],
          [
            44.11159006,
            42.87152055
          ],
          [
            44.1115724,
            42.87152288
          ],
          [
            44.11155507,
            42.87152554
          ],
          [
            44.11153808,
            42.87152853
          ],
          [
            44.11152109,
            42.87153086
          ],
          [
            44.11150443,
            42.87153352
          ],
          [
            44.11148777,
            42.87153552
          ],
          [
            44.11147011,
            42.87153751
          ],
          [
            44.11145378,
            42.8715405
          ],
          [
            44.11143712,
            42.87154349
          ],
          [
            44.11142046,
            42.87154649
          ],
          [
            44.11140413,
            42.87154982
          ],
          [
            44.11138747,
            42.87155215
          ],
          [
            44.11137081,
            42.87155514
          ],
          [
            44.11135415,
            42.8715578
          ],
          [
            44.11133682,
            42.87156046
          ],
          [
            44.11131983,
            42.87156345
          ],
          [
            44.11130284,
            42.87156644
          ],
          [
            44.11128651,
            42.87157043
          ],
          [
            44.11127085,
            42.87157309
          ],
          [
            44.11125485,
            42.87157642
          ],
          [
            44.11123919,
            42.87157908
          ],
          [
            44.11122319,
            42.87158108
          ],
          [
            44.11120786,
            42.87158374
          ],
          [
            44.11119186,
            42.87158607
          ],
          [
            44.1111752,
            42.87158806
          ],
          [
            44.11115954,
            42.87159006
          ],
          [
            44.11114388,
            42.87159172
          ],
          [
            44.11112855,
            42.87159338
          ],
          [
            44.11111289,
            42.87159604
          ],
          [
            44.11109756,
            42.87159804
          ],
          [
            44.11108157,
            42.8715997
          ],
          [
            44.11106524,
            42.87160169
          ],
          [
            44.11104958,
            42.87160335
          ],
          [
            44.11103425,
            42.87160601
          ],
          [
            44.11101892,
            42.87160734
          ],
          [
            44.11100393,
            42.87160967
          ],
          [
            44.1109886,
            42.87161167
          ],
          [
            44.1109736,
            42.87161333
          ],
          [
            44.11095794,
            42.87161499
          ],
          [
            44.11094328,
            42.87161765
          ],
          [
            44.11092762,
            42.87162031
          ],
          [
            44.11091162,
            42.8716233
          ],
          [
            44.11089529,
            42.87162563
          ],
          [
            44.11087896,
            42.87162829
          ],
          [
            44.11086263,
            42.87163062
          ],
          [
            44.11084663,
            42.87163328
          ],
          [
            44.1108303,
            42.87163494
          ],
          [
            44.11081397,
            42.8716376
          ],
          [
            44.11079797,
            42.87164026
          ],
          [
            44.11078264,
            42.87164325
          ],
          [
            44.11076731,
            42.87164624
          ],
          [
            44.11075198,
            42.87164923
          ],
          [
            44.11073632,
            42.87165189
          ],
          [
            44.11071966,
            42.87165422
          ],
          [
            44.11070267,
            42.87165688
          ],
          [
            44.11068601,
            42.87166054
          ],
          [
            44.11066868,
            42.8716642
          ],
          [
            44.11065169,
            42.87166753
          ],
          [
            44.11063536,
            42.87167086
          ],
          [
            44.1106187,
            42.87167485
          ],
          [
            44.11060437,
            42.87167985
          ],
          [
            44.11058904,
            42.87168418
          ],
          [
            44.11057471,
            42.87168884
          ],
          [
            44.11056005,
            42.87169384
          ],
          [
            44.11054506,
            42.87169783
          ],
          [
            44.1105294,
            42.87170183
          ],
          [
            44.11051341,
            42.87170549
          ],
          [
            44.11049708,
            42.87170882
          ],
          [
            44.11048075,
            42.87171215
          ],
          [
            44.11046509,
            42.87171514
          ],
          [
            44.11044809,
            42.87171713
          ],
          [
            44.11043143,
            42.87172012
          ],
          [
            44.1104141,
            42.87172378
          ],
          [
            44.11039611,
            42.87172711
          ],
          [
            44.11037878,
            42.87173077
          ],
          [
            44.11036179,
            42.87173477
          ],
          [
            44.11034546,
            42.87173843
          ],
          [
            44.11032913,
            42.87174209
          ],
          [
            44.11031247,
            42.87174542
          ],
          [
            44.11029548,
            42.87174975
          ],
          [
            44.11027849,
            42.87175341
          ],
          [
            44.11026083,
            42.87175774
          ],
          [
            44.11024317,
            42.87176173
          ],
          [
            44.11022584,
            42.87176539
          ],
          [
            44.11020785,
            42.87176872
          ],
          [
            44.11019052,
            42.87177238
          ],
          [
            44.11017353,
            42.87177504
          ],
          [
            44.11015887,
            42.87177803
          ],
          [
            44.11014321,
            42.87178169
          ],
          [
            44.11012721,
            42.87178535
          ],
          [
            44.11011055,
            42.87178901
          ],
          [
            44.11009422,
            42.87179167
          ],
          [
            44.11007689,
            42.87179466
          ],
          [
            44.11005989,
            42.87179765
          ],
          [
            44.1100439,
            42.87180098
          ],
          [
            44.11002757,
            42.87180431
          ],
          [
            44.11001157,
            42.87180831
          ],
          [
            44.10999491,
            42.8718113
          ],
          [
            44.10997792,
            42.87181496
          ],
          [
            44.10996126,
            42.87181929
          ],
          [
            44.10994393,
            42.87182328
          ],
          [
            44.10992694,
            42.87182627
          ],
          [
            44.10990995,
            42.8718286
          ],
          [
            44.10989296,
            42.87183226
          ],
          [
            44.10987696,
            42.87183626
          ],
          [
            44.10986063,
            42.87184059
          ],
          [
            44.1098443,
            42.87184525
          ],
          [
            44.10982797,
            42.87184924
          ],
          [
            44.10981131,
            42.87185324
          ],
          [
            44.10979398,
            42.87185657
          ],
          [
            44.10977765,
            42.87186023
          ],
          [
            44.10976199,
            42.87186322
          ],
          [
            44.109745,
            42.87186588
          ],
          [
            44.10972767,
            42.87186788
          ],
          [
            44.10971034,
            42.87187021
          ],
          [
            44.10969301,
            42.87187287
          ],
          [
            44.10967502,
            42.87187686
          ],
          [
            44.10965769,
            42.87188086
          ],
          [
            44.10963969,
            42.87188485
          ],
          [
            44.10962103,
            42.87188751
          ],
          [
            44.1096027,
            42.87189084
          ],
          [
            44.10958471,
            42.87189417
          ],
          [
            44.10956671,
            42.87189716
          ],
          [
            44.10955005,
            42.87189982
          ],
          [
            44.10953306,
            42.87190148
          ],
          [
            44.1095164,
            42.87190314
          ],
          [
            44.10949974,
            42.8719048
          ],
          [
            44.10948375,
            42.87190713
          ],
          [
            44.10946909,
            42.87190979
          ],
          [
            44.1094541,
            42.87191212
          ],
          [
            44.10943944,
            42.87191545
          ],
          [
            44.10942478,
            42.87191944
          ],
          [
            44.10941012,
            42.87192377
          ],
          [
            44.10939512,
            42.87192843
          ],
          [
            44.10937979,
            42.87193176
          ],
          [
            44.10936513,
            42.87193542
          ],
          [
            44.1093498,
            42.87193875
          ],
          [
            44.10933447,
            42.87194208
          ],
          [
            44.10931947,
            42.87194541
          ],
          [
            44.10930481,
            42.87195007
          ],
          [
            44.10929081,
            42.8719544
          ],
          [
            44.10927781,
            42.87195806
          ],
          [
            44.10926482,
            42.87196172
          ],
          [
            44.10925149,
            42.87196438
          ],
          [
            44.10923749,
            42.87196671
          ],
          [
            44.1092245,
            42.8719697
          ],
          [
            44.1092115,
            42.8719717
          ],
          [
            44.10919884,
            42.8719737
          ],
          [
            44.10918451,
            42.87197569
          ],
          [
            44.10916918,
            42.87197769
          ],
          [
            44.10915352,
            42.87197868
          ],
          [
            44.10913753,
            42.87198001
          ],
          [
            44.10912187,
            42.87198201
          ],
          [
            44.10910621,
            42.87198534
          ],
          [
            44.10909022,
            42.87198867
          ],
          [
            44.10907422,
            42.871992
          ],
          [
            44.10905656,
            42.87199466
          ],
          [
            44.10903856,
            42.87199699
          ],
          [
            44.10902123,
            42.87199899
          ],
          [
            44.1090039,
            42.87200132
          ],
          [
            44.10898691,
            42.87200432
          ],
          [
            44.10897025,
            42.87200798
          ],
          [
            44.10895259,
            42.87201164
          ],
          [
            44.1089356,
            42.87201497
          ],
          [
            44.10891794,
            42.87201863
          ],
          [
            44.10890061,
            42.87202262
          ],
          [
            44.10888362,
            42.87202695
          ],
          [
            44.10886696,
            42.87203094
          ],
          [
            44.1088503,
            42.87203493
          ],
          [
            44.10883297,
            42.87203759
          ],
          [
            44.10881498,
            42.87204058
          ],
          [
            44.10879699,
            42.87204391
          ],
          [
            44.10877899,
            42.8720469
          ],
          [
            44.10876133,
            42.87205089
          ],
          [
            44.10874434,
            42.87205455
          ],
          [
            44.10872701,
            42.87205821
          ],
          [
            44.10870968,
            42.87206187
          ],
          [
            44.10869269,
            42.8720652
          ],
          [
            44.10867503,
            42.87206786
          ],
          [
            44.10865704,
            42.87207019
          ],
          [
            44.10863971,
            42.87207019
          ],
          [
            44.10862238,
            42.87206819
          ],
          [
            44.10860638,
            42.87206453
          ],
          [
            44.10858972,
            42.8720592
          ],
          [
            44.10857273,
            42.87205521
          ],
          [
            44.10855574,
            42.87205121
          ],
          [
            44.10853875,
            42.87204822
          ],
          [
            44.10852142,
            42.87204656
          ],
          [
            44.10850443,
            42.8720439
          ],
          [
            44.1084881,
            42.87204057
          ],
          [
            44.1084721,
            42.87203558
          ],
          [
            44.10845644,
            42.87203092
          ],
          [
            44.10844211,
            42.87202659
          ],
          [
            44.10842712,
            42.87202393
          ],
          [
            44.10841246,
            42.87202193
          ],
          [
            44.1083968,
            42.8720206
          ],
          [
            44.10838014,
            42.87201927
          ],
          [
            44.10836348,
            42.87201694
          ],
          [
            44.10834815,
            42.87201428
          ],
          [
            44.10833249,
            42.87201062
          ],
          [
            44.10831683,
            42.87200662
          ],
          [
            44.1083015,
            42.87200263
          ],
          [
            44.10828584,
            42.87199897
          ],
          [
            44.10827018,
            42.87199497
          ],
          [
            44.10825485,
            42.87199064
          ],
          [
            44.10824052,
            42.87198664
          ],
          [
            44.10822652,
            42.87198198
          ],
          [
            44.10821186,
            42.87197798
          ],
          [
            44.1081972,
            42.87197365
          ],
          [
            44.10818187,
            42.87196899
          ],
          [
            44.10816721,
            42.871965
          ],
          [
            44.10815221,
            42.87196034
          ],
          [
            44.10813821,
            42.87195634
          ],
          [
            44.10812421,
            42.87195201
          ],
          [
            44.10811021,
            42.87194802
          ],
          [
            44.10809555,
            42.87194336
          ],
          [
            44.10808155,
            42.87193903
          ],
          [
            44.10806755,
            42.87193437
          ],
          [
            44.10805322,
            42.87193004
          ],
          [
            44.10803922,
            42.87192638
          ],
          [
            44.10802589,
            42.87192339
          ],
          [
            44.10801356,
            42.87191906
          ],
          [
            44.1080009,
            42.87191507
          ],
          [
            44.10798857,
            42.87191041
          ],
          [
            44.10797591,
            42.87190575
          ],
          [
            44.10796291,
            42.87190109
          ],
          [
            44.10795058,
            42.87189543
          ],
          [
            44.10793725,
            42.8718901
          ],
          [
            44.10792526,
            42.87188477
          ],
          [
            44.1079126,
            42.87188044
          ],
          [
            44.10789961,
            42.87187645
          ],
          [
            44.10788661,
            42.87187212
          ],
          [
            44.10787428,
            42.87186812
          ],
          [
            44.10786328,
            42.87186413
          ],
          [
            44.10785362,
            42.8718608
          ],
          [
            44.10784363,
            42.87185814
          ],
          [
            44.10783697,
            42.87185681
          ],
          [
            44.10783298,
            42.87185714
          ],
          [
            44.10782999,
            42.87185648
          ],
          [
            44.10782833,
            42.87185549
          ],
          [
            44.107827,
            42.87185416
          ],
          [
            44.107827,
            42.87185283
          ],
          [
            44.10782766,
            42.8718505
          ],
          [
            44.10782766,
            42.87184719
          ],
          [
            44.10782533,
            42.87184519
          ],
          [
            44.10782067,
            42.87184319
          ],
          [
            44.10781401,
            42.87184086
          ],
          [
            44.10780535,
            42.87183887
          ],
          [
            44.10779602,
            42.87183687
          ],
          [
            44.10778636,
            42.87183588
          ],
          [
            44.1077767,
            42.87183388
          ],
          [
            44.10776704,
            42.87183255
          ],
          [
            44.10775705,
            42.87183122
          ],
          [
            44.10774705,
            42.87182956
          ],
          [
            44.10773839,
            42.8718279
          ],
          [
            44.10773006,
            42.8718259
          ],
          [
            44.10772007,
            42.87182324
          ],
          [
            44.10771108,
            42.87182058
          ],
          [
            44.10770208,
            42.87181858
          ],
          [
            44.10769275,
            42.87181625
          ],
          [
            44.10768376,
            42.87181326
          ],
          [
            44.10767443,
            42.87181026
          ],
          [
            44.10766543,
            42.87180693
          ],
          [
            44.10765744,
            42.8718046
          ],
          [
            44.10765011,
            42.87180227
          ],
          [
            44.10764211,
            42.87179961
          ],
          [
            44.10763411,
            42.87179662
          ],
          [
            44.10762678,
            42.87179429
          ],
          [
            44.10761912,
            42.87179163
          ],
          [
            44.10761146,
            42.8717893
          ],
          [
            44.10760447,
            42.87178664
          ],
          [
            44.10759814,
            42.87178365
          ],
          [
            44.10759181,
            42.87178099
          ],
          [
            44.10758515,
            42.87177899
          ],
          [
            44.10757849,
            42.871777
          ],
          [
            44.10757283,
            42.871775
          ],
          [
            44.1075665,
            42.87177267
          ],
          [
            44.1075615,
            42.87176934
          ],
          [
            44.10755784,
            42.87176568
          ],
          [
            44.10755351,
            42.87176102
          ],
          [
            44.10754851,
            42.87175636
          ],
          [
            44.10754185,
            42.8717527
          ],
          [
            44.10753519,
            42.87174871
          ],
          [
            44.10752786,
            42.87174471
          ],
          [
            44.10752087,
            42.87174172
          ],
          [
            44.10751421,
            42.87173873
          ],
          [
            44.10750688,
            42.87173574
          ],
          [
            44.10749822,
            42.87173241
          ],
          [
            44.10748989,
            42.87172975
          ],
          [
            44.10748223,
            42.87172709
          ],
          [
            44.10747423,
            42.87172443
          ],
          [
            44.10746757,
            42.87172243
          ],
          [
            44.10745991,
            42.87171977
          ],
          [
            44.10745225,
            42.87171678
          ],
          [
            44.10744492,
            42.87171445
          ],
          [
            44.10743726,
            42.87171212
          ],
          [
            44.10742993,
            42.87171046
          ],
          [
            44.10742193,
            42.87170846
          ],
          [
            44.10741427,
            42.87170613
          ],
          [
            44.10740661,
            42.87170347
          ],
          [
            44.10739895,
            42.87169981
          ],
          [
            44.10739162,
            42.87169615
          ],
          [
            44.10738396,
            42.87169349
          ],
          [
            44.10737663,
            42.87169116
          ],
          [
            44.1073693,
            42.87168983
          ],
          [
            44.10736531,
            42.87168883
          ],
          [
            44.10736265,
            42.87168784
          ],
          [
            44.10736099,
            42.87168025
          ],
          [
            44.10736297,
            42.8716743
          ],
          [
            44.10736363,
            42.87167231
          ],
          [
            44.10736693,
            42.87167098
          ],
          [
            44.10736826,
            42.87167098
          ],
          [
            44.1073646,
            42.87167032
          ],
          [
            44.10735894,
            42.87166932
          ],
          [
            44.10735295,
            42.87166799
          ],
          [
            44.10734795,
            42.87166733
          ],
          [
            44.10734462,
            42.87166633
          ],
          [
            44.10734229,
            42.87166567
          ],
          [
            44.1073403,
            42.87166501
          ],
          [
            44.10733897,
            42.87166501
          ],
          [
            44.10733764,
            42.87166468
          ],
          [
            44.10733364,
            42.87166368
          ],
          [
            44.10732698,
            42.87166269
          ],
          [
            44.10731932,
            42.87166069
          ],
          [
            44.10730999,
            42.87165903
          ],
          [
            44.10729933,
            42.87165637
          ],
          [
            44.107288,
            42.87165437
          ],
          [
            44.10727567,
            42.87165171
          ],
          [
            44.10726234,
            42.87164872
          ],
          [
            44.10724834,
            42.87164573
          ],
          [
            44.10723401,
            42.8716424
          ],
          [
            44.10721935,
            42.87163907
          ],
          [
            44.10720535,
            42.87163541
          ],
          [
            44.10719002,
            42.87163175
          ],
          [
            44.10717436,
            42.87162809
          ],
          [
            44.10715803,
            42.87162409
          ],
          [
            44.10714203,
            42.8716201
          ],
          [
            44.10712604,
            42.87161744
          ],
          [
            44.10711138,
            42.87161344
          ],
          [
            44.10709772,
            42.87160911
          ],
          [
            44.10708439,
            42.87160545
          ],
          [
            44.10707039,
            42.87160012
          ],
          [
            44.10705639,
            42.87159612
          ],
          [
            44.1070414,
            42.87159279
          ],
          [
            44.10702674,
            42.87159013
          ],
          [
            44.10701208,
            42.87158714
          ],
          [
            44.10699908,
            42.87158348
          ],
          [
            44.10698508,
            42.87158049
          ],
          [
            44.10697142,
            42.8715775
          ],
          [
            44.10695776,
            42.87157451
          ],
          [
            44.10694443,
            42.87157185
          ],
          [
            44.1069301,
            42.87156886
          ],
          [
            44.10691644,
            42.87156586
          ],
          [
            44.10690244,
            42.87156353
          ],
          [
            44.10688844,
            42.87156187
          ],
          [
            44.10687545,
            42.87156021
          ],
          [
            44.10686212,
            42.87155822
          ],
          [
            44.10684912,
            42.87155556
          ],
          [
            44.10683579,
            42.87155223
          ],
          [
            44.10682179,
            42.87154924
          ],
          [
            44.10680813,
            42.87154691
          ],
          [
            44.1067938,
            42.87154392
          ],
          [
            44.10677947,
            42.87154159
          ],
          [
            44.10676514,
            42.87154026
          ],
          [
            44.10675148,
            42.8715386
          ],
          [
            44.10673748,
            42.8715376
          ],
          [
            44.10672282,
            42.87153793
          ],
          [
            44.10670882,
            42.87153859
          ],
          [
            44.10669749,
            42.87153892
          ],
          [
            44.10669083,
            42.87153859
          ],
          [
            44.10668683,
            42.87153859
          ],
          [
            44.10668517,
            42.87153759
          ],
          [
            44.10667888,
            42.87153462
          ],
          [
            44.10667322,
            42.87153528
          ],
          [
            44.10666289,
            42.87153627
          ],
          [
            44.10664956,
            42.87153893
          ],
          [
            44.1066349,
            42.87154259
          ],
          [
            44.10661791,
            42.87154659
          ],
          [
            44.10659992,
            42.87155125
          ],
          [
            44.10658159,
            42.87155591
          ],
          [
            44.10656426,
            42.87156157
          ],
          [
            44.10654693,
            42.8715669
          ],
          [
            44.1065296,
            42.8715719
          ],
          [
            44.1065136,
            42.87157689
          ],
          [
            44.10649727,
            42.87158322
          ],
          [
            44.10648127,
            42.87158988
          ],
          [
            44.10646594,
            42.87159654
          ],
          [
            44.10645061,
            42.8716032
          ],
          [
            44.10643495,
            42.87161053
          ],
          [
            44.10641929,
            42.87161819
          ],
          [
            44.10640463,
            42.87162652
          ],
          [
            44.10639063,
            42.87163452
          ],
          [
            44.1063753,
            42.87164118
          ],
          [
            44.10635964,
            42.87164918
          ],
          [
            44.10634498,
            42.87165718
          ],
          [
            44.10633132,
            42.87166617
          ],
          [
            44.10631866,
            42.87167417
          ],
          [
            44.106306,
            42.87168183
          ],
          [
            44.10629467,
            42.87168682
          ],
          [
            44.10628401,
            42.87168948
          ],
          [
            44.10627535,
            42.87169014
          ],
          [
            44.10626969,
            42.87169047
          ],
          [
            44.10626636,
            42.87169047
          ],
          [
            44.10626337,
            42.8716908
          ],
          [
            44.10625312,
            42.87168056
          ],
          [
            44.10625179,
            42.87168355
          ],
          [
            44.10625013,
            42.87168921
          ],
          [
            44.1062478,
            42.87169687
          ],
          [
            44.10624247,
            42.87170586
          ],
          [
            44.10623481,
            42.87171485
          ],
          [
            44.10622548,
            42.87172385
          ],
          [
            44.10621582,
            42.87173418
          ],
          [
            44.10620516,
            42.87174317
          ],
          [
            44.1061935,
            42.87175183
          ],
          [
            44.10618117,
            42.87176082
          ],
          [
            44.10616984,
            42.87177015
          ],
          [
            44.10615818,
            42.87177948
          ],
          [
            44.10614685,
            42.87178814
          ],
          [
            44.10613452,
            42.8717968
          ],
          [
            44.10612186,
            42.87180446
          ],
          [
            44.10610653,
            42.87181112
          ],
          [
            44.10609154,
            42.87181845
          ],
          [
            44.10607721,
            42.87182711
          ],
          [
            44.10606355,
            42.87183511
          ],
          [
            44.10604922,
            42.87184444
          ],
          [
            44.10603622,
            42.8718531
          ],
          [
            44.10602156,
            42.87186076
          ],
          [
            44.1060069,
            42.87186809
          ],
          [
            44.10599124,
            42.87187475
          ],
          [
            44.10597591,
            42.87188074
          ],
          [
            44.10595925,
            42.8718864
          ],
          [
            44.10594292,
            42.87189206
          ],
          [
            44.10592692,
            42.87189772
          ],
          [
            44.10591059,
            42.87190305
          ],
          [
            44.10589493,
            42.87190904
          ],
          [
            44.1058796,
            42.87191437
          ],
          [
            44.10586427,
            42.8719197
          ],
          [
            44.10584827,
            42.87192503
          ],
          [
            44.10583294,
            42.87193003
          ],
          [
            44.10581761,
            42.87193436
          ],
          [
            44.10580095,
            42.87193836
          ],
          [
            44.10578529,
            42.87194135
          ],
          [
            44.10576963,
            42.87194468
          ],
          [
            44.10575364,
            42.87194801
          ],
          [
            44.10573831,
            42.87195134
          ],
          [
            44.10572098,
            42.871954
          ],
          [
            44.10570299,
            42.87195666
          ],
          [
            44.10568566,
            42.87195899
          ],
          [
            44.105668,
            42.87195999
          ],
          [
            44.10564934,
            42.87195966
          ],
          [
            44.10563068,
            42.871959
          ],
          [
            44.10561168,
            42.871957
          ],
          [
            44.10559369,
            42.87195467
          ],
          [
            44.10557536,
            42.87195334
          ],
          [
            44.10555737,
            42.87195168
          ],
          [
            44.10553971,
            42.87195035
          ],
          [
            44.10552305,
            42.87194669
          ],
          [
            44.10550639,
            42.87194103
          ],
          [
            44.10549173,
            42.87193303
          ],
          [
            44.10548007,
            42.8719237
          ],
          [
            44.10547008,
            42.87191337
          ],
          [
            44.10546142,
            42.87190237
          ],
          [
            44.10545342,
            42.87189137
          ],
          [
            44.10544576,
            42.87187938
          ],
          [
            44.10543943,
            42.87186672
          ],
          [
            44.1054351,
            42.87185373
          ],
          [
            44.10543111,
            42.87184007
          ],
          [
            44.10542778,
            42.87182641
          ],
          [
            44.10542378,
            42.87181308
          ],
          [
            44.10541845,
            42.87180109
          ],
          [
            44.10541212,
            42.8717891
          ],
          [
            44.10540679,
            42.87177711
          ],
          [
            44.10540213,
            42.87176611
          ],
          [
            44.10539914,
            42.87175545
          ],
          [
            44.10539748,
            42.87174445
          ],
          [
            44.10539515,
            42.87173312
          ],
          [
            44.10539216,
            42.87172246
          ],
          [
            44.1053895,
            42.87171113
          ],
          [
            44.10538617,
            42.8716998
          ],
          [
            44.10538318,
            42.87168847
          ],
          [
            44.10537985,
            42.87167747
          ],
          [
            44.10537652,
            42.87166647
          ],
          [
            44.10537252,
            42.87165448
          ],
          [
            44.10536686,
            42.87164249
          ],
          [
            44.1053612,
            42.87163116
          ],
          [
            44.1053562,
            42.87161916
          ],
          [
            44.10535154,
            42.8716075
          ],
          [
            44.10534754,
            42.87159551
          ],
          [
            44.10534388,
            42.87158385
          ],
          [
            44.10533955,
            42.87157152
          ],
          [
            44.10533489,
            42.87155886
          ],
          [
            44.10533023,
            42.87154553
          ],
          [
            44.10532624,
            42.87153254
          ],
          [
            44.10532224,
            42.87152021
          ],
          [
            44.10531825,
            42.87150788
          ],
          [
            44.10531425,
            42.87149522
          ],
          [
            44.10530992,
            42.87148223
          ],
          [
            44.10530593,
            42.8714699
          ],
          [
            44.1053026,
            42.87145691
          ],
          [
            44.10529961,
            42.87144491
          ],
          [
            44.10529795,
            42.87143258
          ],
          [
            44.10529662,
            42.87142092
          ],
          [
            44.10529396,
            42.87140826
          ],
          [
            44.1052903,
            42.87139693
          ],
          [
            44.10528564,
            42.87138527
          ],
          [
            44.10528198,
            42.87137361
          ],
          [
            44.10527865,
            42.87136228
          ],
          [
            44.10527499,
            42.87135062
          ],
          [
            44.10527099,
            42.87133896
          ],
          [
            44.10526866,
            42.87132663
          ],
          [
            44.10526733,
            42.87131397
          ],
          [
            44.10526567,
            42.87130064
          ],
          [
            44.10526301,
            42.87128698
          ],
          [
            44.10526035,
            42.87127365
          ],
          [
            44.10525702,
            42.87125932
          ],
          [
            44.10525236,
            42.87124599
          ],
          [
            44.1052467,
            42.87123266
          ],
          [
            44.10524137,
            42.87121966
          ],
          [
            44.10523604,
            42.87120633
          ],
          [
            44.10523038,
            42.871193
          ],
          [
            44.10522505,
            42.87117967
          ],
          [
            44.10522105,
            42.87116567
          ],
          [
            44.10521806,
            42.87115201
          ],
          [
            44.10521473,
            42.87113801
          ],
          [
            44.1052104,
            42.87112468
          ],
          [
            44.10520507,
            42.87111202
          ],
          [
            44.10519908,
            42.87109902
          ],
          [
            44.10519475,
            42.87108603
          ],
          [
            44.10519109,
            42.87107303
          ],
          [
            44.10518576,
            42.8710597
          ],
          [
            44.10518176,
            42.87104637
          ],
          [
            44.1051771,
            42.87103304
          ],
          [
            44.10517244,
            42.87101971
          ],
          [
            44.10516878,
            42.87100638
          ],
          [
            44.10516545,
            42.87099305
          ],
          [
            44.10516145,
            42.87097972
          ],
          [
            44.10515812,
            42.87096639
          ],
          [
            44.10515479,
            42.87095306
          ],
          [
            44.1051518,
            42.87093906
          ],
          [
            44.10514847,
            42.8709254
          ],
          [
            44.10514447,
            42.87091107
          ],
          [
            44.10514081,
            42.87089741
          ],
          [
            44.10513648,
            42.87088375
          ],
          [
            44.10513215,
            42.87087075
          ],
          [
            44.10512815,
            42.87085742
          ],
          [
            44.10512349,
            42.87084442
          ],
          [
            44.10511816,
            42.87083142
          ],
          [
            44.10511316,
            42.87081809
          ],
          [
            44.1051075,
            42.87080476
          ],
          [
            44.10510184,
            42.87079143
          ],
          [
            44.10509585,
            42.8707781
          ],
          [
            44.10509052,
            42.8707641
          ],
          [
            44.10508419,
            42.87074977
          ],
          [
            44.10507719,
            42.87073577
          ],
          [
            44.1050712,
            42.87072211
          ],
          [
            44.10506421,
            42.87070845
          ],
          [
            44.10505721,
            42.87069512
          ],
          [
            44.10505055,
            42.87068179
          ],
          [
            44.10504389,
            42.87066846
          ],
          [
            44.10503756,
            42.8706548
          ],
          [
            44.10503123,
            42.87064214
          ],
          [
            44.10502357,
            42.87062948
          ],
          [
            44.10501424,
            42.87061682
          ],
          [
            44.10500458,
            42.87060382
          ],
          [
            44.10499559,
            42.87059183
          ],
          [
            44.10498626,
            42.87057917
          ],
          [
            44.10497593,
            42.87056684
          ],
          [
            44.10496493,
            42.87055451
          ],
          [
            44.10495327,
            42.87054351
          ],
          [
            44.10494128,
            42.87053185
          ],
          [
            44.10493095,
            42.87051986
          ],
          [
            44.10492062,
            42.87050786
          ],
          [
            44.10491063,
            42.87049587
          ],
          [
            44.10490063,
            42.87048487
          ],
          [
            44.1048903,
            42.87047354
          ],
          [
            44.10488164,
            42.87046221
          ],
          [
            44.10487331,
            42.87045055
          ],
          [
            44.10486598,
            42.87043989
          ],
          [
            44.10486199,
            42.87043189
          ],
          [
            44.10485999,
            42.8704279
          ],
          [
            44.10485933,
            42.87042524
          ],
          [
            44.10485999,
            42.87042324
          ],
          [
            44.10485834,
            42.87042026
          ],
          [
            44.10485668,
            42.87041627
          ],
          [
            44.10485268,
            42.87040894
          ],
          [
            44.10484635,
            42.87039995
          ],
          [
            44.10483802,
            42.87039062
          ],
          [
            44.10482903,
            42.87038029
          ],
          [
            44.10481937,
            42.87036963
          ],
          [
            44.10481038,
            42.8703583
          ],
          [
            44.10480172,
            42.87034631
          ],
          [
            44.10479273,
            42.87033432
          ],
          [
            44.10478173,
            42.87032332
          ],
          [
            44.10477073,
            42.87031266
          ],
          [
            44.1047594,
            42.87030233
          ],
          [
            44.10474774,
            42.87029133
          ],
          [
            44.10473575,
            42.87028033
          ],
          [
            44.10472375,
            42.870269
          ],
          [
            44.10471109,
            42.87025801
          ],
          [
            44.10469876,
            42.87024668
          ],
          [
            44.10468676,
            42.87023602
          ],
          [
            44.10467576,
            42.87022569
          ],
          [
            44.1046651,
            42.87021536
          ],
          [
            44.10465377,
            42.8702067
          ],
          [
            44.10464177,
            42.87019804
          ],
          [
            44.10462911,
            42.87018938
          ],
          [
            44.10461578,
            42.87018172
          ],
          [
            44.10460212,
            42.87017573
          ],
          [
            44.10458946,
            42.87017007
          ],
          [
            44.10457613,
            42.87016474
          ],
          [
            44.10456313,
            42.87015975
          ],
          [
            44.1045528,
            42.87015442
          ],
          [
            44.10454381,
            42.87014942
          ],
          [
            44.10453781,
            42.87014576
          ],
          [
            44.10453448,
            42.87014343
          ],
          [
            44.10453084,
            42.87013813
          ],
          [
            44.10453084,
            42.8701348
          ],
          [
            44.10453018,
            42.8701298
          ],
          [
            44.10452885,
            42.87012314
          ],
          [
            44.10452819,
            42.87011848
          ],
          [
            44.10452753,
            42.87011515
          ],
          [
            44.10452753,
            42.87011249
          ],
          [
            44.10452687,
            42.87011116
          ],
          [
            44.10452621,
            42.8701085
          ],
          [
            44.10452555,
            42.87010651
          ],
          [
            44.10452821,
            42.87010318
          ],
          [
            44.10453254,
            42.87009719
          ],
          [
            44.10453853,
            42.87008986
          ],
          [
            44.10454452,
            42.87008087
          ],
          [
            44.10455118,
            42.87007054
          ],
          [
            44.10455484,
            42.87005988
          ],
          [
            44.10455584,
            42.87004922
          ],
          [
            44.10455418,
            42.87003822
          ],
          [
            44.10455085,
            42.87002823
          ],
          [
            44.10454752,
            42.87001857
          ],
          [
            44.10454552,
            42.87000924
          ],
          [
            44.10454618,
            42.87000158
          ],
          [
            44.10454784,
            42.86999692
          ],
          [
            44.10454883,
            42.86999426
          ],
          [
            44.10455016,
            42.8699926
          ],
          [
            44.10454587,
            42.86998896
          ],
          [
            44.10454254,
            42.86998696
          ],
          [
            44.10453588,
            42.86998363
          ],
          [
            44.10452722,
            42.86997964
          ],
          [
            44.10451722,
            42.86997531
          ],
          [
            44.10450723,
            42.86997132
          ],
          [
            44.10449657,
            42.86996766
          ],
          [
            44.10448891,
            42.86996533
          ],
          [
            44.10448425,
            42.86996467
          ],
          [
            44.1044816,
            42.86996302
          ],
          [
            44.10448094,
            42.86996037
          ],
          [
            44.10448127,
            42.86995904
          ],
          [
            44.1044816,
            42.86995571
          ],
          [
            44.1044826,
            42.86995038
          ],
          [
            44.10448393,
            42.86994505
          ],
          [
            44.10448327,
            42.86993906
          ],
          [
            44.10448161,
            42.86993307
          ],
          [
            44.10447895,
            42.86992641
          ],
          [
            44.10447696,
            42.86991941
          ],
          [
            44.1044763,
            42.86991108
          ],
          [
            44.10447597,
            42.86990442
          ],
          [
            44.10447663,
            42.86989876
          ],
          [
            44.10447762,
            42.86989543
          ],
          [
            44.10447895,
            42.86989277
          ],
          [
            44.10448028,
            42.86989144
          ],
          [
            44.10448161,
            42.86988944
          ],
          [
            44.10448394,
            42.86988845
          ],
          [
            44.10448594,
            42.86988779
          ],
          [
            44.10448893,
            42.86988812
          ],
          [
            44.10449026,
            42.86988845
          ],
          [
            44.10449357,
            42.86989274
          ],
          [
            44.10449257,
            42.8698934
          ],
          [
            44.10449058,
            42.86989406
          ],
          [
            44.10448925,
            42.86989539
          ],
          [
            44.10448859,
            42.86989805
          ],
          [
            44.10448726,
            42.86990238
          ],
          [
            44.1044866,
            42.86990971
          ],
          [
            44.10448627,
            42.8699147
          ],
          [
            44.10448627,
            42.86991769
          ],
          [
            44.10448594,
            42.86991935
          ],
          [
            44.10448495,
            42.86992068
          ],
          [
            44.10448262,
            42.86992267
          ],
          [
            44.10447862,
            42.869927
          ],
          [
            44.10447363,
            42.86993366
          ],
          [
            44.10446563,
            42.86994032
          ],
          [
            44.10445563,
            42.86994631
          ],
          [
            44.1044443,
            42.86994997
          ],
          [
            44.10443297,
            42.8699523
          ],
          [
            44.10442264,
            42.86995263
          ],
          [
            44.10441331,
            42.86995263
          ],
          [
            44.10440498,
            42.86995164
          ],
          [
            44.10439799,
            42.86995197
          ],
          [
            44.10439233,
            42.86995263
          ],
          [
            44.104389,
            42.86995362
          ],
          [
            44.10438701,
            42.86995495
          ],
          [
            44.10438535,
            42.86995594
          ],
          [
            44.10438369,
            42.86995627
          ],
          [
            44.1043817,
            42.86995693
          ],
          [
            44.10438004,
            42.86995893
          ],
          [
            44.10437771,
            42.86996093
          ],
          [
            44.10437671,
            42.86996258
          ],
          [
            44.1043797,
            42.86996324
          ],
          [
            44.10438336,
            42.86996258
          ],
          [
            44.10438636,
            42.86996159
          ],
          [
            44.10438769,
            42.8699606
          ],
          [
            44.10438769,
            42.86995927
          ],
          [
            44.10438503,
            42.86995828
          ],
          [
            44.1043817,
            42.86995894
          ],
          [
            44.10437871,
            42.8699616
          ],
          [
            44.10437538,
            42.86996393
          ],
          [
            44.10437305,
            42.86996726
          ],
          [
            44.10437139,
            42.86996992
          ],
          [
            44.10437139,
            42.86997224
          ],
          [
            44.10437372,
            42.8699729
          ],
          [
            44.10437671,
            42.86997257
          ],
          [
            44.10437904,
            42.86997024
          ],
          [
            44.1043817,
            42.86996758
          ],
          [
            44.10438536,
            42.86996525
          ],
          [
            44.10438936,
            42.86996192
          ],
          [
            44.10439335,
            42.86995859
          ],
          [
            44.10439768,
            42.86995526
          ],
          [
            44.10440301,
            42.86995193
          ],
          [
            44.10440934,
            42.86994793
          ],
          [
            44.10441533,
            42.86994494
          ],
          [
            44.10441932,
            42.86994195
          ],
          [
            44.10442198,
            42.86993929
          ],
          [
            44.10442331,
            42.86993763
          ],
          [
            44.10442595,
            42.86993366
          ],
          [
            44.10442662,
            42.86993201
          ],
          [
            44.10442695,
            42.86992935
          ],
          [
            44.10442828,
            42.86992435
          ],
          [
            44.10442994,
            42.86991869
          ],
          [
            44.10442794,
            42.86991203
          ],
          [
            44.10442528,
            42.86990604
          ],
          [
            44.10442062,
            42.86990071
          ],
          [
            44.10441463,
            42.86989505
          ],
          [
            44.10440863,
            42.86989006
          ],
          [
            44.10440264,
            42.8698854
          ],
          [
            44.10439665,
            42.86988074
          ],
          [
            44.10439032,
            42.86987608
          ],
          [
            44.10438466,
            42.86987175
          ],
          [
            44.104379,
            42.86986675
          ],
          [
            44.10437301,
            42.86986076
          ],
          [
            44.10436668,
            42.86985543
          ],
          [
            44.10436035,
            42.86984944
          ],
          [
            44.10435469,
            42.86984311
          ],
          [
            44.10434903,
            42.86983678
          ],
          [
            44.10434304,
            42.86982945
          ],
          [
            44.10433671,
            42.86982346
          ],
          [
            44.10433171,
            42.86981747
          ],
          [
            44.10432738,
            42.86981214
          ],
          [
            44.10432272,
            42.86980615
          ],
          [
            44.10431739,
            42.86980049
          ],
          [
            44.10431206,
            42.86979516
          ],
          [
            44.10430607,
            42.86978983
          ],
          [
            44.10430074,
            42.86978483
          ],
          [
            44.10429608,
            42.86977917
          ],
          [
            44.10429142,
            42.86977318
          ],
          [
            44.10428709,
            42.86976685
          ],
          [
            44.10428343,
            42.86976019
          ],
          [
            44.10427877,
            42.86975386
          ],
          [
            44.10427411,
            42.86974787
          ],
          [
            44.10426945,
            42.86974287
          ],
          [
            44.10426479,
            42.86973854
          ],
          [
            44.10426046,
            42.86973354
          ],
          [
            44.10425613,
            42.86972788
          ],
          [
            44.10425214,
            42.86972222
          ],
          [
            44.10424748,
            42.86971623
          ],
          [
            44.10424415,
            42.86970923
          ],
          [
            44.10424082,
            42.8697029
          ],
          [
            44.10423682,
            42.86969591
          ],
          [
            44.10423183,
            42.86968858
          ],
          [
            44.1042275,
            42.86968125
          ],
          [
            44.10422484,
            42.86967359
          ],
          [
            44.10422185,
            42.86966626
          ],
          [
            44.10421886,
            42.8696586
          ],
          [
            44.1042162,
            42.86965161
          ],
          [
            44.10421354,
            42.86964461
          ],
          [
            44.10421021,
            42.86963828
          ],
          [
            44.10420722,
            42.86963262
          ],
          [
            44.10420423,
            42.86962696
          ],
          [
            44.10420023,
            42.8696213
          ],
          [
            44.10419657,
            42.86961431
          ],
          [
            44.10419358,
            42.86960831
          ],
          [
            44.10418992,
            42.86960198
          ],
          [
            44.10418626,
            42.86959532
          ],
          [
            44.10418293,
            42.86958933
          ],
          [
            44.1041786,
            42.86958334
          ],
          [
            44.10417494,
            42.86957834
          ],
          [
            44.10417261,
            42.86957468
          ],
          [
            44.10417062,
            42.86957168
          ],
          [
            44.10416962,
            42.86956802
          ],
          [
            44.10416763,
            42.86956369
          ],
          [
            44.1041643,
            42.86955869
          ],
          [
            44.1041603,
            42.8695527
          ],
          [
            44.10415597,
            42.86954637
          ],
          [
            44.10415131,
            42.86953938
          ],
          [
            44.10414731,
            42.86953405
          ],
          [
            44.10414432,
            42.86953006
          ],
          [
            44.10414033,
            42.8695264
          ],
          [
            44.10413267,
            42.86952341
          ],
          [
            44.10412334,
            42.86951975
          ],
          [
            44.10411435,
            42.86951475
          ],
          [
            44.10410635,
            42.86950942
          ],
          [
            44.10409769,
            42.86950276
          ],
          [
            44.10408903,
            42.86949677
          ],
          [
            44.10408137,
            42.86949011
          ],
          [
            44.10407271,
            42.86948578
          ],
          [
            44.10406271,
            42.86948445
          ],
          [
            44.10405205,
            42.86948445
          ],
          [
            44.10404372,
            42.86948711
          ],
          [
            44.10403672,
            42.86949044
          ],
          [
            44.10402973,
            42.8694931
          ],
          [
            44.10402374,
            42.86949476
          ],
          [
            44.10401674,
            42.86949709
          ],
          [
            44.10401041,
            42.86949942
          ],
          [
            44.10400608,
            42.86950275
          ],
          [
            44.10400342,
            42.86950541
          ],
          [
            44.10400209,
            42.86950741
          ],
          [
            44.10400043,
            42.86950874
          ],
          [
            44.10399944,
            42.86951074
          ],
          [
            44.10399878,
            42.8695134
          ],
          [
            44.10399778,
            42.86951639
          ],
          [
            44.10399712,
            42.86951938
          ],
          [
            44.10399613,
            42.86952204
          ],
          [
            44.10399413,
            42.86952337
          ],
          [
            44.10399049,
            42.86952272
          ],
          [
            44.10398817,
            42.8695214
          ],
          [
            44.10398618,
            42.8695204
          ],
          [
            44.10398552,
            42.86952206
          ],
          [
            44.10398851,
            42.86952239
          ],
          [
            44.1039925,
            42.86952305
          ],
          [
            44.10399583,
            42.86952404
          ],
          [
            44.10399916,
            42.86952404
          ],
          [
            44.10400049,
            42.86952404
          ],
          [
            44.1039939,
            42.86952437
          ],
          [
            44.10398928,
            42.86952074
          ],
          [
            44.10399094,
            42.8695214
          ],
          [
            44.10399327,
            42.86952206
          ],
          [
            44.10399526,
            42.86952239
          ],
          [
            44.10399825,
            42.86952239
          ],
          [
            44.10400291,
            42.86952305
          ],
          [
            44.1040089,
            42.86952206
          ],
          [
            44.10401523,
            42.86952106
          ],
          [
            44.10401956,
            42.8695204
          ],
          [
            44.10402289,
            42.86951907
          ],
          [
            44.10402587,
            42.86951675
          ],
          [
            44.10402753,
            42.86951576
          ],
          [
            44.10403019,
            42.8695151
          ],
          [
            44.10403252,
            42.86951543
          ],
          [
            44.10403617,
            42.86951478
          ],
          [
            44.10403484,
            42.86951544
          ],
          [
            44.10403352,
            42.8695171
          ],
          [
            44.10403585,
            42.86951743
          ],
          [
            44.10403851,
            42.86951743
          ],
          [
            44.10404184,
            42.86951677
          ],
          [
            44.10404417,
            42.86951578
          ],
          [
            44.1040455,
            42.86951578
          ],
          [
            44.10404847,
            42.86952107
          ],
          [
            44.10404913,
            42.8695224
          ],
          [
            44.10404946,
            42.86952439
          ],
          [
            44.10405012,
            42.86952572
          ],
          [
            44.10405078,
            42.86952804
          ],
          [
            44.10405275,
            42.86952309
          ],
          [
            44.10405075,
            42.8695201
          ],
          [
            44.10404609,
            42.86951644
          ],
          [
            44.1040401,
            42.86951211
          ],
          [
            44.10403277,
            42.86950878
          ],
          [
            44.10402611,
            42.86950779
          ],
          [
            44.10402012,
            42.86950845
          ],
          [
            44.10401512,
            42.86950911
          ],
          [
            44.10401179,
            42.86951044
          ],
          [
            44.10400813,
            42.8695121
          ],
          [
            44.10400547,
            42.86951476
          ],
          [
            44.10400314,
            42.86951809
          ],
          [
            44.10400281,
            42.86951975
          ],
          [
            44.10400481,
            42.86952008
          ],
          [
            44.1040068,
            42.86951909
          ],
          [
            44.10400913,
            42.86951709
          ],
          [
            44.10401146,
            42.86951443
          ],
          [
            44.10401379,
            42.8695111
          ],
          [
            44.10401745,
            42.8695071
          ],
          [
            44.10402178,
            42.86950311
          ],
          [
            44.10402344,
            42.86950012
          ],
          [
            44.10402444,
            42.86949846
          ],
          [
            44.10402444,
            42.86949614
          ],
          [
            44.10402345,
            42.86949382
          ],
          [
            44.10400297,
            42.86949117
          ],
          [
            44.10402178,
            42.86948918
          ],
          [
            44.10402444,
            42.86948785
          ],
          [
            44.10402643,
            42.86948652
          ],
          [
            44.10402843,
            42.86948486
          ],
          [
            44.10403009,
            42.8694832
          ],
          [
            44.10403175,
            42.86948154
          ],
          [
            44.10403341,
            42.86948088
          ],
          [
            44.10403474,
            42.86947955
          ],
          [
            44.10403607,
            42.86947889
          ],
          [
            44.10403673,
            42.86947756
          ],
          [
            44.10403773,
            42.8694769
          ],
          [
            44.10403971,
            42.86947557
          ],
          [
            44.10403278,
            42.86948087
          ],
          [
            44.10403477,
            42.86948087
          ],
          [
            44.10403677,
            42.86948087
          ],
          [
            44.1040381,
            42.86947888
          ],
          [
            44.10403943,
            42.86947822
          ],
          [
            44.10404175,
            42.86947789
          ],
          [
            44.10404341,
            42.86947195
          ],
          [
            44.10403381,
            42.86947756
          ],
          [
            44.1040368,
            42.86947623
          ],
          [
            44.10404246,
            42.86947424
          ],
          [
            44.10405012,
            42.86947091
          ],
          [
            44.10405778,
            42.86946691
          ],
          [
            44.10406377,
            42.86946425
          ],
          [
            44.1040681,
            42.86946225
          ],
          [
            44.10407043,
            42.86946092
          ],
          [
            44.10407507,
            42.86945827
          ],
          [
            44.10407673,
            42.86945661
          ],
          [
            44.10407906,
            42.86945562
          ],
          [
            44.10408139,
            42.86945463
          ],
          [
            44.10408305,
            42.86945297
          ],
          [
            44.10408438,
            42.86945231
          ],
          [
            44.10408537,
            42.86944966
          ],
          [
            44.10408603,
            42.869448
          ],
          [
            44.10408669,
            42.86944534
          ],
          [
            44.1040857,
            42.86944168
          ],
          [
            44.10408404,
            42.86943735
          ],
          [
            44.10408204,
            42.86943369
          ],
          [
            44.10407971,
            42.86942903
          ],
          [
            44.10407705,
            42.8694247
          ],
          [
            44.10407339,
            42.86942004
          ],
          [
            44.10406839,
            42.86941505
          ],
          [
            44.10406406,
            42.86940972
          ],
          [
            44.10405973,
            42.86940439
          ],
          [
            44.10405474,
            42.86939906
          ],
          [
            44.10405008,
            42.86939373
          ],
          [
            44.10404442,
            42.86938807
          ],
          [
            44.10403776,
            42.86938307
          ],
          [
            44.10403043,
            42.86937774
          ],
          [
            44.1040221,
            42.86937241
          ],
          [
            44.10401244,
            42.86936742
          ],
          [
            44.10400311,
            42.86936209
          ],
          [
            44.10399511,
            42.86935643
          ],
          [
            44.10398745,
            42.8693511
          ],
          [
            44.10398012,
            42.86934577
          ],
          [
            44.10397413,
            42.86934144
          ],
          [
            44.10396747,
            42.86933711
          ],
          [
            44.10396081,
            42.86933345
          ],
          [
            44.10395548,
            42.86933046
          ],
          [
            44.10395182,
            42.86932813
          ],
          [
            44.10394982,
            42.86932647
          ],
          [
            44.10394849,
            42.86932581
          ],
          [
            44.10394716,
            42.86932382
          ],
          [
            44.10394352,
            42.86932316
          ],
          [
            44.10393919,
            42.8693215
          ],
          [
            44.10393153,
            42.86931917
          ],
          [
            44.1039212,
            42.86931651
          ],
          [
            44.10390854,
            42.86931451
          ],
          [
            44.10389554,
            42.86931251
          ],
          [
            44.10388254,
            42.86930918
          ],
          [
            44.10386854,
            42.86930585
          ],
          [
            44.10385488,
            42.86930286
          ],
          [
            44.10384222,
            42.86929953
          ],
          [
            44.10383056,
            42.8692962
          ],
          [
            44.10381857,
            42.86929354
          ],
          [
            44.10380791,
            42.86929121
          ],
          [
            44.10379791,
            42.86928988
          ],
          [
            44.10378858,
            42.86928822
          ],
          [
            44.10377959,
            42.86928622
          ],
          [
            44.10377093,
            42.86928422
          ],
          [
            44.1037606,
            42.86928222
          ],
          [
            44.1037506,
            42.86927923
          ],
          [
            44.10374294,
            42.86927624
          ],
          [
            44.10373761,
            42.86927358
          ],
          [
            44.10373462,
            42.86927125
          ],
          [
            44.10373263,
            42.86926926
          ],
          [
            44.10373097,
            42.8692676
          ],
          [
            44.10372898,
            42.8692686
          ],
          [
            44.10372599,
            42.86927026
          ],
          [
            44.10371966,
            42.86927125
          ],
          [
            44.10371033,
            42.86927191
          ],
          [
            44.10369933,
            42.86927224
          ],
          [
            44.10368667,
            42.86927257
          ],
          [
            44.10367234,
            42.86927257
          ],
          [
            44.10365734,
            42.86927257
          ],
          [
            44.10364235,
            42.86927257
          ],
          [
            44.10362669,
            42.86927257
          ],
          [
            44.10361136,
            42.86927257
          ],
          [
            44.10359603,
            42.86927257
          ],
          [
            44.10358137,
            42.86927224
          ],
          [
            44.10356671,
            42.86927191
          ],
          [
            44.10355205,
            42.86927091
          ],
          [
            44.10353639,
            42.86926925
          ],
          [
            44.1035204,
            42.86926725
          ],
          [
            44.10350507,
            42.86926559
          ],
          [
            44.10348941,
            42.86926393
          ],
          [
            44.10347375,
            42.86926227
          ],
          [
            44.10345809,
            42.86926061
          ],
          [
            44.10344276,
            42.86925895
          ],
          [
            44.1034261,
            42.86925729
          ],
          [
            44.10340944,
            42.86925496
          ],
          [
            44.10339378,
            42.8692523
          ],
          [
            44.10337945,
            42.8692483
          ],
          [
            44.10336812,
            42.86924631
          ],
          [
            44.10336146,
            42.86924498
          ],
          [
            44.10335747,
            42.86924365
          ],
          [
            44.10335481,
            42.86924265
          ],
          [
            44.10335348,
            42.86924099
          ],
          [
            44.10335249,
            42.86923966
          ],
          [
            44.10334749,
            42.869237
          ],
          [
            44.1033385,
            42.86923301
          ],
          [
            44.10332617,
            42.86922835
          ],
          [
            44.10331184,
            42.86922436
          ],
          [
            44.10329618,
            42.86921903
          ],
          [
            44.10328052,
            42.86921403
          ],
          [
            44.10326419,
            42.8692087
          ],
          [
            44.10324786,
            42.86920404
          ],
          [
            44.10323087,
            42.86919904
          ],
          [
            44.10321354,
            42.86919338
          ],
          [
            44.10319621,
            42.86918805
          ],
          [
            44.10317922,
            42.86918272
          ],
          [
            44.10316223,
            42.86917806
          ],
          [
            44.10314524,
            42.86917407
          ],
          [
            44.10312791,
            42.86917108
          ],
          [
            44.10311058,
            42.86916809
          ],
          [
            44.10309359,
            42.86916476
          ],
          [
            44.10307626,
            42.86916143
          ],
          [
            44.1030586,
            42.86915944
          ],
          [
            44.10304161,
            42.86915711
          ],
          [
            44.10302628,
            42.86915412
          ],
          [
            44.10301195,
            42.86915046
          ],
          [
            44.10299762,
            42.8691468
          ],
          [
            44.10298262,
            42.86914414
          ],
          [
            44.10296696,
            42.86914115
          ],
          [
            44.1029503,
            42.86913816
          ],
          [
            44.10293364,
            42.86913483
          ],
          [
            44.10291698,
            42.8691315
          ],
          [
            44.10290032,
            42.86912884
          ],
          [
            44.10288266,
            42.86912651
          ],
          [
            44.10286567,
            42.86912585
          ],
          [
            44.10284868,
            42.86912552
          ],
          [
            44.10283102,
            42.86912452
          ],
          [
            44.10281402,
            42.86912353
          ],
          [
            44.10279669,
            42.86912287
          ],
          [
            44.1027787,
            42.86912221
          ],
          [
            44.10276071,
            42.86912221
          ],
          [
            44.10274238,
            42.86912188
          ],
          [
            44.10272405,
            42.86912188
          ],
          [
            44.10270506,
            42.86912221
          ],
          [
            44.1026864,
            42.86912254
          ],
          [
            44.10266774,
            42.86912287
          ],
          [
            44.10264941,
            42.86912353
          ],
          [
            44.10263242,
            42.86912486
          ],
          [
            44.10261543,
            42.86912619
          ],
          [
            44.1025981,
            42.86912718
          ],
          [
            44.10258077,
            42.86912884
          ],
          [
            44.10256477,
            42.8691305
          ],
          [
            44.10255011,
            42.8691325
          ],
          [
            44.10254011,
            42.86913349
          ],
          [
            44.10253412,
            42.86913349
          ],
          [
            44.10253146,
            42.86913415
          ],
          [
            44.10252452,
            42.86913745
          ],
          [
            44.10252086,
            42.86913911
          ],
          [
            44.10251253,
            42.86914211
          ],
          [
            44.10250153,
            42.86914577
          ],
          [
            44.1024882,
            42.8691501
          ],
          [
            44.1024732,
            42.86915443
          ],
          [
            44.10245787,
            42.86916042
          ],
          [
            44.10244221,
            42.86916742
          ],
          [
            44.10242622,
            42.86917508
          ],
          [
            44.10240956,
            42.86918241
          ],
          [
            44.10239323,
            42.8691884
          ],
          [
            44.1023759,
            42.86919506
          ],
          [
            44.10235891,
            42.86920105
          ],
          [
            44.10234225,
            42.86920705
          ],
          [
            44.10232559,
            42.86921438
          ],
          [
            44.10230893,
            42.86922171
          ],
          [
            44.10229127,
            42.86922837
          ],
          [
            44.10227428,
            42.8692357
          ],
          [
            44.10225662,
            42.86924203
          ],
          [
            44.10223963,
            42.86924836
          ],
          [
            44.10222264,
            42.86925569
          ],
          [
            44.10220498,
            42.86926202
          ],
          [
            44.10218765,
            42.86926702
          ],
          [
            44.10217032,
            42.86927301
          ],
          [
            44.10215232,
            42.869279
          ],
          [
            44.10213433,
            42.86928533
          ],
          [
            44.102116,
            42.86929099
          ],
          [
            44.10209767,
            42.86929732
          ],
          [
            44.10207934,
            42.86930265
          ],
          [
            44.10206168,
            42.86930798
          ],
          [
            44.10204435,
            42.86931397
          ],
          [
            44.10202769,
            42.86932163
          ],
          [
            44.10201136,
            42.86933029
          ],
          [
            44.1019957,
            42.86933862
          ],
          [
            44.10198037,
            42.86934762
          ],
          [
            44.10196437,
            42.86935628
          ],
          [
            44.10194871,
            42.86936361
          ],
          [
            44.10193138,
            42.86936861
          ],
          [
            44.10191305,
            42.8693716
          ],
          [
            44.10189372,
            42.8693756
          ],
          [
            44.10187573,
            42.86938059
          ],
          [
            44.1018574,
            42.86938559
          ],
          [
            44.10183874,
            42.86939059
          ],
          [
            44.10181941,
            42.86939559
          ],
          [
            44.10179975,
            42.86940058
          ],
          [
            44.10178009,
            42.86940491
          ],
          [
            44.1017601,
            42.86940824
          ],
          [
            44.10174077,
            42.86941224
          ],
          [
            44.10172211,
            42.8694159
          ],
          [
            44.10170345,
            42.8694179
          ],
          [
            44.10168346,
            42.86941856
          ],
          [
            44.1016638,
            42.86941856
          ],
          [
            44.1016438,
            42.86941756
          ],
          [
            44.10162381,
            42.86941723
          ],
          [
            44.10160382,
            42.8694159
          ],
          [
            44.10158449,
            42.86941524
          ],
          [
            44.10156583,
            42.86941458
          ],
          [
            44.10154717,
            42.86941259
          ],
          [
            44.10152851,
            42.86941093
          ],
          [
            44.10151085,
            42.86940827
          ],
          [
            44.10149286,
            42.86940561
          ],
          [
            44.1014752,
            42.86940128
          ],
          [
            44.10145821,
            42.86939595
          ],
          [
            44.10144055,
            42.86938962
          ],
          [
            44.10142389,
            42.86938229
          ],
          [
            44.1014079,
            42.86937429
          ],
          [
            44.10139224,
            42.86936629
          ],
          [
            44.10137691,
            42.86935829
          ],
          [
            44.10136258,
            42.86935096
          ],
          [
            44.10134792,
            42.86934296
          ],
          [
            44.10133293,
            42.86933363
          ],
          [
            44.10131893,
            42.8693233
          ],
          [
            44.10130493,
            42.86931264
          ],
          [
            44.1012926,
            42.86930065
          ],
          [
            44.1012826,
            42.86928765
          ],
          [
            44.10127394,
            42.86927466
          ],
          [
            44.10126661,
            42.86926066
          ],
          [
            44.10125962,
            42.869247
          ],
          [
            44.10125262,
            42.86923334
          ],
          [
            44.10124496,
            42.86922034
          ],
          [
            44.10123796,
            42.86920801
          ],
          [
            44.1012313,
            42.86919535
          ],
          [
            44.1012243,
            42.86918269
          ],
          [
            44.10121764,
            42.86916936
          ],
          [
            44.10121098,
            42.8691567
          ],
          [
            44.10120265,
            42.86914404
          ],
          [
            44.10119399,
            42.86913171
          ],
          [
            44.10118466,
            42.86912005
          ],
          [
            44.10117366,
            42.86910872
          ],
          [
            44.10116266,
            42.86909772
          ],
          [
            44.10115267,
            42.86908606
          ],
          [
            44.10114201,
            42.8690744
          ],
          [
            44.10113135,
            42.86906241
          ],
          [
            44.10112136,
            42.86905075
          ],
          [
            44.10111103,
            42.86903809
          ],
          [
            44.10110104,
            42.86902609
          ],
          [
            44.10109071,
            42.86901376
          ],
          [
            44.10107938,
            42.86900076
          ],
          [
            44.10106739,
            42.86898843
          ],
          [
            44.10105473,
            42.86897743
          ],
          [
            44.1010424,
            42.8689671
          ],
          [
            44.10102974,
            42.86895777
          ],
          [
            44.10101708,
            42.86894777
          ],
          [
            44.10100308,
            42.86893878
          ],
          [
            44.10098908,
            42.86892979
          ],
          [
            44.10097442,
            42.86892046
          ],
          [
            44.10095976,
            42.86891147
          ],
          [
            44.10094477,
            42.86890281
          ],
          [
            44.10092944,
            42.86889482
          ],
          [
            44.10091344,
            42.86888749
          ],
          [
            44.10089678,
            42.8688805
          ],
          [
            44.10088045,
            42.86887417
          ],
          [
            44.10086379,
            42.86886784
          ],
          [
            44.10084746,
            42.86886218
          ],
          [
            44.10083013,
            42.86885652
          ],
          [
            44.10081147,
            42.86885053
          ],
          [
            44.10079347,
            42.8688442
          ],
          [
            44.10077581,
            42.86883854
          ],
          [
            44.10075782,
            42.86883221
          ],
          [
            44.10074016,
            42.86882688
          ],
          [
            44.1007225,
            42.86882155
          ],
          [
            44.10070517,
            42.86881555
          ],
          [
            44.10068751,
            42.86880922
          ],
          [
            44.10067018,
            42.86880289
          ],
          [
            44.10065185,
            42.8687969
          ],
          [
            44.10063352,
            42.86879157
          ],
          [
            44.10061486,
            42.86878624
          ],
          [
            44.10059686,
            42.86878124
          ],
          [
            44.1005782,
            42.86877591
          ],
          [
            44.1005602,
            42.86877092
          ],
          [
            44.10054187,
            42.86876659
          ],
          [
            44.10052287,
            42.86876326
          ],
          [
            44.10050387,
            42.86876126
          ],
          [
            44.10048621,
            42.86875827
          ],
          [
            44.10046822,
            42.86875428
          ],
          [
            44.10045056,
            42.86874995
          ],
          [
            44.10043323,
            42.86874529
          ],
          [
            44.10041657,
            42.86874163
          ],
          [
            44.10039891,
            42.8687383
          ],
          [
            44.10038125,
            42.86873431
          ],
          [
            44.10036392,
            42.86873198
          ],
          [
            44.10034592,
            42.86872998
          ],
          [
            44.10032793,
            42.86872732
          ],
          [
            44.10030993,
            42.86872566
          ],
          [
            44.1002916,
            42.86872632
          ],
          [
            44.10027461,
            42.86872566
          ],
          [
            44.10025795,
            42.86872467
          ],
          [
            44.10024062,
            42.86872267
          ],
          [
            44.10022296,
            42.86872101
          ],
          [
            44.10020397,
            42.86871868
          ],
          [
            44.10018564,
            42.86871735
          ],
          [
            44.10016698,
            42.86871635
          ],
          [
            44.10014798,
            42.86871536
          ],
          [
            44.10012998,
            42.8687147
          ],
          [
            44.10011099,
            42.8687127
          ],
          [
            44.10009166,
            42.86871037
          ],
          [
            44.10007133,
            42.86870771
          ],
          [
            44.10005133,
            42.86870472
          ],
          [
            44.10003134,
            42.86870139
          ],
          [
            44.10001168,
            42.8686984
          ],
          [
            44.09999235,
            42.86869574
          ],
          [
            44.09997169,
            42.86869474
          ],
          [
            44.09995236,
            42.86869441
          ],
          [
            44.0999317,
            42.86869342
          ],
          [
            44.09991204,
            42.86869276
          ],
          [
            44.09989238,
            42.86869243
          ],
          [
            44.09987338,
            42.86869143
          ],
          [
            44.09985438,
            42.8686901
          ],
          [
            44.09983505,
            42.8686881
          ],
          [
            44.09981672,
            42.86868544
          ],
          [
            44.09979906,
            42.86868211
          ],
          [
            44.09978173,
            42.86867678
          ],
          [
            44.09976507,
            42.86867079
          ],
          [
            44.09974741,
            42.86866446
          ],
          [
            44.09973042,
            42.86865813
          ],
          [
            44.09971409,
            42.86865114
          ],
          [
            44.09969809,
            42.86864248
          ],
          [
            44.09968409,
            42.86863315
          ],
          [
            44.09967043,
            42.86862249
          ],
          [
            44.09965743,
            42.86861116
          ],
          [
            44.09964477,
            42.86859983
          ],
          [
            44.09963278,
            42.8685895
          ],
          [
            44.09962012,
            42.86857917
          ],
          [
            44.09960713,
            42.86856884
          ],
          [
            44.0995948,
            42.86855818
          ],
          [
            44.09958247,
            42.86854685
          ],
          [
            44.09957014,
            42.86853552
          ],
          [
            44.09955715,
            42.86852486
          ],
          [
            44.09954482,
            42.86851353
          ],
          [
            44.09953316,
            42.8685022
          ],
          [
            44.0995225,
            42.86848987
          ],
          [
            44.09951217,
            42.86847821
          ],
          [
            44.09950151,
            42.86846622
          ],
          [
            44.09949085,
            42.86845456
          ],
          [
            44.09947952,
            42.8684429
          ],
          [
            44.09946753,
            42.8684319
          ],
          [
            44.09945653,
            42.86842124
          ],
          [
            44.09944653,
            42.86841024
          ],
          [
            44.0994392,
            42.86839825
          ],
          [
            44.09943254,
            42.86838559
          ],
          [
            44.09942621,
            42.86837359
          ],
          [
            44.09941821,
            42.8683616
          ],
          [
            44.09940922,
            42.86834961
          ],
          [
            44.09940023,
            42.86833795
          ],
          [
            44.09939057,
            42.86832629
          ],
          [
            44.09938091,
            42.86831463
          ],
          [
            44.09937125,
            42.86830297
          ],
          [
            44.09935992,
            42.86829131
          ],
          [
            44.09934826,
            42.86828031
          ],
          [
            44.09933693,
            42.86826832
          ],
          [
            44.0993246,
            42.86825732
          ],
          [
            44.09931261,
            42.86824599
          ],
          [
            44.09930128,
            42.86823433
          ],
          [
            44.09928995,
            42.86822333
          ],
          [
            44.09927995,
            42.86821367
          ],
          [
            44.09927229,
            42.86820768
          ],
          [
            44.09926996,
            42.86820402
          ],
          [
            44.0992693,
            42.86820037
          ],
          [
            44.09926798,
            42.86819805
          ],
          [
            44.09926399,
            42.86819506
          ],
          [
            44.09925833,
            42.86819173
          ],
          [
            44.09925133,
            42.86818807
          ],
          [
            44.09924267,
            42.86818474
          ],
          [
            44.09923368,
            42.86818175
          ],
          [
            44.09922268,
            42.86817876
          ],
          [
            44.09921135,
            42.86817477
          ],
          [
            44.09919936,
            42.86817111
          ],
          [
            44.09918603,
            42.86816745
          ],
          [
            44.09917137,
            42.86816612
          ],
          [
            44.09915871,
            42.86816845
          ],
          [
            44.09915005,
            42.86817245
          ],
          [
            44.09914539,
            42.86817511
          ],
          [
            44.0991424,
            42.86817677
          ],
          [
            44.09913943,
            42.86817744
          ],
          [
            44.09913216,
            42.86817579
          ],
          [
            44.09912852,
            42.86817216
          ],
          [
            44.09912655,
            42.86816819
          ],
          [
            44.09912721,
            42.86816653
          ],
          [
            44.0991302,
            42.86816354
          ],
          [
            44.09913753,
            42.86816021
          ],
          [
            44.09914886,
            42.86815788
          ],
          [
            44.09916485,
            42.86815755
          ],
          [
            44.09917951,
            42.86816054
          ],
          [
            44.09919417,
            42.86816654
          ],
          [
            44.0992085,
            42.8681742
          ],
          [
            44.0992225,
            42.86818286
          ],
          [
            44.09923683,
            42.86819252
          ],
          [
            44.09924982,
            42.86820318
          ],
          [
            44.09926182,
            42.86821484
          ],
          [
            44.09927315,
            42.8682265
          ],
          [
            44.09928448,
            42.86823783
          ],
          [
            44.09929614,
            42.86824916
          ],
          [
            44.09930747,
            42.86825949
          ],
          [
            44.09931847,
            42.86827015
          ],
          [
            44.0993278,
            42.86828148
          ],
          [
            44.09933546,
            42.86829314
          ],
          [
            44.09934245,
            42.86830547
          ],
          [
            44.09935011,
            42.86831746
          ],
          [
            44.09935811,
            42.86832946
          ],
          [
            44.09936544,
            42.86834179
          ],
          [
            44.09937377,
            42.86835412
          ],
          [
            44.0993851,
            42.86836311
          ],
          [
            44.09939776,
            42.86836744
          ],
          [
            44.09940709,
            42.86836645
          ],
          [
            44.09941042,
            42.86836346
          ],
          [
            44.09940809,
            42.86835746
          ],
          [
            44.0994021,
            42.86835013
          ],
          [
            44.09939444,
            42.86834114
          ],
          [
            44.09938611,
            42.86833081
          ],
          [
            44.09937745,
            42.86832015
          ],
          [
            44.09936979,
            42.86830949
          ],
          [
            44.09936113,
            42.86829883
          ],
          [
            44.09935214,
            42.86828817
          ],
          [
            44.09934181,
            42.86827717
          ],
          [
            44.09933182,
            42.86826584
          ],
          [
            44.09932116,
            42.86825484
          ],
          [
            44.09930983,
            42.86824451
          ],
          [
            44.09929917,
            42.86823452
          ],
          [
            44.09928817,
            42.86822352
          ],
          [
            44.09927751,
            42.86821386
          ],
          [
            44.09926651,
            42.86820387
          ],
          [
            44.09925518,
            42.86819454
          ],
          [
            44.09924385,
            42.86818621
          ],
          [
            44.09923219,
            42.86817721
          ],
          [
            44.09922086,
            42.86816855
          ],
          [
            44.0992092,
            42.86816022
          ],
          [
            44.09919554,
            42.86815223
          ],
          [
            44.09918055,
            42.86814757
          ],
          [
            44.09916556,
            42.86814624
          ],
          [
            44.09915256,
            42.86814923
          ],
          [
            44.0991449,
            42.86815523
          ],
          [
            44.0991429,
            42.86816122
          ],
          [
            44.09914257,
            42.86816521
          ],
          [
            44.09914257,
            42.86816721
          ],
          [
            44.09914357,
            42.86816787
          ],
          [
            44.09914028,
            42.86816787
          ],
          [
            44.09914094,
            42.86816621
          ],
          [
            44.09914193,
            42.86816188
          ],
          [
            44.09914393,
            42.86815622
          ],
          [
            44.09914559,
            42.86814856
          ],
          [
            44.09914592,
            42.8681409
          ],
          [
            44.09914492,
            42.86813191
          ],
          [
            44.09914292,
            42.86812225
          ],
          [
            44.09914193,
            42.86811225
          ],
          [
            44.0991386,
            42.86810226
          ],
          [
            44.09913594,
            42.8680936
          ],
          [
            44.09913361,
            42.8680886
          ],
          [
            44.09913228,
            42.86808594
          ],
          [
            44.09913095,
            42.86808362
          ],
          [
            44.09912963,
            42.86808163
          ],
          [
            44.09912563,
            42.86807864
          ],
          [
            44.09911864,
            42.86807398
          ],
          [
            44.09911198,
            42.86806799
          ],
          [
            44.09910465,
            42.86806099
          ],
          [
            44.09909699,
            42.86805433
          ],
          [
            44.09908966,
            42.868048
          ],
          [
            44.09908433,
            42.86804434
          ],
          [
            44.09908134,
            42.86804301
          ],
          [
            44.09907968,
            42.86804201
          ],
          [
            44.09907571,
            42.86804234
          ],
          [
            44.09907471,
            42.86804234
          ],
          [
            44.09907105,
            42.86804035
          ],
          [
            44.09906539,
            42.86803769
          ],
          [
            44.09905806,
            42.86803369
          ],
          [
            44.09905006,
            42.8680287
          ],
          [
            44.0990414,
            42.8680227
          ],
          [
            44.09903107,
            42.86801737
          ],
          [
            44.09901841,
            42.86801271
          ],
          [
            44.09900575,
            42.86800805
          ],
          [
            44.09899375,
            42.86800239
          ],
          [
            44.09898176,
            42.86799573
          ],
          [
            44.09896977,
            42.8679884
          ],
          [
            44.09895677,
            42.86798074
          ],
          [
            44.09894411,
            42.86797341
          ],
          [
            44.09893111,
            42.86796708
          ],
          [
            44.09891745,
            42.86796042
          ],
          [
            44.09890379,
            42.86795476
          ],
          [
            44.09889113,
            42.86794843
          ],
          [
            44.0988778,
            42.86794277
          ],
          [
            44.09886414,
            42.86793611
          ],
          [
            44.09884981,
            42.86793012
          ],
          [
            44.09883515,
            42.86792379
          ],
          [
            44.09882182,
            42.86791713
          ],
          [
            44.09880849,
            42.8679108
          ],
          [
            44.09879516,
            42.86790214
          ],
          [
            44.0987825,
            42.86789348
          ],
          [
            44.09877017,
            42.86788515
          ],
          [
            44.09875818,
            42.86787715
          ],
          [
            44.09874585,
            42.86787082
          ],
          [
            44.09873219,
            42.86786549
          ],
          [
            44.09871886,
            42.86786083
          ],
          [
            44.09870486,
            42.86785617
          ],
          [
            44.0986902,
            42.86785151
          ],
          [
            44.09867554,
            42.86784651
          ],
          [
            44.09866021,
            42.86784151
          ],
          [
            44.09864488,
            42.86783651
          ],
          [
            44.09863055,
            42.86783085
          ],
          [
            44.09861622,
            42.86782486
          ],
          [
            44.09860189,
            42.86781853
          ],
          [
            44.09858789,
            42.86781287
          ],
          [
            44.09857323,
            42.86780654
          ],
          [
            44.0985589,
            42.86780121
          ],
          [
            44.09854424,
            42.86779522
          ],
          [
            44.09852991,
            42.86778889
          ],
          [
            44.09851558,
            42.86778356
          ],
          [
            44.09850092,
            42.86777857
          ],
          [
            44.09848659,
            42.86777357
          ],
          [
            44.09847326,
            42.86776857
          ],
          [
            44.09845993,
            42.86776357
          ],
          [
            44.09844693,
            42.86775858
          ],
          [
            44.0984336,
            42.86775358
          ],
          [
            44.0984196,
            42.86774858
          ],
          [
            44.09840594,
            42.86774358
          ],
          [
            44.09839161,
            42.86773858
          ],
          [
            44.09837662,
            42.86773192
          ],
          [
            44.09835996,
            42.86772626
          ],
          [
            44.0983433,
            42.86772027
          ],
          [
            44.09832764,
            42.86771461
          ],
          [
            44.09831065,
            42.86770928
          ],
          [
            44.09829399,
            42.86770395
          ],
          [
            44.098277,
            42.86769862
          ],
          [
            44.09825967,
            42.86769429
          ],
          [
            44.09824201,
            42.86768963
          ],
          [
            44.09822468,
            42.86768497
          ],
          [
            44.09820769,
            42.86767998
          ],
          [
            44.09819003,
            42.86767532
          ],
          [
            44.09817304,
            42.86767166
          ],
          [
            44.09815671,
            42.86766733
          ],
          [
            44.09814005,
            42.86766267
          ],
          [
            44.09812372,
            42.86765734
          ],
          [
            44.09810639,
            42.86765301
          ],
          [
            44.0980894,
            42.86764801
          ],
          [
            44.09807241,
            42.86764335
          ],
          [
            44.09805575,
            42.86763835
          ],
          [
            44.09803909,
            42.86763502
          ],
          [
            44.09802243,
            42.86763136
          ],
          [
            44.09800577,
            42.86762737
          ],
          [
            44.09798978,
            42.86762271
          ],
          [
            44.09797345,
            42.86761738
          ],
          [
            44.09795745,
            42.86761205
          ],
          [
            44.09794212,
            42.86760772
          ],
          [
            44.09792612,
            42.86760372
          ],
          [
            44.09790979,
            42.86760006
          ],
          [
            44.09789346,
            42.86759573
          ],
          [
            44.0978768,
            42.86759107
          ],
          [
            44.09786114,
            42.86758641
          ],
          [
            44.09784481,
            42.86758242
          ],
          [
            44.09782848,
            42.86757943
          ],
          [
            44.09781182,
            42.8675761
          ],
          [
            44.09779616,
            42.8675721
          ],
          [
            44.09777983,
            42.86756777
          ],
          [
            44.0977635,
            42.86756377
          ],
          [
            44.09774684,
            42.86756078
          ],
          [
            44.09773051,
            42.86755745
          ],
          [
            44.09771385,
            42.86755412
          ],
          [
            44.09769652,
            42.86755113
          ],
          [
            44.09767886,
            42.86754847
          ],
          [
            44.09766153,
            42.86754681
          ],
          [
            44.09764454,
            42.86754515
          ],
          [
            44.09762755,
            42.86754315
          ],
          [
            44.09761155,
            42.86754049
          ],
          [
            44.09759589,
            42.86753683
          ],
          [
            44.09757989,
            42.8675325
          ],
          [
            44.0975649,
            42.86752717
          ],
          [
            44.09755057,
            42.86752084
          ],
          [
            44.09753591,
            42.86751451
          ],
          [
            44.09752158,
            42.86750785
          ],
          [
            44.09750725,
            42.86750252
          ],
          [
            44.09749325,
            42.86749686
          ],
          [
            44.09747959,
            42.8674892
          ],
          [
            44.09746593,
            42.86748187
          ],
          [
            44.0974526,
            42.86747421
          ],
          [
            44.09743794,
            42.86746788
          ],
          [
            44.09742228,
            42.86746255
          ],
          [
            44.09740695,
            42.86745789
          ],
          [
            44.09739196,
            42.86745456
          ],
          [
            44.09737596,
            42.8674519
          ],
          [
            44.0973603,
            42.86744824
          ],
          [
            44.09734464,
            42.86744558
          ],
          [
            44.09732831,
            42.86744392
          ],
          [
            44.09731198,
            42.86744292
          ],
          [
            44.09729565,
            42.86744159
          ],
          [
            44.09727965,
            42.86744026
          ],
          [
            44.09726266,
            42.86743793
          ],
          [
            44.09724666,
            42.86743594
          ],
          [
            44.09723033,
            42.86743328
          ],
          [
            44.097214,
            42.86743062
          ],
          [
            44.09719734,
            42.86742829
          ],
          [
            44.09718001,
            42.86742563
          ],
          [
            44.09716302,
            42.8674233
          ],
          [
            44.09714603,
            42.86742031
          ],
          [
            44.0971307,
            42.86741698
          ],
          [
            44.09711537,
            42.86741265
          ],
          [
            44.09709937,
            42.86740799
          ],
          [
            44.09708404,
            42.86740399
          ],
          [
            44.09706804,
            42.86739966
          ],
          [
            44.09705238,
            42.86739566
          ],
          [
            44.09703639,
            42.867392
          ],
          [
            44.0970194,
            42.86738901
          ],
          [
            44.09700274,
            42.86738602
          ],
          [
            44.09698608,
            42.86738303
          ],
          [
            44.09696942,
            42.86737903
          ],
          [
            44.09695309,
            42.86737404
          ],
          [
            44.09693676,
            42.86736938
          ],
          [
            44.09691977,
            42.86736505
          ],
          [
            44.09690278,
            42.86736039
          ],
          [
            44.09688479,
            42.86735539
          ],
          [
            44.09686713,
            42.86735039
          ],
          [
            44.0968508,
            42.86734573
          ],
          [
            44.09683414,
            42.86734007
          ],
          [
            44.09681748,
            42.86733474
          ],
          [
            44.09680015,
            42.86733008
          ],
          [
            44.09678316,
            42.86732609
          ],
          [
            44.09676617,
            42.86732143
          ],
          [
            44.09675017,
            42.86731677
          ],
          [
            44.09673384,
            42.86731178
          ],
          [
            44.09671718,
            42.86730712
          ],
          [
            44.09670019,
            42.86730279
          ],
          [
            44.09668253,
            42.86729946
          ],
          [
            44.09666587,
            42.86729713
          ],
          [
            44.09664921,
            42.86729347
          ],
          [
            44.09663255,
            42.86728948
          ],
          [
            44.09661589,
            42.86728482
          ],
          [
            44.09659856,
            42.86728083
          ],
          [
            44.09658157,
            42.86727717
          ],
          [
            44.09656391,
            42.86727418
          ],
          [
            44.09654591,
            42.86727185
          ],
          [
            44.09652858,
            42.86727052
          ],
          [
            44.09651092,
            42.86726953
          ],
          [
            44.09649292,
            42.8672692
          ],
          [
            44.09647459,
            42.86726787
          ],
          [
            44.0964566,
            42.86726721
          ],
          [
            44.09643894,
            42.86726688
          ],
          [
            44.09642028,
            42.86726754
          ],
          [
            44.09640195,
            42.86726787
          ],
          [
            44.09638295,
            42.86726886
          ],
          [
            44.09636429,
            42.86726986
          ],
          [
            44.09634629,
            42.86727252
          ],
          [
            44.09632863,
            42.86727485
          ],
          [
            44.09631164,
            42.86727685
          ],
          [
            44.09629398,
            42.86727751
          ],
          [
            44.09627632,
            42.86727784
          ],
          [
            44.09625799,
            42.86727917
          ],
          [
            44.09624,
            42.86728216
          ],
          [
            44.09622167,
            42.86728515
          ],
          [
            44.09620401,
            42.86728848
          ],
          [
            44.09618568,
            42.86729081
          ],
          [
            44.09616635,
            42.8672938
          ],
          [
            44.09614769,
            42.86729646
          ],
          [
            44.09612903,
            42.86729912
          ],
          [
            44.09611037,
            42.86730211
          ],
          [
            44.09609204,
            42.8673051
          ],
          [
            44.09607438,
            42.86730776
          ],
          [
            44.09605638,
            42.86731042
          ],
          [
            44.09603839,
            42.86731341
          ],
          [
            44.09602006,
            42.86731674
          ],
          [
            44.09600173,
            42.86731973
          ],
          [
            44.09598407,
            42.86732306
          ],
          [
            44.09596708,
            42.86732705
          ],
          [
            44.09594908,
            42.86733004
          ],
          [
            44.09593142,
            42.8673327
          ],
          [
            44.09591343,
            42.8673347
          ],
          [
            44.0958951,
            42.86733669
          ],
          [
            44.0958761,
            42.86733769
          ],
          [
            44.09585744,
            42.86734002
          ],
          [
            44.09583811,
            42.86734168
          ],
          [
            44.09581945,
            42.86734434
          ],
          [
            44.09580079,
            42.86734634
          ],
          [
            44.09578213,
            42.86734834
          ],
          [
            44.0957638,
            42.867351
          ],
          [
            44.09574614,
            42.86735299
          ],
          [
            44.09572815,
            42.86735499
          ],
          [
            44.09571082,
            42.86735765
          ],
          [
            44.09569382,
            42.86735965
          ],
          [
            44.09567649,
            42.86736231
          ],
          [
            44.09565916,
            42.86736464
          ],
          [
            44.09564217,
            42.8673673
          ],
          [
            44.09562418,
            42.86737029
          ],
          [
            44.09560719,
            42.86737328
          ],
          [
            44.09558986,
            42.86737594
          ],
          [
            44.09557253,
            42.8673786
          ],
          [
            44.09555554,
            42.86738193
          ],
          [
            44.09553855,
            42.86738492
          ],
          [
            44.09552156,
            42.86738758
          ],
          [
            44.09550557,
            42.86739057
          ],
          [
            44.09548924,
            42.86739356
          ],
          [
            44.09547324,
            42.86739589
          ],
          [
            44.09545758,
            42.86739788
          ],
          [
            44.09544159,
            42.86739988
          ],
          [
            44.09542426,
            42.86740254
          ],
          [
            44.09540626,
            42.86740454
          ],
          [
            44.0953876,
            42.8674072
          ],
          [
            44.09536927,
            42.86741019
          ],
          [
            44.09535061,
            42.86741318
          ],
          [
            44.09533295,
            42.86741584
          ],
          [
            44.09531496,
            42.86741817
          ],
          [
            44.09529763,
            42.86741983
          ],
          [
            44.0952803,
            42.86742183
          ],
          [
            44.09526331,
            42.86742416
          ],
          [
            44.09524598,
            42.86742615
          ],
          [
            44.09522799,
            42.86742815
          ],
          [
            44.09520999,
            42.86742914
          ],
          [
            44.09519266,
            42.8674308
          ],
          [
            44.09517533,
            42.86743313
          ],
          [
            44.09515867,
            42.86743646
          ],
          [
            44.09514168,
            42.86743945
          ],
          [
            44.09512402,
            42.86744211
          ],
          [
            44.09510636,
            42.86744444
          ],
          [
            44.09508836,
            42.86744644
          ],
          [
            44.09507037,
            42.86744843
          ],
          [
            44.09505137,
            42.86745076
          ],
          [
            44.09503271,
            42.86745175
          ],
          [
            44.09501438,
            42.86745076
          ],
          [
            44.09499505,
            42.86744977
          ],
          [
            44.09497506,
            42.86744744
          ],
          [
            44.09495573,
            42.86744511
          ],
          [
            44.09493607,
            42.86744145
          ],
          [
            44.09491741,
            42.86743812
          ],
          [
            44.09490042,
            42.86743346
          ],
          [
            44.09488276,
            42.8674278
          ],
          [
            44.09486577,
            42.86742181
          ],
          [
            44.09484944,
            42.86741415
          ],
          [
            44.09483411,
            42.86740516
          ],
          [
            44.09481978,
            42.86739483
          ],
          [
            44.09480512,
            42.86738484
          ],
          [
            44.09479179,
            42.86737418
          ],
          [
            44.09477879,
            42.86736219
          ],
          [
            44.0947658,
            42.86735053
          ],
          [
            44.09475347,
            42.86733887
          ],
          [
            44.09474214,
            42.86732688
          ],
          [
            44.09473114,
            42.86731555
          ],
          [
            44.09472181,
            42.86730389
          ],
          [
            44.09471381,
            42.8672919
          ],
          [
            44.09470682,
            42.86727957
          ],
          [
            44.09470016,
            42.86726691
          ],
          [
            44.0946935,
            42.86725491
          ],
          [
            44.0946865,
            42.86724225
          ],
          [
            44.09467917,
            42.86722992
          ],
          [
            44.09467217,
            42.86721692
          ],
          [
            44.09466584,
            42.86720426
          ],
          [
            44.09465951,
            42.86719093
          ],
          [
            44.09465352,
            42.86717793
          ],
          [
            44.09464753,
            42.86716527
          ],
          [
            44.0946412,
            42.86715294
          ],
          [
            44.09463454,
            42.86714161
          ],
          [
            44.09462821,
            42.86713028
          ],
          [
            44.09462021,
            42.86711862
          ],
          [
            44.09461221,
            42.86710729
          ],
          [
            44.09460455,
            42.86709596
          ],
          [
            44.09459622,
            42.86708496
          ],
          [
            44.09458623,
            42.8670743
          ],
          [
            44.0945759,
            42.86706431
          ],
          [
            44.0945649,
            42.86705465
          ],
          [
            44.09455357,
            42.86704466
          ],
          [
            44.09454091,
            42.867036
          ],
          [
            44.09452725,
            42.86702834
          ],
          [
            44.09451225,
            42.86702101
          ],
          [
            44.09449726,
            42.86701435
          ],
          [
            44.09448227,
            42.86700869
          ],
          [
            44.09446661,
            42.86700303
          ],
          [
            44.09445062,
            42.86699837
          ],
          [
            44.09443462,
            42.86699571
          ],
          [
            44.09441796,
            42.86699472
          ],
          [
            44.09440097,
            42.86699472
          ],
          [
            44.09438398,
            42.86699538
          ],
          [
            44.09436632,
            42.86699638
          ],
          [
            44.09434933,
            42.86699837
          ],
          [
            44.094333,
            42.8670017
          ],
          [
            44.09431634,
            42.8670057
          ],
          [
            44.09430068,
            42.86701003
          ],
          [
            44.09428369,
            42.86701403
          ],
          [
            44.09426703,
            42.86701903
          ],
          [
            44.09425037,
            42.86702402
          ],
          [
            44.09423438,
            42.86702968
          ],
          [
            44.09421805,
            42.86703501
          ],
          [
            44.09420072,
            42.86704001
          ],
          [
            44.09418306,
            42.86704667
          ],
          [
            44.09416673,
            42.86705367
          ],
          [
            44.0941514,
            42.86706066
          ],
          [
            44.09413674,
            42.86706632
          ],
          [
            44.09412141,
            42.86707165
          ],
          [
            44.09410575,
            42.86707698
          ],
          [
            44.09408942,
            42.86708198
          ],
          [
            44.09407376,
            42.86708797
          ],
          [
            44.09405743,
            42.8670933
          ],
          [
            44.09404143,
            42.86709896
          ],
          [
            44.09402477,
            42.86710462
          ],
          [
            44.09400844,
            42.86711061
          ],
          [
            44.09399245,
            42.86711694
          ],
          [
            44.09397679,
            42.86712327
          ],
          [
            44.09396146,
            42.86712993
          ],
          [
            44.09394646,
            42.86713626
          ],
          [
            44.09393047,
            42.86714225
          ],
          [
            44.09391381,
            42.86714858
          ],
          [
            44.09389715,
            42.86715424
          ],
          [
            44.09387949,
            42.86715957
          ],
          [
            44.0938625,
            42.86716556
          ],
          [
            44.09384484,
            42.86717189
          ],
          [
            44.09382785,
            42.86717855
          ],
          [
            44.09381086,
            42.86718421
          ],
          [
            44.09379387,
            42.86718954
          ],
          [
            44.09377621,
            42.8671962
          ],
          [
            44.09375988,
            42.86720286
          ],
          [
            44.09374422,
            42.86720952
          ],
          [
            44.09372789,
            42.86721685
          ],
          [
            44.09371156,
            42.86722384
          ],
          [
            44.0936959,
            42.8672315
          ],
          [
            44.09367957,
            42.8672385
          ],
          [
            44.09366324,
            42.86724616
          ],
          [
            44.09364658,
            42.86725416
          ],
          [
            44.09363058,
            42.86726216
          ],
          [
            44.09361525,
            42.86727049
          ],
          [
            44.09359992,
            42.86727882
          ],
          [
            44.09358392,
            42.86728715
          ],
          [
            44.09356859,
            42.86729481
          ],
          [
            44.09355393,
            42.8673028
          ],
          [
            44.09353893,
            42.86731013
          ],
          [
            44.09352327,
            42.86731646
          ],
          [
            44.09350761,
            42.86732312
          ],
          [
            44.09349195,
            42.86732811
          ],
          [
            44.09347529,
            42.86733411
          ],
          [
            44.09345863,
            42.86734044
          ],
          [
            44.09344197,
            42.86734643
          ],
          [
            44.09342597,
            42.86735242
          ],
          [
            44.09340831,
            42.86735708
          ],
          [
            44.09339065,
            42.86736074
          ],
          [
            44.09337165,
            42.86736373
          ],
          [
            44.09335332,
            42.86736606
          ],
          [
            44.09333532,
            42.86736806
          ],
          [
            44.09331666,
            42.86736905
          ],
          [
            44.09329833,
            42.86736938
          ],
          [
            44.09328,
            42.86736872
          ],
          [
            44.09326067,
            42.86736706
          ],
          [
            44.09324201,
            42.86736507
          ],
          [
            44.09322402,
            42.86736241
          ],
          [
            44.09320636,
            42.86735908
          ],
          [
            44.09318937,
            42.86735542
          ],
          [
            44.09317271,
            42.86735042
          ],
          [
            44.09315572,
            42.86734409
          ],
          [
            44.09313873,
            42.86733743
          ],
          [
            44.09312207,
            42.8673311
          ],
          [
            44.09310541,
            42.86732444
          ],
          [
            44.09308942,
            42.86731711
          ],
          [
            44.09307409,
            42.86730945
          ],
          [
            44.09305876,
            42.86730212
          ],
          [
            44.0930441,
            42.86729446
          ],
          [
            44.0930291,
            42.86728713
          ],
          [
            44.09301577,
            42.8672788
          ],
          [
            44.09300377,
            42.86726981
          ],
          [
            44.09299311,
            42.86726148
          ],
          [
            44.09298478,
            42.86725348
          ],
          [
            44.09297612,
            42.86724515
          ],
          [
            44.09296713,
            42.86723649
          ],
          [
            44.09295847,
            42.86722783
          ],
          [
            44.09295014,
            42.86721917
          ],
          [
            44.09294148,
            42.86721051
          ],
          [
            44.09293182,
            42.86720218
          ],
          [
            44.09292249,
            42.86719319
          ],
          [
            44.09291316,
            42.86718386
          ],
          [
            44.09290283,
            42.86717487
          ],
          [
            44.09289117,
            42.86716621
          ],
          [
            44.09287984,
            42.86715688
          ],
          [
            44.09286951,
            42.86714722
          ],
          [
            44.09285985,
            42.86713823
          ],
          [
            44.09285086,
            42.86712957
          ],
          [
            44.0928422,
            42.86712024
          ],
          [
            44.09283354,
            42.86711158
          ],
          [
            44.09282388,
            42.86710292
          ],
          [
            44.09281389,
            42.86709426
          ],
          [
            44.09280523,
            42.86708593
          ],
          [
            44.09279757,
            42.86707794
          ],
          [
            44.09278957,
            42.86706994
          ],
          [
            44.09278058,
            42.86706194
          ],
          [
            44.09277125,
            42.86705361
          ],
          [
            44.09276225,
            42.86704462
          ],
          [
            44.09275226,
            42.86703529
          ],
          [
            44.09274226,
            42.8670263
          ],
          [
            44.09273293,
            42.86701764
          ],
          [
            44.09272427,
            42.86701031
          ],
          [
            44.09271461,
            42.86700232
          ],
          [
            44.09270495,
            42.86699366
          ],
          [
            44.09269529,
            42.866985
          ],
          [
            44.09268463,
            42.86697634
          ],
          [
            44.09267363,
            42.86696835
          ],
          [
            44.09266197,
            42.86696102
          ],
          [
            44.09264997,
            42.86695302
          ],
          [
            44.09263831,
            42.86694436
          ],
          [
            44.09262665,
            42.86693503
          ],
          [
            44.09261565,
            42.8669257
          ],
          [
            44.09260432,
            42.86691604
          ],
          [
            44.09259299,
            42.86690705
          ],
          [
            44.09258199,
            42.86689739
          ],
          [
            44.09257066,
            42.86688773
          ],
          [
            44.09256067,
            42.86687874
          ],
          [
            44.09255201,
            42.86686841
          ],
          [
            44.09254301,
            42.86685908
          ],
          [
            44.09253335,
            42.86684942
          ],
          [
            44.09252202,
            42.86684009
          ],
          [
            44.09251102,
            42.86683143
          ],
          [
            44.09249936,
            42.86682277
          ],
          [
            44.09248737,
            42.86681444
          ],
          [
            44.09247604,
            42.86680578
          ],
          [
            44.09246438,
            42.86679745
          ],
          [
            44.09245305,
            42.86678912
          ],
          [
            44.09244206,
            42.86678079
          ],
          [
            44.0924314,
            42.86677213
          ],
          [
            44.0924214,
            42.86676413
          ],
          [
            44.0924104,
            42.86675647
          ],
          [
            44.0923994,
            42.86674981
          ],
          [
            44.09238774,
            42.86674382
          ],
          [
            44.09237641,
            42.86673749
          ],
          [
            44.09236475,
            42.86673116
          ],
          [
            44.09235276,
            42.86672483
          ],
          [
            44.0923411,
            42.86671817
          ],
          [
            44.09232977,
            42.86671084
          ],
          [
            44.09231811,
            42.86670451
          ],
          [
            44.09230578,
            42.86669951
          ],
          [
            44.09229445,
            42.86669485
          ],
          [
            44.09228379,
            42.86668952
          ],
          [
            44.09227313,
            42.86668353
          ],
          [
            44.0922618,
            42.8666782
          ],
          [
            44.09224914,
            42.86667221
          ],
          [
            44.09223648,
            42.86666721
          ],
          [
            44.09222382,
            42.86666255
          ],
          [
            44.09221116,
            42.86665855
          ],
          [
            44.09219983,
            42.86665522
          ],
          [
            44.0921895,
            42.86665256
          ],
          [
            44.0921795,
            42.86665023
          ],
          [
            44.09216951,
            42.86664724
          ],
          [
            44.09216052,
            42.86664458
          ],
          [
            44.09215186,
            42.86664125
          ],
          [
            44.09214287,
            42.86663892
          ],
          [
            44.09213421,
            42.86663659
          ],
          [
            44.09212422,
            42.86663393
          ],
          [
            44.09211356,
            42.8666316
          ],
          [
            44.0921019,
            42.8666296
          ],
          [
            44.09209024,
            42.86662861
          ],
          [
            44.09207858,
            42.86662728
          ],
          [
            44.09206659,
            42.86662495
          ],
          [
            44.09205726,
            42.86662229
          ],
          [
            44.09205127,
            42.86661996
          ],
          [
            44.09204695,
            42.86661764
          ],
          [
            44.09204728,
            42.86661664
          ],
          [
            44.09204195,
            42.86661531
          ],
          [
            44.09203296,
            42.86661331
          ],
          [
            44.09202196,
            42.86661065
          ],
          [
            44.09200963,
            42.86660832
          ],
          [
            44.0919953,
            42.86660566
          ],
          [
            44.09198097,
            42.86660333
          ],
          [
            44.09196564,
            42.8666
          ],
          [
            44.09195031,
            42.86659667
          ],
          [
            44.09193531,
            42.86659468
          ],
          [
            44.09191965,
            42.86659268
          ],
          [
            44.09190332,
            42.86659169
          ],
          [
            44.09188732,
            42.86659036
          ],
          [
            44.09187133,
            42.86658836
          ],
          [
            44.09185667,
            42.86658503
          ],
          [
            44.09184234,
            42.86658104
          ],
          [
            44.09182834,
            42.86657671
          ],
          [
            44.09181468,
            42.86657205
          ],
          [
            44.09180135,
            42.86656672
          ],
          [
            44.09178802,
            42.86656139
          ],
          [
            44.09177469,
            42.86655706
          ],
          [
            44.09176203,
            42.86655273
          ],
          [
            44.0917497,
            42.8665484
          ],
          [
            44.09173637,
            42.86654507
          ],
          [
            44.09172271,
            42.86654174
          ],
          [
            44.09170871,
            42.86653841
          ],
          [
            44.09169505,
            42.86653508
          ],
          [
            44.09168072,
            42.86653109
          ],
          [
            44.09166672,
            42.86652743
          ],
          [
            44.09165173,
            42.8665241
          ],
          [
            44.09163673,
            42.86652044
          ],
          [
            44.09162174,
            42.86651711
          ],
          [
            44.09160675,
            42.86651445
          ],
          [
            44.09159175,
            42.86651146
          ],
          [
            44.09157742,
            42.86650913
          ],
          [
            44.09156376,
            42.86650614
          ],
          [
            44.0915491,
            42.86650315
          ],
          [
            44.09153544,
            42.86649916
          ],
          [
            44.09152111,
            42.8664955
          ],
          [
            44.09150711,
            42.86649284
          ],
          [
            44.09149245,
            42.86649018
          ],
          [
            44.09147746,
            42.86648752
          ],
          [
            44.0914618,
            42.86648552
          ],
          [
            44.09144681,
            42.86648319
          ],
          [
            44.09143181,
            42.86648086
          ],
          [
            44.09141715,
            42.86647787
          ],
          [
            44.09140116,
            42.86647521
          ],
          [
            44.09138516,
            42.86647321
          ],
          [
            44.09136817,
            42.86647088
          ],
          [
            44.09135151,
            42.86646789
          ],
          [
            44.09133485,
            42.86646489
          ],
          [
            44.09131819,
            42.86646023
          ],
          [
            44.09130219,
            42.8664549
          ],
          [
            44.0912872,
            42.86644924
          ],
          [
            44.09127221,
            42.86644224
          ],
          [
            44.09125655,
            42.86643491
          ],
          [
            44.09123989,
            42.86642825
          ],
          [
            44.09122223,
            42.86642326
          ],
          [
            44.09120457,
            42.86641793
          ],
          [
            44.09118657,
            42.86641494
          ],
          [
            44.09116924,
            42.86641195
          ],
          [
            44.09115125,
            42.86640862
          ],
          [
            44.09113392,
            42.86640396
          ],
          [
            44.09111693,
            42.8663993
          ],
          [
            44.09109927,
            42.8663943
          ],
          [
            44.09108228,
            42.86638997
          ],
          [
            44.09106529,
            42.86638631
          ],
          [
            44.09104896,
            42.86638198
          ],
          [
            44.09103263,
            42.86637732
          ],
          [
            44.0910153,
            42.86637299
          ],
          [
            44.09099864,
            42.86637
          ],
          [
            44.09098165,
            42.866366
          ],
          [
            44.09096466,
            42.86636201
          ],
          [
            44.09094733,
            42.86635801
          ],
          [
            44.090931,
            42.86635502
          ],
          [
            44.09091467,
            42.86635169
          ],
          [
            44.09089801,
            42.86634836
          ],
          [
            44.09088135,
            42.86634537
          ],
          [
            44.09086469,
            42.86634204
          ],
          [
            44.09084803,
            42.86633871
          ],
          [
            44.0908307,
            42.86633538
          ],
          [
            44.09081371,
            42.86633139
          ],
          [
            44.09079771,
            42.86632773
          ],
          [
            44.09078438,
            42.8663254
          ],
          [
            44.09077705,
            42.86632407
          ],
          [
            44.09077272,
            42.86632308
          ],
          [
            44.09076973,
            42.86632209
          ],
          [
            44.09076507,
            42.86632009
          ],
          [
            44.09075841,
            42.86631809
          ],
          [
            44.09074741,
            42.86631576
          ],
          [
            44.09073442,
            42.86631377
          ],
          [
            44.09071842,
            42.86631177
          ],
          [
            44.09070109,
            42.86630977
          ],
          [
            44.09068243,
            42.86630811
          ],
          [
            44.09066343,
            42.86630512
          ],
          [
            44.09064444,
            42.86630146
          ],
          [
            44.09062611,
            42.86629747
          ],
          [
            44.09060778,
            42.86629347
          ],
          [
            44.09058912,
            42.86628881
          ],
          [
            44.09057079,
            42.86628481
          ],
          [
            44.0905528,
            42.86628115
          ],
          [
            44.09053581,
            42.86627615
          ],
          [
            44.09051815,
            42.86627182
          ],
          [
            44.09050015,
            42.86626782
          ],
          [
            44.09048216,
            42.86626449
          ],
          [
            44.09046383,
            42.86626083
          ],
          [
            44.09044484,
            42.8662575
          ],
          [
            44.09042618,
            42.86625484
          ],
          [
            44.09040718,
            42.86625318
          ],
          [
            44.09038819,
            42.86625118
          ],
          [
            44.09036886,
            42.86625019
          ],
          [
            44.09034986,
            42.86624886
          ],
          [
            44.0903312,
            42.86624753
          ],
          [
            44.09031287,
            42.8662462
          ],
          [
            44.09029421,
            42.86624387
          ],
          [
            44.09027588,
            42.86624054
          ],
          [
            44.09025755,
            42.86623654
          ],
          [
            44.09023889,
            42.86623221
          ],
          [
            44.0902199,
            42.86622821
          ],
          [
            44.09020124,
            42.86622522
          ],
          [
            44.09018258,
            42.86622189
          ],
          [
            44.09016359,
            42.8662189
          ],
          [
            44.09014493,
            42.86621624
          ],
          [
            44.09012627,
            42.86621325
          ],
          [
            44.09010761,
            42.86621092
          ],
          [
            44.09008861,
            42.86620892
          ],
          [
            44.09007062,
            42.86620626
          ],
          [
            44.09005229,
            42.86620327
          ],
          [
            44.09003396,
            42.86620028
          ],
          [
            44.0900153,
            42.86619729
          ],
          [
            44.08999664,
            42.86619463
          ],
          [
            44.08997798,
            42.86619164
          ],
          [
            44.08995998,
            42.86618798
          ],
          [
            44.08994199,
            42.86618432
          ],
          [
            44.089924,
            42.86618099
          ],
          [
            44.08990567,
            42.866177
          ],
          [
            44.08988734,
            42.86617367
          ],
          [
            44.08986968,
            42.86617134
          ],
          [
            44.08985269,
            42.86616901
          ],
          [
            44.0898357,
            42.86616701
          ],
          [
            44.08981871,
            42.86616435
          ],
          [
            44.08980138,
            42.86616169
          ],
          [
            44.08978339,
            42.8661587
          ],
          [
            44.08976539,
            42.86615537
          ],
          [
            44.08974806,
            42.86615238
          ],
          [
            44.08973073,
            42.86614839
          ],
          [
            44.08971407,
            42.86614373
          ],
          [
            44.08969708,
            42.86614007
          ],
          [
            44.08968042,
            42.86613641
          ],
          [
            44.08966309,
            42.86613275
          ],
          [
            44.08964576,
            42.86612842
          ],
          [
            44.08962877,
            42.86612409
          ],
          [
            44.08961211,
            42.8661201
          ],
          [
            44.08959478,
            42.86611577
          ],
          [
            44.08957745,
            42.86611178
          ],
          [
            44.08956079,
            42.86610745
          ],
          [
            44.08954313,
            42.86610346
          ],
          [
            44.0895258,
            42.86609913
          ],
          [
            44.08950814,
            42.86609514
          ],
          [
            44.08949081,
            42.86609148
          ],
          [
            44.08947248,
            42.86608849
          ],
          [
            44.08945482,
            42.86608549
          ],
          [
            44.08943682,
            42.86608316
          ],
          [
            44.08941883,
            42.86608017
          ],
          [
            44.08940084,
            42.86607651
          ],
          [
            44.08938318,
            42.86607285
          ],
          [
            44.08936619,
            42.86606852
          ],
          [
            44.0893482,
            42.86606486
          ],
          [
            44.08933087,
            42.86606053
          ],
          [
            44.08931421,
            42.8660562
          ],
          [
            44.08929655,
            42.86605221
          ],
          [
            44.08927889,
            42.86604755
          ],
          [
            44.08926156,
            42.86604222
          ],
          [
            44.08924357,
            42.86603722
          ],
          [
            44.08922624,
            42.86603189
          ],
          [
            44.08920791,
            42.8660269
          ],
          [
            44.08918958,
            42.86602257
          ],
          [
            44.08917192,
            42.86601924
          ],
          [
            44.08915326,
            42.86601591
          ],
          [
            44.0891346,
            42.86601258
          ],
          [
            44.08911627,
            42.86600925
          ],
          [
            44.08909794,
            42.86600592
          ],
          [
            44.08907961,
            42.86600259
          ],
          [
            44.08906128,
            42.86599926
          ],
          [
            44.08904262,
            42.86599593
          ],
          [
            44.08902362,
            42.86599327
          ],
          [
            44.08900496,
            42.86598994
          ],
          [
            44.08898663,
            42.86598628
          ],
          [
            44.08896864,
            42.86598295
          ],
          [
            44.08895065,
            42.86597962
          ],
          [
            44.08893265,
            42.86597629
          ],
          [
            44.08891365,
            42.86597363
          ],
          [
            44.08889566,
            42.8659713
          ],
          [
            44.08887767,
            42.86596797
          ],
          [
            44.08885934,
            42.86596531
          ],
          [
            44.08884101,
            42.86596232
          ],
          [
            44.08882335,
            42.86595966
          ],
          [
            44.08880569,
            42.865957
          ],
          [
            44.08878669,
            42.86595467
          ],
          [
            44.08876836,
            42.86595168
          ],
          [
            44.08875036,
            42.86594869
          ],
          [
            44.08873303,
            42.8659457
          ],
          [
            44.08871537,
            42.8659417
          ],
          [
            44.08869871,
            42.86593737
          ],
          [
            44.08868205,
            42.86593271
          ],
          [
            44.08866539,
            42.86592805
          ],
          [
            44.08864806,
            42.86592339
          ],
          [
            44.08863173,
            42.86591839
          ],
          [
            44.0886174,
            42.86591339
          ],
          [
            44.0886034,
            42.86590906
          ],
          [
            44.08858874,
            42.8659054
          ],
          [
            44.08857541,
            42.86590207
          ],
          [
            44.08856141,
            42.86589908
          ],
          [
            44.08854775,
            42.86589609
          ],
          [
            44.08853509,
            42.86589276
          ],
          [
            44.08852176,
            42.86588876
          ],
          [
            44.0885091,
            42.8658851
          ],
          [
            44.08849644,
            42.86588211
          ],
          [
            44.08848344,
            42.86587912
          ],
          [
            44.08847045,
            42.86587646
          ],
          [
            44.08845779,
            42.86587446
          ],
          [
            44.08844546,
            42.86587313
          ],
          [
            44.08843347,
            42.86587147
          ],
          [
            44.08842047,
            42.86586948
          ],
          [
            44.08840781,
            42.86586815
          ],
          [
            44.08839415,
            42.86586682
          ],
          [
            44.08838149,
            42.86586516
          ],
          [
            44.08836816,
            42.8658635
          ],
          [
            44.08835583,
            42.86586251
          ],
          [
            44.08834384,
            42.86586185
          ],
          [
            44.08833118,
            42.86586152
          ],
          [
            44.08831819,
            42.86586119
          ],
          [
            44.08830586,
            42.86586185
          ],
          [
            44.08829387,
            42.86586251
          ],
          [
            44.08828254,
            42.86586317
          ],
          [
            44.08827121,
            42.86586317
          ],
          [
            44.08825955,
            42.86586317
          ],
          [
            44.08824855,
            42.86586417
          ],
          [
            44.08823755,
            42.86586583
          ],
          [
            44.08822622,
            42.86586716
          ],
          [
            44.08821456,
            42.86586882
          ],
          [
            44.0882029,
            42.86587115
          ],
          [
            44.08819124,
            42.86587381
          ],
          [
            44.08817958,
            42.8658768
          ],
          [
            44.08816792,
            42.86587979
          ],
          [
            44.08815626,
            42.86588312
          ],
          [
            44.08814526,
            42.86588645
          ],
          [
            44.0881356,
            42.86588911
          ],
          [
            44.08812627,
            42.8658911
          ],
          [
            44.08812061,
            42.8658931
          ],
          [
            44.08811861,
            42.86589376
          ],
          [
            44.08811299,
            42.86589145
          ],
          [
            44.08811066,
            42.86589211
          ],
          [
            44.088106,
            42.86589377
          ],
          [
            44.08809834,
            42.86589676
          ],
          [
            44.08809001,
            42.86590109
          ],
          [
            44.08808035,
            42.86590575
          ],
          [
            44.08807036,
            42.86591141
          ],
          [
            44.0880597,
            42.86591607
          ],
          [
            44.0880487,
            42.86592073
          ],
          [
            44.0880377,
            42.86592639
          ],
          [
            44.08802637,
            42.86593172
          ],
          [
            44.08801537,
            42.86593805
          ],
          [
            44.08800471,
            42.86594404
          ],
          [
            44.08799472,
            42.86595003
          ],
          [
            44.08798372,
            42.86595669
          ],
          [
            44.08797272,
            42.86596302
          ],
          [
            44.08796172,
            42.86596935
          ],
          [
            44.08795006,
            42.86597534
          ],
          [
            44.08793906,
            42.86598167
          ],
          [
            44.08792773,
            42.86598833
          ],
          [
            44.08791707,
            42.86599532
          ],
          [
            44.08790607,
            42.86600165
          ],
          [
            44.08789541,
            42.86600798
          ],
          [
            44.08788475,
            42.86601464
          ],
          [
            44.08787409,
            42.86602097
          ],
          [
            44.0878621,
            42.86602763
          ],
          [
            44.08785044,
            42.86603429
          ],
          [
            44.08783911,
            42.86604162
          ],
          [
            44.08782845,
            42.86604861
          ],
          [
            44.08781812,
            42.86605627
          ],
          [
            44.08780779,
            42.86606427
          ],
          [
            44.08779846,
            42.86607227
          ],
          [
            44.08778947,
            42.8660796
          ],
          [
            44.08778081,
            42.86608693
          ],
          [
            44.08777148,
            42.86609426
          ],
          [
            44.08776115,
            42.86610292
          ],
          [
            44.08774982,
            42.86611225
          ],
          [
            44.08773882,
            42.86612158
          ],
          [
            44.08772916,
            42.86613158
          ],
          [
            44.0877185,
            42.86614057
          ],
          [
            44.08770884,
            42.86615057
          ],
          [
            44.08769885,
            42.8661609
          ],
          [
            44.08768885,
            42.8661709
          ],
          [
            44.08767919,
            42.86618089
          ],
          [
            44.08766919,
            42.86619022
          ],
          [
            44.08765919,
            42.86619988
          ],
          [
            44.0876492,
            42.86620887
          ],
          [
            44.0876392,
            42.86621786
          ],
          [
            44.08762854,
            42.86622619
          ],
          [
            44.08761754,
            42.86623485
          ],
          [
            44.08760621,
            42.86624384
          ],
          [
            44.08759621,
            42.86625383
          ],
          [
            44.08758555,
            42.86626483
          ],
          [
            44.08757356,
            42.86627382
          ],
          [
            44.08756256,
            42.86628348
          ],
          [
            44.0875499,
            42.86629247
          ],
          [
            44.0875369,
            42.86630047
          ],
          [
            44.08752324,
            42.8663088
          ],
          [
            44.08751058,
            42.8663168
          ],
          [
            44.08749858,
            42.86632646
          ],
          [
            44.08748625,
            42.86633479
          ],
          [
            44.08747292,
            42.86634312
          ],
          [
            44.08745959,
            42.86635178
          ],
          [
            44.08744693,
            42.86636044
          ],
          [
            44.08743293,
            42.86636877
          ],
          [
            44.0874196,
            42.86637643
          ],
          [
            44.08740627,
            42.86638476
          ],
          [
            44.08739261,
            42.86639309
          ],
          [
            44.08737861,
            42.86640142
          ],
          [
            44.08736428,
            42.86640975
          ],
          [
            44.08735028,
            42.86641741
          ],
          [
            44.08733562,
            42.86642474
          ],
          [
            44.08732196,
            42.86643174
          ],
          [
            44.08730896,
            42.86644007
          ],
          [
            44.08729663,
            42.86644773
          ],
          [
            44.0872843,
            42.86645473
          ],
          [
            44.08727231,
            42.86646172
          ],
          [
            44.08725998,
            42.86646872
          ],
          [
            44.08724698,
            42.86647538
          ],
          [
            44.08723332,
            42.86648171
          ],
          [
            44.08721966,
            42.86648804
          ],
          [
            44.08720633,
            42.8664937
          ],
          [
            44.08719434,
            42.86650069
          ],
          [
            44.08718368,
            42.86650735
          ],
          [
            44.08717402,
            42.86651468
          ],
          [
            44.08716636,
            42.86652367
          ],
          [
            44.0871607,
            42.866534
          ],
          [
            44.08715604,
            42.86654399
          ],
          [
            44.08715138,
            42.86655465
          ],
          [
            44.08714605,
            42.86656531
          ],
          [
            44.08714006,
            42.86657531
          ],
          [
            44.0871324,
            42.8665863
          ],
          [
            44.0871244,
            42.86659663
          ],
          [
            44.08711641,
            42.86660763
          ],
          [
            44.08710975,
            42.86661829
          ],
          [
            44.08710642,
            42.86662795
          ],
          [
            44.08710442,
            42.86663628
          ],
          [
            44.08710243,
            42.86664527
          ],
          [
            44.08709977,
            42.86665393
          ],
          [
            44.08709711,
            42.86666392
          ],
          [
            44.08709545,
            42.86667392
          ],
          [
            44.08709446,
            42.86668258
          ],
          [
            44.08709313,
            42.86668924
          ],
          [
            44.08709379,
            42.86669223
          ],
          [
            44.08709578,
            42.86669389
          ],
          [
            44.08710405,
            42.86669686
          ],
          [
            44.08710405,
            42.8666932
          ],
          [
            44.08710405,
            42.8666862
          ],
          [
            44.08710405,
            42.86667654
          ],
          [
            44.08710405,
            42.86666488
          ],
          [
            44.08710504,
            42.86665322
          ],
          [
            44.08710604,
            42.86664156
          ],
          [
            44.08710737,
            42.86662923
          ],
          [
            44.08710837,
            42.8666169
          ],
          [
            44.08710804,
            42.86660491
          ],
          [
            44.08710604,
            42.86659391
          ],
          [
            44.08710071,
            42.86658325
          ],
          [
            44.08709338,
            42.86657292
          ],
          [
            44.08708505,
            42.86656259
          ],
          [
            44.08707739,
            42.8665526
          ],
          [
            44.08707006,
            42.8665426
          ],
          [
            44.08706206,
            42.86653227
          ],
          [
            44.08705207,
            42.86652228
          ],
          [
            44.08704107,
            42.86651362
          ],
          [
            44.08702841,
            42.86650562
          ],
          [
            44.08701508,
            42.86649829
          ],
          [
            44.08700075,
            42.86649063
          ],
          [
            44.08698642,
            42.86648264
          ],
          [
            44.08697242,
            42.86647364
          ],
          [
            44.08695909,
            42.86646598
          ],
          [
            44.08694509,
            42.86645865
          ],
          [
            44.08693176,
            42.86645199
          ],
          [
            44.08691677,
            42.86644466
          ],
          [
            44.08690244,
            42.866438
          ],
          [
            44.08688811,
            42.866431
          ],
          [
            44.08687411,
            42.86642367
          ],
          [
            44.08685945,
            42.86641567
          ],
          [
            44.08684545,
            42.86640767
          ],
          [
            44.08683112,
            42.86640034
          ],
          [
            44.08681712,
            42.86639301
          ],
          [
            44.08680346,
            42.86638601
          ],
          [
            44.08679013,
            42.86637801
          ],
          [
            44.0867778,
            42.86636902
          ],
          [
            44.08676581,
            42.86636036
          ],
          [
            44.08675348,
            42.8663517
          ],
          [
            44.08674048,
            42.86634471
          ],
          [
            44.08672682,
            42.86633705
          ],
          [
            44.08671316,
            42.86632972
          ],
          [
            44.08669983,
            42.86632306
          ],
          [
            44.08668484,
            42.86631673
          ],
          [
            44.08666985,
            42.8663104
          ],
          [
            44.08665519,
            42.86630407
          ],
          [
            44.08664019,
            42.86629741
          ],
          [
            44.0866252,
            42.86629075
          ],
          [
            44.08661021,
            42.86628409
          ],
          [
            44.08659521,
            42.86627743
          ],
          [
            44.08657955,
            42.86627077
          ],
          [
            44.08656355,
            42.86626611
          ],
          [
            44.08654656,
            42.86626211
          ],
          [
            44.08652957,
            42.86625745
          ],
          [
            44.08651357,
            42.86625212
          ],
          [
            44.08649791,
            42.86624646
          ],
          [
            44.08648258,
            42.86624146
          ],
          [
            44.08646692,
            42.8662378
          ],
          [
            44.08645059,
            42.86623447
          ],
          [
            44.08643493,
            42.86623014
          ],
          [
            44.0864186,
            42.86622648
          ],
          [
            44.08640161,
            42.86622348
          ],
          [
            44.08638428,
            42.86622182
          ],
          [
            44.08636729,
            42.86621883
          ],
          [
            44.08634996,
            42.8662145
          ],
          [
            44.08633197,
            42.86620984
          ],
          [
            44.08631364,
            42.86620618
          ],
          [
            44.08629598,
            42.86620252
          ],
          [
            44.08627965,
            42.86619853
          ],
          [
            44.08626299,
            42.8661942
          ],
          [
            44.08624566,
            42.86618954
          ],
          [
            44.086228,
            42.86618555
          ],
          [
            44.08621067,
            42.86618156
          ],
          [
            44.08619301,
            42.8661779
          ],
          [
            44.08617502,
            42.86617524
          ],
          [
            44.08615669,
            42.86617225
          ],
          [
            44.0861387,
            42.86616892
          ],
          [
            44.08612104,
            42.86616593
          ],
          [
            44.08610438,
            42.86616194
          ],
          [
            44.08608772,
            42.86615828
          ],
          [
            44.08607073,
            42.86615529
          ],
          [
            44.08605307,
            42.8661523
          ],
          [
            44.08603574,
            42.86614931
          ],
          [
            44.08601808,
            42.86614532
          ],
          [
            44.08600075,
            42.86614166
          ],
          [
            44.08598309,
            42.86613733
          ],
          [
            44.08596509,
            42.86613333
          ],
          [
            44.08594776,
            42.86613
          ],
          [
            44.08592977,
            42.86612634
          ],
          [
            44.08591244,
            42.86612234
          ],
          [
            44.08589478,
            42.86611868
          ],
          [
            44.08587745,
            42.86611502
          ],
          [
            44.08585979,
            42.86611136
          ],
          [
            44.08584246,
            42.86610803
          ],
          [
            44.08582613,
            42.86610437
          ],
          [
            44.0858098,
            42.86610038
          ],
          [
            44.08579314,
            42.86609672
          ],
          [
            44.08577648,
            42.86609306
          ],
          [
            44.08575982,
            42.86608873
          ],
          [
            44.08574316,
            42.86608507
          ],
          [
            44.08572717,
            42.86608108
          ],
          [
            44.08571151,
            42.86607642
          ],
          [
            44.08569618,
            42.86607076
          ],
          [
            44.08568052,
            42.86606576
          ],
          [
            44.08566419,
            42.8660611
          ],
          [
            44.0856472,
            42.8660571
          ],
          [
            44.08562954,
            42.86605411
          ],
          [
            44.08561255,
            42.86605112
          ],
          [
            44.08559522,
            42.86604713
          ],
          [
            44.08557856,
            42.86604347
          ],
          [
            44.0855619,
            42.86603914
          ],
          [
            44.08554524,
            42.86603548
          ],
          [
            44.08552791,
            42.86603082
          ],
          [
            44.08551058,
            42.86602749
          ],
          [
            44.08549292,
            42.8660245
          ],
          [
            44.08547493,
            42.86602117
          ],
          [
            44.0854576,
            42.86601784
          ],
          [
            44.08544061,
            42.86601518
          ],
          [
            44.08542295,
            42.86601219
          ],
          [
            44.08540562,
            42.86600986
          ],
          [
            44.08538896,
            42.8660072
          ],
          [
            44.08537196,
            42.8660042
          ],
          [
            44.08535463,
            42.86600187
          ],
          [
            44.08533764,
            42.86599888
          ],
          [
            44.08532065,
            42.86599588
          ],
          [
            44.08530432,
            42.86599255
          ],
          [
            44.08528799,
            42.86598889
          ],
          [
            44.08527233,
            42.86598556
          ],
          [
            44.085256,
            42.86598257
          ],
          [
            44.08523934,
            42.86597958
          ],
          [
            44.08522301,
            42.86597625
          ],
          [
            44.08520668,
            42.86597359
          ],
          [
            44.08519002,
            42.86596993
          ],
          [
            44.08517402,
            42.8659666
          ],
          [
            44.08515869,
            42.86596327
          ],
          [
            44.08514303,
            42.86595994
          ],
          [
            44.0851277,
            42.86595728
          ],
          [
            44.0851127,
            42.86595429
          ],
          [
            44.08509771,
            42.86595096
          ],
          [
            44.08508205,
            42.86594797
          ],
          [
            44.08506639,
            42.86594464
          ],
          [
            44.08505273,
            42.86594198
          ],
          [
            44.08503907,
            42.86593932
          ],
          [
            44.08502608,
            42.86593599
          ],
          [
            44.08501242,
            42.865933
          ],
          [
            44.08499876,
            42.86593034
          ],
          [
            44.08498543,
            42.86592801
          ],
          [
            44.0849721,
            42.86592535
          ],
          [
            44.08495844,
            42.86592236
          ],
          [
            44.08494511,
            42.86592003
          ],
          [
            44.08493178,
            42.86591704
          ],
          [
            44.08491912,
            42.86591438
          ],
          [
            44.08490646,
            42.86591105
          ],
          [
            44.08489313,
            42.86590939
          ],
          [
            44.08488114,
            42.86590673
          ],
          [
            44.08486881,
            42.86590473
          ],
          [
            44.08485581,
            42.86590207
          ],
          [
            44.08484315,
            42.86589974
          ],
          [
            44.08482982,
            42.86589775
          ],
          [
            44.08481749,
            42.86589542
          ],
          [
            44.08480516,
            42.86589309
          ],
          [
            44.08479317,
            42.86589043
          ],
          [
            44.08478217,
            42.86588744
          ],
          [
            44.08477384,
            42.86588511
          ],
          [
            44.08476851,
            42.86588311
          ],
          [
            44.08476518,
            42.86588178
          ],
          [
            44.08476118,
            42.86588145
          ],
          [
            44.08475419,
            42.86588145
          ],
          [
            44.08474419,
            42.86588079
          ],
          [
            44.08473253,
            42.86588046
          ],
          [
            44.0847202,
            42.86587947
          ],
          [
            44.08470754,
            42.86587747
          ],
          [
            44.08469421,
            42.86587514
          ],
          [
            44.08467988,
            42.86587315
          ],
          [
            44.08466622,
            42.86587115
          ],
          [
            44.08465189,
            42.86586882
          ],
          [
            44.08463789,
            42.86586649
          ],
          [
            44.08462423,
            42.8658645
          ],
          [
            44.0846099,
            42.86586184
          ],
          [
            44.0845969,
            42.86585885
          ],
          [
            44.08458357,
            42.86585685
          ],
          [
            44.08457024,
            42.86585419
          ],
          [
            44.08455691,
            42.86585086
          ],
          [
            44.08454291,
            42.86584787
          ],
          [
            44.08452925,
            42.86584521
          ],
          [
            44.08451492,
            42.86584255
          ],
          [
            44.08450026,
            42.86584022
          ],
          [
            44.0844856,
            42.86583756
          ],
          [
            44.08447094,
            42.86583523
          ],
          [
            44.08445595,
            42.8658329
          ],
          [
            44.08444129,
            42.86583057
          ],
          [
            44.08442629,
            42.86582824
          ],
          [
            44.08441196,
            42.86582624
          ],
          [
            44.08439796,
            42.86582325
          ],
          [
            44.08438497,
            42.86581992
          ],
          [
            44.08437131,
            42.86581659
          ],
          [
            44.08435631,
            42.86581393
          ],
          [
            44.08434198,
            42.86581193
          ],
          [
            44.08432732,
            42.8658096
          ],
          [
            44.08431266,
            42.86580727
          ],
          [
            44.08429767,
            42.86580428
          ],
          [
            44.08428367,
            42.86580162
          ],
          [
            44.08426967,
            42.86579963
          ],
          [
            44.08425501,
            42.86579797
          ],
          [
            44.08424101,
            42.86579631
          ],
          [
            44.08422902,
            42.86579365
          ],
          [
            44.08421903,
            42.86579099
          ],
          [
            44.0842067,
            42.86578833
          ],
          [
            44.08419437,
            42.86578633
          ],
          [
            44.08418071,
            42.865784
          ],
          [
            44.08416671,
            42.86578034
          ],
          [
            44.08415271,
            42.86577768
          ],
          [
            44.08413871,
            42.86577402
          ],
          [
            44.08412405,
            42.86577036
          ],
          [
            44.08411005,
            42.86576637
          ],
          [
            44.08409605,
            42.86576171
          ],
          [
            44.08408272,
            42.86575772
          ],
          [
            44.08406839,
            42.86575406
          ],
          [
            44.08405439,
            42.86575107
          ],
          [
            44.08404173,
            42.86574741
          ],
          [
            44.08402907,
            42.86574241
          ],
          [
            44.08401708,
            42.86573775
          ],
          [
            44.08400442,
            42.86573342
          ],
          [
            44.08399143,
            42.86573009
          ],
          [
            44.08397843,
            42.86572809
          ],
          [
            44.08396477,
            42.86572609
          ],
          [
            44.08395111,
            42.86572376
          ],
          [
            44.08393745,
            42.86572176
          ],
          [
            44.08392379,
            42.8657191
          ],
          [
            44.08391113,
            42.86571677
          ],
          [
            44.08389914,
            42.86571477
          ],
          [
            44.08388581,
            42.86571311
          ],
          [
            44.08387215,
            42.86571045
          ],
          [
            44.08385815,
            42.86570845
          ],
          [
            44.08384449,
            42.86570712
          ],
          [
            44.08383083,
            42.86570579
          ],
          [
            44.08381817,
            42.86570413
          ],
          [
            44.08380518,
            42.86570247
          ],
          [
            44.08379118,
            42.86570181
          ],
          [
            44.08377818,
            42.86570181
          ],
          [
            44.08376518,
            42.86570181
          ],
          [
            44.08375285,
            42.86570181
          ],
          [
            44.08374185,
            42.86570314
          ],
          [
            44.08373152,
            42.8657048
          ],
          [
            44.08372019,
            42.8657068
          ],
          [
            44.08370986,
            42.86570946
          ],
          [
            44.08369786,
            42.86571179
          ],
          [
            44.08368587,
            42.86571312
          ],
          [
            44.08367421,
            42.86571545
          ],
          [
            44.08366288,
            42.86571811
          ],
          [
            44.08365188,
            42.86572077
          ],
          [
            44.08364155,
            42.86572376
          ],
          [
            44.08363122,
            42.86572709
          ],
          [
            44.08362089,
            42.86573108
          ],
          [
            44.08361356,
            42.86573341
          ],
          [
            44.08360823,
            42.86573407
          ],
          [
            44.08360457,
            42.86573374
          ],
          [
            44.08360489,
            42.86573374
          ],
          [
            44.08360622,
            42.86573374
          ],
          [
            44.08360456,
            42.86573374
          ],
          [
            44.08360023,
            42.86573574
          ],
          [
            44.08359424,
            42.86573807
          ],
          [
            44.08358824,
            42.86574106
          ],
          [
            44.08358191,
            42.86574472
          ],
          [
            44.08357558,
            42.86574805
          ],
          [
            44.08357025,
            42.86575138
          ],
          [
            44.08356525,
            42.86575604
          ],
          [
            44.08355992,
            42.86576037
          ],
          [
            44.08355559,
            42.8657637
          ],
          [
            44.0835483,
            42.86576602
          ],
          [
            44.08355358,
            42.8657604
          ],
          [
            44.08355192,
            42.86576139
          ],
          [
            44.08354759,
            42.86576372
          ],
          [
            44.08354226,
            42.86576671
          ],
          [
            44.08353627,
            42.86577137
          ],
          [
            44.08353061,
            42.86577603
          ],
          [
            44.08352462,
            42.86578169
          ],
          [
            44.08351829,
            42.86578835
          ],
          [
            44.08351263,
            42.86579434
          ],
          [
            44.08350563,
            42.86580067
          ],
          [
            44.08349897,
            42.865807
          ],
          [
            44.08349231,
            42.86581299
          ],
          [
            44.08348498,
            42.86581898
          ],
          [
            44.08347732,
            42.86582498
          ],
          [
            44.08346999,
            42.86583031
          ],
          [
            44.08346233,
            42.86583631
          ],
          [
            44.083455,
            42.8658423
          ],
          [
            44.08344734,
            42.86584863
          ],
          [
            44.08344001,
            42.86585596
          ],
          [
            44.08343368,
            42.86586329
          ],
          [
            44.08342702,
            42.86587195
          ],
          [
            44.08342036,
            42.86588061
          ],
          [
            44.0834137,
            42.86588761
          ],
          [
            44.08340637,
            42.8658946
          ],
          [
            44.08339937,
            42.8659026
          ],
          [
            44.08339338,
            42.86591026
          ],
          [
            44.08338705,
            42.86591692
          ],
          [
            44.08338072,
            42.86592325
          ],
          [
            44.08337473,
            42.86593058
          ],
          [
            44.0833684,
            42.86593691
          ],
          [
            44.08336074,
            42.86594357
          ],
          [
            44.08335341,
            42.8659509
          ],
          [
            44.08334641,
            42.86595856
          ],
          [
            44.08333875,
            42.86596589
          ],
          [
            44.08333109,
            42.86597188
          ],
          [
            44.08332343,
            42.86597854
          ],
          [
            44.0833171,
            42.86598554
          ],
          [
            44.08331077,
            42.86599287
          ],
          [
            44.08330411,
            42.86599953
          ],
          [
            44.08329812,
            42.86600619
          ],
          [
            44.08329246,
            42.86601285
          ],
          [
            44.0832858,
            42.86601985
          ],
          [
            44.08327914,
            42.86602651
          ],
          [
            44.08327314,
            42.86603317
          ],
          [
            44.08326715,
            42.86603983
          ],
          [
            44.08326049,
            42.86604716
          ],
          [
            44.0832545,
            42.86605515
          ],
          [
            44.08324917,
            42.86606315
          ],
          [
            44.08324318,
            42.86607048
          ],
          [
            44.08323719,
            42.86607814
          ],
          [
            44.08323053,
            42.86608613
          ],
          [
            44.08322354,
            42.86609413
          ],
          [
            44.08321588,
            42.86610179
          ],
          [
            44.08320922,
            42.86610912
          ],
          [
            44.08320256,
            42.86611678
          ],
          [
            44.08319657,
            42.86612444
          ],
          [
            44.08318958,
            42.86613177
          ],
          [
            44.08318258,
            42.86613977
          ],
          [
            44.08317525,
            42.86614776
          ],
          [
            44.08316759,
            42.86615609
          ],
          [
            44.08316093,
            42.86616475
          ],
          [
            44.08315494,
            42.86617341
          ],
          [
            44.08314895,
            42.86618207
          ],
          [
            44.08314162,
            42.8661904
          ],
          [
            44.08313562,
            42.86619906
          ],
          [
            44.08312963,
            42.86620739
          ],
          [
            44.08312364,
            42.86621572
          ],
          [
            44.08311731,
            42.86622371
          ],
          [
            44.08311132,
            42.86623304
          ],
          [
            44.08310499,
            42.86624104
          ],
          [
            44.08309799,
            42.86624937
          ],
          [
            44.08309133,
            42.86625737
          ],
          [
            44.08308367,
            42.86626503
          ],
          [
            44.08307734,
            42.86627369
          ],
          [
            44.08307068,
            42.86628202
          ],
          [
            44.08306335,
            42.86629068
          ],
          [
            44.08305502,
            42.86629868
          ],
          [
            44.08304636,
            42.86630568
          ],
          [
            44.0830367,
            42.86631334
          ],
          [
            44.08302837,
            42.866322
          ],
          [
            44.08301938,
            42.86632966
          ],
          [
            44.08301005,
            42.86633766
          ],
          [
            44.08300039,
            42.86634532
          ],
          [
            44.08299006,
            42.86635231
          ],
          [
            44.08297973,
            42.86635997
          ],
          [
            44.0829684,
            42.8663663
          ],
          [
            44.08295674,
            42.86637363
          ],
          [
            44.08294441,
            42.86638062
          ],
          [
            44.08293175,
            42.86638762
          ],
          [
            44.08291909,
            42.86639428
          ],
          [
            44.0829051,
            42.86640128
          ],
          [
            44.0828911,
            42.86640794
          ],
          [
            44.0828771,
            42.86641393
          ],
          [
            44.08286244,
            42.86641959
          ],
          [
            44.08285011,
            42.86642625
          ],
          [
            44.08283711,
            42.86643291
          ],
          [
            44.08282478,
            42.86644024
          ],
          [
            44.08281178,
            42.8664459
          ],
          [
            44.08279945,
            42.86645123
          ],
          [
            44.08278679,
            42.86645722
          ],
          [
            44.08277413,
            42.86646288
          ],
          [
            44.08276013,
            42.86646821
          ],
          [
            44.08274613,
            42.86647354
          ],
          [
            44.0827308,
            42.86647787
          ],
          [
            44.08271547,
            42.86648186
          ],
          [
            44.08269981,
            42.86648619
          ],
          [
            44.08268515,
            42.86649152
          ],
          [
            44.08267016,
            42.86649685
          ],
          [
            44.0826545,
            42.86650118
          ],
          [
            44.08263851,
            42.86650451
          ],
          [
            44.08262251,
            42.86650784
          ],
          [
            44.08260651,
            42.86651117
          ],
          [
            44.08259052,
            42.8665145
          ],
          [
            44.08257419,
            42.86651849
          ],
          [
            44.08255786,
            42.86652215
          ],
          [
            44.08254186,
            42.86652514
          ],
          [
            44.0825262,
            42.8665278
          ],
          [
            44.08251287,
            42.8665278
          ],
          [
            44.08250221,
            42.86652714
          ],
          [
            44.08249655,
            42.86652747
          ],
          [
            44.08249456,
            42.8665278
          ],
          [
            44.08249323,
            42.86652714
          ],
          [
            44.08249157,
            42.86652516
          ],
          [
            44.08249288,
            42.86652318
          ],
          [
            44.08249022,
            42.86652451
          ],
          [
            44.08248389,
            42.86652851
          ],
          [
            44.08247423,
            42.86653351
          ],
          [
            44.08246257,
            42.8665385
          ],
          [
            44.08244857,
            42.86654383
          ],
          [
            44.08243324,
            42.86654816
          ],
          [
            44.08241625,
            42.86655082
          ],
          [
            44.08239959,
            42.86655281
          ],
          [
            44.08238293,
            42.86655481
          ],
          [
            44.08236693,
            42.86655681
          ],
          [
            44.0823506,
            42.86655847
          ],
          [
            44.08233361,
            42.86656047
          ],
          [
            44.08231695,
            42.8665628
          ],
          [
            44.08230062,
            42.8665648
          ],
          [
            44.08228496,
            42.86656746
          ],
          [
            44.08226963,
            42.86656912
          ],
          [
            44.08225363,
            42.86656978
          ],
          [
            44.0822373,
            42.86657044
          ],
          [
            44.08222064,
            42.86657077
          ],
          [
            44.08220431,
            42.8665711
          ],
          [
            44.08218798,
            42.86657243
          ],
          [
            44.08217198,
            42.86657409
          ],
          [
            44.08215565,
            42.86657475
          ],
          [
            44.08213932,
            42.86657541
          ],
          [
            44.08212266,
            42.86657574
          ],
          [
            44.08210633,
            42.8665764
          ],
          [
            44.08208967,
            42.86657773
          ],
          [
            44.08207367,
            42.86657839
          ],
          [
            44.08205734,
            42.86657938
          ],
          [
            44.08204168,
            42.86658004
          ],
          [
            44.08202602,
            42.86658137
          ],
          [
            44.08201069,
            42.86658203
          ],
          [
            44.08199636,
            42.86658269
          ],
          [
            44.08198236,
            42.86658402
          ],
          [
            44.0819687,
            42.86658635
          ],
          [
            44.08195504,
            42.86658768
          ],
          [
            44.08194138,
            42.86658968
          ],
          [
            44.08192805,
            42.86659234
          ],
          [
            44.08191405,
            42.866595
          ],
          [
            44.08189972,
            42.86659666
          ],
          [
            44.08188506,
            42.86659832
          ],
          [
            44.08186973,
            42.86660065
          ],
          [
            44.08185373,
            42.86660331
          ],
          [
            44.0818374,
            42.86660664
          ],
          [
            44.08182041,
            42.86660897
          ],
          [
            44.08180408,
            42.86661163
          ],
          [
            44.08178775,
            42.86661429
          ],
          [
            44.08177109,
            42.86661695
          ],
          [
            44.0817541,
            42.86661928
          ],
          [
            44.08173677,
            42.86662194
          ],
          [
            44.08172011,
            42.86662493
          ],
          [
            44.08170345,
            42.86662792
          ],
          [
            44.08168746,
            42.86663125
          ],
          [
            44.08167113,
            42.86663458
          ],
          [
            44.0816538,
            42.86663791
          ],
          [
            44.08163614,
            42.8666399
          ],
          [
            44.08161848,
            42.86664156
          ],
          [
            44.08160049,
            42.86664255
          ],
          [
            44.08158216,
            42.86664255
          ],
          [
            44.08156383,
            42.86664255
          ],
          [
            44.08154517,
            42.86664255
          ],
          [
            44.08152584,
            42.86664321
          ],
          [
            44.08150751,
            42.8666442
          ],
          [
            44.08148951,
            42.86664486
          ],
          [
            44.08147252,
            42.86664619
          ],
          [
            44.08145553,
            42.86664752
          ],
          [
            44.0814392,
            42.86664818
          ],
          [
            44.08142287,
            42.86664785
          ],
          [
            44.08140554,
            42.86664785
          ],
          [
            44.08138888,
            42.86664785
          ],
          [
            44.08137189,
            42.86664851
          ],
          [
            44.0813549,
            42.86665017
          ],
          [
            44.08133757,
            42.86665316
          ],
          [
            44.08132124,
            42.86665749
          ],
          [
            44.08130491,
            42.86666148
          ],
          [
            44.08128758,
            42.86666514
          ],
          [
            44.08127025,
            42.86666947
          ],
          [
            44.08125359,
            42.86667447
          ],
          [
            44.08123693,
            42.8666798
          ],
          [
            44.08121994,
            42.86668413
          ],
          [
            44.08120261,
            42.86668813
          ],
          [
            44.08118562,
            42.86669246
          ],
          [
            44.08116863,
            42.86669779
          ],
          [
            44.08115197,
            42.86670345
          ],
          [
            44.08113498,
            42.86670911
          ],
          [
            44.08111899,
            42.86671444
          ],
          [
            44.081102,
            42.8667191
          ],
          [
            44.08108534,
            42.86672309
          ],
          [
            44.08106801,
            42.86672608
          ],
          [
            44.08105068,
            42.86673008
          ],
          [
            44.08103435,
            42.86673374
          ],
          [
            44.08101736,
            42.86673673
          ],
          [
            44.08100037,
            42.86673873
          ],
          [
            44.08098304,
            42.86674106
          ],
          [
            44.08096571,
            42.86674239
          ],
          [
            44.08094872,
            42.86674173
          ],
          [
            44.08093272,
            42.86674007
          ],
          [
            44.08091639,
            42.86673841
          ],
          [
            44.08089973,
            42.86673675
          ],
          [
            44.08088407,
            42.86673442
          ],
          [
            44.08086908,
            42.86673109
          ],
          [
            44.08085575,
            42.86672709
          ],
          [
            44.08084275,
            42.86672176
          ],
          [
            44.08082909,
            42.86671676
          ],
          [
            44.08081409,
            42.86671176
          ],
          [
            44.08079943,
            42.86670643
          ],
          [
            44.08078444,
            42.8667011
          ],
          [
            44.08076811,
            42.8666961
          ],
          [
            44.08075012,
            42.86669177
          ],
          [
            44.08073279,
            42.86668744
          ],
          [
            44.0807158,
            42.86668211
          ],
          [
            44.08069847,
            42.86667712
          ],
          [
            44.08068114,
            42.86667246
          ],
          [
            44.08066381,
            42.8666678
          ],
          [
            44.08064781,
            42.86666314
          ],
          [
            44.08063148,
            42.86665814
          ],
          [
            44.08061615,
            42.86665415
          ],
          [
            44.08060182,
            42.86665015
          ],
          [
            44.08058849,
            42.86664649
          ],
          [
            44.08057583,
            42.8666435
          ],
          [
            44.08056417,
            42.86664051
          ],
          [
            44.08055351,
            42.86663752
          ],
          [
            44.08054418,
            42.86663352
          ],
          [
            44.08053852,
            42.86663119
          ],
          [
            44.0805352,
            42.86662556
          ],
          [
            44.08053054,
            42.86662357
          ],
          [
            44.08052255,
            42.86661991
          ],
          [
            44.08051289,
            42.86661358
          ],
          [
            44.08050256,
            42.86660659
          ],
          [
            44.0804919,
            42.86659826
          ],
          [
            44.0804799,
            42.86658926
          ],
          [
            44.08046591,
            42.86658127
          ],
          [
            44.08045225,
            42.86657261
          ],
          [
            44.08043892,
            42.86656328
          ],
          [
            44.08042492,
            42.86655362
          ],
          [
            44.08041192,
            42.86654396
          ],
          [
            44.08039859,
            42.8665333
          ],
          [
            44.08038593,
            42.8665233
          ],
          [
            44.0803736,
            42.86651297
          ],
          [
            44.08036227,
            42.86650231
          ],
          [
            44.08035094,
            42.86649098
          ],
          [
            44.08034061,
            42.86647965
          ],
          [
            44.08033128,
            42.86646766
          ],
          [
            44.08032162,
            42.86645567
          ],
          [
            44.08031096,
            42.86644301
          ],
          [
            44.08030063,
            42.86643102
          ],
          [
            44.08029063,
            42.86641903
          ],
          [
            44.08028064,
            42.86640704
          ],
          [
            44.08027064,
            42.86639538
          ],
          [
            44.08025865,
            42.86638505
          ],
          [
            44.08024599,
            42.86637472
          ],
          [
            44.08023233,
            42.86636573
          ],
          [
            44.080218,
            42.8663594
          ],
          [
            44.08020367,
            42.86635341
          ],
          [
            44.08019034,
            42.86634841
          ],
          [
            44.08017768,
            42.86634375
          ],
          [
            44.08016602,
            42.86633942
          ],
          [
            44.08015602,
            42.86633476
          ],
          [
            44.08014703,
            42.86632976
          ],
          [
            44.0801397,
            42.86632577
          ],
          [
            44.0801337,
            42.86632244
          ],
          [
            44.08013037,
            42.86632078
          ],
          [
            44.08012904,
            42.86631979
          ],
          [
            44.08012771,
            42.86631813
          ],
          [
            44.08012505,
            42.86631581
          ],
          [
            44.08012372,
            42.86631581
          ],
          [
            44.08012106,
            42.86631482
          ],
          [
            44.08011707,
            42.86631282
          ],
          [
            44.08011107,
            42.86631082
          ],
          [
            44.08010474,
            42.86630749
          ],
          [
            44.08009841,
            42.86630383
          ],
          [
            44.08009208,
            42.86629917
          ],
          [
            44.08008475,
            42.86629451
          ],
          [
            44.08007776,
            42.86628985
          ],
          [
            44.0800681,
            42.86628586
          ],
          [
            44.08005777,
            42.86628253
          ],
          [
            44.08004611,
            42.8662802
          ],
          [
            44.08003412,
            42.86627787
          ],
          [
            44.08002179,
            42.86627521
          ],
          [
            44.08001113,
            42.86627288
          ],
          [
            44.08000113,
            42.86627155
          ],
          [
            44.0799908,
            42.86626956
          ],
          [
            44.0799798,
            42.8662669
          ],
          [
            44.07996947,
            42.86626391
          ],
          [
            44.07995814,
            42.86626158
          ],
          [
            44.07994581,
            42.86626025
          ],
          [
            44.07993548,
            42.86626058
          ],
          [
            44.07992615,
            42.86626091
          ],
          [
            44.07991715,
            42.86626224
          ],
          [
            44.07990849,
            42.8662639
          ],
          [
            44.07990016,
            42.86626489
          ],
          [
            44.0798895,
            42.8662639
          ],
          [
            44.07987917,
            42.8662629
          ],
          [
            44.07986917,
            42.86626091
          ],
          [
            44.07985951,
            42.86625891
          ],
          [
            44.07985052,
            42.86625658
          ],
          [
            44.07984186,
            42.86625392
          ],
          [
            44.07983286,
            42.86625093
          ],
          [
            44.0798232,
            42.8662476
          ],
          [
            44.07981487,
            42.86624494
          ],
          [
            44.07980621,
            42.86624294
          ],
          [
            44.07979722,
            42.86624228
          ],
          [
            44.07978789,
            42.86624162
          ],
          [
            44.07977856,
            42.86624162
          ],
          [
            44.07976857,
            42.86624228
          ],
          [
            44.07975957,
            42.86624327
          ],
          [
            44.07975124,
            42.86624393
          ],
          [
            44.07974358,
            42.86624492
          ],
          [
            44.07973525,
            42.86624558
          ],
          [
            44.07972525,
            42.86624591
          ],
          [
            44.07971826,
            42.86624657
          ],
          [
            44.07971326,
            42.8662469
          ],
          [
            44.0797106,
            42.86624657
          ],
          [
            44.07970927,
            42.86624657
          ],
          [
            44.07970661,
            42.86624657
          ],
          [
            44.07970428,
            42.86624856
          ],
          [
            44.07970362,
            42.86625155
          ],
          [
            44.07970029,
            42.86625588
          ],
          [
            44.07969463,
            42.86626121
          ],
          [
            44.07968697,
            42.86626787
          ],
          [
            44.07967897,
            42.86627587
          ],
          [
            44.07967097,
            42.86628387
          ],
          [
            44.07966431,
            42.8662922
          ],
          [
            44.07965831,
            42.86630053
          ],
          [
            44.07965332,
            42.86630952
          ],
          [
            44.07965033,
            42.86631685
          ],
          [
            44.07964867,
            42.86632051
          ],
          [
            44.07964801,
            42.86632217
          ],
          [
            44.07964801,
            42.86632383
          ],
          [
            44.07964635,
            42.86632549
          ],
          [
            44.07964402,
            42.86632848
          ],
          [
            44.07964136,
            42.86633281
          ],
          [
            44.07963937,
            42.86633947
          ],
          [
            44.07963737,
            42.8663468
          ],
          [
            44.07963537,
            42.8663548
          ],
          [
            44.07963438,
            42.86636246
          ],
          [
            44.07963372,
            42.86637012
          ],
          [
            44.07963372,
            42.86637712
          ],
          [
            44.07963471,
            42.86638278
          ],
          [
            44.07963704,
            42.86638677
          ],
          [
            44.0796387,
            42.8663891
          ],
          [
            44.0796387,
            42.86639143
          ],
          [
            44.0796397,
            42.86639376
          ],
          [
            44.07964003,
            42.86639675
          ],
          [
            44.07964169,
            42.86639974
          ],
          [
            44.07964235,
            42.86640207
          ],
          [
            44.07963443,
            42.86640407
          ],
          [
            44.07963576,
            42.86640407
          ],
          [
            44.07964172,
            42.8664011
          ],
          [
            44.07964272,
            42.86640044
          ],
          [
            44.07964538,
            42.86639811
          ],
          [
            44.07965071,
            42.86639478
          ],
          [
            44.07965737,
            42.86639079
          ],
          [
            44.0796627,
            42.86638613
          ],
          [
            44.07966669,
            42.86638214
          ],
          [
            44.07967002,
            42.86637714
          ],
          [
            44.07967301,
            42.86637348
          ],
          [
            44.07967567,
            42.86637115
          ],
          [
            44.07967833,
            42.86636849
          ],
          [
            44.07968132,
            42.8663655
          ],
          [
            44.07968431,
            42.86636251
          ],
          [
            44.07968697,
            42.86635851
          ],
          [
            44.0796883,
            42.86635685
          ],
          [
            44.07969095,
            42.8663542
          ],
          [
            44.07969294,
            42.86635254
          ],
          [
            44.07969029,
            42.86635122
          ],
          [
            44.07968863,
            42.86635255
          ],
          [
            44.07968397,
            42.86635588
          ],
          [
            44.07967797,
            42.86636154
          ],
          [
            44.07967064,
            42.8663672
          ],
          [
            44.07966598,
            42.86637286
          ],
          [
            44.07966365,
            42.86637886
          ],
          [
            44.07966332,
            42.86638319
          ],
          [
            44.07966299,
            42.86638552
          ],
          [
            44.079662,
            42.86638785
          ],
          [
            44.07966,
            42.86638984
          ],
          [
            44.07965701,
            42.86639117
          ],
          [
            44.07965236,
            42.86639283
          ],
          [
            44.07964608,
            42.86639448
          ],
          [
            44.07964741,
            42.86639182
          ],
          [
            44.0796514,
            42.86638816
          ],
          [
            44.0796564,
            42.86638483
          ],
          [
            44.07966039,
            42.86638117
          ],
          [
            44.07966372,
            42.86637718
          ],
          [
            44.07966671,
            42.86637419
          ],
          [
            44.0796697,
            42.8663712
          ],
          [
            44.07967203,
            42.86636854
          ],
          [
            44.07967502,
            42.86636621
          ],
          [
            44.07967835,
            42.86636288
          ],
          [
            44.07968334,
            42.86635888
          ],
          [
            44.07968767,
            42.86635655
          ],
          [
            44.07969233,
            42.86635289
          ],
          [
            44.07969633,
            42.8663509
          ],
          [
            44.07970066,
            42.86634791
          ],
          [
            44.07970432,
            42.86634692
          ],
          [
            44.07970565,
            42.86634925
          ],
          [
            44.07970765,
            42.86635291
          ],
          [
            44.07971031,
            42.86635623
          ],
          [
            44.07970865,
            42.86635822
          ],
          [
            44.07970666,
            42.86635922
          ],
          [
            44.079705,
            42.86636055
          ],
          [
            44.07970334,
            42.86636288
          ],
          [
            44.07970101,
            42.86636421
          ],
          [
            44.07969701,
            42.86636288
          ],
          [
            44.07969302,
            42.86636288
          ],
          [
            44.07969069,
            42.86636222
          ],
          [
            44.07968936,
            42.86636321
          ],
          [
            44.07968705,
            42.86636619
          ],
          [
            44.07968506,
            42.86636718
          ],
          [
            44.07967912,
            42.86637082
          ],
          [
            44.07968045,
            42.86637181
          ],
          [
            44.07968311,
            42.86637214
          ],
          [
            44.07968312,
            42.86637214
          ],
          [
            44.07968013,
            42.86637181
          ],
          [
            44.07967319,
            42.86637843
          ],
          [
            44.0796702,
            42.8663781
          ],
          [
            44.07966654,
            42.86637943
          ],
          [
            44.07966621,
            42.86638209
          ],
          [
            44.07965961,
            42.86638838
          ],
          [
            44.0796616,
            42.86638805
          ],
          [
            44.07966392,
            42.86638772
          ],
          [
            44.07966059,
            42.86639105
          ],
          [
            44.07965826,
            42.86639238
          ],
          [
            44.07965593,
            42.86639404
          ],
          [
            44.0796546,
            42.86639537
          ],
          [
            44.07965361,
            42.86639703
          ],
          [
            44.07964964,
            42.86639572
          ],
          [
            44.0796503,
            42.86639439
          ],
          [
            44.07965263,
            42.86638973
          ],
          [
            44.07965596,
            42.86638307
          ],
          [
            44.07965929,
            42.86637674
          ],
          [
            44.07966262,
            42.86637108
          ],
          [
            44.07966528,
            42.86636509
          ],
          [
            44.07966894,
            42.86636076
          ],
          [
            44.07967327,
            42.86636142
          ],
          [
            44.07967626,
            42.86636142
          ],
          [
            44.07967759,
            42.86636109
          ],
          [
            44.07967627,
            42.86636308
          ],
          [
            44.07967693,
            42.86636075
          ],
          [
            44.0796746,
            42.86636141
          ],
          [
            44.07966761,
            42.86636341
          ],
          [
            44.07965895,
            42.86636574
          ],
          [
            44.07965062,
            42.8663664
          ],
          [
            44.07964696,
            42.86636574
          ],
          [
            44.07964263,
            42.86636374
          ],
          [
            44.07963863,
            42.86636075
          ],
          [
            44.0796363,
            42.86635742
          ],
          [
            44.07963497,
            42.86635509
          ],
          [
            44.07963398,
            42.86635276
          ],
          [
            44.07963564,
            42.8663501
          ],
          [
            44.07963764,
            42.86634744
          ],
          [
            44.07964097,
            42.86634411
          ],
          [
            44.07964563,
            42.86634045
          ],
          [
            44.07964829,
            42.86633746
          ],
          [
            44.07964995,
            42.86633546
          ],
          [
            44.07965095,
            42.8663338
          ],
          [
            44.07965294,
            42.8663328
          ],
          [
            44.07965494,
            42.86633214
          ],
          [
            44.07965925,
            42.86633048
          ],
          [
            44.07965725,
            42.86633148
          ],
          [
            44.07965426,
            42.86633347
          ],
          [
            44.07965026,
            42.86633513
          ],
          [
            44.0796486,
            42.86633646
          ],
          [
            44.07964827,
            42.86633845
          ],
          [
            44.07964926,
            42.86634078
          ],
          [
            44.07964992,
            42.86634344
          ],
          [
            44.07964959,
            42.86634609
          ],
          [
            44.07964959,
            42.86634742
          ],
          [
            44.07965091,
            42.86634941
          ],
          [
            44.07965322,
            42.86635239
          ],
          [
            44.07965719,
            42.8663557
          ],
          [
            44.07965653,
            42.86635437
          ],
          [
            44.07965521,
            42.86635238
          ],
          [
            44.07965587,
            42.86635371
          ],
          [
            44.07965454,
            42.86635604
          ],
          [
            44.07965188,
            42.8663587
          ],
          [
            44.07964755,
            42.86636103
          ],
          [
            44.07964622,
            42.86636503
          ],
          [
            44.07964622,
            42.86636936
          ],
          [
            44.07964688,
            42.86637336
          ],
          [
            44.07965054,
            42.86637602
          ],
          [
            44.07965587,
            42.86637668
          ],
          [
            44.07966253,
            42.86637701
          ],
          [
            44.07966919,
            42.86637734
          ],
          [
            44.07967518,
            42.86637668
          ],
          [
            44.07968151,
            42.86637635
          ],
          [
            44.0796865,
            42.86637569
          ],
          [
            44.07969016,
            42.86637436
          ],
          [
            44.07969315,
            42.8663737
          ],
          [
            44.07969548,
            42.86637137
          ],
          [
            44.07969981,
            42.86636637
          ],
          [
            44.07970481,
            42.86636038
          ],
          [
            44.07971114,
            42.86635538
          ],
          [
            44.07971713,
            42.86635039
          ],
          [
            44.07972113,
            42.86634573
          ],
          [
            44.07972446,
            42.86634307
          ],
          [
            44.07972712,
            42.86634107
          ],
          [
            44.07972712,
            42.86633708
          ],
          [
            44.07972579,
            42.86633409
          ],
          [
            44.07972579,
            42.86633243
          ],
          [
            44.07972645,
            42.86633043
          ],
          [
            44.0797281,
            42.86632744
          ],
          [
            44.07973472,
            42.86633073
          ],
          [
            44.07973372,
            42.86632841
          ],
          [
            44.07973239,
            42.86632808
          ],
          [
            44.07973106,
            42.86632808
          ],
          [
            44.07972873,
            42.86632808
          ],
          [
            44.0797274,
            42.86632643
          ],
          [
            44.07972211,
            42.86632445
          ],
          [
            44.07972011,
            42.86632511
          ],
          [
            44.07971845,
            42.86632411
          ],
          [
            44.0797158,
            42.86632246
          ],
          [
            44.07971151,
            42.86631452
          ],
          [
            44.07971383,
            42.86631584
          ],
          [
            44.07972538,
            42.86631685
          ],
          [
            44.07972836,
            42.8663185
          ],
          [
            44.07972637,
            42.86631817
          ],
          [
            44.07972504,
            42.86631817
          ],
          [
            44.07972238,
            42.86631817
          ],
          [
            44.07972105,
            42.86631817
          ],
          [
            44.07971741,
            42.86631917
          ],
          [
            44.07971675,
            42.8663205
          ],
          [
            44.07971509,
            42.86632216
          ],
          [
            44.07971209,
            42.86632382
          ],
          [
            44.07970943,
            42.86632481
          ],
          [
            44.07971041,
            42.86632052
          ],
          [
            44.07971074,
            42.86631952
          ],
          [
            44.07971074,
            42.86631686
          ],
          [
            44.0797114,
            42.86631453
          ],
          [
            44.07971373,
            42.86631187
          ],
          [
            44.07971506,
            42.86631021
          ],
          [
            44.07972695,
            42.86631351
          ],
          [
            44.07972629,
            42.86631451
          ],
          [
            44.07972826,
            42.86631286
          ],
          [
            44.0797266,
            42.86631352
          ],
          [
            44.07972527,
            42.86631352
          ],
          [
            44.07972527,
            42.86631352
          ],
          [
            44.07972527,
            42.86631452
          ],
          [
            44.07972725,
            42.86631751
          ],
          [
            44.07972659,
            42.86631917
          ],
          [
            44.0797246,
            42.86632612
          ],
          [
            44.07972559,
            42.86632878
          ],
          [
            44.07972692,
            42.86633177
          ],
          [
            44.07972791,
            42.86633443
          ],
          [
            44.07972824,
            42.86633643
          ],
          [
            44.07972924,
            42.86633842
          ],
          [
            44.07972824,
            42.86633909
          ],
          [
            44.07972458,
            42.86634075
          ],
          [
            44.07972025,
            42.86634308
          ],
          [
            44.07971526,
            42.86634574
          ],
          [
            44.07970927,
            42.86634907
          ],
          [
            44.07970327,
            42.86635373
          ],
          [
            44.07969828,
            42.86635806
          ],
          [
            44.07969328,
            42.86636139
          ],
          [
            44.07968895,
            42.86636472
          ],
          [
            44.07968429,
            42.86636805
          ],
          [
            44.07968029,
            42.86637038
          ],
          [
            44.07967596,
            42.86637271
          ],
          [
            44.07967263,
            42.86637471
          ],
          [
            44.07966863,
            42.86637671
          ],
          [
            44.07966397,
            42.86637837
          ],
          [
            44.07966131,
            42.86637903
          ],
          [
            44.07965632,
            42.86637969
          ],
          [
            44.07965232,
            42.86638235
          ],
          [
            44.07964833,
            42.86638501
          ],
          [
            44.07964534,
            42.866389
          ],
          [
            44.07964201,
            42.86639166
          ],
          [
            44.07964035,
            42.86639366
          ],
          [
            44.07963802,
            42.86639465
          ],
          [
            44.07963636,
            42.86639465
          ],
          [
            44.07963337,
            42.86639232
          ],
          [
            44.07963171,
            42.86638833
          ],
          [
            44.07963038,
            42.86638767
          ],
          [
            44.07963071,
            42.86638634
          ],
          [
            44.0796327,
            42.86638435
          ],
          [
            44.07963536,
            42.86638102
          ],
          [
            44.07963802,
            42.86637636
          ],
          [
            44.07963968,
            42.8663717
          ],
          [
            44.07964067,
            42.86636737
          ],
          [
            44.07964133,
            42.86636371
          ],
          [
            44.07964166,
            42.86635972
          ],
          [
            44.07964199,
            42.86635639
          ],
          [
            44.07964199,
            42.86635239
          ],
          [
            44.07964199,
            42.8663504
          ],
          [
            44.07964265,
            42.86634775
          ],
          [
            44.07964364,
            42.86634444
          ],
          [
            44.07964232,
            42.86634676
          ],
          [
            44.07964596,
            42.86634842
          ],
          [
            44.07964396,
            42.86635008
          ],
          [
            44.0796413,
            42.86635241
          ],
          [
            44.0796413,
            42.86635507
          ],
          [
            44.07964296,
            42.86635806
          ],
          [
            44.07964595,
            42.86636206
          ],
          [
            44.07964994,
            42.86636505
          ],
          [
            44.07965494,
            42.86636671
          ],
          [
            44.0796606,
            42.86636804
          ],
          [
            44.07966726,
            42.86636771
          ],
          [
            44.07967392,
            42.86636837
          ],
          [
            44.07967925,
            42.86636903
          ],
          [
            44.07968391,
            42.86636969
          ],
          [
            44.07968724,
            42.86637102
          ],
          [
            44.07969155,
            42.86637432
          ],
          [
            44.07968922,
            42.86637498
          ],
          [
            44.07968523,
            42.86637731
          ],
          [
            44.0796809,
            42.8663803
          ],
          [
            44.07967491,
            42.86638263
          ],
          [
            44.07966892,
            42.86638463
          ],
          [
            44.07966426,
            42.86638629
          ],
          [
            44.07966093,
            42.86638762
          ],
          [
            44.07965894,
            42.86638895
          ],
          [
            44.07965694,
            42.86638961
          ],
          [
            44.07965395,
            42.86639094
          ],
          [
            44.07965195,
            42.8663916
          ],
          [
            44.07964862,
            42.86639061
          ],
          [
            44.07964563,
            42.86638995
          ],
          [
            44.07964163,
            42.86638929
          ],
          [
            44.07963797,
            42.86638663
          ],
          [
            44.07963498,
            42.86638297
          ],
          [
            44.07963332,
            42.86637831
          ],
          [
            44.07963232,
            42.86637198
          ],
          [
            44.07963032,
            42.86636432
          ],
          [
            44.07962899,
            42.86635633
          ],
          [
            44.07962833,
            42.86634833
          ],
          [
            44.07962932,
            42.86633867
          ],
          [
            44.07963065,
            42.86632868
          ],
          [
            44.07963198,
            42.86631835
          ],
          [
            44.07963431,
            42.86630902
          ],
          [
            44.07963797,
            42.86629902
          ],
          [
            44.07964263,
            42.86628936
          ],
          [
            44.07964729,
            42.86627936
          ],
          [
            44.07965195,
            42.86626937
          ],
          [
            44.07965695,
            42.86626071
          ],
          [
            44.07966161,
            42.86625405
          ],
          [
            44.0796646,
            42.86625039
          ],
          [
            44.07966759,
            42.8662484
          ],
          [
            44.07967058,
            42.86625039
          ],
          [
            44.07967258,
            42.86625072
          ],
          [
            44.07967824,
            42.86624939
          ],
          [
            44.07968523,
            42.86624673
          ],
          [
            44.07969189,
            42.86624173
          ],
          [
            44.07969622,
            42.86623807
          ],
          [
            44.07969855,
            42.86623574
          ],
          [
            44.07970021,
            42.86623408
          ],
          [
            44.07970221,
            42.86623309
          ],
          [
            44.07970421,
            42.86623176
          ],
          [
            44.07970621,
            42.86623177
          ],
          [
            44.0797214,
            42.86623673
          ],
          [
            44.07971907,
            42.86623772
          ],
          [
            44.07971441,
            42.86623972
          ],
          [
            44.07970942,
            42.86624271
          ],
          [
            44.07970376,
            42.86624737
          ],
          [
            44.07969843,
            42.86625237
          ],
          [
            44.07969244,
            42.86625836
          ],
          [
            44.07968644,
            42.86626569
          ],
          [
            44.07968011,
            42.86627369
          ],
          [
            44.07967445,
            42.86628268
          ],
          [
            44.07966879,
            42.86629134
          ],
          [
            44.07966413,
            42.86630133
          ],
          [
            44.07966013,
            42.86631133
          ],
          [
            44.07965614,
            42.86632199
          ],
          [
            44.07965414,
            42.86633165
          ],
          [
            44.0796548,
            42.86634064
          ],
          [
            44.07965846,
            42.86634797
          ],
          [
            44.07966445,
            42.86635196
          ],
          [
            44.07966978,
            42.86635362
          ],
          [
            44.0796731,
            42.8663556
          ],
          [
            44.07967077,
            42.86635693
          ],
          [
            44.07966877,
            42.86635859
          ],
          [
            44.07966278,
            42.86636092
          ],
          [
            44.07965579,
            42.86636358
          ],
          [
            44.07965046,
            42.86636824
          ],
          [
            44.07964713,
            42.8663739
          ],
          [
            44.07964513,
            42.86637989
          ],
          [
            44.07964579,
            42.86638655
          ],
          [
            44.07964845,
            42.86639221
          ],
          [
            44.07965244,
            42.86639654
          ],
          [
            44.07965777,
            42.86639887
          ],
          [
            44.0796621,
            42.86640053
          ],
          [
            44.07966876,
            42.86640119
          ],
          [
            44.07967542,
            42.86640252
          ],
          [
            44.07968075,
            42.86640318
          ],
          [
            44.07968608,
            42.86640285
          ],
          [
            44.07968974,
            42.86640219
          ],
          [
            44.07969273,
            42.8664012
          ],
          [
            44.07969572,
            42.86640054
          ],
          [
            44.07969705,
            42.86639988
          ],
          [
            44.0796997,
            42.86639955
          ],
          [
            44.07970003,
            42.86640088
          ],
          [
            44.07970003,
            42.86640287
          ],
          [
            44.07970136,
            42.86640221
          ],
          [
            44.07970235,
            42.86640088
          ],
          [
            44.07971062,
            42.8663979
          ],
          [
            44.07971525,
            42.86639658
          ],
          [
            44.07971658,
            42.86639592
          ],
          [
            44.07971858,
            42.86639392
          ],
          [
            44.07972124,
            42.86639093
          ],
          [
            44.07972091,
            42.8663896
          ],
          [
            44.07972058,
            42.86638827
          ],
          [
            44.07971992,
            42.86638661
          ],
          [
            44.07971992,
            42.8663823
          ],
          [
            44.07971793,
            42.8663823
          ],
          [
            44.07971693,
            42.86638197
          ],
          [
            44.07971494,
            42.86638131
          ],
          [
            44.07971428,
            42.8663833
          ],
          [
            44.07971329,
            42.86638529
          ],
          [
            44.07971296,
            42.86638762
          ],
          [
            44.07971263,
            42.86639028
          ],
          [
            44.07971065,
            42.86639492
          ],
          [
            44.07971131,
            42.86639922
          ],
          [
            44.07970798,
            42.86639922
          ],
          [
            44.07970432,
            42.86639988
          ],
          [
            44.07969899,
            42.86640121
          ],
          [
            44.07969399,
            42.8664022
          ],
          [
            44.07968966,
            42.86640353
          ],
          [
            44.079686,
            42.86640586
          ],
          [
            44.07968234,
            42.86640786
          ],
          [
            44.07968034,
            42.86640919
          ],
          [
            44.07967701,
            42.86641052
          ],
          [
            44.07967368,
            42.86641151
          ],
          [
            44.07967235,
            42.86641251
          ],
          [
            44.07967135,
            42.86641449
          ],
          [
            44.07967235,
            42.86641649
          ],
          [
            44.07967434,
            42.86641815
          ],
          [
            44.07967467,
            42.86641981
          ],
          [
            44.07967071,
            42.86642014
          ],
          [
            44.07966938,
            42.86641915
          ],
          [
            44.07966772,
            42.86641715
          ],
          [
            44.07966572,
            42.86641549
          ],
          [
            44.07966306,
            42.86641349
          ],
          [
            44.07965806,
            42.86641183
          ],
          [
            44.07965307,
            42.86640884
          ],
          [
            44.07964807,
            42.86640551
          ],
          [
            44.07964241,
            42.86640385
          ],
          [
            44.07963876,
            42.86640219
          ],
          [
            44.07963942,
            42.86640086
          ],
          [
            44.07964074,
            42.86639821
          ],
          [
            44.07964008,
            42.86639655
          ],
          [
            44.07963975,
            42.86639356
          ],
          [
            44.07963942,
            42.8663919
          ],
          [
            44.07963909,
            42.86639024
          ],
          [
            44.07963776,
            42.86639024
          ],
          [
            44.0796361,
            42.8663919
          ],
          [
            44.07963676,
            42.86639489
          ],
          [
            44.07963942,
            42.86639822
          ],
          [
            44.07964241,
            42.86640055
          ],
          [
            44.07964441,
            42.86640255
          ],
          [
            44.07964244,
            42.86640421
          ],
          [
            44.07964377,
            42.86640355
          ],
          [
            44.0796451,
            42.86640256
          ],
          [
            44.07964676,
            42.86640123
          ],
          [
            44.07964808,
            42.86639891
          ],
          [
            44.07964907,
            42.86639758
          ],
          [
            44.07965007,
            42.86639625
          ],
          [
            44.07965173,
            42.86639559
          ],
          [
            44.07965273,
            42.86639459
          ],
          [
            44.07965438,
            42.86639227
          ],
          [
            44.07965603,
            42.86639028
          ],
          [
            44.07965471,
            42.86638863
          ],
          [
            44.07965504,
            42.86639029
          ],
          [
            44.0796557,
            42.86639262
          ],
          [
            44.07965603,
            42.86639661
          ],
          [
            44.07965636,
            42.86640127
          ],
          [
            44.07965669,
            42.86640526
          ],
          [
            44.07965603,
            42.86640959
          ],
          [
            44.07965636,
            42.86641425
          ],
          [
            44.07965802,
            42.86641825
          ],
          [
            44.07965868,
            42.86642191
          ],
          [
            44.07965934,
            42.8664249
          ],
          [
            44.07965967,
            42.86642789
          ],
          [
            44.07965868,
            42.86642989
          ],
          [
            44.07965735,
            42.86643088
          ],
          [
            44.07965702,
            42.86643287
          ],
          [
            44.07965702,
            42.8664342
          ],
          [
            44.07965835,
            42.8664362
          ],
          [
            44.07965968,
            42.86643853
          ],
          [
            44.07966401,
            42.86644152
          ],
          [
            44.07967134,
            42.86644451
          ],
          [
            44.07968033,
            42.86644617
          ],
          [
            44.07969033,
            42.8664475
          ],
          [
            44.07970099,
            42.8664475
          ],
          [
            44.07971265,
            42.86644684
          ],
          [
            44.07972464,
            42.86644584
          ],
          [
            44.07973663,
            42.86644385
          ],
          [
            44.07974929,
            42.86644219
          ],
          [
            44.07976195,
            42.86644086
          ],
          [
            44.07977328,
            42.86643953
          ],
          [
            44.07978094,
            42.8664382
          ],
          [
            44.0797846,
            42.86643654
          ],
          [
            44.07978759,
            42.86643687
          ],
          [
            44.07978693,
            42.86643853
          ],
          [
            44.07978427,
            42.86644119
          ],
          [
            44.07977861,
            42.86644518
          ],
          [
            44.07977061,
            42.86644951
          ],
          [
            44.07976195,
            42.8664525
          ],
          [
            44.07975196,
            42.86645583
          ],
          [
            44.0797413,
            42.86645916
          ],
          [
            44.0797303,
            42.86646249
          ],
          [
            44.07971897,
            42.86646715
          ],
          [
            44.07970764,
            42.86647181
          ],
          [
            44.07969598,
            42.86647681
          ],
          [
            44.07968465,
            42.8664818
          ],
          [
            44.07967332,
            42.86648646
          ],
          [
            44.07966299,
            42.86649112
          ],
          [
            44.07965066,
            42.86649511
          ],
          [
            44.079638,
            42.86649944
          ],
          [
            44.07962567,
            42.8665041
          ],
          [
            44.07961401,
            42.86651009
          ],
          [
            44.07960468,
            42.86651775
          ],
          [
            44.07959635,
            42.86652441
          ],
          [
            44.07958935,
            42.86653174
          ],
          [
            44.07958435,
            42.8665394
          ],
          [
            44.07958069,
            42.8665474
          ],
          [
            44.07957736,
            42.86655473
          ],
          [
            44.0795737,
            42.86656239
          ],
          [
            44.07957104,
            42.86657039
          ],
          [
            44.07957005,
            42.86657872
          ],
          [
            44.07957104,
            42.86658672
          ],
          [
            44.07957404,
            42.86659571
          ],
          [
            44.07957737,
            42.86660371
          ],
          [
            44.07958003,
            42.86661204
          ],
          [
            44.07958202,
            42.8666207
          ],
          [
            44.07958402,
            42.86662936
          ],
          [
            44.07958635,
            42.86663802
          ],
          [
            44.07958868,
            42.86664635
          ],
          [
            44.07958934,
            42.86665401
          ],
          [
            44.07958967,
            42.86666267
          ],
          [
            44.07958868,
            42.86667066
          ],
          [
            44.07958602,
            42.86667799
          ],
          [
            44.07958102,
            42.86668432
          ],
          [
            44.07957503,
            42.86668998
          ],
          [
            44.07956703,
            42.86669498
          ],
          [
            44.0795577,
            42.86669931
          ],
          [
            44.07954804,
            42.8667033
          ],
          [
            44.07953771,
            42.86670663
          ],
          [
            44.07952738,
            42.86670962
          ],
          [
            44.07951605,
            42.86671261
          ],
          [
            44.07950706,
            42.86671794
          ],
          [
            44.07950173,
            42.8667236
          ],
          [
            44.07949907,
            42.8667286
          ],
          [
            44.07949841,
            42.8667336
          ],
          [
            44.07949974,
            42.86673893
          ],
          [
            44.0795034,
            42.86674359
          ],
          [
            44.07950973,
            42.86674792
          ],
          [
            44.07951572,
            42.86675158
          ],
          [
            44.07952171,
            42.86675591
          ],
          [
            44.07952904,
            42.86676057
          ],
          [
            44.0795377,
            42.86676457
          ],
          [
            44.07954469,
            42.8667689
          ],
          [
            44.07955102,
            42.8667749
          ],
          [
            44.07955768,
            42.86678123
          ],
          [
            44.07956268,
            42.86678856
          ],
          [
            44.07956567,
            42.86679589
          ],
          [
            44.07956666,
            42.86680322
          ],
          [
            44.07956633,
            42.86680955
          ],
          [
            44.07956334,
            42.86681521
          ],
          [
            44.07956035,
            42.86682021
          ],
          [
            44.07955635,
            42.86682354
          ],
          [
            44.07955002,
            42.86682587
          ],
          [
            44.07954103,
            42.8668282
          ],
          [
            44.0795307,
            42.86683053
          ],
          [
            44.07952071,
            42.86683319
          ],
          [
            44.07951138,
            42.86683752
          ],
          [
            44.07950405,
            42.86684218
          ],
          [
            44.07949806,
            42.86684684
          ],
          [
            44.07949306,
            42.86685017
          ],
          [
            44.07948873,
            42.86685383
          ],
          [
            44.07948474,
            42.86685716
          ],
          [
            44.07948108,
            42.86686049
          ],
          [
            44.07947608,
            42.86686448
          ],
          [
            44.07947108,
            42.86686981
          ],
          [
            44.07946742,
            42.86687614
          ],
          [
            44.07946376,
            42.86688247
          ],
          [
            44.0794591,
            42.8668898
          ],
          [
            44.07945311,
            42.86689813
          ],
          [
            44.07944445,
            42.86690579
          ],
          [
            44.07943512,
            42.86691279
          ],
          [
            44.07942379,
            42.86691912
          ],
          [
            44.0794118,
            42.86692511
          ],
          [
            44.07939914,
            42.86693011
          ],
          [
            44.07938648,
            42.86693344
          ],
          [
            44.07937215,
            42.8669371
          ],
          [
            44.07935815,
            42.86693976
          ],
          [
            44.07934582,
            42.86694275
          ],
          [
            44.07933416,
            42.86694574
          ],
          [
            44.07932883,
            42.86694774
          ],
          [
            44.0793255,
            42.86694807
          ],
          [
            44.0793235,
            42.8669484
          ],
          [
            44.07932217,
            42.86694873
          ],
          [
            44.0793235,
            42.86694939
          ],
          [
            44.0793265,
            42.86695172
          ],
          [
            44.07933016,
            42.86695405
          ],
          [
            44.07933349,
            42.86695538
          ],
          [
            44.07933582,
            42.86695604
          ],
          [
            44.07933022,
            42.86695571
          ],
          [
            44.07932856,
            42.86695571
          ],
          [
            44.07932457,
            42.86695405
          ],
          [
            44.07931824,
            42.86695272
          ],
          [
            44.07931058,
            42.86695106
          ],
          [
            44.07930325,
            42.8669504
          ],
          [
            44.07929825,
            42.86694974
          ],
          [
            44.0792936,
            42.86694908
          ],
          [
            44.0792916,
            42.86694974
          ],
          [
            44.07928727,
            42.86695007
          ],
          [
            44.07928061,
            42.8669504
          ],
          [
            44.07927395,
            42.86695106
          ],
          [
            44.07926796,
            42.86695206
          ],
          [
            44.0792633,
            42.86695272
          ],
          [
            44.07925931,
            42.86695305
          ],
          [
            44.07925466,
            42.86695272
          ],
          [
            44.07925067,
            42.86695305
          ],
          [
            44.07924334,
            42.86695404
          ],
          [
            44.07923368,
            42.86695537
          ],
          [
            44.07922302,
            42.86695736
          ],
          [
            44.07921069,
            42.86695869
          ],
          [
            44.07919803,
            42.86696002
          ],
          [
            44.07918503,
            42.86696168
          ],
          [
            44.07917204,
            42.86696301
          ],
          [
            44.07915904,
            42.86696401
          ],
          [
            44.07914571,
            42.86696534
          ],
          [
            44.07913372,
            42.86696667
          ],
          [
            44.07912473,
            42.86696766
          ],
          [
            44.07911907,
            42.86696865
          ],
          [
            44.07911641,
            42.86696931
          ],
          [
            44.07911475,
            42.86696931
          ],
          [
            44.07911109,
            42.86696898
          ],
          [
            44.07910643,
            42.86696964
          ],
          [
            44.07909877,
            42.8669713
          ],
          [
            44.07908944,
            42.86697196
          ],
          [
            44.07907878,
            42.86697395
          ],
          [
            44.07906712,
            42.86697661
          ],
          [
            44.07905579,
            42.86697827
          ],
          [
            44.0790438,
            42.8669796
          ],
          [
            44.07903114,
            42.8669806
          ],
          [
            44.07901914,
            42.86698226
          ],
          [
            44.07900715,
            42.86698426
          ],
          [
            44.07899516,
            42.86698592
          ],
          [
            44.0789835,
            42.86698691
          ],
          [
            44.07897084,
            42.86698824
          ],
          [
            44.07895818,
            42.86699124
          ],
          [
            44.07894652,
            42.86699423
          ],
          [
            44.07893419,
            42.86699656
          ],
          [
            44.0789222,
            42.86699955
          ],
          [
            44.07890987,
            42.86700155
          ],
          [
            44.07889688,
            42.86700388
          ],
          [
            44.07888388,
            42.86700654
          ],
          [
            44.07887055,
            42.86700787
          ],
          [
            44.07885822,
            42.86700953
          ],
          [
            44.07884589,
            42.86701186
          ],
          [
            44.07883389,
            42.86701386
          ],
          [
            44.0788219,
            42.86701585
          ],
          [
            44.07881024,
            42.86701685
          ],
          [
            44.07879791,
            42.86701818
          ],
          [
            44.07878458,
            42.86702051
          ],
          [
            44.07877158,
            42.86702251
          ],
          [
            44.07875892,
            42.86702484
          ],
          [
            44.07874626,
            42.86702684
          ],
          [
            44.07873327,
            42.8670295
          ],
          [
            44.07872127,
            42.86703183
          ],
          [
            44.07870894,
            42.86703383
          ],
          [
            44.07869628,
            42.86703582
          ],
          [
            44.07868362,
            42.86703748
          ],
          [
            44.07867129,
            42.86703914
          ],
          [
            44.07865863,
            42.8670408
          ],
          [
            44.07864497,
            42.8670428
          ],
          [
            44.07863131,
            42.86704446
          ],
          [
            44.07861798,
            42.86704579
          ],
          [
            44.07860498,
            42.86704745
          ],
          [
            44.07859198,
            42.86704944
          ],
          [
            44.07857965,
            42.86705044
          ],
          [
            44.07856732,
            42.86705243
          ],
          [
            44.07855432,
            42.86705476
          ],
          [
            44.07854166,
            42.86705709
          ],
          [
            44.07852866,
            42.86705842
          ],
          [
            44.07851566,
            42.86706108
          ],
          [
            44.07850267,
            42.86706407
          ],
          [
            44.07849001,
            42.86706707
          ],
          [
            44.07847635,
            42.86706973
          ],
          [
            44.07846235,
            42.86707239
          ],
          [
            44.07844869,
            42.86707472
          ],
          [
            44.07843436,
            42.86707572
          ],
          [
            44.07842036,
            42.86707671
          ],
          [
            44.0784067,
            42.86707804
          ],
          [
            44.07839237,
            42.86707937
          ],
          [
            44.07837871,
            42.86708103
          ],
          [
            44.07836505,
            42.86708269
          ],
          [
            44.07835205,
            42.86708502
          ],
          [
            44.07833972,
            42.86708635
          ],
          [
            44.07832772,
            42.86708868
          ],
          [
            44.07831573,
            42.86709034
          ],
          [
            44.0783034,
            42.867093
          ],
          [
            44.07829107,
            42.86709533
          ],
          [
            44.07827908,
            42.86709732
          ],
          [
            44.07826675,
            42.86709898
          ],
          [
            44.07825442,
            42.86709997
          ],
          [
            44.07824309,
            42.86710197
          ],
          [
            44.07823176,
            42.86710397
          ],
          [
            44.07822343,
            42.8671063
          ],
          [
            44.07821544,
            42.8671083
          ],
          [
            44.07820611,
            42.8671103
          ],
          [
            44.07819612,
            42.86711163
          ],
          [
            44.07818412,
            42.86711229
          ],
          [
            44.07817079,
            42.86711362
          ],
          [
            44.07815679,
            42.86711562
          ],
          [
            44.07814246,
            42.86711661
          ],
          [
            44.0781278,
            42.86711861
          ],
          [
            44.07811314,
            42.86712061
          ],
          [
            44.07809848,
            42.86712294
          ],
          [
            44.07808349,
            42.86712593
          ],
          [
            44.07806849,
            42.86712893
          ],
          [
            44.0780535,
            42.86713192
          ],
          [
            44.07803851,
            42.86713458
          ],
          [
            44.07802351,
            42.86713724
          ],
          [
            44.07800785,
            42.86714057
          ],
          [
            44.07799319,
            42.86714356
          ],
          [
            44.07797819,
            42.86714689
          ],
          [
            44.07796286,
            42.86714988
          ],
          [
            44.07794753,
            42.86715321
          ],
          [
            44.07793254,
            42.86715654
          ],
          [
            44.07791654,
            42.86715987
          ],
          [
            44.07790188,
            42.8671632
          ],
          [
            44.07788689,
            42.86716719
          ],
          [
            44.07787156,
            42.86717085
          ],
          [
            44.07785623,
            42.86717385
          ],
          [
            44.0778409,
            42.86717618
          ],
          [
            44.07782624,
            42.86717784
          ],
          [
            44.07781224,
            42.8671785
          ],
          [
            44.07779858,
            42.86717916
          ],
          [
            44.07778492,
            42.86717949
          ],
          [
            44.07777092,
            42.86717982
          ],
          [
            44.07775726,
            42.86718048
          ],
          [
            44.0777436,
            42.86718081
          ],
          [
            44.07772994,
            42.8671818
          ],
          [
            44.07771661,
            42.86718313
          ],
          [
            44.07770261,
            42.86718379
          ],
          [
            44.07768861,
            42.86718478
          ],
          [
            44.07767562,
            42.86718744
          ],
          [
            44.07766262,
            42.8671911
          ],
          [
            44.07765029,
            42.86719376
          ],
          [
            44.07763663,
            42.86719642
          ],
          [
            44.07762363,
            42.86719908
          ],
          [
            44.07761097,
            42.86720141
          ],
          [
            44.07759764,
            42.86720341
          ],
          [
            44.07758464,
            42.8672044
          ],
          [
            44.07757131,
            42.86720606
          ],
          [
            44.07756131,
            42.86720806
          ],
          [
            44.07755598,
            42.86721005
          ],
          [
            44.07755365,
            42.86721105
          ],
          [
            44.07755132,
            42.86721138
          ],
          [
            44.07754799,
            42.86721072
          ],
          [
            44.077542,
            42.86721138
          ],
          [
            44.07753334,
            42.86721204
          ],
          [
            44.07752201,
            42.86721304
          ],
          [
            44.07750901,
            42.86721437
          ],
          [
            44.07749535,
            42.8672157
          ],
          [
            44.07748102,
            42.86721736
          ],
          [
            44.07746769,
            42.86721835
          ],
          [
            44.07745536,
            42.86721935
          ],
          [
            44.07744237,
            42.86722101
          ],
          [
            44.07742937,
            42.86722167
          ],
          [
            44.07741837,
            42.86722167
          ],
          [
            44.07740704,
            42.86722134
          ],
          [
            44.07739471,
            42.867222
          ],
          [
            44.07738272,
            42.86722333
          ],
          [
            44.07736939,
            42.86722399
          ],
          [
            44.07735706,
            42.86722432
          ],
          [
            44.07734473,
            42.86722498
          ],
          [
            44.07733207,
            42.86722564
          ],
          [
            44.07731907,
            42.86722597
          ],
          [
            44.07730674,
            42.8672263
          ],
          [
            44.07729408,
            42.86722696
          ],
          [
            44.07728175,
            42.86722796
          ],
          [
            44.07727009,
            42.86722862
          ],
          [
            44.07725943,
            42.86722895
          ],
          [
            44.07724743,
            42.86722995
          ],
          [
            44.07723577,
            42.86723061
          ],
          [
            44.07722477,
            42.86722995
          ],
          [
            44.07721344,
            42.86722995
          ],
          [
            44.07720145,
            42.86722962
          ],
          [
            44.07718879,
            42.86722962
          ],
          [
            44.07717646,
            42.86722962
          ],
          [
            44.07716447,
            42.86723028
          ],
          [
            44.07715248,
            42.86722995
          ],
          [
            44.07714015,
            42.86723061
          ],
          [
            44.07712816,
            42.86723194
          ],
          [
            44.07711617,
            42.86723394
          ],
          [
            44.07710484,
            42.86723527
          ],
          [
            44.07709351,
            42.86723627
          ],
          [
            44.07708218,
            42.8672376
          ],
          [
            44.07707052,
            42.8672386
          ],
          [
            44.07705752,
            42.86723893
          ],
          [
            44.07704452,
            42.86723992
          ],
          [
            44.07703186,
            42.86724058
          ],
          [
            44.0770192,
            42.86724091
          ],
          [
            44.07700721,
            42.86724124
          ],
          [
            44.07699588,
            42.86724124
          ],
          [
            44.07698488,
            42.86724124
          ],
          [
            44.07697489,
            42.86724124
          ],
          [
            44.07696489,
            42.8672419
          ],
          [
            44.07695556,
            42.86724323
          ],
          [
            44.07694523,
            42.86724389
          ],
          [
            44.0769339,
            42.86724555
          ],
          [
            44.07692224,
            42.86724654
          ],
          [
            44.07691025,
            42.86724754
          ],
          [
            44.07689825,
            42.8672482
          ],
          [
            44.07688626,
            42.86724953
          ],
          [
            44.0768736,
            42.86725086
          ],
          [
            44.07686127,
            42.86725152
          ],
          [
            44.07684894,
            42.86725285
          ],
          [
            44.07683594,
            42.86725285
          ],
          [
            44.07682361,
            42.86725285
          ],
          [
            44.07681095,
            42.86725351
          ],
          [
            44.07679729,
            42.8672545
          ],
          [
            44.07678496,
            42.86725583
          ],
          [
            44.07677163,
            42.86725749
          ],
          [
            44.0767583,
            42.86725949
          ],
          [
            44.07674497,
            42.86726149
          ],
          [
            44.07673164,
            42.86726248
          ],
          [
            44.07671831,
            42.86726381
          ],
          [
            44.07670498,
            42.8672648
          ],
          [
            44.07669165,
            42.86726613
          ],
          [
            44.07667899,
            42.86726679
          ],
          [
            44.076666,
            42.86726712
          ],
          [
            44.07665234,
            42.86726745
          ],
          [
            44.07663868,
            42.86726679
          ],
          [
            44.07662535,
            42.86726745
          ],
          [
            44.07661202,
            42.86726745
          ],
          [
            44.07659802,
            42.86726911
          ],
          [
            44.07658402,
            42.86727044
          ],
          [
            44.07657036,
            42.86727277
          ],
          [
            44.07655636,
            42.8672741
          ],
          [
            44.0765417,
            42.86727576
          ],
          [
            44.0765277,
            42.86727642
          ],
          [
            44.07651404,
            42.86727708
          ],
          [
            44.07649971,
            42.86727741
          ],
          [
            44.07648605,
            42.86727841
          ],
          [
            44.07647172,
            42.86727874
          ],
          [
            44.07645772,
            42.86727907
          ],
          [
            44.07644306,
            42.86727973
          ],
          [
            44.0764284,
            42.86727973
          ],
          [
            44.07641374,
            42.86727973
          ],
          [
            44.07639875,
            42.86728006
          ],
          [
            44.07638475,
            42.86728039
          ],
          [
            44.07637009,
            42.86728138
          ],
          [
            44.07635609,
            42.86728271
          ],
          [
            44.07634176,
            42.86728404
          ],
          [
            44.07632776,
            42.86728503
          ],
          [
            44.0763141,
            42.86728603
          ],
          [
            44.07630044,
            42.86728669
          ],
          [
            44.07628545,
            42.86728835
          ],
          [
            44.07627079,
            42.86728968
          ],
          [
            44.07625646,
            42.86729134
          ],
          [
            44.07624313,
            42.867293
          ],
          [
            44.07622947,
            42.86729433
          ],
          [
            44.07621514,
            42.86729499
          ],
          [
            44.07620048,
            42.86729665
          ],
          [
            44.07618582,
            42.86729831
          ],
          [
            44.07617149,
            42.86729964
          ],
          [
            44.07615716,
            42.8673003
          ],
          [
            44.07614183,
            42.86730063
          ],
          [
            44.0761265,
            42.86730129
          ],
          [
            44.07611151,
            42.86730162
          ],
          [
            44.07609618,
            42.86730261
          ],
          [
            44.07608185,
            42.86730461
          ],
          [
            44.07606652,
            42.86730727
          ],
          [
            44.07605219,
            42.8673096
          ],
          [
            44.07603753,
            42.86731226
          ],
          [
            44.0760232,
            42.86731426
          ],
          [
            44.07600854,
            42.86731692
          ],
          [
            44.07599454,
            42.86731991
          ],
          [
            44.07598155,
            42.86732224
          ],
          [
            44.07596789,
            42.86732424
          ],
          [
            44.07595289,
            42.86732557
          ],
          [
            44.0759379,
            42.86732723
          ],
          [
            44.07592291,
            42.86732923
          ],
          [
            44.07590858,
            42.86733189
          ],
          [
            44.07589458,
            42.86733322
          ],
          [
            44.07588058,
            42.86733522
          ],
          [
            44.07586792,
            42.86733821
          ],
          [
            44.07585426,
            42.86734254
          ],
          [
            44.0758406,
            42.86734653
          ],
          [
            44.07582727,
            42.86735119
          ],
          [
            44.07581461,
            42.86735552
          ],
          [
            44.07580162,
            42.86736118
          ],
          [
            44.07578829,
            42.86736717
          ],
          [
            44.07577429,
            42.86737317
          ],
          [
            44.07575996,
            42.8673785
          ],
          [
            44.0757453,
            42.86738283
          ],
          [
            44.07573064,
            42.86738749
          ],
          [
            44.07571631,
            42.86739282
          ],
          [
            44.07570265,
            42.86739848
          ],
          [
            44.07568832,
            42.86740414
          ],
          [
            44.07567366,
            42.8674088
          ],
          [
            44.07565833,
            42.8674138
          ],
          [
            44.075644,
            42.86741913
          ],
          [
            44.07563,
            42.86742512
          ],
          [
            44.075616,
            42.86743078
          ],
          [
            44.07560234,
            42.86743611
          ],
          [
            44.07558901,
            42.8674421
          ],
          [
            44.07557702,
            42.86744809
          ],
          [
            44.07556569,
            42.86745475
          ],
          [
            44.07555503,
            42.86746041
          ],
          [
            44.0755437,
            42.86746574
          ],
          [
            44.07553171,
            42.86747173
          ],
          [
            44.07552138,
            42.86747872
          ],
          [
            44.07551105,
            42.86748605
          ],
          [
            44.07549939,
            42.86749338
          ],
          [
            44.07548773,
            42.86749971
          ],
          [
            44.07547473,
            42.86750604
          ],
          [
            44.07546174,
            42.86751203
          ],
          [
            44.07544908,
            42.86751802
          ],
          [
            44.07543909,
            42.86752568
          ],
          [
            44.07542976,
            42.86753368
          ],
          [
            44.07541943,
            42.86754067
          ],
          [
            44.0754071,
            42.86754666
          ],
          [
            44.07539444,
            42.86755299
          ],
          [
            44.07538245,
            42.86755932
          ],
          [
            44.07536979,
            42.86756531
          ],
          [
            44.07535646,
            42.8675713
          ],
          [
            44.07534413,
            42.86757763
          ],
          [
            44.07533147,
            42.86758463
          ],
          [
            44.07531881,
            42.86759196
          ],
          [
            44.07530615,
            42.86759862
          ],
          [
            44.07529349,
            42.86760561
          ],
          [
            44.07528083,
            42.86761227
          ],
          [
            44.07526817,
            42.86761826
          ],
          [
            44.07525517,
            42.86762525
          ],
          [
            44.07524184,
            42.86763225
          ],
          [
            44.07522884,
            42.86763891
          ],
          [
            44.07521418,
            42.86764557
          ],
          [
            44.07519918,
            42.86765223
          ],
          [
            44.07518585,
            42.86765889
          ],
          [
            44.07517319,
            42.86766555
          ],
          [
            44.07515986,
            42.86767221
          ],
          [
            44.07514687,
            42.86767954
          ],
          [
            44.07513387,
            42.86768687
          ],
          [
            44.07511987,
            42.86769286
          ],
          [
            44.07510521,
            42.86769852
          ],
          [
            44.07509188,
            42.86770451
          ],
          [
            44.07507889,
            42.86771151
          ],
          [
            44.07506556,
            42.86771784
          ],
          [
            44.07505156,
            42.86772417
          ],
          [
            44.07503723,
            42.86773017
          ],
          [
            44.07502257,
            42.86773616
          ],
          [
            44.07500757,
            42.86774249
          ],
          [
            44.07499291,
            42.86774882
          ],
          [
            44.07497858,
            42.86775615
          ],
          [
            44.07496492,
            42.86776248
          ],
          [
            44.07495092,
            42.86776914
          ],
          [
            44.07493692,
            42.86777414
          ],
          [
            44.07492292,
            42.86777947
          ],
          [
            44.07490993,
            42.86778647
          ],
          [
            44.0748976,
            42.86779413
          ],
          [
            44.07488561,
            42.86780113
          ],
          [
            44.07487295,
            42.86780779
          ],
          [
            44.07485996,
            42.86781345
          ],
          [
            44.07484696,
            42.86782011
          ],
          [
            44.07483463,
            42.86782777
          ],
          [
            44.07482163,
            42.86783477
          ],
          [
            44.0748083,
            42.8678411
          ],
          [
            44.07479531,
            42.86784743
          ],
          [
            44.07478298,
            42.86785342
          ],
          [
            44.07476932,
            42.86785942
          ],
          [
            44.07475632,
            42.86786541
          ],
          [
            44.07474332,
            42.86787007
          ],
          [
            44.07472966,
            42.86787507
          ],
          [
            44.07471633,
            42.86787973
          ],
          [
            44.07470133,
            42.86788473
          ],
          [
            44.07468634,
            42.86788906
          ],
          [
            44.07467234,
            42.86789372
          ],
          [
            44.07465834,
            42.86789905
          ],
          [
            44.07464601,
            42.86790504
          ],
          [
            44.07463402,
            42.86791237
          ],
          [
            44.07462069,
            42.8679197
          ],
          [
            44.07460736,
            42.86792669
          ],
          [
            44.07459403,
            42.86793302
          ],
          [
            44.07458003,
            42.86793835
          ],
          [
            44.07456504,
            42.86794401
          ],
          [
            44.07455005,
            42.86795
          ],
          [
            44.07453572,
            42.86795466
          ],
          [
            44.07452172,
            42.86795966
          ],
          [
            44.07450739,
            42.86796466
          ],
          [
            44.07449339,
            42.86796966
          ],
          [
            44.07447973,
            42.86797399
          ],
          [
            44.0744654,
            42.86797865
          ],
          [
            44.07445074,
            42.86798331
          ],
          [
            44.07443674,
            42.8679883
          ],
          [
            44.07442308,
            42.86799296
          ],
          [
            44.07440975,
            42.86799796
          ],
          [
            44.07439609,
            42.86800296
          ],
          [
            44.07438343,
            42.86800795
          ],
          [
            44.0743711,
            42.86801295
          ],
          [
            44.0743581,
            42.86801795
          ],
          [
            44.07434677,
            42.86802295
          ],
          [
            44.07433578,
            42.86802694
          ],
          [
            44.07432445,
            42.8680316
          ],
          [
            44.07431279,
            42.8680366
          ],
          [
            44.07430213,
            42.86804059
          ],
          [
            44.0742908,
            42.86804458
          ],
          [
            44.07428014,
            42.86804891
          ],
          [
            44.07426848,
            42.86805357
          ],
          [
            44.07425715,
            42.86805823
          ],
          [
            44.07424682,
            42.86806256
          ],
          [
            44.07423582,
            42.86806689
          ],
          [
            44.07422582,
            42.86807155
          ],
          [
            44.07421583,
            42.86807655
          ],
          [
            44.07420583,
            42.86808188
          ],
          [
            44.07419584,
            42.86808787
          ],
          [
            44.07418518,
            42.86809287
          ],
          [
            44.07417518,
            42.8680972
          ],
          [
            44.07416552,
            42.86810186
          ],
          [
            44.07415519,
            42.86810585
          ],
          [
            44.07414553,
            42.86811018
          ],
          [
            44.0741352,
            42.86811417
          ],
          [
            44.07412487,
            42.8681185
          ],
          [
            44.07411454,
            42.86812316
          ],
          [
            44.07410454,
            42.86812716
          ],
          [
            44.07409354,
            42.86813182
          ],
          [
            44.07408321,
            42.86813648
          ],
          [
            44.07407288,
            42.86814114
          ],
          [
            44.07406188,
            42.86814614
          ],
          [
            44.07405155,
            42.86815047
          ],
          [
            44.07404122,
            42.86815547
          ],
          [
            44.07403089,
            42.8681608
          ],
          [
            44.07402289,
            42.86816513
          ],
          [
            44.0740189,
            42.86816779
          ],
          [
            44.07401591,
            42.86816912
          ],
          [
            44.07401125,
            42.86817178
          ],
          [
            44.07400592,
            42.86817577
          ],
          [
            44.07399926,
            42.8681801
          ],
          [
            44.07399126,
            42.86818543
          ],
          [
            44.07398293,
            42.86819076
          ],
          [
            44.07397427,
            42.86819642
          ],
          [
            44.07396494,
            42.86820275
          ],
          [
            44.07395394,
            42.86820908
          ],
          [
            44.07394328,
            42.86821474
          ],
          [
            44.07393328,
            42.86822107
          ],
          [
            44.07392362,
            42.86822773
          ],
          [
            44.07391396,
            42.86823539
          ],
          [
            44.07390263,
            42.86824272
          ],
          [
            44.0738913,
            42.86824938
          ],
          [
            44.07388097,
            42.86825771
          ],
          [
            44.07387231,
            42.8682667
          ],
          [
            44.07386332,
            42.8682747
          ],
          [
            44.07385366,
            42.86828136
          ],
          [
            44.07384333,
            42.86828769
          ],
          [
            44.073834,
            42.86829435
          ],
          [
            44.07382534,
            42.86830201
          ],
          [
            44.07381568,
            42.868309
          ],
          [
            44.07380568,
            42.86831633
          ],
          [
            44.07379602,
            42.86832366
          ],
          [
            44.07378669,
            42.86833132
          ],
          [
            44.07377636,
            42.86833865
          ],
          [
            44.07376536,
            42.86834598
          ],
          [
            44.07375436,
            42.86835297
          ],
          [
            44.07374436,
            42.86836063
          ],
          [
            44.07373503,
            42.86836896
          ],
          [
            44.07372637,
            42.86837662
          ],
          [
            44.07371637,
            42.86838395
          ],
          [
            44.07370604,
            42.86839028
          ],
          [
            44.07369604,
            42.86839761
          ],
          [
            44.07368671,
            42.86840594
          ],
          [
            44.07367738,
            42.86841394
          ],
          [
            44.07366739,
            42.8684216
          ],
          [
            44.07365673,
            42.8684296
          ],
          [
            44.07364607,
            42.86843793
          ],
          [
            44.07363474,
            42.86844459
          ],
          [
            44.07362341,
            42.86845192
          ],
          [
            44.07361241,
            42.86845958
          ],
          [
            44.07360208,
            42.86846791
          ],
          [
            44.07359108,
            42.86847624
          ],
          [
            44.07357975,
            42.86848357
          ],
          [
            44.07356809,
            42.8684909
          ],
          [
            44.07355676,
            42.86849856
          ],
          [
            44.07354576,
            42.86850656
          ],
          [
            44.0735341,
            42.86851389
          ],
          [
            44.07352144,
            42.86852089
          ],
          [
            44.07350945,
            42.86852788
          ],
          [
            44.07349679,
            42.86853454
          ],
          [
            44.0734838,
            42.86854153
          ],
          [
            44.0734708,
            42.86854886
          ],
          [
            44.0734578,
            42.86855585
          ],
          [
            44.0734438,
            42.86856218
          ],
          [
            44.07343014,
            42.86856784
          ],
          [
            44.07341581,
            42.8685735
          ],
          [
            44.07340181,
            42.8685795
          ],
          [
            44.07338915,
            42.86858616
          ],
          [
            44.07337582,
            42.86859349
          ],
          [
            44.07336416,
            42.86860215
          ],
          [
            44.0733525,
            42.86861048
          ],
          [
            44.07334051,
            42.86861814
          ],
          [
            44.07332885,
            42.86862547
          ],
          [
            44.07331719,
            42.86863313
          ],
          [
            44.07330553,
            42.86864179
          ],
          [
            44.07329587,
            42.86865112
          ],
          [
            44.07328688,
            42.86865912
          ],
          [
            44.07327655,
            42.86866678
          ],
          [
            44.07326589,
            42.86867411
          ],
          [
            44.07325456,
            42.86868177
          ],
          [
            44.0732439,
            42.86868977
          ],
          [
            44.07323424,
            42.86869843
          ],
          [
            44.07322391,
            42.86870643
          ],
          [
            44.07321458,
            42.86871443
          ],
          [
            44.07320592,
            42.86872276
          ],
          [
            44.07319693,
            42.86873075
          ],
          [
            44.07318793,
            42.86873975
          ],
          [
            44.07317927,
            42.86874908
          ],
          [
            44.07317061,
            42.86875807
          ],
          [
            44.07316162,
            42.86876673
          ],
          [
            44.07315263,
            42.86877539
          ],
          [
            44.07314497,
            42.86878505
          ],
          [
            44.07313697,
            42.86879404
          ],
          [
            44.07312731,
            42.8688037
          ],
          [
            44.07311698,
            42.8688127
          ],
          [
            44.07310665,
            42.86882103
          ],
          [
            44.07309599,
            42.86882836
          ],
          [
            44.07308533,
            42.86883702
          ],
          [
            44.073076,
            42.86884601
          ],
          [
            44.073066,
            42.86885534
          ],
          [
            44.07305634,
            42.86886433
          ],
          [
            44.07304634,
            42.86887332
          ],
          [
            44.07303701,
            42.86888265
          ],
          [
            44.07302835,
            42.86889198
          ],
          [
            44.07301969,
            42.86890164
          ],
          [
            44.07300969,
            42.86891097
          ],
          [
            44.07299836,
            42.8689193
          ],
          [
            44.07298603,
            42.8689273
          ],
          [
            44.07297537,
            42.86893563
          ],
          [
            44.07296537,
            42.86894396
          ],
          [
            44.07295504,
            42.86895229
          ],
          [
            44.07294504,
            42.86896029
          ],
          [
            44.07293404,
            42.86896795
          ],
          [
            44.07292371,
            42.86897528
          ],
          [
            44.07291405,
            42.86898261
          ],
          [
            44.07290506,
            42.86898927
          ],
          [
            44.0728964,
            42.86899627
          ],
          [
            44.07288707,
            42.86900293
          ],
          [
            44.07287907,
            42.86900959
          ],
          [
            44.07287141,
            42.86901625
          ],
          [
            44.07286341,
            42.86902224
          ],
          [
            44.07285475,
            42.8690279
          ],
          [
            44.07284542,
            42.86903256
          ],
          [
            44.07283709,
            42.86903822
          ],
          [
            44.07282943,
            42.86904321
          ],
          [
            44.0728211,
            42.86904921
          ],
          [
            44.07281177,
            42.86905554
          ],
          [
            44.07280244,
            42.86906153
          ],
          [
            44.07279278,
            42.86906819
          ],
          [
            44.07278278,
            42.86907418
          ],
          [
            44.07277245,
            42.86907884
          ],
          [
            44.07276212,
            42.8690845
          ],
          [
            44.07275179,
            42.86909049
          ],
          [
            44.07274213,
            42.86909615
          ],
          [
            44.0727328,
            42.86910148
          ],
          [
            44.0727228,
            42.86910714
          ],
          [
            44.07271281,
            42.86911347
          ],
          [
            44.07270315,
            42.86911913
          ],
          [
            44.07269182,
            42.86912379
          ],
          [
            44.07268049,
            42.86912812
          ],
          [
            44.07266949,
            42.86913345
          ],
          [
            44.07265916,
            42.86913911
          ],
          [
            44.07265016,
            42.86914477
          ],
          [
            44.07264083,
            42.8691501
          ],
          [
            44.07263117,
            42.86915376
          ],
          [
            44.07262184,
            42.86915742
          ],
          [
            44.07261285,
            42.86916175
          ],
          [
            44.07260452,
            42.86916541
          ],
          [
            44.07259619,
            42.86916907
          ],
          [
            44.07258753,
            42.86917307
          ],
          [
            44.07257854,
            42.8691784
          ],
          [
            44.07256921,
            42.86918339
          ],
          [
            44.07255855,
            42.86918805
          ],
          [
            44.07254855,
            42.86919271
          ],
          [
            44.07253789,
            42.86919737
          ],
          [
            44.07252656,
            42.86920137
          ],
          [
            44.07251523,
            42.86920536
          ],
          [
            44.0725039,
            42.86920969
          ],
          [
            44.0724929,
            42.86921402
          ],
          [
            44.07248257,
            42.86921835
          ],
          [
            44.07247157,
            42.86922201
          ],
          [
            44.07245958,
            42.869225
          ],
          [
            44.07244792,
            42.86922799
          ],
          [
            44.07243526,
            42.86923065
          ],
          [
            44.07242327,
            42.86923265
          ],
          [
            44.07241194,
            42.86923465
          ],
          [
            44.07240094,
            42.86923764
          ],
          [
            44.07238994,
            42.86924163
          ],
          [
            44.07237861,
            42.86924562
          ],
          [
            44.07236728,
            42.86924962
          ],
          [
            44.07235562,
            42.86925428
          ],
          [
            44.07234329,
            42.86925827
          ],
          [
            44.07233063,
            42.86926327
          ],
          [
            44.0723183,
            42.86926926
          ],
          [
            44.07230564,
            42.86927525
          ],
          [
            44.07229331,
            42.86928158
          ],
          [
            44.07228132,
            42.86928791
          ],
          [
            44.07226966,
            42.8692939
          ],
          [
            44.072257,
            42.86930023
          ],
          [
            44.07224567,
            42.86930589
          ],
          [
            44.07223334,
            42.86931122
          ],
          [
            44.07222135,
            42.86931721
          ],
          [
            44.07220936,
            42.86932254
          ],
          [
            44.07219836,
            42.8693272
          ],
          [
            44.07218636,
            42.86933186
          ],
          [
            44.07217403,
            42.86933752
          ],
          [
            44.0721617,
            42.86934285
          ],
          [
            44.0721497,
            42.86934751
          ],
          [
            44.07213804,
            42.86935217
          ],
          [
            44.07212605,
            42.86935783
          ],
          [
            44.07211439,
            42.86936383
          ],
          [
            44.07210273,
            42.86936982
          ],
          [
            44.07209073,
            42.86937548
          ],
          [
            44.07207907,
            42.86938114
          ],
          [
            44.07206708,
            42.86938613
          ],
          [
            44.07205442,
            42.86939079
          ],
          [
            44.07204176,
            42.86939545
          ],
          [
            44.07202977,
            42.86940011
          ],
          [
            44.07201811,
            42.86940444
          ],
          [
            44.07200611,
            42.8694091
          ],
          [
            44.07199445,
            42.86941443
          ],
          [
            44.07198279,
            42.86941976
          ],
          [
            44.07196979,
            42.86942409
          ],
          [
            44.07195713,
            42.86942942
          ],
          [
            44.07194447,
            42.86943541
          ],
          [
            44.07193148,
            42.8694414
          ],
          [
            44.07191815,
            42.86944773
          ],
          [
            44.07190515,
            42.86945439
          ],
          [
            44.07189249,
            42.86945939
          ],
          [
            44.07188016,
            42.86946472
          ],
          [
            44.07186883,
            42.86947038
          ],
          [
            44.0718585,
            42.86947604
          ],
          [
            44.0718485,
            42.86948104
          ],
          [
            44.07183717,
            42.86948637
          ],
          [
            44.07182584,
            42.86949137
          ],
          [
            44.07181351,
            42.86949637
          ],
          [
            44.07180152,
            42.86950203
          ],
          [
            44.07178886,
            42.86950769
          ],
          [
            44.07177687,
            42.86951235
          ],
          [
            44.07176421,
            42.86951701
          ],
          [
            44.07175122,
            42.86952167
          ],
          [
            44.07173822,
            42.86952666
          ],
          [
            44.07172589,
            42.86953166
          ],
          [
            44.07171289,
            42.86953666
          ],
          [
            44.0716999,
            42.86954099
          ],
          [
            44.0716879,
            42.86954532
          ],
          [
            44.07167624,
            42.86955098
          ],
          [
            44.07166458,
            42.86955664
          ],
          [
            44.07165225,
            42.8695623
          ],
          [
            44.07163959,
            42.86956763
          ],
          [
            44.07162726,
            42.86957362
          ],
          [
            44.0716146,
            42.86957895
          ],
          [
            44.07160194,
            42.86958428
          ],
          [
            44.07158928,
            42.86958894
          ],
          [
            44.07157662,
            42.86959293
          ],
          [
            44.07156396,
            42.86959859
          ],
          [
            44.07155197,
            42.86960492
          ],
          [
            44.07153931,
            42.86961025
          ],
          [
            44.07152565,
            42.86961558
          ],
          [
            44.07151165,
            42.86962091
          ],
          [
            44.07149765,
            42.86962624
          ],
          [
            44.07148499,
            42.8696319
          ],
          [
            44.07147166,
            42.86963789
          ],
          [
            44.07145833,
            42.86964388
          ],
          [
            44.071445,
            42.86964921
          ],
          [
            44.071432,
            42.86965421
          ],
          [
            44.07141867,
            42.86965887
          ],
          [
            44.07140601,
            42.86966353
          ],
          [
            44.07139301,
            42.86966753
          ],
          [
            44.07138002,
            42.86967152
          ],
          [
            44.07136803,
            42.86967585
          ],
          [
            44.07135637,
            42.86967951
          ],
          [
            44.07134538,
            42.86968384
          ],
          [
            44.07133405,
            42.86968784
          ],
          [
            44.07132206,
            42.86969217
          ],
          [
            44.07131007,
            42.86969617
          ],
          [
            44.07129874,
            42.86969983
          ],
          [
            44.07128741,
            42.86970349
          ],
          [
            44.07127608,
            42.86970749
          ],
          [
            44.07126442,
            42.86971215
          ],
          [
            44.07125342,
            42.86971681
          ],
          [
            44.07124309,
            42.86972114
          ],
          [
            44.07123243,
            42.86972413
          ],
          [
            44.07122244,
            42.86972746
          ],
          [
            44.07121244,
            42.86973112
          ],
          [
            44.07120311,
            42.86973445
          ],
          [
            44.07119578,
            42.86973611
          ],
          [
            44.07119179,
            42.86973644
          ],
          [
            44.07118913,
            42.86973611
          ],
          [
            44.07118713,
            42.86973578
          ],
          [
            44.07118314,
            42.86973611
          ],
          [
            44.07117748,
            42.86973811
          ],
          [
            44.07117015,
            42.86974077
          ],
          [
            44.07116082,
            42.86974476
          ],
          [
            44.07115082,
            42.86974909
          ],
          [
            44.07113949,
            42.86975308
          ],
          [
            44.07112716,
            42.86975741
          ],
          [
            44.07111517,
            42.8697614
          ],
          [
            44.07110284,
            42.86976506
          ],
          [
            44.07109051,
            42.86976906
          ],
          [
            44.07107852,
            42.86977372
          ],
          [
            44.07106652,
            42.86977838
          ],
          [
            44.07105419,
            42.86978304
          ],
          [
            44.0710422,
            42.86978737
          ],
          [
            44.07102954,
            42.86979103
          ],
          [
            44.07101721,
            42.86979569
          ],
          [
            44.07100588,
            42.86980035
          ],
          [
            44.07099455,
            42.86980501
          ],
          [
            44.07098289,
            42.86980967
          ],
          [
            44.07097123,
            42.869814
          ],
          [
            44.0709589,
            42.86981799
          ],
          [
            44.07094624,
            42.86982065
          ],
          [
            44.07093458,
            42.86982398
          ],
          [
            44.07092292,
            42.86982764
          ],
          [
            44.07091226,
            42.86983163
          ],
          [
            44.07090093,
            42.86983496
          ],
          [
            44.07089027,
            42.86983929
          ],
          [
            44.07087894,
            42.86984428
          ],
          [
            44.07086761,
            42.86984861
          ],
          [
            44.07085628,
            42.8698526
          ],
          [
            44.07084395,
            42.86985693
          ],
          [
            44.07083196,
            42.86986159
          ],
          [
            44.07082096,
            42.86986658
          ],
          [
            44.07080863,
            42.86987124
          ],
          [
            44.07079697,
            42.86987624
          ],
          [
            44.07078497,
            42.86988057
          ],
          [
            44.07077331,
            42.86988457
          ],
          [
            44.07076098,
            42.86988823
          ],
          [
            44.07074798,
            42.86989222
          ],
          [
            44.07073665,
            42.86989555
          ],
          [
            44.07072632,
            42.86989854
          ],
          [
            44.07071533,
            42.8699032
          ],
          [
            44.07070433,
            42.86990753
          ],
          [
            44.07069267,
            42.86991052
          ],
          [
            44.07068334,
            42.86991285
          ],
          [
            44.07067668,
            42.86991451
          ],
          [
            44.07067369,
            42.86991451
          ],
          [
            44.07068061,
            42.86991549
          ],
          [
            44.07067763,
            42.86991682
          ],
          [
            44.07068191,
            42.86991749
          ],
          [
            44.07068158,
            42.86991849
          ],
          [
            44.07068058,
            42.86991982
          ],
          [
            44.07067925,
            42.86992082
          ],
          [
            44.07067592,
            42.86992248
          ],
          [
            44.07066959,
            42.86992547
          ],
          [
            44.07066226,
            42.86992947
          ],
          [
            44.07065293,
            42.8699338
          ],
          [
            44.0706426,
            42.86993813
          ],
          [
            44.07063227,
            42.86994379
          ],
          [
            44.07062161,
            42.86994912
          ],
          [
            44.07061128,
            42.86995412
          ],
          [
            44.07059962,
            42.86995845
          ],
          [
            44.07058896,
            42.86996244
          ],
          [
            44.07057696,
            42.86996744
          ],
          [
            44.07056397,
            42.86997277
          ],
          [
            44.07055064,
            42.86997843
          ],
          [
            44.07053731,
            42.86998376
          ],
          [
            44.07052398,
            42.86998909
          ],
          [
            44.07051132,
            42.86999475
          ],
          [
            44.07049899,
            42.87000041
          ],
          [
            44.07048699,
            42.8700064
          ],
          [
            44.070475,
            42.87001306
          ],
          [
            44.07046267,
            42.87002072
          ],
          [
            44.07045067,
            42.87002772
          ],
          [
            44.07043801,
            42.87003471
          ],
          [
            44.07042635,
            42.87004137
          ],
          [
            44.07041469,
            42.87004803
          ],
          [
            44.07040303,
            42.87005569
          ],
          [
            44.07039137,
            42.87006268
          ],
          [
            44.07038071,
            42.87007034
          ],
          [
            44.07037005,
            42.87007834
          ],
          [
            44.07035972,
            42.87008634
          ],
          [
            44.07034939,
            42.870094
          ],
          [
            44.0703394,
            42.87010166
          ],
          [
            44.0703294,
            42.87010966
          ],
          [
            44.07031941,
            42.87011799
          ],
          [
            44.07030875,
            42.87012599
          ],
          [
            44.07029809,
            42.87013432
          ],
          [
            44.0702881,
            42.87014265
          ],
          [
            44.07027777,
            42.87015064
          ],
          [
            44.07026777,
            42.87015897
          ],
          [
            44.07025844,
            42.87016763
          ],
          [
            44.07024845,
            42.87017596
          ],
          [
            44.07023945,
            42.87018429
          ],
          [
            44.07023012,
            42.87019262
          ],
          [
            44.07022113,
            42.87020095
          ],
          [
            44.07021313,
            42.87020928
          ],
          [
            44.07020414,
            42.87021827
          ],
          [
            44.07019548,
            42.87022627
          ],
          [
            44.07018715,
            42.87023427
          ],
          [
            44.07017915,
            42.87024326
          ],
          [
            44.07017115,
            42.87025192
          ],
          [
            44.07016249,
            42.87026058
          ],
          [
            44.07015383,
            42.87026891
          ],
          [
            44.07014517,
            42.87027724
          ],
          [
            44.07013684,
            42.87028557
          ],
          [
            44.07012918,
            42.87029457
          ],
          [
            44.07012118,
            42.87030356
          ],
          [
            44.07011319,
            42.87031189
          ],
          [
            44.07010419,
            42.87031989
          ],
          [
            44.07009486,
            42.87032788
          ],
          [
            44.0700852,
            42.87033621
          ],
          [
            44.0700742,
            42.87034354
          ],
          [
            44.07006287,
            42.87035087
          ],
          [
            44.07005121,
            42.87035786
          ],
          [
            44.07003988,
            42.87036452
          ],
          [
            44.07002955,
            42.87037285
          ],
          [
            44.07002022,
            42.87038151
          ],
          [
            44.07001189,
            42.87038951
          ],
          [
            44.07000356,
            42.87039717
          ],
          [
            44.06999456,
            42.8704055
          ],
          [
            44.0699859,
            42.87041416
          ],
          [
            44.06997657,
            42.87042216
          ],
          [
            44.06996691,
            42.87042915
          ],
          [
            44.06995725,
            42.87043615
          ],
          [
            44.06994792,
            42.87044348
          ],
          [
            44.06993859,
            42.87045014
          ],
          [
            44.06992826,
            42.8704568
          ],
          [
            44.06991726,
            42.87046213
          ],
          [
            44.0699056,
            42.87046779
          ],
          [
            44.0698936,
            42.87047312
          ],
          [
            44.06988261,
            42.87047911
          ],
          [
            44.06987128,
            42.87048544
          ],
          [
            44.06985995,
            42.8704911
          ],
          [
            44.06984762,
            42.87049676
          ],
          [
            44.06983563,
            42.87050176
          ],
          [
            44.06982364,
            42.87050642
          ],
          [
            44.06981198,
            42.87051041
          ],
          [
            44.06980099,
            42.87051407
          ],
          [
            44.06978966,
            42.8705184
          ],
          [
            44.069778,
            42.87052373
          ],
          [
            44.06976734,
            42.87052939
          ],
          [
            44.06975601,
            42.87053572
          ],
          [
            44.06974535,
            42.87054105
          ],
          [
            44.06973435,
            42.87054738
          ],
          [
            44.06972369,
            42.87055438
          ],
          [
            44.06971403,
            42.87056137
          ],
          [
            44.06970337,
            42.87056803
          ],
          [
            44.06969271,
            42.87057536
          ],
          [
            44.06968338,
            42.87058302
          ],
          [
            44.06967439,
            42.87059102
          ],
          [
            44.06966639,
            42.87059935
          ],
          [
            44.06965773,
            42.87060768
          ],
          [
            44.06964973,
            42.87061634
          ],
          [
            44.06964307,
            42.87062567
          ],
          [
            44.06963674,
            42.87063533
          ],
          [
            44.06963308,
            42.87064566
          ],
          [
            44.06963042,
            42.87065666
          ],
          [
            44.06962809,
            42.87066799
          ],
          [
            44.06962609,
            42.87067932
          ],
          [
            44.06962276,
            42.87068932
          ],
          [
            44.06961743,
            42.87069965
          ],
          [
            44.06961177,
            42.87070964
          ],
          [
            44.06960811,
            42.87072097
          ],
          [
            44.06961011,
            42.8707333
          ],
          [
            44.06961377,
            42.87074429
          ],
          [
            44.06961476,
            42.87075595
          ],
          [
            44.0696131,
            42.87076661
          ],
          [
            44.0696111,
            42.87077794
          ],
          [
            44.06960844,
            42.87078794
          ],
          [
            44.06960545,
            42.87079794
          ],
          [
            44.06960179,
            42.8708086
          ],
          [
            44.06959813,
            42.87081926
          ],
          [
            44.06959547,
            42.87082926
          ],
          [
            44.06959448,
            42.87084026
          ],
          [
            44.06959382,
            42.87085059
          ],
          [
            44.06959415,
            42.87086159
          ],
          [
            44.06959481,
            42.87087225
          ],
          [
            44.06959614,
            42.87088325
          ],
          [
            44.06959813,
            42.87089491
          ],
          [
            44.06959946,
            42.8709069
          ],
          [
            44.06960079,
            42.87091923
          ],
          [
            44.06960179,
            42.87093122
          ],
          [
            44.06960278,
            42.87094321
          ],
          [
            44.06960411,
            42.8709552
          ],
          [
            44.06960378,
            42.87096686
          ],
          [
            44.06960279,
            42.87097885
          ],
          [
            44.06960146,
            42.87098985
          ],
          [
            44.06960046,
            42.87100118
          ],
          [
            44.06959947,
            42.87101251
          ],
          [
            44.06959881,
            42.87102417
          ],
          [
            44.06959715,
            42.8710355
          ],
          [
            44.06959449,
            42.87104716
          ],
          [
            44.06959383,
            42.87105949
          ],
          [
            44.0695935,
            42.87107082
          ],
          [
            44.0695935,
            42.87108215
          ],
          [
            44.06959383,
            42.87109381
          ],
          [
            44.0695935,
            42.87110547
          ],
          [
            44.0695925,
            42.87111713
          ],
          [
            44.06959184,
            42.87112879
          ],
          [
            44.06959051,
            42.87114045
          ],
          [
            44.06958951,
            42.87115178
          ],
          [
            44.06958752,
            42.87116311
          ],
          [
            44.06958619,
            42.87117511
          ],
          [
            44.06958486,
            42.87118677
          ],
          [
            44.06958353,
            42.87119843
          ],
          [
            44.06958187,
            42.87121009
          ],
          [
            44.06958021,
            42.87122175
          ],
          [
            44.06957955,
            42.87123374
          ],
          [
            44.06957755,
            42.87124474
          ],
          [
            44.06957589,
            42.87125507
          ],
          [
            44.0695739,
            42.8712664
          ],
          [
            44.06957423,
            42.87127773
          ],
          [
            44.06957656,
            42.87128906
          ],
          [
            44.06958055,
            42.87130072
          ],
          [
            44.06958455,
            42.87131205
          ],
          [
            44.06958921,
            42.87132305
          ],
          [
            44.06959421,
            42.87133371
          ],
          [
            44.06959954,
            42.87134404
          ],
          [
            44.06960553,
            42.8713527
          ],
          [
            44.06960986,
            42.87135936
          ],
          [
            44.06961052,
            42.87136336
          ],
          [
            44.06960786,
            42.87136802
          ],
          [
            44.0696052,
            42.87137335
          ],
          [
            44.06960154,
            42.87137901
          ],
          [
            44.06959754,
            42.87138634
          ],
          [
            44.06959355,
            42.87139434
          ],
          [
            44.06959089,
            42.87140367
          ],
          [
            44.06958889,
            42.871414
          ],
          [
            44.0695879,
            42.87142399
          ],
          [
            44.06958724,
            42.87143532
          ],
          [
            44.06958625,
            42.87144632
          ],
          [
            44.06958359,
            42.87145765
          ],
          [
            44.0695806,
            42.87146831
          ],
          [
            44.06957827,
            42.87147864
          ],
          [
            44.06957694,
            42.87148897
          ],
          [
            44.06957528,
            42.87149963
          ],
          [
            44.06957395,
            42.87151162
          ],
          [
            44.06957229,
            42.87152262
          ],
          [
            44.06956996,
            42.87153328
          ],
          [
            44.06956863,
            42.87154428
          ],
          [
            44.0695663,
            42.87155494
          ],
          [
            44.06956497,
            42.87156527
          ],
          [
            44.06956497,
            42.87157627
          ],
          [
            44.06956563,
            42.8715876
          ],
          [
            44.06956463,
            42.87159826
          ],
          [
            44.0695633,
            42.87160992
          ],
          [
            44.06956164,
            42.87162092
          ],
          [
            44.06956031,
            42.87163158
          ],
          [
            44.06955998,
            42.87164258
          ],
          [
            44.06955932,
            42.87165391
          ],
          [
            44.06955799,
            42.87166524
          ],
          [
            44.06955599,
            42.87167624
          ],
          [
            44.06955366,
            42.87168757
          ],
          [
            44.06955133,
            42.8716989
          ],
          [
            44.06954933,
            42.8717099
          ],
          [
            44.06954834,
            42.8717209
          ],
          [
            44.06954801,
            42.87173223
          ],
          [
            44.06954735,
            42.87174289
          ],
          [
            44.06954636,
            42.87175422
          ],
          [
            44.06954503,
            42.87176488
          ],
          [
            44.0695437,
            42.87177588
          ],
          [
            44.06954271,
            42.87178654
          ],
          [
            44.06954238,
            42.87179754
          ],
          [
            44.06954139,
            42.87180887
          ],
          [
            44.06954073,
            42.87182053
          ],
          [
            44.06954106,
            42.87183286
          ],
          [
            44.06954073,
            42.87184452
          ],
          [
            44.06953873,
            42.87185551
          ],
          [
            44.0695374,
            42.87186717
          ],
          [
            44.06953574,
            42.87187817
          ],
          [
            44.06953475,
            42.87188916
          ],
          [
            44.06953342,
            42.87189982
          ],
          [
            44.06953176,
            42.87191082
          ],
          [
            44.06953043,
            42.87192215
          ],
          [
            44.06952877,
            42.87193315
          ],
          [
            44.06952811,
            42.87194415
          ],
          [
            44.06952745,
            42.87195481
          ],
          [
            44.06952646,
            42.87196514
          ],
          [
            44.06952513,
            42.87197547
          ],
          [
            44.0695238,
            42.87198547
          ],
          [
            44.06952214,
            42.8719958
          ],
          [
            44.06952048,
            42.8720058
          ],
          [
            44.06951882,
            42.87201646
          ],
          [
            44.06951716,
            42.87202679
          ],
          [
            44.06951583,
            42.87203712
          ],
          [
            44.06951417,
            42.87204712
          ],
          [
            44.06951184,
            42.87205711
          ],
          [
            44.06950851,
            42.87206777
          ],
          [
            44.06950485,
            42.87207843
          ],
          [
            44.06950352,
            42.87208943
          ],
          [
            44.06950352,
            42.87210009
          ],
          [
            44.06950451,
            42.87211009
          ],
          [
            44.06950517,
            42.87212109
          ],
          [
            44.06950451,
            42.87213242
          ],
          [
            44.06950318,
            42.87214375
          ],
          [
            44.06950252,
            42.87215541
          ],
          [
            44.06950086,
            42.87216607
          ],
          [
            44.06950053,
            42.8721774
          ],
          [
            44.06949953,
            42.87218739
          ],
          [
            44.06949854,
            42.87219739
          ],
          [
            44.06949721,
            42.87220739
          ],
          [
            44.06949488,
            42.87221738
          ],
          [
            44.06949288,
            42.87222738
          ],
          [
            44.06949188,
            42.87223737
          ],
          [
            44.06949055,
            42.87224803
          ],
          [
            44.06948956,
            42.87225803
          ],
          [
            44.06948989,
            42.87226769
          ],
          [
            44.06949122,
            42.87227769
          ],
          [
            44.06949255,
            42.87228702
          ],
          [
            44.06949421,
            42.87229635
          ],
          [
            44.06949521,
            42.87230501
          ],
          [
            44.06949654,
            42.872314
          ],
          [
            44.06949787,
            42.87232266
          ],
          [
            44.06949853,
            42.87233199
          ],
          [
            44.06949886,
            42.87234165
          ],
          [
            44.06949985,
            42.87235064
          ],
          [
            44.06950185,
            42.8723593
          ],
          [
            44.06950451,
            42.87236729
          ],
          [
            44.0695085,
            42.87237529
          ],
          [
            44.06951316,
            42.87238329
          ],
          [
            44.06951649,
            42.87239095
          ],
          [
            44.06952049,
            42.87239895
          ],
          [
            44.06952482,
            42.87240695
          ],
          [
            44.06953015,
            42.87241494
          ],
          [
            44.06953614,
            42.87242327
          ],
          [
            44.06954147,
            42.87243227
          ],
          [
            44.06954613,
            42.8724416
          ],
          [
            44.06955113,
            42.87245026
          ],
          [
            44.06955379,
            42.87245925
          ],
          [
            44.06955612,
            42.87246791
          ],
          [
            44.06955812,
            42.87247624
          ],
          [
            44.06956145,
            42.87248424
          ],
          [
            44.06956478,
            42.87249224
          ],
          [
            44.06956878,
            42.87249957
          ],
          [
            44.06957344,
            42.87250657
          ],
          [
            44.06957743,
            42.87251423
          ],
          [
            44.06958176,
            42.87252156
          ],
          [
            44.06958642,
            42.87252922
          ],
          [
            44.06959042,
            42.87253621
          ],
          [
            44.06959475,
            42.87254421
          ],
          [
            44.06959941,
            42.87255121
          ],
          [
            44.06960407,
            42.87255887
          ],
          [
            44.06960907,
            42.8725662
          ],
          [
            44.0696134,
            42.8725732
          ],
          [
            44.06961906,
            42.87258019
          ],
          [
            44.06962472,
            42.87258785
          ],
          [
            44.06962938,
            42.87259484
          ],
          [
            44.06963404,
            42.8726015
          ],
          [
            44.06963904,
            42.87260916
          ],
          [
            44.0696447,
            42.87261649
          ],
          [
            44.06965069,
            42.87262415
          ],
          [
            44.06965702,
            42.87263148
          ],
          [
            44.06966335,
            42.87263914
          ],
          [
            44.06967135,
            42.87264714
          ],
          [
            44.06967868,
            42.87265514
          ],
          [
            44.06968567,
            42.87266413
          ],
          [
            44.06969067,
            42.87267279
          ],
          [
            44.06969467,
            42.87268045
          ],
          [
            44.0697,
            42.87268845
          ],
          [
            44.06970599,
            42.87269644
          ],
          [
            44.06971298,
            42.87270477
          ],
          [
            44.06972031,
            42.8727131
          ],
          [
            44.06972797,
            42.87272076
          ],
          [
            44.0697353,
            42.87272876
          ],
          [
            44.06974296,
            42.87273676
          ],
          [
            44.06975029,
            42.87274509
          ],
          [
            44.06975662,
            42.87275309
          ],
          [
            44.06976395,
            42.87276142
          ],
          [
            44.06977161,
            42.87276975
          ],
          [
            44.06977894,
            42.87277741
          ],
          [
            44.0697866,
            42.87278574
          ],
          [
            44.06979393,
            42.87279507
          ],
          [
            44.06980193,
            42.87280473
          ],
          [
            44.06981059,
            42.87281372
          ],
          [
            44.06981892,
            42.87282172
          ],
          [
            44.06982725,
            42.87282938
          ],
          [
            44.06983424,
            42.87283571
          ],
          [
            44.06983757,
            42.87284037
          ],
          [
            44.06983923,
            42.87284303
          ],
          [
            44.0698389,
            42.87284667
          ],
          [
            44.06984056,
            42.87285033
          ],
          [
            44.06984489,
            42.87285499
          ],
          [
            44.06985155,
            42.87286098
          ],
          [
            44.06985955,
            42.87286797
          ],
          [
            44.06986888,
            42.87287563
          ],
          [
            44.06987854,
            42.87288363
          ],
          [
            44.06988887,
            42.87289096
          ],
          [
            44.06989987,
            42.87289929
          ],
          [
            44.06990986,
            42.87290762
          ],
          [
            44.06991952,
            42.87291595
          ],
          [
            44.06993018,
            42.87292495
          ],
          [
            44.06994018,
            42.87293328
          ],
          [
            44.06994917,
            42.87294227
          ],
          [
            44.06995883,
            42.8729516
          ],
          [
            44.06996849,
            42.87296093
          ],
          [
            44.06997815,
            42.87296993
          ],
          [
            44.06998815,
            42.87297892
          ],
          [
            44.06999948,
            42.87298692
          ],
          [
            44.07001081,
            42.87299425
          ],
          [
            44.0700228,
            42.87300125
          ],
          [
            44.0700348,
            42.87300891
          ],
          [
            44.07004679,
            42.8730169
          ],
          [
            44.07005712,
            42.8730249
          ],
          [
            44.07006545,
            42.87303456
          ],
          [
            44.07007311,
            42.87304489
          ],
          [
            44.07008177,
            42.87305422
          ],
          [
            44.07009143,
            42.87306321
          ],
          [
            44.07010276,
            42.87307121
          ],
          [
            44.07011275,
            42.87307954
          ],
          [
            44.07012141,
            42.87308853
          ],
          [
            44.07012874,
            42.87309852
          ],
          [
            44.07013573,
            42.87310852
          ],
          [
            44.07014239,
            42.87311851
          ],
          [
            44.07015138,
            42.87312851
          ],
          [
            44.07016071,
            42.87313784
          ],
          [
            44.07017004,
            42.87314584
          ],
          [
            44.07017937,
            42.87315417
          ],
          [
            44.0701887,
            42.87316283
          ],
          [
            44.07019836,
            42.87317116
          ],
          [
            44.07020669,
            42.87318015
          ],
          [
            44.07021568,
            42.87318948
          ],
          [
            44.07022467,
            42.87319914
          ],
          [
            44.070234,
            42.87320813
          ],
          [
            44.07024333,
            42.87321779
          ],
          [
            44.07025332,
            42.87322712
          ],
          [
            44.07026298,
            42.87323645
          ],
          [
            44.07027164,
            42.87324511
          ],
          [
            44.07027997,
            42.87325444
          ],
          [
            44.07028896,
            42.87326343
          ],
          [
            44.07029795,
            42.87327276
          ],
          [
            44.07030661,
            42.87328176
          ],
          [
            44.07031427,
            42.87329042
          ],
          [
            44.07032293,
            42.87329841
          ],
          [
            44.07033159,
            42.87330641
          ],
          [
            44.07033992,
            42.87331441
          ],
          [
            44.07034758,
            42.87332274
          ],
          [
            44.07035491,
            42.8733304
          ],
          [
            44.07036291,
            42.8733384
          ],
          [
            44.07037091,
            42.87334573
          ],
          [
            44.07037891,
            42.87335339
          ],
          [
            44.07038724,
            42.87336072
          ],
          [
            44.07039524,
            42.87336971
          ],
          [
            44.0704029,
            42.87337837
          ],
          [
            44.0704109,
            42.87338703
          ],
          [
            44.0704189,
            42.87339636
          ],
          [
            44.07042789,
            42.87340535
          ],
          [
            44.07043655,
            42.87341401
          ],
          [
            44.07044421,
            42.87342234
          ],
          [
            44.07045154,
            42.87343133
          ],
          [
            44.0704592,
            42.87343999
          ],
          [
            44.07046586,
            42.87344865
          ],
          [
            44.07047252,
            42.87345798
          ],
          [
            44.07047851,
            42.87346664
          ],
          [
            44.07048484,
            42.8734753
          ],
          [
            44.07049117,
            42.87348363
          ],
          [
            44.07049716,
            42.87349296
          ],
          [
            44.07050249,
            42.87350195
          ],
          [
            44.07050848,
            42.87351061
          ],
          [
            44.07051481,
            42.8735196
          ],
          [
            44.07052147,
            42.87352826
          ],
          [
            44.07052846,
            42.87353759
          ],
          [
            44.07053546,
            42.87354659
          ],
          [
            44.07054245,
            42.87355592
          ],
          [
            44.07054911,
            42.87356558
          ],
          [
            44.07055444,
            42.87357591
          ],
          [
            44.07055977,
            42.87358624
          ],
          [
            44.07056543,
            42.8735969
          ],
          [
            44.07057076,
            42.87360689
          ],
          [
            44.07057609,
            42.87361655
          ],
          [
            44.07058142,
            42.87362721
          ],
          [
            44.07058575,
            42.87363721
          ],
          [
            44.07058975,
            42.87364354
          ],
          [
            44.07059241,
            42.8736482
          ],
          [
            44.07059441,
            42.87365353
          ],
          [
            44.07059674,
            42.87365986
          ],
          [
            44.0706004,
            42.87366852
          ],
          [
            44.07060373,
            42.87367852
          ],
          [
            44.07060739,
            42.87368885
          ],
          [
            44.07061005,
            42.87370118
          ],
          [
            44.07061238,
            42.87371251
          ],
          [
            44.07061371,
            42.87372484
          ],
          [
            44.07061471,
            42.87373683
          ],
          [
            44.07061438,
            42.87374949
          ],
          [
            44.07061438,
            42.87376248
          ],
          [
            44.07061272,
            42.87377548
          ],
          [
            44.07061006,
            42.87378781
          ],
          [
            44.07060773,
            42.87380014
          ],
          [
            44.0706064,
            42.87381213
          ],
          [
            44.0706054,
            42.87382446
          ],
          [
            44.07060507,
            42.87383612
          ],
          [
            44.07060474,
            42.87384811
          ],
          [
            44.07060375,
            42.8738601
          ],
          [
            44.07060209,
            42.87387276
          ],
          [
            44.07059876,
            42.87388475
          ],
          [
            44.0705931,
            42.87389674
          ],
          [
            44.07058611,
            42.87390807
          ],
          [
            44.07057878,
            42.8739194
          ],
          [
            44.07057045,
            42.87393006
          ],
          [
            44.07056045,
            42.87394139
          ],
          [
            44.07054912,
            42.87395139
          ],
          [
            44.07053713,
            42.87396072
          ],
          [
            44.0705248,
            42.87396971
          ],
          [
            44.07051247,
            42.87397904
          ],
          [
            44.07049981,
            42.87398737
          ],
          [
            44.07048681,
            42.8739957
          ],
          [
            44.07047248,
            42.87400336
          ],
          [
            44.07045782,
            42.87401036
          ],
          [
            44.07044182,
            42.87401769
          ],
          [
            44.07042616,
            42.87402435
          ],
          [
            44.07041083,
            42.87403201
          ],
          [
            44.07039683,
            42.87404034
          ],
          [
            44.07038384,
            42.87404867
          ],
          [
            44.07036984,
            42.87405667
          ],
          [
            44.07035484,
            42.87406467
          ],
          [
            44.07033985,
            42.87407133
          ],
          [
            44.07032585,
            42.87407799
          ],
          [
            44.07031185,
            42.87408532
          ],
          [
            44.07029819,
            42.87409298
          ],
          [
            44.07028453,
            42.87410098
          ],
          [
            44.07027254,
            42.87410997
          ],
          [
            44.07026055,
            42.87411863
          ],
          [
            44.07024722,
            42.87412629
          ],
          [
            44.07023489,
            42.87413429
          ],
          [
            44.07022256,
            42.87414295
          ],
          [
            44.07021123,
            42.87415294
          ],
          [
            44.0702019,
            42.8741636
          ],
          [
            44.07019557,
            42.87417526
          ],
          [
            44.07019057,
            42.87418692
          ],
          [
            44.07018324,
            42.87419792
          ],
          [
            44.07017358,
            42.87420725
          ],
          [
            44.07016192,
            42.87421624
          ],
          [
            44.07014892,
            42.87422557
          ],
          [
            44.07013492,
            42.87423456
          ],
          [
            44.07012159,
            42.87424322
          ],
          [
            44.0701086,
            42.87425188
          ],
          [
            44.07009627,
            42.87426021
          ],
          [
            44.07008494,
            42.87426921
          ],
          [
            44.07007595,
            42.87427954
          ],
          [
            44.07007129,
            42.8742902
          ],
          [
            44.07007129,
            42.8743012
          ],
          [
            44.07007295,
            42.87431186
          ],
          [
            44.07007894,
            42.87432252
          ],
          [
            44.07008794,
            42.87433185
          ],
          [
            44.0700966,
            42.87434018
          ],
          [
            44.07010626,
            42.87434818
          ],
          [
            44.07011626,
            42.87435417
          ],
          [
            44.07012625,
            42.87436016
          ],
          [
            44.07013425,
            42.87436482
          ],
          [
            44.07013891,
            42.87436748
          ],
          [
            44.0701419,
            42.87436881
          ],
          [
            44.07014356,
            42.87436914
          ],
          [
            44.07014589,
            42.87437047
          ],
          [
            44.07015055,
            42.87437346
          ],
          [
            44.07015555,
            42.87437745
          ],
          [
            44.07015954,
            42.87438211
          ],
          [
            44.07016487,
            42.87438844
          ],
          [
            44.07016987,
            42.8743941
          ],
          [
            44.07017386,
            42.87439776
          ],
          [
            44.07017519,
            42.87440042
          ],
          [
            44.07017618,
            42.87440275
          ],
          [
            44.07017751,
            42.87440541
          ],
          [
            44.07018151,
            42.87440907
          ],
          [
            44.07018717,
            42.87441373
          ],
          [
            44.07019283,
            42.87441873
          ],
          [
            44.07019682,
            42.87442106
          ],
          [
            44.07019848,
            42.87442106
          ],
          [
            44.07019682,
            42.8744204
          ],
          [
            44.07019249,
            42.87441674
          ],
          [
            44.07018516,
            42.87441174
          ],
          [
            44.0701755,
            42.87440741
          ],
          [
            44.07016484,
            42.87440442
          ],
          [
            44.07015418,
            42.87440176
          ],
          [
            44.07014285,
            42.87439943
          ],
          [
            44.07013352,
            42.87439877
          ],
          [
            44.07012619,
            42.87440043
          ],
          [
            44.0701222,
            42.87440076
          ],
          [
            44.07011954,
            42.87440043
          ],
          [
            44.07011522,
            42.87439911
          ],
          [
            44.07011621,
            42.87439778
          ],
          [
            44.07011954,
            42.87439778
          ],
          [
            44.0701242,
            42.87439712
          ],
          [
            44.07012686,
            42.87439479
          ],
          [
            44.07012786,
            42.87439246
          ],
          [
            44.07012852,
            42.87439047
          ],
          [
            44.07012885,
            42.87438881
          ],
          [
            44.07013018,
            42.87438782
          ],
          [
            44.07013317,
            42.87438649
          ],
          [
            44.0701375,
            42.87438583
          ],
          [
            44.07014349,
            42.87438716
          ],
          [
            44.07015015,
            42.87439015
          ],
          [
            44.07015781,
            42.87439381
          ],
          [
            44.07016514,
            42.87439747
          ],
          [
            44.07017213,
            42.87440013
          ],
          [
            44.07017879,
            42.87440279
          ],
          [
            44.07018512,
            42.87440479
          ],
          [
            44.07019145,
            42.87440545
          ],
          [
            44.07019911,
            42.87440678
          ],
          [
            44.07020577,
            42.87441011
          ],
          [
            44.07021043,
            42.8744131
          ],
          [
            44.07021276,
            42.87441643
          ],
          [
            44.07021476,
            42.87442042
          ],
          [
            44.07021642,
            42.87442508
          ],
          [
            44.07021808,
            42.87442974
          ],
          [
            44.07021974,
            42.8744344
          ],
          [
            44.07022207,
            42.87443906
          ],
          [
            44.0702244,
            42.87444472
          ],
          [
            44.0702264,
            42.87445005
          ],
          [
            44.07022806,
            42.87445438
          ],
          [
            44.07023039,
            42.87445838
          ],
          [
            44.07023338,
            42.87446171
          ],
          [
            44.07023504,
            42.87446537
          ],
          [
            44.0702367,
            42.8744697
          ],
          [
            44.0702387,
            42.87447336
          ],
          [
            44.07024236,
            42.87447669
          ],
          [
            44.07024502,
            42.87447902
          ],
          [
            44.07024602,
            42.87448135
          ],
          [
            44.07024668,
            42.87448268
          ],
          [
            44.07025031,
            42.8744893
          ],
          [
            44.0702523,
            42.87448897
          ],
          [
            44.07025097,
            42.87448831
          ],
          [
            44.07024897,
            42.87448731
          ],
          [
            44.07024431,
            42.87448565
          ],
          [
            44.07023965,
            42.87448365
          ],
          [
            44.07023665,
            42.87448266
          ],
          [
            44.07023499,
            42.874482
          ],
          [
            44.07023399,
            42.87448167
          ],
          [
            44.07023266,
            42.87448068
          ],
          [
            44.07023167,
            42.87447769
          ],
          [
            44.07023001,
            42.87447503
          ],
          [
            44.07022702,
            42.8744707
          ],
          [
            44.07022369,
            42.87446704
          ],
          [
            44.07022136,
            42.87446338
          ],
          [
            44.07021903,
            42.87446039
          ],
          [
            44.07021703,
            42.87445673
          ],
          [
            44.07021437,
            42.87445174
          ],
          [
            44.07021171,
            42.87444841
          ],
          [
            44.07021005,
            42.87444475
          ],
          [
            44.07020839,
            42.87443975
          ],
          [
            44.07020606,
            42.87443509
          ],
          [
            44.07020273,
            42.87443009
          ],
          [
            44.07020074,
            42.87442576
          ],
          [
            44.07019874,
            42.8744221
          ],
          [
            44.07019408,
            42.87441744
          ],
          [
            44.07018809,
            42.87441211
          ],
          [
            44.07018143,
            42.87440712
          ],
          [
            44.07017377,
            42.87440212
          ],
          [
            44.07016678,
            42.87439712
          ],
          [
            44.07015978,
            42.87439146
          ],
          [
            44.07015012,
            42.87438646
          ],
          [
            44.07013979,
            42.87438313
          ],
          [
            44.07013146,
            42.87438147
          ],
          [
            44.07012646,
            42.87438213
          ],
          [
            44.07012413,
            42.87438446
          ],
          [
            44.0701228,
            42.87438645
          ],
          [
            44.07012808,
            42.8743891
          ],
          [
            44.07013041,
            42.8743891
          ],
          [
            44.07013207,
            42.87438844
          ],
          [
            44.0701334,
            42.87438778
          ],
          [
            44.07013506,
            42.87438445
          ],
          [
            44.0701334,
            42.87437979
          ],
          [
            44.07012774,
            42.87437646
          ],
          [
            44.07011974,
            42.87437745
          ],
          [
            44.07011141,
            42.87438145
          ],
          [
            44.07010542,
            42.87438478
          ],
          [
            44.07009876,
            42.87438811
          ],
          [
            44.07009377,
            42.8743911
          ],
          [
            44.07008844,
            42.87439576
          ],
          [
            44.07008344,
            42.87439909
          ],
          [
            44.07007844,
            42.87440208
          ],
          [
            44.07007478,
            42.87440374
          ],
          [
            44.07007179,
            42.87440474
          ],
          [
            44.0700688,
            42.87440607
          ],
          [
            44.07006614,
            42.8744074
          ],
          [
            44.07006481,
            42.87440873
          ],
          [
            44.07006382,
            42.87441006
          ],
          [
            44.07006548,
            42.87441039
          ],
          [
            44.07006681,
            42.87441072
          ],
          [
            44.07006847,
            42.87441138
          ],
          [
            44.07007013,
            42.87441204
          ],
          [
            44.07007179,
            42.87441237
          ],
          [
            44.07007345,
            42.87441336
          ],
          [
            44.07007577,
            42.87441402
          ],
          [
            44.07008238,
            42.87441468
          ],
          [
            44.07008437,
            42.87441534
          ],
          [
            44.07008637,
            42.87441501
          ],
          [
            44.07008803,
            42.87441402
          ],
          [
            44.07008902,
            42.87441269
          ],
          [
            44.07009001,
            42.87441103
          ],
          [
            44.070092,
            42.87440804
          ],
          [
            44.07009466,
            42.87440538
          ],
          [
            44.07009865,
            42.87440139
          ],
          [
            44.07010331,
            42.87439739
          ],
          [
            44.07010964,
            42.87439173
          ],
          [
            44.07011497,
            42.87438673
          ],
          [
            44.0701183,
            42.87438374
          ],
          [
            44.07012063,
            42.87438208
          ],
          [
            44.07012263,
            42.87438075
          ],
          [
            44.07012396,
            42.87437976
          ],
          [
            44.07012529,
            42.8743791
          ],
          [
            44.07012233,
            42.87436655
          ],
          [
            44.07012034,
            42.87436854
          ],
          [
            44.07012034,
            42.87436987
          ],
          [
            44.07012333,
            42.87437087
          ],
          [
            44.07012632,
            42.87437253
          ],
          [
            44.07012865,
            42.87437453
          ],
          [
            44.07012964,
            42.87437719
          ],
          [
            44.07012931,
            42.87437952
          ],
          [
            44.07012931,
            42.87438085
          ],
          [
            44.07012865,
            42.87438251
          ],
          [
            44.07013096,
            42.87438715
          ],
          [
            44.07012896,
            42.87438781
          ],
          [
            44.07012763,
            42.8743898
          ],
          [
            44.0701263,
            42.87439246
          ],
          [
            44.07012531,
            42.87439446
          ],
          [
            44.07012366,
            42.87439579
          ],
          [
            44.07012233,
            42.87439745
          ],
          [
            44.07011967,
            42.87439911
          ],
          [
            44.07012133,
            42.87439778
          ],
          [
            44.07012299,
            42.87439579
          ],
          [
            44.07012266,
            42.87439413
          ],
          [
            44.07012497,
            42.8743928
          ],
          [
            44.07012463,
            42.87439181
          ],
          [
            44.07012562,
            42.87438981
          ],
          [
            44.07012762,
            42.87438715
          ],
          [
            44.07012895,
            42.87438449
          ],
          [
            44.07012961,
            42.87438316
          ],
          [
            44.07013127,
            42.87438084
          ],
          [
            44.0701359,
            42.87437918
          ],
          [
            44.07013324,
            42.87437752
          ],
          [
            44.07012824,
            42.87437519
          ],
          [
            44.07012258,
            42.8743722
          ],
          [
            44.07011792,
            42.87436921
          ],
          [
            44.07011426,
            42.87436455
          ],
          [
            44.07011093,
            42.87435922
          ],
          [
            44.0701086,
            42.87435322
          ],
          [
            44.07010694,
            42.87434656
          ],
          [
            44.07010228,
            42.87433856
          ],
          [
            44.07009562,
            42.87432957
          ],
          [
            44.07008763,
            42.87432091
          ],
          [
            44.07007963,
            42.87431391
          ],
          [
            44.07007063,
            42.87430892
          ],
          [
            44.07005997,
            42.87430593
          ],
          [
            44.07004764,
            42.87430427
          ],
          [
            44.07003364,
            42.87430427
          ],
          [
            44.07001898,
            42.87430493
          ],
          [
            44.07000365,
            42.87430792
          ],
          [
            44.06998832,
            42.87431125
          ],
          [
            44.06997399,
            42.87431524
          ],
          [
            44.06995933,
            42.8743209
          ],
          [
            44.06994533,
            42.87432689
          ],
          [
            44.069931,
            42.87433288
          ],
          [
            44.06991634,
            42.87433821
          ],
          [
            44.06990134,
            42.87434387
          ],
          [
            44.06988701,
            42.8743502
          ],
          [
            44.06987301,
            42.87435586
          ],
          [
            44.06985968,
            42.87436152
          ],
          [
            44.06984469,
            42.87436585
          ],
          [
            44.0698297,
            42.87436984
          ],
          [
            44.06981437,
            42.87437384
          ],
          [
            44.06979871,
            42.8743775
          ],
          [
            44.06978305,
            42.8743815
          ],
          [
            44.06976806,
            42.87438616
          ],
          [
            44.06975373,
            42.87439016
          ],
          [
            44.0697384,
            42.87439449
          ],
          [
            44.06972274,
            42.87439782
          ],
          [
            44.06970741,
            42.87440048
          ],
          [
            44.06969142,
            42.87440281
          ],
          [
            44.06967576,
            42.87440481
          ],
          [
            44.0696611,
            42.87440547
          ],
          [
            44.06964644,
            42.87440646
          ],
          [
            44.06963078,
            42.87440912
          ],
          [
            44.06961478,
            42.87441112
          ],
          [
            44.06959912,
            42.87441245
          ],
          [
            44.06958312,
            42.87441444
          ],
          [
            44.06956879,
            42.87441577
          ],
          [
            44.06955446,
            42.87441643
          ],
          [
            44.0695398,
            42.87441709
          ],
          [
            44.06952414,
            42.87441775
          ],
          [
            44.06950948,
            42.87441908
          ],
          [
            44.06949548,
            42.87442007
          ],
          [
            44.06948082,
            42.87442173
          ],
          [
            44.06946682,
            42.87442339
          ],
          [
            44.06945249,
            42.87442539
          ],
          [
            44.06943783,
            42.87442705
          ],
          [
            44.0694235,
            42.87442871
          ],
          [
            44.06940984,
            42.87443037
          ],
          [
            44.06939418,
            42.8744327
          ],
          [
            44.06937818,
            42.87443469
          ],
          [
            44.06936219,
            42.87443635
          ],
          [
            44.06934619,
            42.87443835
          ],
          [
            44.06933086,
            42.87444001
          ],
          [
            44.0693162,
            42.87444267
          ],
          [
            44.06930087,
            42.87444467
          ],
          [
            44.06928621,
            42.87444566
          ],
          [
            44.06927221,
            42.87444732
          ],
          [
            44.06925788,
            42.87444865
          ],
          [
            44.06924388,
            42.87445031
          ],
          [
            44.06922922,
            42.8744513
          ],
          [
            44.06921456,
            42.87445097
          ],
          [
            44.06919957,
            42.87445031
          ],
          [
            44.06918557,
            42.87444998
          ],
          [
            44.06917091,
            42.87444998
          ],
          [
            44.06915625,
            42.87445031
          ],
          [
            44.06914126,
            42.8744513
          ],
          [
            44.0691266,
            42.8744523
          ],
          [
            44.06911161,
            42.87445296
          ],
          [
            44.06909661,
            42.87445362
          ],
          [
            44.06908128,
            42.87445595
          ],
          [
            44.06906528,
            42.87445861
          ],
          [
            44.06904795,
            42.87446094
          ],
          [
            44.06903129,
            42.87446294
          ],
          [
            44.06901463,
            42.8744656
          ],
          [
            44.06899863,
            42.8744686
          ],
          [
            44.06898264,
            42.87447026
          ],
          [
            44.06896798,
            42.87447259
          ],
          [
            44.06895332,
            42.87447525
          ],
          [
            44.06893766,
            42.87447824
          ],
          [
            44.06892166,
            42.8744799
          ],
          [
            44.068905,
            42.87448223
          ],
          [
            44.06888867,
            42.87448522
          ],
          [
            44.06887234,
            42.87448722
          ],
          [
            44.06885601,
            42.87448988
          ],
          [
            44.06883935,
            42.87449254
          ],
          [
            44.06882202,
            42.87449587
          ],
          [
            44.06880569,
            42.8744992
          ],
          [
            44.06878936,
            42.87450253
          ],
          [
            44.0687727,
            42.87450519
          ],
          [
            44.06875604,
            42.87450885
          ],
          [
            44.06874005,
            42.87451151
          ],
          [
            44.06872372,
            42.8745145
          ],
          [
            44.06870806,
            42.87451783
          ],
          [
            44.06869173,
            42.87452049
          ],
          [
            44.06867507,
            42.87452382
          ],
          [
            44.06865941,
            42.87452648
          ],
          [
            44.06864742,
            42.87452914
          ],
          [
            44.06863709,
            42.87453114
          ],
          [
            44.06862409,
            42.87453347
          ],
          [
            44.06861009,
            42.8745358
          ],
          [
            44.06859443,
            42.8745378
          ],
          [
            44.0685791,
            42.87454046
          ],
          [
            44.06856277,
            42.87454246
          ],
          [
            44.06854611,
            42.87454446
          ],
          [
            44.06852945,
            42.87454645
          ],
          [
            44.06851212,
            42.87454745
          ],
          [
            44.06849446,
            42.87454878
          ],
          [
            44.06847647,
            42.87455111
          ],
          [
            44.06845914,
            42.8745541
          ],
          [
            44.06844181,
            42.87455743
          ],
          [
            44.06842415,
            42.87456009
          ],
          [
            44.06840716,
            42.87456308
          ],
          [
            44.06839083,
            42.87456641
          ],
          [
            44.0683745,
            42.87457141
          ],
          [
            44.0683585,
            42.87457641
          ],
          [
            44.06834151,
            42.8745824
          ],
          [
            44.06832485,
            42.87458839
          ],
          [
            44.06830819,
            42.87459438
          ],
          [
            44.06829219,
            42.87460171
          ],
          [
            44.06827486,
            42.8746087
          ],
          [
            44.0682582,
            42.87461603
          ],
          [
            44.06824154,
            42.87462403
          ],
          [
            44.06822555,
            42.87463203
          ],
          [
            44.06820989,
            42.87464003
          ],
          [
            44.06819389,
            42.87464902
          ],
          [
            44.06817656,
            42.87465835
          ],
          [
            44.0681599,
            42.87466535
          ],
          [
            44.06814257,
            42.87467068
          ],
          [
            44.06812458,
            42.87467534
          ],
          [
            44.06810658,
            42.874681
          ],
          [
            44.06808925,
            42.87468566
          ],
          [
            44.06807159,
            42.87468965
          ],
          [
            44.0680536,
            42.87469331
          ],
          [
            44.06803527,
            42.87469631
          ],
          [
            44.06801627,
            42.8746993
          ],
          [
            44.06799761,
            42.87470096
          ],
          [
            44.06797995,
            42.87470296
          ],
          [
            44.06796129,
            42.87470462
          ],
          [
            44.06794263,
            42.87470661
          ],
          [
            44.06792397,
            42.87470794
          ],
          [
            44.06790631,
            42.87470893
          ],
          [
            44.06788898,
            42.87470893
          ],
          [
            44.06787132,
            42.87470959
          ],
          [
            44.06785399,
            42.87471059
          ],
          [
            44.067837,
            42.87471192
          ],
          [
            44.06781934,
            42.87471291
          ],
          [
            44.06780168,
            42.87471324
          ],
          [
            44.06778335,
            42.8747149
          ],
          [
            44.06776536,
            42.87471656
          ],
          [
            44.0677477,
            42.87471822
          ],
          [
            44.06773004,
            42.87471988
          ],
          [
            44.06771238,
            42.87472221
          ],
          [
            44.06769539,
            42.87472487
          ],
          [
            44.06767773,
            42.87472786
          ],
          [
            44.0676604,
            42.87473019
          ],
          [
            44.06764341,
            42.87473318
          ],
          [
            44.06762808,
            42.87473684
          ],
          [
            44.06761408,
            42.8747405
          ],
          [
            44.06759975,
            42.87474316
          ],
          [
            44.06758575,
            42.87474549
          ],
          [
            44.06757209,
            42.87474749
          ],
          [
            44.06755776,
            42.87474949
          ],
          [
            44.06754376,
            42.87475048
          ],
          [
            44.06752943,
            42.87475181
          ],
          [
            44.06751577,
            42.87475314
          ],
          [
            44.06750211,
            42.87475347
          ],
          [
            44.06748845,
            42.87475347
          ],
          [
            44.06747412,
            42.87475413
          ],
          [
            44.06745979,
            42.87475479
          ],
          [
            44.06744579,
            42.87475579
          ],
          [
            44.06743213,
            42.87475712
          ],
          [
            44.06741713,
            42.87475845
          ],
          [
            44.06740214,
            42.87476044
          ],
          [
            44.06738781,
            42.87476177
          ],
          [
            44.06737348,
            42.87476276
          ],
          [
            44.06735915,
            42.87476376
          ],
          [
            44.06734482,
            42.87476575
          ],
          [
            44.06733082,
            42.87476741
          ],
          [
            44.06731716,
            42.87476941
          ],
          [
            44.0673035,
            42.87477107
          ],
          [
            44.06728917,
            42.8747724
          ],
          [
            44.06727551,
            42.87477306
          ],
          [
            44.06726251,
            42.87477372
          ],
          [
            44.06725018,
            42.87477438
          ],
          [
            44.06723819,
            42.87477471
          ],
          [
            44.06722553,
            42.87477504
          ],
          [
            44.06721254,
            42.8747757
          ],
          [
            44.06719854,
            42.87477636
          ],
          [
            44.06718588,
            42.87477669
          ],
          [
            44.06717288,
            42.87477769
          ],
          [
            44.06716022,
            42.87477736
          ],
          [
            44.06714689,
            42.87477736
          ],
          [
            44.06713323,
            42.87477936
          ],
          [
            44.06712057,
            42.87478169
          ],
          [
            44.06710757,
            42.87478402
          ],
          [
            44.06709458,
            42.87478535
          ],
          [
            44.06708092,
            42.87478535
          ],
          [
            44.06706726,
            42.87478469
          ],
          [
            44.0670536,
            42.8747837
          ],
          [
            44.06704094,
            42.87478304
          ],
          [
            44.06702861,
            42.87478404
          ],
          [
            44.06701628,
            42.87478537
          ],
          [
            44.06700395,
            42.8747867
          ],
          [
            44.06699096,
            42.87478803
          ],
          [
            44.0669773,
            42.87478969
          ],
          [
            44.06696397,
            42.87479135
          ],
          [
            44.06695031,
            42.87479301
          ],
          [
            44.06693665,
            42.874794
          ],
          [
            44.06692332,
            42.87479533
          ],
          [
            44.06690932,
            42.87479666
          ],
          [
            44.06689566,
            42.87479732
          ],
          [
            44.06688266,
            42.87479765
          ],
          [
            44.06687033,
            42.87479898
          ],
          [
            44.06685767,
            42.87480098
          ],
          [
            44.06684468,
            42.87480331
          ],
          [
            44.06683135,
            42.87480564
          ],
          [
            44.06681802,
            42.87480697
          ],
          [
            44.06680536,
            42.87480763
          ],
          [
            44.0667927,
            42.87480863
          ],
          [
            44.06677971,
            42.87480996
          ],
          [
            44.06676705,
            42.87481129
          ],
          [
            44.06675439,
            42.87481362
          ],
          [
            44.06674206,
            42.87481562
          ],
          [
            44.0667294,
            42.87481695
          ],
          [
            44.06671674,
            42.87481761
          ],
          [
            44.06670475,
            42.87481894
          ],
          [
            44.06669276,
            42.87481994
          ],
          [
            44.06668043,
            42.8748206
          ],
          [
            44.06666844,
            42.87482126
          ],
          [
            44.06665645,
            42.87482225
          ],
          [
            44.06664412,
            42.87482291
          ],
          [
            44.06663246,
            42.87482225
          ],
          [
            44.06662113,
            42.87482159
          ],
          [
            44.06660914,
            42.87482126
          ],
          [
            44.06659781,
            42.87482093
          ],
          [
            44.06658681,
            42.8748206
          ],
          [
            44.06657548,
            42.87482126
          ],
          [
            44.06656315,
            42.87482225
          ],
          [
            44.06655049,
            42.87482325
          ],
          [
            44.0665385,
            42.87482491
          ],
          [
            44.06652517,
            42.87482557
          ],
          [
            44.06651184,
            42.87482623
          ],
          [
            44.06649851,
            42.87482656
          ],
          [
            44.06648585,
            42.8748259
          ],
          [
            44.06647352,
            42.87482524
          ],
          [
            44.06646019,
            42.87482524
          ],
          [
            44.06644753,
            42.87482524
          ],
          [
            44.06643487,
            42.8748259
          ],
          [
            44.06642087,
            42.87482623
          ],
          [
            44.06640687,
            42.8748259
          ],
          [
            44.06639154,
            42.8748249
          ],
          [
            44.06637621,
            42.87482324
          ],
          [
            44.06636188,
            42.87482124
          ],
          [
            44.06634722,
            42.87481958
          ],
          [
            44.06633256,
            42.87481725
          ],
          [
            44.0663169,
            42.87481459
          ],
          [
            44.06630157,
            42.8748116
          ],
          [
            44.06628557,
            42.87480894
          ],
          [
            44.06626991,
            42.87480728
          ],
          [
            44.06625425,
            42.87480528
          ],
          [
            44.06623792,
            42.87480262
          ],
          [
            44.06622293,
            42.87479963
          ],
          [
            44.06620793,
            42.87479664
          ],
          [
            44.0661916,
            42.87479498
          ],
          [
            44.06617494,
            42.87479232
          ],
          [
            44.06615894,
            42.87479032
          ],
          [
            44.06614294,
            42.87478766
          ],
          [
            44.06612728,
            42.87478467
          ],
          [
            44.06611262,
            42.87478168
          ],
          [
            44.06609762,
            42.87477802
          ],
          [
            44.06608396,
            42.87477402
          ],
          [
            44.06606996,
            42.87477069
          ],
          [
            44.06605563,
            42.87476803
          ],
          [
            44.06604264,
            42.87476437
          ],
          [
            44.06603031,
            42.87476004
          ],
          [
            44.06601698,
            42.87475638
          ],
          [
            44.06600365,
            42.87475205
          ],
          [
            44.06599032,
            42.87474739
          ],
          [
            44.06597632,
            42.87474373
          ],
          [
            44.06596133,
            42.87474107
          ],
          [
            44.065947,
            42.87474007
          ],
          [
            44.065933,
            42.87473908
          ],
          [
            44.06591867,
            42.87473775
          ],
          [
            44.06590267,
            42.87473676
          ],
          [
            44.06588634,
            42.87473577
          ],
          [
            44.06587068,
            42.87473411
          ],
          [
            44.06585602,
            42.87473278
          ],
          [
            44.06584036,
            42.87472979
          ],
          [
            44.06582436,
            42.87472679
          ],
          [
            44.0658087,
            42.87472313
          ],
          [
            44.06579337,
            42.8747198
          ],
          [
            44.06577838,
            42.87471747
          ],
          [
            44.06576372,
            42.87471414
          ],
          [
            44.06574906,
            42.87471081
          ],
          [
            44.0657344,
            42.87470648
          ],
          [
            44.06571874,
            42.87470282
          ],
          [
            44.06570341,
            42.87469983
          ],
          [
            44.06568775,
            42.87469684
          ],
          [
            44.06567209,
            42.87469451
          ],
          [
            44.06565609,
            42.87469285
          ],
          [
            44.06563976,
            42.87469219
          ],
          [
            44.0656241,
            42.87469019
          ],
          [
            44.06560877,
            42.87468886
          ],
          [
            44.06559344,
            42.8746882
          ],
          [
            44.06557778,
            42.87468754
          ],
          [
            44.06556079,
            42.87468754
          ],
          [
            44.06554413,
            42.87468721
          ],
          [
            44.06552813,
            42.87468854
          ],
          [
            44.06551247,
            42.8746902
          ],
          [
            44.06549648,
            42.87469286
          ],
          [
            44.06548148,
            42.87469686
          ],
          [
            44.06546782,
            42.87470085
          ],
          [
            44.06545349,
            42.87470551
          ],
          [
            44.06543883,
            42.8747095
          ],
          [
            44.06542417,
            42.87471383
          ],
          [
            44.06541017,
            42.87471782
          ],
          [
            44.06539684,
            42.87472348
          ],
          [
            44.06538418,
            42.87473014
          ],
          [
            44.06537218,
            42.8747368
          ],
          [
            44.06536085,
            42.87474413
          ],
          [
            44.06534952,
            42.87475146
          ],
          [
            44.06533786,
            42.87475812
          ],
          [
            44.06532653,
            42.87476645
          ],
          [
            44.06531387,
            42.87477478
          ],
          [
            44.06530187,
            42.87478377
          ],
          [
            44.06529054,
            42.8747931
          ],
          [
            44.06528121,
            42.87480343
          ],
          [
            44.06527488,
            42.87481509
          ],
          [
            44.06527255,
            42.87482708
          ],
          [
            44.06527122,
            42.87483907
          ],
          [
            44.06526689,
            42.8748504
          ],
          [
            44.06526023,
            42.87486106
          ],
          [
            44.06525257,
            42.87487206
          ],
          [
            44.06524391,
            42.87488272
          ],
          [
            44.06523325,
            42.87489271
          ],
          [
            44.06522159,
            42.87490171
          ],
          [
            44.06520993,
            42.8749107
          ],
          [
            44.06520094,
            42.87491769
          ],
          [
            44.06519394,
            42.87492368
          ],
          [
            44.06518795,
            42.87492834
          ],
          [
            44.06517995,
            42.874933
          ],
          [
            44.06516929,
            42.87493866
          ],
          [
            44.06515796,
            42.87494399
          ],
          [
            44.0651443,
            42.87494832
          ],
          [
            44.06512964,
            42.87495332
          ],
          [
            44.06511531,
            42.87495865
          ],
          [
            44.06510265,
            42.87496531
          ],
          [
            44.06509265,
            42.87497197
          ],
          [
            44.06508399,
            42.87497863
          ],
          [
            44.06507533,
            42.87498596
          ],
          [
            44.06506634,
            42.87499395
          ],
          [
            44.06505668,
            42.87500228
          ],
          [
            44.06504702,
            42.87501161
          ],
          [
            44.06503869,
            42.87502194
          ],
          [
            44.06503003,
            42.87503194
          ],
          [
            44.0650217,
            42.87504194
          ],
          [
            44.06501271,
            42.87505127
          ],
          [
            44.06500371,
            42.8750616
          ],
          [
            44.06499472,
            42.87507193
          ],
          [
            44.06498639,
            42.87508193
          ],
          [
            44.0649794,
            42.87509126
          ],
          [
            44.06497207,
            42.87509992
          ],
          [
            44.06496441,
            42.87510958
          ],
          [
            44.06495608,
            42.87511857
          ],
          [
            44.06494742,
            42.87512723
          ],
          [
            44.06493809,
            42.87513589
          ],
          [
            44.06492776,
            42.87514355
          ],
          [
            44.0649171,
            42.87515221
          ],
          [
            44.06490644,
            42.87516054
          ],
          [
            44.06489711,
            42.8751692
          ],
          [
            44.06488711,
            42.87517753
          ],
          [
            44.06487878,
            42.87518686
          ],
          [
            44.06487012,
            42.87519686
          ],
          [
            44.06486046,
            42.87520619
          ],
          [
            44.06485013,
            42.87521518
          ],
          [
            44.06483947,
            42.87522384
          ],
          [
            44.06482947,
            42.87523317
          ],
          [
            44.06482014,
            42.8752425
          ],
          [
            44.06480948,
            42.87525183
          ],
          [
            44.06479815,
            42.87525983
          ],
          [
            44.06478582,
            42.87526816
          ],
          [
            44.06477249,
            42.87527616
          ],
          [
            44.06475983,
            42.87528382
          ],
          [
            44.06474683,
            42.87529248
          ],
          [
            44.06473383,
            42.87530147
          ],
          [
            44.0647205,
            42.8753108
          ],
          [
            44.06470784,
            42.87532146
          ],
          [
            44.06469651,
            42.87533212
          ],
          [
            44.06468551,
            42.87534345
          ],
          [
            44.06467552,
            42.87535478
          ],
          [
            44.06466586,
            42.87536578
          ],
          [
            44.0646552,
            42.87537678
          ],
          [
            44.0646442,
            42.87538811
          ],
          [
            44.0646342,
            42.8754001
          ],
          [
            44.06462487,
            42.87541209
          ],
          [
            44.06461554,
            42.87542342
          ],
          [
            44.06460555,
            42.87543541
          ],
          [
            44.06459589,
            42.87544707
          ],
          [
            44.0645859,
            42.8754584
          ],
          [
            44.0645759,
            42.87546839
          ],
          [
            44.06456457,
            42.87547772
          ],
          [
            44.06455224,
            42.87548672
          ],
          [
            44.06453924,
            42.87549538
          ],
          [
            44.06452658,
            42.87550471
          ],
          [
            44.06451558,
            42.87551504
          ],
          [
            44.06450692,
            42.8755257
          ],
          [
            44.06450126,
            42.87553603
          ],
          [
            44.06449726,
            42.87554636
          ],
          [
            44.06449393,
            42.87555635
          ],
          [
            44.0644896,
            42.87556668
          ],
          [
            44.06448427,
            42.87557734
          ],
          [
            44.06447828,
            42.87558633
          ],
          [
            44.06447195,
            42.87559433
          ],
          [
            44.06446629,
            42.87560266
          ],
          [
            44.06446263,
            42.87561165
          ],
          [
            44.06446197,
            42.87562165
          ],
          [
            44.06445964,
            42.87563098
          ],
          [
            44.06445631,
            42.87563997
          ],
          [
            44.06445065,
            42.87564797
          ],
          [
            44.06444365,
            42.87565496
          ],
          [
            44.06443666,
            42.87566162
          ],
          [
            44.064431,
            42.87566962
          ],
          [
            44.06442767,
            42.87567628
          ],
          [
            44.06442567,
            42.87568061
          ],
          [
            44.06442367,
            42.8756836
          ],
          [
            44.06442334,
            42.87568626
          ],
          [
            44.06442301,
            42.87568759
          ],
          [
            44.06442995,
            42.8756909
          ],
          [
            44.06443228,
            42.87569123
          ],
          [
            44.06443594,
            42.87569223
          ],
          [
            44.0644386,
            42.87569322
          ],
          [
            44.06444588,
            42.87569322
          ],
          [
            44.06444588,
            42.87568923
          ],
          [
            44.06444455,
            42.8756849
          ],
          [
            44.06444521,
            42.87567629
          ],
          [
            44.06444653,
            42.87567397
          ],
          [
            44.06444819,
            42.87567298
          ],
          [
            44.06445118,
            42.87567032
          ],
          [
            44.06445517,
            42.87566632
          ],
          [
            44.06446017,
            42.87566099
          ],
          [
            44.06446517,
            42.87565533
          ],
          [
            44.06447017,
            42.87564833
          ],
          [
            44.06447383,
            42.87564033
          ],
          [
            44.06447649,
            42.87563167
          ],
          [
            44.06447915,
            42.87562301
          ],
          [
            44.06448248,
            42.87561501
          ],
          [
            44.06448714,
            42.87560768
          ],
          [
            44.06449247,
            42.87559935
          ],
          [
            44.06449713,
            42.87558969
          ],
          [
            44.06450146,
            42.8755807
          ],
          [
            44.06450579,
            42.87557037
          ],
          [
            44.06450979,
            42.87555937
          ],
          [
            44.06450946,
            42.87554838
          ],
          [
            44.06450413,
            42.87553838
          ],
          [
            44.06449547,
            42.87553239
          ],
          [
            44.06448581,
            42.87553173
          ],
          [
            44.06447515,
            42.87553306
          ],
          [
            44.06446415,
            42.87553572
          ],
          [
            44.06445215,
            42.87553805
          ],
          [
            44.06443882,
            42.87554005
          ],
          [
            44.06442582,
            42.87554005
          ],
          [
            44.06441182,
            42.87553805
          ],
          [
            44.06439649,
            42.87553539
          ],
          [
            44.06438049,
            42.87553339
          ],
          [
            44.06436449,
            42.87553139
          ],
          [
            44.0643485,
            42.87552873
          ],
          [
            44.0643335,
            42.87552673
          ],
          [
            44.06431817,
            42.8755234
          ],
          [
            44.06430317,
            42.87551874
          ],
          [
            44.06428851,
            42.87551341
          ],
          [
            44.06427418,
            42.87550808
          ],
          [
            44.06426018,
            42.87550209
          ],
          [
            44.06424552,
            42.8754961
          ],
          [
            44.06423086,
            42.87548977
          ],
          [
            44.0642162,
            42.87548244
          ],
          [
            44.0642012,
            42.87547545
          ],
          [
            44.0641872,
            42.87546879
          ],
          [
            44.06417454,
            42.87546213
          ],
          [
            44.06416188,
            42.8754548
          ],
          [
            44.06414755,
            42.87544814
          ],
          [
            44.06413222,
            42.87544281
          ],
          [
            44.06411656,
            42.87543915
          ],
          [
            44.06410023,
            42.87543649
          ],
          [
            44.06408524,
            42.87543383
          ],
          [
            44.06407091,
            42.8754305
          ],
          [
            44.06405892,
            42.8754245
          ],
          [
            44.06404892,
            42.87541651
          ],
          [
            44.06404193,
            42.87540718
          ],
          [
            44.06403427,
            42.87539785
          ],
          [
            44.06402427,
            42.87538886
          ],
          [
            44.06401361,
            42.87538086
          ],
          [
            44.06400328,
            42.87537253
          ],
          [
            44.06399295,
            42.87536487
          ],
          [
            44.06398229,
            42.87535687
          ],
          [
            44.06397196,
            42.87534954
          ],
          [
            44.0639623,
            42.87534121
          ],
          [
            44.06395297,
            42.87533288
          ],
          [
            44.06394431,
            42.87532522
          ],
          [
            44.06393565,
            42.87531722
          ],
          [
            44.06392666,
            42.87530856
          ],
          [
            44.063919,
            42.8752999
          ],
          [
            44.06391034,
            42.87529124
          ],
          [
            44.06390201,
            42.87528291
          ],
          [
            44.06389368,
            42.87527525
          ],
          [
            44.06388535,
            42.87526792
          ],
          [
            44.06387636,
            42.87526092
          ],
          [
            44.0638677,
            42.87525459
          ],
          [
            44.0638597,
            42.87524826
          ],
          [
            44.06385337,
            42.87524227
          ],
          [
            44.06384904,
            42.87523761
          ],
          [
            44.06384471,
            42.87523261
          ],
          [
            44.06383872,
            42.87522761
          ],
          [
            44.06383206,
            42.87522195
          ],
          [
            44.06382573,
            42.87521662
          ],
          [
            44.06381773,
            42.87521129
          ],
          [
            44.06381107,
            42.87520696
          ],
          [
            44.06380441,
            42.87520297
          ],
          [
            44.06379775,
            42.87519864
          ],
          [
            44.06379109,
            42.87519398
          ],
          [
            44.0637851,
            42.87518865
          ],
          [
            44.06378011,
            42.87518332
          ],
          [
            44.06377511,
            42.87517899
          ],
          [
            44.06377045,
            42.87517333
          ],
          [
            44.06376612,
            42.875168
          ],
          [
            44.06376079,
            42.875163
          ],
          [
            44.0637548,
            42.87515801
          ],
          [
            44.06375014,
            42.87515301
          ],
          [
            44.06374514,
            42.87514801
          ],
          [
            44.06374081,
            42.87514235
          ],
          [
            44.06373715,
            42.87513636
          ],
          [
            44.06373349,
            42.8751297
          ],
          [
            44.06372916,
            42.87512337
          ],
          [
            44.0637255,
            42.87511671
          ],
          [
            44.06372117,
            42.87511105
          ],
          [
            44.06371651,
            42.87510472
          ],
          [
            44.06371151,
            42.87509906
          ],
          [
            44.06370618,
            42.8750944
          ],
          [
            44.06370085,
            42.8750894
          ],
          [
            44.06369552,
            42.87508374
          ],
          [
            44.06368986,
            42.87507775
          ],
          [
            44.06368453,
            42.87507242
          ],
          [
            44.06367987,
            42.87506643
          ],
          [
            44.06367521,
            42.87506077
          ],
          [
            44.06366955,
            42.87505478
          ],
          [
            44.06366489,
            42.87504912
          ],
          [
            44.06366023,
            42.87504313
          ],
          [
            44.0636559,
            42.87503747
          ],
          [
            44.06365091,
            42.87503281
          ],
          [
            44.06364491,
            42.87502781
          ],
          [
            44.06363825,
            42.87502382
          ],
          [
            44.06363126,
            42.87502049
          ],
          [
            44.0636246,
            42.87501716
          ],
          [
            44.06361794,
            42.87501316
          ],
          [
            44.06361195,
            42.87500883
          ],
          [
            44.06360629,
            42.87500483
          ],
          [
            44.06359963,
            42.87500117
          ],
          [
            44.0635943,
            42.87499684
          ],
          [
            44.06359064,
            42.87499218
          ],
          [
            44.06358698,
            42.87498952
          ],
          [
            44.06358332,
            42.87498653
          ],
          [
            44.06358066,
            42.87498287
          ],
          [
            44.06357833,
            42.87497821
          ],
          [
            44.06357567,
            42.87497288
          ],
          [
            44.06357034,
            42.87496822
          ],
          [
            44.06356368,
            42.87496356
          ],
          [
            44.06355668,
            42.8749599
          ],
          [
            44.06354835,
            42.87495524
          ],
          [
            44.06354035,
            42.87495058
          ],
          [
            44.06353269,
            42.87494659
          ],
          [
            44.0635247,
            42.87494159
          ],
          [
            44.06351737,
            42.87493659
          ],
          [
            44.06351038,
            42.87493093
          ],
          [
            44.06350338,
            42.87492494
          ],
          [
            44.06349505,
            42.87491895
          ],
          [
            44.06348639,
            42.87491429
          ],
          [
            44.06347706,
            42.8749103
          ],
          [
            44.0634684,
            42.87490697
          ],
          [
            44.06345974,
            42.87490398
          ],
          [
            44.06345041,
            42.87490132
          ],
          [
            44.06344142,
            42.87489833
          ],
          [
            44.06343342,
            42.87489534
          ],
          [
            44.06342476,
            42.87489101
          ],
          [
            44.06341543,
            42.87488568
          ],
          [
            44.0634051,
            42.87488102
          ],
          [
            44.06339444,
            42.87487602
          ],
          [
            44.06338378,
            42.87487236
          ],
          [
            44.06337312,
            42.8748697
          ],
          [
            44.06336312,
            42.87486671
          ],
          [
            44.06335313,
            42.87486372
          ],
          [
            44.06334313,
            42.87485973
          ],
          [
            44.0633338,
            42.87485607
          ],
          [
            44.06332447,
            42.87485274
          ],
          [
            44.06331381,
            42.87484975
          ],
          [
            44.06330415,
            42.87484775
          ],
          [
            44.06329516,
            42.87484642
          ],
          [
            44.06328583,
            42.87484409
          ],
          [
            44.0632775,
            42.87484209
          ],
          [
            44.06326851,
            42.8748391
          ],
          [
            44.06325818,
            42.87483644
          ],
          [
            44.06324818,
            42.87483345
          ],
          [
            44.06323752,
            42.87483179
          ],
          [
            44.06322652,
            42.87483013
          ],
          [
            44.06321586,
            42.87482947
          ],
          [
            44.06320553,
            42.87482881
          ],
          [
            44.0631952,
            42.87482848
          ],
          [
            44.0631852,
            42.87482848
          ],
          [
            44.06317454,
            42.87482881
          ],
          [
            44.06316321,
            42.87482947
          ],
          [
            44.06315188,
            42.8748298
          ],
          [
            44.06314122,
            42.87483013
          ],
          [
            44.06313056,
            42.87483112
          ],
          [
            44.06312256,
            42.87483312
          ],
          [
            44.06311823,
            42.87483411
          ],
          [
            44.06311293,
            42.87483576
          ],
          [
            44.0631096,
            42.87483642
          ],
          [
            44.06310261,
            42.87483742
          ],
          [
            44.06309261,
            42.87483875
          ],
          [
            44.06308228,
            42.87484041
          ],
          [
            44.06307162,
            42.8748424
          ],
          [
            44.06306029,
            42.8748444
          ],
          [
            44.06304896,
            42.87484706
          ],
          [
            44.0630373,
            42.87484972
          ],
          [
            44.06302564,
            42.87485338
          ],
          [
            44.06301431,
            42.87485704
          ],
          [
            44.06300265,
            42.87486103
          ],
          [
            44.06299132,
            42.87486569
          ],
          [
            44.06298099,
            42.87487035
          ],
          [
            44.06297133,
            42.87487601
          ],
          [
            44.06296133,
            42.87488101
          ],
          [
            44.062951,
            42.87488634
          ],
          [
            44.06294067,
            42.87489134
          ],
          [
            44.06293101,
            42.87489634
          ],
          [
            44.06292268,
            42.874902
          ],
          [
            44.06291435,
            42.87490899
          ],
          [
            44.06290669,
            42.87491699
          ],
          [
            44.06289936,
            42.87492499
          ],
          [
            44.06289237,
            42.87493332
          ],
          [
            44.06288537,
            42.87494098
          ],
          [
            44.06287938,
            42.87494898
          ],
          [
            44.06287372,
            42.87495698
          ],
          [
            44.06286839,
            42.87496464
          ],
          [
            44.06286306,
            42.8749723
          ],
          [
            44.06285807,
            42.87498096
          ],
          [
            44.06285341,
            42.87498962
          ],
          [
            44.06284942,
            42.87499728
          ],
          [
            44.06284509,
            42.87500527
          ],
          [
            44.0628411,
            42.8750126
          ],
          [
            44.06283744,
            42.87502126
          ],
          [
            44.06283445,
            42.87502959
          ],
          [
            44.06283146,
            42.87503892
          ],
          [
            44.06282847,
            42.87504758
          ],
          [
            44.06282581,
            42.87505624
          ],
          [
            44.06282348,
            42.87506457
          ],
          [
            44.06282082,
            42.8750729
          ],
          [
            44.06281716,
            42.87508123
          ],
          [
            44.06281383,
            42.87508956
          ],
          [
            44.06280983,
            42.87509756
          ],
          [
            44.06280617,
            42.87510556
          ],
          [
            44.06280151,
            42.87511356
          ],
          [
            44.06279685,
            42.87512189
          ],
          [
            44.06279352,
            42.87512922
          ],
          [
            44.06278886,
            42.87513655
          ],
          [
            44.06278353,
            42.87514421
          ],
          [
            44.06277954,
            42.87515154
          ],
          [
            44.06277688,
            42.87515987
          ],
          [
            44.06277688,
            42.8751682
          ],
          [
            44.06277754,
            42.8751762
          ],
          [
            44.06277754,
            42.87518453
          ],
          [
            44.06277588,
            42.87519219
          ],
          [
            44.06277289,
            42.87519952
          ],
          [
            44.06276923,
            42.87520718
          ],
          [
            44.0627649,
            42.87521451
          ],
          [
            44.06276057,
            42.8752215
          ],
          [
            44.06275591,
            42.8752285
          ],
          [
            44.06275158,
            42.87523616
          ],
          [
            44.06274758,
            42.87524382
          ],
          [
            44.06274359,
            42.87525115
          ],
          [
            44.06273959,
            42.87525748
          ],
          [
            44.06273526,
            42.87526481
          ],
          [
            44.06273127,
            42.8752718
          ],
          [
            44.06272694,
            42.87527846
          ],
          [
            44.06272161,
            42.87528479
          ],
          [
            44.06271661,
            42.87529178
          ],
          [
            44.06271195,
            42.87529844
          ],
          [
            44.06270729,
            42.8753061
          ],
          [
            44.06270196,
            42.8753131
          ],
          [
            44.06269597,
            42.87531976
          ],
          [
            44.06269097,
            42.87532809
          ],
          [
            44.06268597,
            42.87533708
          ],
          [
            44.06268131,
            42.87534508
          ],
          [
            44.06267698,
            42.87535341
          ],
          [
            44.06267299,
            42.87536141
          ],
          [
            44.06266866,
            42.87536974
          ],
          [
            44.062664,
            42.87537807
          ],
          [
            44.062658,
            42.87538607
          ],
          [
            44.06265167,
            42.8753954
          ],
          [
            44.06264534,
            42.87540406
          ],
          [
            44.06263868,
            42.87541339
          ],
          [
            44.06263135,
            42.87542205
          ],
          [
            44.06262569,
            42.87543071
          ],
          [
            44.0626197,
            42.87543937
          ],
          [
            44.06261337,
            42.87544836
          ],
          [
            44.06260637,
            42.87545735
          ],
          [
            44.06260004,
            42.87546634
          ],
          [
            44.06259405,
            42.875476
          ],
          [
            44.06258839,
            42.87548533
          ],
          [
            44.06258273,
            42.87549466
          ],
          [
            44.06257707,
            42.87550299
          ],
          [
            44.06257241,
            42.87551132
          ],
          [
            44.06256808,
            42.87552098
          ],
          [
            44.06256309,
            42.87553064
          ],
          [
            44.06255743,
            42.87553997
          ],
          [
            44.0625511,
            42.87554863
          ],
          [
            44.06254511,
            42.87555729
          ],
          [
            44.06253845,
            42.87556562
          ],
          [
            44.06253279,
            42.87557428
          ],
          [
            44.06252713,
            42.87558327
          ],
          [
            44.06252114,
            42.8755926
          ],
          [
            44.06251448,
            42.87560159
          ],
          [
            44.06250815,
            42.87561125
          ],
          [
            44.06250182,
            42.87562091
          ],
          [
            44.06249583,
            42.8756299
          ],
          [
            44.06249117,
            42.87563556
          ],
          [
            44.06248884,
            42.87563822
          ],
          [
            44.06248818,
            42.87563955
          ],
          [
            44.06248785,
            42.87564121
          ],
          [
            44.06248818,
            42.87564221
          ],
          [
            44.06248719,
            42.87564354
          ],
          [
            44.06248386,
            42.8756462
          ],
          [
            44.0624792,
            42.87565053
          ],
          [
            44.0624742,
            42.87565586
          ],
          [
            44.06246887,
            42.87566219
          ],
          [
            44.06246288,
            42.87566818
          ],
          [
            44.06245689,
            42.87567351
          ],
          [
            44.0624509,
            42.87567884
          ],
          [
            44.06244557,
            42.87568483
          ],
          [
            44.06244024,
            42.87569182
          ],
          [
            44.06243458,
            42.87569982
          ],
          [
            44.06242759,
            42.87570782
          ],
          [
            44.06241959,
            42.87571681
          ],
          [
            44.06241059,
            42.87572547
          ],
          [
            44.06240193,
            42.87573413
          ],
          [
            44.06239294,
            42.87574179
          ],
          [
            44.06238395,
            42.87574979
          ],
          [
            44.06237595,
            42.87575812
          ],
          [
            44.06236729,
            42.87576612
          ],
          [
            44.06235796,
            42.87577445
          ],
          [
            44.0623483,
            42.87578211
          ],
          [
            44.06233864,
            42.87578977
          ],
          [
            44.06232931,
            42.87579777
          ],
          [
            44.06231998,
            42.87580676
          ],
          [
            44.06230965,
            42.87581476
          ],
          [
            44.06229932,
            42.87582242
          ],
          [
            44.06228866,
            42.87582941
          ],
          [
            44.06227733,
            42.87583707
          ],
          [
            44.06226534,
            42.87584407
          ],
          [
            44.06225268,
            42.8758514
          ],
          [
            44.06224002,
            42.87585873
          ],
          [
            44.06222702,
            42.87586673
          ],
          [
            44.06221503,
            42.87587539
          ],
          [
            44.06220403,
            42.87588472
          ],
          [
            44.0621927,
            42.87589338
          ],
          [
            44.0621817,
            42.87590138
          ],
          [
            44.0621707,
            42.87591004
          ],
          [
            44.06216004,
            42.8759187
          ],
          [
            44.06215038,
            42.87592803
          ],
          [
            44.06213972,
            42.87593636
          ],
          [
            44.06212872,
            42.87594436
          ],
          [
            44.06211906,
            42.87595202
          ],
          [
            44.06210906,
            42.87596068
          ],
          [
            44.0620984,
            42.87596901
          ],
          [
            44.06208607,
            42.87597734
          ],
          [
            44.06207374,
            42.87598633
          ],
          [
            44.06206141,
            42.87599532
          ],
          [
            44.06204908,
            42.87600332
          ],
          [
            44.06203709,
            42.87601198
          ],
          [
            44.06202576,
            42.87602097
          ],
          [
            44.06201443,
            42.87602997
          ],
          [
            44.06200243,
            42.87603863
          ],
          [
            44.0619911,
            42.87604729
          ],
          [
            44.06197977,
            42.87605562
          ],
          [
            44.06196944,
            42.87606395
          ],
          [
            44.06195944,
            42.87607228
          ],
          [
            44.06194911,
            42.87608094
          ],
          [
            44.06193912,
            42.8760896
          ],
          [
            44.06192912,
            42.87609926
          ],
          [
            44.06191913,
            42.87610892
          ],
          [
            44.0619098,
            42.87611725
          ],
          [
            44.06190147,
            42.87612424
          ],
          [
            44.06189548,
            42.87612924
          ],
          [
            44.06189015,
            42.8761329
          ],
          [
            44.06188649,
            42.87613523
          ],
          [
            44.0618835,
            42.87613656
          ],
          [
            44.06188051,
            42.87613722
          ],
          [
            44.06187785,
            42.87613888
          ],
          [
            44.06187285,
            42.87614254
          ],
          [
            44.06186619,
            42.87614887
          ],
          [
            44.06185686,
            42.87615586
          ],
          [
            44.06184653,
            42.87616352
          ],
          [
            44.0618362,
            42.87617085
          ],
          [
            44.06182621,
            42.87617851
          ],
          [
            44.06181488,
            42.87618584
          ],
          [
            44.06180322,
            42.8761935
          ],
          [
            44.06179022,
            42.87620183
          ],
          [
            44.06177656,
            42.87620983
          ],
          [
            44.06176223,
            42.87621649
          ],
          [
            44.0617479,
            42.87622315
          ],
          [
            44.06173324,
            42.87622915
          ],
          [
            44.06171758,
            42.87623481
          ],
          [
            44.06170158,
            42.87624014
          ],
          [
            44.06168459,
            42.87624247
          ],
          [
            44.06166726,
            42.8762428
          ],
          [
            44.06164993,
            42.87624181
          ],
          [
            44.06163427,
            42.87623981
          ],
          [
            44.06161894,
            42.87623648
          ],
          [
            44.06160528,
            42.87623182
          ],
          [
            44.06159162,
            42.87622716
          ],
          [
            44.06157863,
            42.87622283
          ],
          [
            44.06156563,
            42.8762205
          ],
          [
            44.0615533,
            42.87622017
          ],
          [
            44.06154164,
            42.8762215
          ],
          [
            44.06153131,
            42.87622483
          ],
          [
            44.06152265,
            42.87623016
          ],
          [
            44.06151465,
            42.87623749
          ],
          [
            44.06150932,
            42.87624515
          ],
          [
            44.06150466,
            42.87625148
          ],
          [
            44.061499,
            42.87625748
          ],
          [
            44.06149401,
            42.87626314
          ],
          [
            44.06148901,
            42.87626913
          ],
          [
            44.06148435,
            42.87627546
          ],
          [
            44.06148102,
            42.87628179
          ],
          [
            44.06148102,
            42.87628845
          ],
          [
            44.06148168,
            42.87629444
          ],
          [
            44.06148368,
            42.87629943
          ],
          [
            44.06148202,
            42.87629677
          ],
          [
            44.06147969,
            42.87629211
          ],
          [
            44.06147769,
            42.87628711
          ],
          [
            44.06147769,
            42.87628178
          ],
          [
            44.06147969,
            42.87627645
          ],
          [
            44.06148502,
            42.87626979
          ],
          [
            44.06149135,
            42.87626179
          ],
          [
            44.06149868,
            42.87625379
          ],
          [
            44.06150634,
            42.87624546
          ],
          [
            44.06151233,
            42.87623913
          ],
          [
            44.06151566,
            42.8762368
          ],
          [
            44.06151832,
            42.87623547
          ],
          [
            44.06151998,
            42.87623447
          ],
          [
            44.06152164,
            42.87623314
          ],
          [
            44.06152364,
            42.87623248
          ],
          [
            44.06152926,
            42.87623116
          ],
          [
            44.06153126,
            42.87622883
          ],
          [
            44.06153459,
            42.87622517
          ],
          [
            44.06153625,
            42.87621918
          ],
          [
            44.06153592,
            42.87621218
          ],
          [
            44.06153326,
            42.87620585
          ],
          [
            44.06152726,
            42.87620152
          ],
          [
            44.06151793,
            42.87619752
          ],
          [
            44.0615086,
            42.87619186
          ],
          [
            44.06149894,
            42.8761852
          ],
          [
            44.06148828,
            42.8761772
          ],
          [
            44.06147695,
            42.87616821
          ],
          [
            44.06146429,
            42.87615955
          ],
          [
            44.06145163,
            42.87615022
          ],
          [
            44.06143997,
            42.87614023
          ],
          [
            44.06142898,
            42.87613023
          ],
          [
            44.06141998,
            42.8761189
          ],
          [
            44.06141165,
            42.87610724
          ],
          [
            44.06140366,
            42.87609491
          ],
          [
            44.06139533,
            42.87608292
          ],
          [
            44.061386,
            42.87607126
          ],
          [
            44.06137667,
            42.8760586
          ],
          [
            44.06136801,
            42.87604594
          ],
          [
            44.06135768,
            42.87603361
          ],
          [
            44.06134835,
            42.87602195
          ],
          [
            44.06134002,
            42.87601062
          ],
          [
            44.06133236,
            42.87599896
          ],
          [
            44.06132603,
            42.8759873
          ],
          [
            44.06132137,
            42.87597564
          ],
          [
            44.06131838,
            42.87596365
          ],
          [
            44.06131772,
            42.87595099
          ],
          [
            44.06131905,
            42.87593799
          ],
          [
            44.06132138,
            42.87592399
          ],
          [
            44.06132371,
            42.87591066
          ],
          [
            44.0613247,
            42.87589633
          ],
          [
            44.0613247,
            42.87588267
          ],
          [
            44.06132337,
            42.87586968
          ],
          [
            44.06132038,
            42.87585702
          ],
          [
            44.06131672,
            42.87584436
          ],
          [
            44.06131239,
            42.87583203
          ],
          [
            44.0613084,
            42.8758197
          ],
          [
            44.06130474,
            42.87580804
          ],
          [
            44.06130075,
            42.87579605
          ],
          [
            44.06129642,
            42.87578439
          ],
          [
            44.06129076,
            42.87577273
          ],
          [
            44.0612851,
            42.87576173
          ],
          [
            44.06127811,
            42.87574974
          ],
          [
            44.06127078,
            42.87573874
          ],
          [
            44.06126212,
            42.87572741
          ],
          [
            44.06125313,
            42.87571708
          ],
          [
            44.06124247,
            42.87570709
          ],
          [
            44.06123181,
            42.87569676
          ],
          [
            44.06122082,
            42.87568743
          ],
          [
            44.06120882,
            42.87567877
          ],
          [
            44.06119583,
            42.87567011
          ],
          [
            44.06118283,
            42.87566211
          ],
          [
            44.0611695,
            42.87565345
          ],
          [
            44.06115617,
            42.87564612
          ],
          [
            44.06114217,
            42.87564046
          ],
          [
            44.06112851,
            42.8756358
          ],
          [
            44.06111451,
            42.87563147
          ],
          [
            44.06109918,
            42.87562748
          ],
          [
            44.06108485,
            42.87562482
          ],
          [
            44.06107019,
            42.87562349
          ],
          [
            44.06105586,
            42.87562216
          ],
          [
            44.06104053,
            42.87562083
          ],
          [
            44.0610262,
            42.87561917
          ],
          [
            44.0610122,
            42.87561817
          ],
          [
            44.06099854,
            42.87561684
          ],
          [
            44.06098488,
            42.87561618
          ],
          [
            44.06097088,
            42.87561585
          ],
          [
            44.06095722,
            42.87561618
          ],
          [
            44.06094322,
            42.87561585
          ],
          [
            44.06092989,
            42.87561618
          ],
          [
            44.06091589,
            42.87561651
          ],
          [
            44.06090189,
            42.87561684
          ],
          [
            44.06088856,
            42.87561684
          ],
          [
            44.06087623,
            42.8756175
          ],
          [
            44.06086357,
            42.87561849
          ],
          [
            44.06085124,
            42.87561849
          ],
          [
            44.06083925,
            42.87561849
          ],
          [
            44.06082825,
            42.87561783
          ],
          [
            44.06081692,
            42.8756175
          ],
          [
            44.06080526,
            42.87561717
          ],
          [
            44.0607936,
            42.87561717
          ],
          [
            44.06078194,
            42.87561618
          ],
          [
            44.06077061,
            42.87561452
          ],
          [
            44.06075928,
            42.87561419
          ],
          [
            44.06074829,
            42.87561452
          ],
          [
            44.06073629,
            42.87561485
          ],
          [
            44.0607243,
            42.87561618
          ],
          [
            44.06071297,
            42.87561717
          ],
          [
            44.06070164,
            42.8756175
          ],
          [
            44.06068965,
            42.87561717
          ],
          [
            44.06067699,
            42.87561651
          ],
          [
            44.06066566,
            42.87561651
          ],
          [
            44.06065333,
            42.87561684
          ],
          [
            44.06064067,
            42.87561684
          ],
          [
            44.06062801,
            42.87561618
          ],
          [
            44.06061535,
            42.87561651
          ],
          [
            44.06060236,
            42.87561717
          ],
          [
            44.06059003,
            42.8756175
          ],
          [
            44.0605767,
            42.87561783
          ],
          [
            44.06056237,
            42.87561816
          ],
          [
            44.06054804,
            42.87561816
          ],
          [
            44.06053404,
            42.87561916
          ],
          [
            44.06051938,
            42.87562015
          ],
          [
            44.06050405,
            42.87562081
          ],
          [
            44.06048905,
            42.87562048
          ],
          [
            44.06047339,
            42.87562114
          ],
          [
            44.06045773,
            42.8756228
          ],
          [
            44.0604424,
            42.87562379
          ],
          [
            44.06042674,
            42.87562479
          ],
          [
            44.06041141,
            42.87562512
          ],
          [
            44.06039541,
            42.87562578
          ],
          [
            44.06038042,
            42.87562744
          ],
          [
            44.06036609,
            42.87562843
          ],
          [
            44.06035109,
            42.87563043
          ],
          [
            44.06033643,
            42.87563109
          ],
          [
            44.06032177,
            42.87563142
          ],
          [
            44.06030744,
            42.87563241
          ],
          [
            44.06029378,
            42.87563341
          ],
          [
            44.06027945,
            42.87563474
          ],
          [
            44.06026545,
            42.87563574
          ],
          [
            44.06025046,
            42.87563607
          ],
          [
            44.06023646,
            42.87563706
          ],
          [
            44.0602218,
            42.87563739
          ],
          [
            44.06020714,
            42.87563772
          ],
          [
            44.06019215,
            42.87563872
          ],
          [
            44.06017749,
            42.87564005
          ],
          [
            44.06016316,
            42.87564071
          ],
          [
            44.0601485,
            42.87564104
          ],
          [
            44.06013384,
            42.87564204
          ],
          [
            44.06011885,
            42.87564337
          ],
          [
            44.06010452,
            42.8756447
          ],
          [
            44.06009086,
            42.87564603
          ],
          [
            44.0600772,
            42.87564703
          ],
          [
            44.06006354,
            42.87564769
          ],
          [
            44.06005021,
            42.87564802
          ],
          [
            44.06003655,
            42.87564736
          ],
          [
            44.06002389,
            42.87564603
          ],
          [
            44.06001089,
            42.87564437
          ],
          [
            44.0599979,
            42.87564337
          ],
          [
            44.05998624,
            42.87564204
          ],
          [
            44.05997358,
            42.87564138
          ],
          [
            44.05996159,
            42.87564105
          ],
          [
            44.0599496,
            42.87564072
          ],
          [
            44.05993694,
            42.87564039
          ],
          [
            44.05992428,
            42.87564039
          ],
          [
            44.05991128,
            42.8756394
          ],
          [
            44.05989795,
            42.87563841
          ],
          [
            44.05988496,
            42.87563708
          ],
          [
            44.0598723,
            42.87563642
          ],
          [
            44.05985931,
            42.87563609
          ],
          [
            44.05984631,
            42.87563509
          ],
          [
            44.05983331,
            42.87563376
          ],
          [
            44.05981998,
            42.8756321
          ],
          [
            44.05980732,
            42.87563011
          ],
          [
            44.05979499,
            42.87562811
          ],
          [
            44.05978166,
            42.87562645
          ],
          [
            44.05976833,
            42.87562512
          ],
          [
            44.05975433,
            42.87562312
          ],
          [
            44.05974134,
            42.87562213
          ],
          [
            44.05972801,
            42.87562047
          ],
          [
            44.05971501,
            42.87561981
          ],
          [
            44.05970235,
            42.87561848
          ],
          [
            44.05969002,
            42.87561782
          ],
          [
            44.05967869,
            42.87561549
          ],
          [
            44.0596667,
            42.8756135
          ],
          [
            44.05965404,
            42.87561084
          ],
          [
            44.05964171,
            42.87560851
          ],
          [
            44.05963038,
            42.87560651
          ],
          [
            44.05961938,
            42.87560485
          ],
          [
            44.05960972,
            42.87560285
          ],
          [
            44.05960006,
            42.87560185
          ],
          [
            44.05959007,
            42.87560185
          ],
          [
            44.05958074,
            42.87560185
          ],
          [
            44.05957108,
            42.87560185
          ],
          [
            44.05956142,
            42.87560185
          ],
          [
            44.05955142,
            42.87560119
          ],
          [
            44.05954176,
            42.87560086
          ],
          [
            44.0595311,
            42.87559987
          ],
          [
            44.05952077,
            42.87559954
          ],
          [
            44.05951044,
            42.87559854
          ],
          [
            44.05949978,
            42.87559721
          ],
          [
            44.05948845,
            42.87559721
          ],
          [
            44.05947779,
            42.87559721
          ],
          [
            44.05946679,
            42.87559721
          ],
          [
            44.05945613,
            42.87559655
          ],
          [
            44.0594458,
            42.87559655
          ],
          [
            44.0594348,
            42.87559754
          ],
          [
            44.05942514,
            42.87559721
          ],
          [
            44.05941448,
            42.87559588
          ],
          [
            44.05940415,
            42.87559355
          ],
          [
            44.05939382,
            42.87559089
          ],
          [
            44.05938449,
            42.87558856
          ],
          [
            44.05937483,
            42.87558656
          ],
          [
            44.0593655,
            42.8755849
          ],
          [
            44.05935617,
            42.87558291
          ],
          [
            44.05934651,
            42.87558125
          ],
          [
            44.05933718,
            42.87557959
          ],
          [
            44.05932785,
            42.87557826
          ],
          [
            44.05931752,
            42.87557727
          ],
          [
            44.05930786,
            42.87557594
          ],
          [
            44.0592982,
            42.87557561
          ],
          [
            44.05928987,
            42.87557561
          ],
          [
            44.05928388,
            42.87557594
          ],
          [
            44.05927955,
            42.87557627
          ],
          [
            44.05927722,
            42.87557727
          ],
          [
            44.05927358,
            42.87557595
          ],
          [
            44.05927358,
            42.87557429
          ],
          [
            44.05927092,
            42.87557263
          ],
          [
            44.05926526,
            42.87557164
          ],
          [
            44.05925727,
            42.87557098
          ],
          [
            44.05924894,
            42.87557065
          ],
          [
            44.05924028,
            42.87556999
          ],
          [
            44.05923095,
            42.87556966
          ],
          [
            44.05922129,
            42.87556933
          ],
          [
            44.05921163,
            42.87556966
          ],
          [
            44.05920264,
            42.87556933
          ],
          [
            44.05919298,
            42.87556834
          ],
          [
            44.05918332,
            42.87556734
          ],
          [
            44.05917399,
            42.87556568
          ],
          [
            44.05916399,
            42.87556502
          ],
          [
            44.05915366,
            42.87556369
          ],
          [
            44.05914366,
            42.87556303
          ],
          [
            44.05913433,
            42.87556237
          ],
          [
            44.059124,
            42.87556171
          ],
          [
            44.05911401,
            42.87556171
          ],
          [
            44.05910335,
            42.87556171
          ],
          [
            44.05909202,
            42.87556171
          ],
          [
            44.05908136,
            42.87556171
          ],
          [
            44.05907103,
            42.87556171
          ],
          [
            44.0590607,
            42.87556072
          ],
          [
            44.05905137,
            42.87556072
          ],
          [
            44.05904104,
            42.87556006
          ],
          [
            44.05903071,
            42.8755594
          ],
          [
            44.05902071,
            42.87555841
          ],
          [
            44.05901072,
            42.87555708
          ],
          [
            44.05900072,
            42.87555575
          ],
          [
            44.05899139,
            42.87555375
          ],
          [
            44.05898139,
            42.87555176
          ],
          [
            44.05897106,
            42.87554976
          ],
          [
            44.0589614,
            42.8755481
          ],
          [
            44.05895174,
            42.87554644
          ],
          [
            44.05894174,
            42.87554478
          ],
          [
            44.05893275,
            42.87554278
          ],
          [
            44.05892242,
            42.87554145
          ],
          [
            44.05891243,
            42.87553979
          ],
          [
            44.0589031,
            42.8755388
          ],
          [
            44.05889344,
            42.87553747
          ],
          [
            44.05888278,
            42.87553647
          ],
          [
            44.05887345,
            42.87553548
          ],
          [
            44.05886279,
            42.87553482
          ],
          [
            44.0588528,
            42.87553382
          ],
          [
            44.05884247,
            42.87553316
          ],
          [
            44.05883181,
            42.87553217
          ],
          [
            44.05882148,
            42.87553084
          ],
          [
            44.05881148,
            42.87552951
          ],
          [
            44.05880182,
            42.87552785
          ],
          [
            44.05879182,
            42.87552686
          ],
          [
            44.05878283,
            42.87552586
          ],
          [
            44.0587725,
            42.87552453
          ],
          [
            44.0587615,
            42.8755222
          ],
          [
            44.05875184,
            42.8755202
          ],
          [
            44.05874184,
            42.87551921
          ],
          [
            44.05873285,
            42.87551788
          ],
          [
            44.05872386,
            42.87551688
          ],
          [
            44.0587152,
            42.87551589
          ],
          [
            44.05870621,
            42.87551423
          ],
          [
            44.05869721,
            42.87551224
          ],
          [
            44.05868788,
            42.87551091
          ],
          [
            44.05867822,
            42.87550958
          ],
          [
            44.05866922,
            42.87550925
          ],
          [
            44.05865989,
            42.87550859
          ],
          [
            44.05864956,
            42.87550826
          ],
          [
            44.0586399,
            42.87550793
          ],
          [
            44.05863024,
            42.8755076
          ],
          [
            44.05862024,
            42.8755076
          ],
          [
            44.05861125,
            42.87550694
          ],
          [
            44.05860159,
            42.87550561
          ],
          [
            44.05859126,
            42.87550361
          ],
          [
            44.05858193,
            42.87550128
          ],
          [
            44.05857194,
            42.87549829
          ],
          [
            44.05856161,
            42.87549596
          ],
          [
            44.05855195,
            42.87549396
          ],
          [
            44.05854195,
            42.87549196
          ],
          [
            44.05853296,
            42.87548997
          ],
          [
            44.05852463,
            42.87548764
          ],
          [
            44.05851663,
            42.87548498
          ],
          [
            44.05850764,
            42.87548298
          ],
          [
            44.05849898,
            42.87548165
          ],
          [
            44.05849165,
            42.87547999
          ],
          [
            44.05848666,
            42.87547999
          ],
          [
            44.05848233,
            42.87548032
          ],
          [
            44.05847967,
            42.87548032
          ],
          [
            44.05847801,
            42.87547999
          ],
          [
            44.05847702,
            42.87547833
          ],
          [
            44.05847669,
            42.87547667
          ],
          [
            44.05847203,
            42.87547368
          ],
          [
            44.05846604,
            42.87547035
          ],
          [
            44.05845871,
            42.87546802
          ],
          [
            44.05845105,
            42.87546569
          ],
          [
            44.05844272,
            42.87546303
          ],
          [
            44.05843406,
            42.8754607
          ],
          [
            44.0584254,
            42.87545804
          ],
          [
            44.05841641,
            42.87545505
          ],
          [
            44.05840741,
            42.87545139
          ],
          [
            44.05839875,
            42.87544706
          ],
          [
            44.05839075,
            42.87544207
          ],
          [
            44.05838209,
            42.87543807
          ],
          [
            44.05837243,
            42.87543441
          ],
          [
            44.05836177,
            42.87543175
          ],
          [
            44.05835077,
            42.87542942
          ],
          [
            44.05833944,
            42.87542643
          ],
          [
            44.05832945,
            42.8754231
          ],
          [
            44.05831912,
            42.87541877
          ],
          [
            44.05830912,
            42.87541511
          ],
          [
            44.05830179,
            42.87541345
          ],
          [
            44.05829746,
            42.87541246
          ],
          [
            44.0582948,
            42.87541113
          ],
          [
            44.05829081,
            42.87541047
          ],
          [
            44.05828415,
            42.87540814
          ],
          [
            44.05827549,
            42.87540448
          ],
          [
            44.05826616,
            42.87540015
          ],
          [
            44.05825617,
            42.87539582
          ],
          [
            44.05824551,
            42.87539116
          ],
          [
            44.05823485,
            42.8753865
          ],
          [
            44.05822452,
            42.87538084
          ],
          [
            44.05821586,
            42.87537485
          ],
          [
            44.05820786,
            42.87536652
          ],
          [
            44.0581992,
            42.87535819
          ],
          [
            44.05818987,
            42.87535119
          ],
          [
            44.05817887,
            42.87534586
          ],
          [
            44.05816754,
            42.8753412
          ],
          [
            44.05815621,
            42.87533654
          ],
          [
            44.05814488,
            42.87533221
          ],
          [
            44.05813255,
            42.87532855
          ],
          [
            44.05811989,
            42.87532456
          ],
          [
            44.0581069,
            42.8753219
          ],
          [
            44.05809457,
            42.87531957
          ],
          [
            44.05808357,
            42.87531691
          ],
          [
            44.05807591,
            42.87531425
          ],
          [
            44.05807125,
            42.87531225
          ],
          [
            44.05806792,
            42.87531092
          ],
          [
            44.05806429,
            42.87529607
          ],
          [
            44.05806296,
            42.87529673
          ],
          [
            44.0580583,
            42.87529772
          ],
          [
            44.05805197,
            42.87529905
          ],
          [
            44.05804364,
            42.87530071
          ],
          [
            44.05803331,
            42.87530271
          ],
          [
            44.05802231,
            42.87530471
          ],
          [
            44.05801165,
            42.87530604
          ],
          [
            44.05800032,
            42.87530604
          ],
          [
            44.05798866,
            42.87530604
          ],
          [
            44.057977,
            42.87530538
          ],
          [
            44.05796467,
            42.87530438
          ],
          [
            44.05795268,
            42.87530372
          ],
          [
            44.05794068,
            42.87530273
          ],
          [
            44.05792835,
            42.8753014
          ],
          [
            44.05791535,
            42.87530074
          ],
          [
            44.05790202,
            42.87530008
          ],
          [
            44.05788902,
            42.87530008
          ],
          [
            44.05787602,
            42.87529909
          ],
          [
            44.05786269,
            42.87529876
          ],
          [
            44.05784936,
            42.87529843
          ],
          [
            44.05783603,
            42.87529744
          ],
          [
            44.05782203,
            42.87529777
          ],
          [
            44.05780837,
            42.87529777
          ],
          [
            44.05779437,
            42.87529777
          ],
          [
            44.05777971,
            42.87529843
          ],
          [
            44.05776505,
            42.87529943
          ],
          [
            44.05775006,
            42.87530009
          ],
          [
            44.05773506,
            42.87530042
          ],
          [
            44.05772007,
            42.87530009
          ],
          [
            44.05770607,
            42.8752991
          ],
          [
            44.05769207,
            42.87529777
          ],
          [
            44.05767741,
            42.87529644
          ],
          [
            44.05766242,
            42.87529578
          ],
          [
            44.05764642,
            42.87529545
          ],
          [
            44.05763042,
            42.87529545
          ],
          [
            44.05761476,
            42.87529578
          ],
          [
            44.05759843,
            42.87529711
          ],
          [
            44.05758277,
            42.8752981
          ],
          [
            44.05756744,
            42.87529876
          ],
          [
            44.05755211,
            42.87529976
          ],
          [
            44.05753712,
            42.87530109
          ],
          [
            44.05752179,
            42.87530375
          ],
          [
            44.05750646,
            42.87530541
          ],
          [
            44.05749113,
            42.87530707
          ],
          [
            44.05747647,
            42.8753084
          ],
          [
            44.05746247,
            42.8753104
          ],
          [
            44.05744914,
            42.87531206
          ],
          [
            44.05743548,
            42.87531439
          ],
          [
            44.05742115,
            42.87531639
          ],
          [
            44.05740715,
            42.87531838
          ],
          [
            44.05739315,
            42.87532004
          ],
          [
            44.05737982,
            42.8753217
          ],
          [
            44.05736516,
            42.87532336
          ],
          [
            44.05735017,
            42.87532602
          ],
          [
            44.05733551,
            42.87532868
          ],
          [
            44.05732018,
            42.87533167
          ],
          [
            44.05730618,
            42.87533466
          ],
          [
            44.05729152,
            42.87533799
          ],
          [
            44.05727619,
            42.87534099
          ],
          [
            44.05726086,
            42.87534365
          ],
          [
            44.05724553,
            42.87534665
          ],
          [
            44.05723054,
            42.87535031
          ],
          [
            44.05721521,
            42.87535531
          ],
          [
            44.05720088,
            42.8753603
          ],
          [
            44.05718622,
            42.8753653
          ],
          [
            44.05717156,
            42.8753703
          ],
          [
            44.05715723,
            42.87537596
          ],
          [
            44.05714357,
            42.87538062
          ],
          [
            44.05712957,
            42.87538561
          ],
          [
            44.05711557,
            42.87539027
          ],
          [
            44.05710157,
            42.8753966
          ],
          [
            44.05708824,
            42.87540226
          ],
          [
            44.05707558,
            42.87540792
          ],
          [
            44.05706158,
            42.87541325
          ],
          [
            44.05704758,
            42.87541758
          ],
          [
            44.05703225,
            42.87542157
          ],
          [
            44.05701659,
            42.87542623
          ],
          [
            44.05700059,
            42.87542956
          ],
          [
            44.05698426,
            42.87543255
          ],
          [
            44.0569676,
            42.87543588
          ],
          [
            44.05695194,
            42.87543988
          ],
          [
            44.05693695,
            42.87544287
          ],
          [
            44.05692195,
            42.87544686
          ],
          [
            44.05690629,
            42.87544985
          ],
          [
            44.05689029,
            42.87545151
          ],
          [
            44.0568733,
            42.87545417
          ],
          [
            44.0568573,
            42.87545616
          ],
          [
            44.05684131,
            42.87545782
          ],
          [
            44.05682531,
            42.87545982
          ],
          [
            44.05680931,
            42.87546148
          ],
          [
            44.05679332,
            42.87546414
          ],
          [
            44.05677799,
            42.87546747
          ],
          [
            44.05676333,
            42.87546946
          ],
          [
            44.056749,
            42.87547012
          ],
          [
            44.05673534,
            42.87546979
          ],
          [
            44.05672168,
            42.87547079
          ],
          [
            44.05670835,
            42.87547212
          ],
          [
            44.05669435,
            42.87547278
          ],
          [
            44.05668035,
            42.87547478
          ],
          [
            44.05666602,
            42.87547644
          ],
          [
            44.05665136,
            42.8754791
          ],
          [
            44.0566367,
            42.87548109
          ],
          [
            44.05662237,
            42.87548242
          ],
          [
            44.05660804,
            42.87548442
          ],
          [
            44.05659404,
            42.87548608
          ],
          [
            44.05658038,
            42.87548741
          ],
          [
            44.05656605,
            42.87548807
          ],
          [
            44.05655172,
            42.87548906
          ],
          [
            44.05653772,
            42.87549039
          ],
          [
            44.05652439,
            42.87549205
          ],
          [
            44.05651139,
            42.87549471
          ],
          [
            44.05649806,
            42.87549704
          ],
          [
            44.05648406,
            42.87549837
          ],
          [
            44.05646973,
            42.87550003
          ],
          [
            44.05645507,
            42.87550102
          ],
          [
            44.05644107,
            42.87550302
          ],
          [
            44.05642574,
            42.87550535
          ],
          [
            44.05641075,
            42.87550768
          ],
          [
            44.05639575,
            42.87550901
          ],
          [
            44.05638076,
            42.87551034
          ],
          [
            44.05636577,
            42.87551167
          ],
          [
            44.05635011,
            42.87551333
          ],
          [
            44.05633545,
            42.87551499
          ],
          [
            44.05631979,
            42.87551665
          ],
          [
            44.05630446,
            42.87551764
          ],
          [
            44.05628846,
            42.8755183
          ],
          [
            44.05627247,
            42.87551863
          ],
          [
            44.05625647,
            42.87552029
          ],
          [
            44.05624047,
            42.87552095
          ],
          [
            44.05622514,
            42.87552161
          ],
          [
            44.05620981,
            42.87552327
          ],
          [
            44.05619515,
            42.87552393
          ],
          [
            44.05618016,
            42.87552526
          ],
          [
            44.05616483,
            42.87552625
          ],
          [
            44.0561495,
            42.87552791
          ],
          [
            44.05613517,
            42.87552957
          ],
          [
            44.05612184,
            42.8755319
          ],
          [
            44.05610985,
            42.87553423
          ],
          [
            44.05609919,
            42.87553623
          ],
          [
            44.05608886,
            42.87553856
          ],
          [
            44.05607853,
            42.87554056
          ],
          [
            44.0560672,
            42.87554255
          ],
          [
            44.05605554,
            42.87554388
          ],
          [
            44.05604321,
            42.87554388
          ],
          [
            44.05603055,
            42.87554454
          ],
          [
            44.05601755,
            42.87554553
          ],
          [
            44.05600455,
            42.87554686
          ],
          [
            44.05599055,
            42.87554752
          ],
          [
            44.05597622,
            42.87554952
          ],
          [
            44.05596222,
            42.87555118
          ],
          [
            44.05594789,
            42.87555284
          ],
          [
            44.0559349,
            42.8755545
          ],
          [
            44.05592157,
            42.87555616
          ],
          [
            44.05590824,
            42.87555816
          ],
          [
            44.05589558,
            42.87556016
          ],
          [
            44.05588292,
            42.87556249
          ],
          [
            44.05586959,
            42.87556449
          ],
          [
            44.05585726,
            42.87556548
          ],
          [
            44.05584426,
            42.87556681
          ],
          [
            44.0558326,
            42.87556814
          ],
          [
            44.05582127,
            42.87556914
          ],
          [
            44.05581094,
            42.87557013
          ],
          [
            44.05580061,
            42.87557179
          ],
          [
            44.05579095,
            42.87557312
          ],
          [
            44.05578062,
            42.87557478
          ],
          [
            44.05577029,
            42.87557577
          ],
          [
            44.05576029,
            42.8755761
          ],
          [
            44.0557503,
            42.8755771
          ],
          [
            44.0557403,
            42.87557843
          ],
          [
            44.05573031,
            42.87558009
          ],
          [
            44.05572031,
            42.87558142
          ],
          [
            44.05571032,
            42.87558308
          ],
          [
            44.05570032,
            42.87558407
          ],
          [
            44.05569033,
            42.87558607
          ],
          [
            44.05568,
            42.87558773
          ],
          [
            44.05567,
            42.87559006
          ],
          [
            44.05565934,
            42.87559305
          ],
          [
            44.05564901,
            42.87559471
          ],
          [
            44.05563868,
            42.87559637
          ],
          [
            44.05562802,
            42.87559803
          ],
          [
            44.05561769,
            42.87560036
          ],
          [
            44.05560736,
            42.87560302
          ],
          [
            44.05559636,
            42.87560535
          ],
          [
            44.05558603,
            42.87560801
          ],
          [
            44.05557537,
            42.87561034
          ],
          [
            44.05556471,
            42.87561234
          ],
          [
            44.05555405,
            42.87561434
          ],
          [
            44.05554406,
            42.87561667
          ],
          [
            44.05553373,
            42.87561966
          ],
          [
            44.05552373,
            42.87562232
          ],
          [
            44.0555134,
            42.87562431
          ],
          [
            44.0555034,
            42.87562531
          ],
          [
            44.05549207,
            42.87562597
          ],
          [
            44.05548074,
            42.87562696
          ],
          [
            44.05546974,
            42.87562829
          ],
          [
            44.05545908,
            42.87562995
          ],
          [
            44.05544975,
            42.87563061
          ],
          [
            44.05544042,
            42.8756326
          ],
          [
            44.05543176,
            42.8756336
          ],
          [
            44.05542176,
            42.87563559
          ],
          [
            44.05541243,
            42.87563659
          ],
          [
            44.05540277,
            42.87563825
          ],
          [
            44.05539311,
            42.87563991
          ],
          [
            44.05538311,
            42.87564057
          ],
          [
            44.05537345,
            42.8756419
          ],
          [
            44.05536412,
            42.87564323
          ],
          [
            44.05535379,
            42.87564423
          ],
          [
            44.05534513,
            42.87564456
          ],
          [
            44.05533513,
            42.87564489
          ],
          [
            44.05532514,
            42.87564522
          ],
          [
            44.05531581,
            42.87564588
          ],
          [
            44.05530648,
            42.87564621
          ],
          [
            44.05529715,
            42.87564721
          ],
          [
            44.05528782,
            42.87564787
          ],
          [
            44.05527882,
            42.8756482
          ],
          [
            44.05527016,
            42.87564886
          ],
          [
            44.05526283,
            42.87564952
          ],
          [
            44.05525583,
            42.87565118
          ],
          [
            44.05525017,
            42.87565351
          ],
          [
            44.05524684,
            42.87565484
          ],
          [
            44.05524385,
            42.87565683
          ],
          [
            44.05524286,
            42.87565451
          ],
          [
            44.05523986,
            42.87565484
          ],
          [
            44.0552352,
            42.87565484
          ],
          [
            44.05522854,
            42.87565484
          ],
          [
            44.05522055,
            42.87565418
          ],
          [
            44.05521222,
            42.87565385
          ],
          [
            44.05520356,
            42.87565385
          ],
          [
            44.05519356,
            42.87565352
          ],
          [
            44.05518423,
            42.87565352
          ],
          [
            44.05517557,
            42.87565352
          ],
          [
            44.05516624,
            42.87565219
          ],
          [
            44.05515725,
            42.87564986
          ],
          [
            44.05514792,
            42.8756482
          ],
          [
            44.05513792,
            42.87564721
          ],
          [
            44.05512893,
            42.87564688
          ],
          [
            44.05512027,
            42.87564688
          ],
          [
            44.05511094,
            42.87564821
          ],
          [
            44.05510528,
            42.87565021
          ],
          [
            44.05510262,
            42.87565154
          ],
          [
            44.05509964,
            42.87565088
          ],
          [
            44.05509964,
            42.87564823
          ],
          [
            44.05509798,
            42.87564757
          ],
          [
            44.05509499,
            42.87564657
          ],
          [
            44.05508866,
            42.87564624
          ],
          [
            44.05508,
            42.87564591
          ],
          [
            44.05507067,
            42.87564624
          ],
          [
            44.05506134,
            42.87564657
          ],
          [
            44.05505168,
            42.87564591
          ],
          [
            44.05504235,
            42.87564591
          ],
          [
            44.05503302,
            42.87564558
          ],
          [
            44.05502169,
            42.87564492
          ],
          [
            44.05501136,
            42.87564459
          ],
          [
            44.05500103,
            42.87564359
          ],
          [
            44.05499003,
            42.8756416
          ],
          [
            44.05498037,
            42.8756396
          ],
          [
            44.05497038,
            42.87563794
          ],
          [
            44.05495972,
            42.87563561
          ],
          [
            44.05495006,
            42.87563328
          ],
          [
            44.05494007,
            42.87563062
          ],
          [
            44.05492941,
            42.87562796
          ],
          [
            44.05491942,
            42.87562563
          ],
          [
            44.05490909,
            42.87562264
          ],
          [
            44.05489909,
            42.87562064
          ],
          [
            44.05488976,
            42.87561798
          ],
          [
            44.05488077,
            42.87561465
          ],
          [
            44.05487211,
            42.87561099
          ],
          [
            44.05486278,
            42.87560766
          ],
          [
            44.05485445,
            42.87560467
          ],
          [
            44.05484612,
            42.87560168
          ],
          [
            44.05483813,
            42.87559835
          ],
          [
            44.05483047,
            42.87559536
          ],
          [
            44.05482247,
            42.87559203
          ],
          [
            44.05481381,
            42.8755887
          ],
          [
            44.05480448,
            42.87558537
          ],
          [
            44.05479548,
            42.87558204
          ],
          [
            44.05478682,
            42.87557871
          ],
          [
            44.05477816,
            42.87557538
          ],
          [
            44.05477117,
            42.87557272
          ],
          [
            44.05476417,
            42.87556973
          ],
          [
            44.05475684,
            42.87556674
          ],
          [
            44.05474951,
            42.87556375
          ],
          [
            44.05474285,
            42.87556042
          ],
          [
            44.05473519,
            42.87555642
          ],
          [
            44.05472753,
            42.87555276
          ],
          [
            44.0547202,
            42.8755491
          ],
          [
            44.0547122,
            42.87554544
          ],
          [
            44.0547042,
            42.87554211
          ],
          [
            44.05469687,
            42.87553812
          ],
          [
            44.05468921,
            42.87553513
          ],
          [
            44.05468121,
            42.87553247
          ],
          [
            44.05467355,
            42.87553047
          ],
          [
            44.05466555,
            42.87552781
          ],
          [
            44.05465755,
            42.87552482
          ],
          [
            44.05465022,
            42.87552183
          ],
          [
            44.05464222,
            42.87551884
          ],
          [
            44.05463356,
            42.87551618
          ],
          [
            44.05462523,
            42.87551319
          ],
          [
            44.05461657,
            42.87551086
          ],
          [
            44.05460891,
            42.87550787
          ],
          [
            44.05460091,
            42.87550488
          ],
          [
            44.05459291,
            42.87550189
          ],
          [
            44.05458525,
            42.8754989
          ],
          [
            44.05457759,
            42.87549557
          ],
          [
            44.05456959,
            42.87549224
          ],
          [
            44.05456193,
            42.87548825
          ],
          [
            44.05455327,
            42.87548526
          ],
          [
            44.05454561,
            42.8754826
          ],
          [
            44.05453761,
            42.87547994
          ],
          [
            44.05453028,
            42.87547695
          ],
          [
            44.05452228,
            42.87547462
          ],
          [
            44.05451428,
            42.87547163
          ],
          [
            44.05450562,
            42.87546864
          ],
          [
            44.05449696,
            42.87546531
          ],
          [
            44.05448896,
            42.87546232
          ],
          [
            44.05448097,
            42.87545966
          ],
          [
            44.05447231,
            42.87545667
          ],
          [
            44.05446365,
            42.87545368
          ],
          [
            44.05445499,
            42.87545002
          ],
          [
            44.05444733,
            42.87544636
          ],
          [
            44.05443867,
            42.8754427
          ],
          [
            44.05443034,
            42.87543937
          ],
          [
            44.05442101,
            42.87543671
          ],
          [
            44.05441202,
            42.87543305
          ],
          [
            44.05440336,
            42.87543006
          ],
          [
            44.05439437,
            42.87542707
          ],
          [
            44.05438571,
            42.87542441
          ],
          [
            44.05437705,
            42.87542108
          ],
          [
            44.05436872,
            42.87541809
          ],
          [
            44.05436139,
            42.87541609
          ],
          [
            44.05435673,
            42.87541476
          ],
          [
            44.05435374,
            42.8754131
          ],
          [
            44.05435175,
            42.87541277
          ],
          [
            44.05434976,
            42.87541211
          ],
          [
            44.05435075,
            42.87540878
          ],
          [
            44.05435208,
            42.87540478
          ],
          [
            44.05435507,
            42.87540045
          ],
          [
            44.05435773,
            42.87539645
          ],
          [
            44.05436039,
            42.87539379
          ],
          [
            44.05436272,
            42.8753918
          ],
          [
            44.05436141,
            42.87538585
          ],
          [
            44.05436008,
            42.87538651
          ],
          [
            44.05435775,
            42.8753895
          ],
          [
            44.05435442,
            42.87539316
          ],
          [
            44.05434909,
            42.87539782
          ],
          [
            44.05434243,
            42.87540048
          ],
          [
            44.05433577,
            42.87540181
          ],
          [
            44.05433111,
            42.87540281
          ],
          [
            44.05432317,
            42.87540413
          ],
          [
            44.05432184,
            42.87540413
          ],
          [
            44.05431818,
            42.87540413
          ],
          [
            44.05431118,
            42.87540347
          ],
          [
            44.05430318,
            42.87540181
          ],
          [
            44.05429352,
            42.87539948
          ],
          [
            44.05428319,
            42.87539682
          ],
          [
            44.05427286,
            42.87539416
          ],
          [
            44.0542622,
            42.8753915
          ],
          [
            44.0542512,
            42.87538884
          ],
          [
            44.05424054,
            42.87538551
          ],
          [
            44.05422855,
            42.87538252
          ],
          [
            44.05421755,
            42.87537919
          ],
          [
            44.05420622,
            42.87537653
          ],
          [
            44.05419489,
            42.87537453
          ],
          [
            44.05418323,
            42.87537187
          ],
          [
            44.05417157,
            42.87536954
          ],
          [
            44.05416057,
            42.87536754
          ],
          [
            44.05415024,
            42.87536488
          ],
          [
            44.05413858,
            42.87536189
          ],
          [
            44.05412758,
            42.87535956
          ],
          [
            44.05411692,
            42.87535723
          ],
          [
            44.05410592,
            42.87535557
          ],
          [
            44.05409526,
            42.87535324
          ],
          [
            44.05408427,
            42.87535025
          ],
          [
            44.05407427,
            42.87534792
          ],
          [
            44.05406494,
            42.87534526
          ],
          [
            44.05405561,
            42.87534227
          ],
          [
            44.05404562,
            42.87533961
          ],
          [
            44.05403629,
            42.87533695
          ],
          [
            44.05402696,
            42.87533396
          ],
          [
            44.05401797,
            42.8753313
          ],
          [
            44.05400864,
            42.87532797
          ],
          [
            44.05399898,
            42.87532431
          ],
          [
            44.05398999,
            42.87532031
          ],
          [
            44.05398033,
            42.87531598
          ],
          [
            44.05397067,
            42.87531265
          ],
          [
            44.05395934,
            42.87530866
          ],
          [
            44.05394801,
            42.875305
          ],
          [
            44.05393735,
            42.875301
          ],
          [
            44.05392669,
            42.87529634
          ],
          [
            44.05391669,
            42.87529101
          ],
          [
            44.05390636,
            42.87528568
          ],
          [
            44.05389603,
            42.87528068
          ],
          [
            44.05388737,
            42.87527602
          ],
          [
            44.05388204,
            42.87527269
          ],
          [
            44.05387905,
            42.8752707
          ],
          [
            44.05387772,
            42.8752697
          ],
          [
            44.05387905,
            42.87526904
          ],
          [
            44.05388204,
            42.87526838
          ],
          [
            44.05388803,
            42.87526838
          ],
          [
            44.05389669,
            42.87526738
          ],
          [
            44.05390568,
            42.87526605
          ],
          [
            44.05391368,
            42.87526472
          ],
          [
            44.05391934,
            42.87526339
          ],
          [
            44.053922,
            42.8752624
          ],
          [
            44.05392168,
            42.87526273
          ],
          [
            44.05392002,
            42.87526273
          ],
          [
            44.05391569,
            42.87526339
          ],
          [
            44.05390936,
            42.87526438
          ],
          [
            44.05390137,
            42.87526504
          ],
          [
            44.05389271,
            42.87526471
          ],
          [
            44.05388272,
            42.87526405
          ],
          [
            44.05387272,
            42.87526239
          ],
          [
            44.05386206,
            42.87525973
          ],
          [
            44.0538514,
            42.8752564
          ],
          [
            44.0538414,
            42.87525241
          ],
          [
            44.05383107,
            42.87524775
          ],
          [
            44.05382041,
            42.87524242
          ],
          [
            44.05381008,
            42.87523709
          ],
          [
            44.05380042,
            42.87523209
          ],
          [
            44.05379076,
            42.87522776
          ],
          [
            44.05378143,
            42.87522377
          ],
          [
            44.05377277,
            42.87521877
          ],
          [
            44.05376411,
            42.87521344
          ],
          [
            44.05375512,
            42.87520878
          ],
          [
            44.05374546,
            42.87520412
          ],
          [
            44.0537368,
            42.87519979
          ],
          [
            44.05372814,
            42.87519513
          ],
          [
            44.05371948,
            42.87519013
          ],
          [
            44.05371082,
            42.87518513
          ],
          [
            44.05370249,
            42.87517947
          ],
          [
            44.05369383,
            42.87517481
          ],
          [
            44.05368484,
            42.87516948
          ],
          [
            44.05367618,
            42.87516415
          ],
          [
            44.05366752,
            42.87515882
          ],
          [
            44.05365819,
            42.87515382
          ],
          [
            44.05364953,
            42.87514882
          ],
          [
            44.0536402,
            42.87514382
          ],
          [
            44.05363054,
            42.87513883
          ],
          [
            44.05362088,
            42.87513383
          ],
          [
            44.05361155,
            42.87512817
          ],
          [
            44.05360322,
            42.87512251
          ],
          [
            44.05359522,
            42.87511751
          ],
          [
            44.05358623,
            42.87511218
          ],
          [
            44.05357823,
            42.87510718
          ],
          [
            44.05356957,
            42.87510219
          ],
          [
            44.05356024,
            42.87509753
          ],
          [
            44.05355258,
            42.87509487
          ],
          [
            44.05354592,
            42.87509354
          ],
          [
            44.05354159,
            42.87509254
          ],
          [
            44.05353926,
            42.87509121
          ],
          [
            44.0535376,
            42.87509022
          ],
          [
            44.05353694,
            42.87509056
          ],
          [
            44.05353494,
            42.8750889
          ],
          [
            44.05352994,
            42.8750849
          ],
          [
            44.05352328,
            42.87508091
          ],
          [
            44.05351595,
            42.87507692
          ],
          [
            44.05350729,
            42.87507292
          ],
          [
            44.05349896,
            42.87506893
          ],
          [
            44.05349063,
            42.87506527
          ],
          [
            44.05348097,
            42.87506094
          ],
          [
            44.05347198,
            42.87505694
          ],
          [
            44.05346232,
            42.87505328
          ],
          [
            44.05345266,
            42.87504929
          ],
          [
            44.05344367,
            42.87504529
          ],
          [
            44.05343334,
            42.87504096
          ],
          [
            44.05342368,
            42.87503797
          ],
          [
            44.05341368,
            42.87503531
          ],
          [
            44.05340268,
            42.87503232
          ],
          [
            44.05339202,
            42.87502933
          ],
          [
            44.05338269,
            42.875026
          ],
          [
            44.0533727,
            42.87502301
          ],
          [
            44.05336237,
            42.87501968
          ],
          [
            44.05335204,
            42.87501635
          ],
          [
            44.05334238,
            42.87501369
          ],
          [
            44.05333272,
            42.8750107
          ],
          [
            44.05332373,
            42.87500771
          ],
          [
            44.05331474,
            42.87500405
          ],
          [
            44.05330541,
            42.87500072
          ],
          [
            44.05329575,
            42.87499773
          ],
          [
            44.05328676,
            42.87499474
          ],
          [
            44.05327743,
            42.87499075
          ],
          [
            44.05326777,
            42.87498709
          ],
          [
            44.05325744,
            42.87498343
          ],
          [
            44.05324778,
            42.8749801
          ],
          [
            44.05323779,
            42.87497611
          ],
          [
            44.05322713,
            42.87497211
          ],
          [
            44.05321713,
            42.87496912
          ],
          [
            44.05320747,
            42.87496613
          ],
          [
            44.05319714,
            42.87496214
          ],
          [
            44.05318748,
            42.87495848
          ],
          [
            44.05317782,
            42.87495482
          ],
          [
            44.05316883,
            42.87495149
          ],
          [
            44.05315917,
            42.8749475
          ],
          [
            44.05314951,
            42.87494384
          ],
          [
            44.05314052,
            42.87493951
          ],
          [
            44.05313019,
            42.87493551
          ],
          [
            44.05312086,
            42.87493185
          ],
          [
            44.05311253,
            42.87492852
          ],
          [
            44.0531042,
            42.87492452
          ],
          [
            44.05309587,
            42.87492053
          ],
          [
            44.05308754,
            42.87491687
          ],
          [
            44.05307921,
            42.87491354
          ],
          [
            44.05307088,
            42.87490955
          ],
          [
            44.05306222,
            42.87490556
          ],
          [
            44.05305456,
            42.8749019
          ],
          [
            44.05304623,
            42.87489857
          ],
          [
            44.05303823,
            42.87489458
          ],
          [
            44.05303023,
            42.87489058
          ],
          [
            44.05302157,
            42.87488759
          ],
          [
            44.05301291,
            42.8748846
          ],
          [
            44.05300458,
            42.87488061
          ],
          [
            44.05299592,
            42.87487728
          ],
          [
            44.05298759,
            42.87487295
          ],
          [
            44.05297859,
            42.87486896
          ],
          [
            44.05296993,
            42.87486596
          ],
          [
            44.05296127,
            42.8748623
          ],
          [
            44.05295361,
            42.87485664
          ],
          [
            44.05294628,
            42.87484931
          ],
          [
            44.05293962,
            42.87484098
          ],
          [
            44.05293529,
            42.87483265
          ],
          [
            44.05293263,
            42.87482432
          ],
          [
            44.05292964,
            42.87481532
          ],
          [
            44.05292631,
            42.87480666
          ],
          [
            44.05292332,
            42.87479667
          ],
          [
            44.05291932,
            42.87478667
          ],
          [
            44.05291566,
            42.87477801
          ],
          [
            44.052912,
            42.87477301
          ],
          [
            44.05290967,
            42.87476968
          ],
          [
            44.05290834,
            42.87476869
          ],
          [
            44.05290602,
            42.87477034
          ],
          [
            44.05290436,
            42.87477234
          ],
          [
            44.0529007,
            42.874774
          ],
          [
            44.0528937,
            42.87477566
          ],
          [
            44.05288437,
            42.87477766
          ],
          [
            44.05287337,
            42.87477932
          ],
          [
            44.05286138,
            42.87478098
          ],
          [
            44.05284838,
            42.87478331
          ],
          [
            44.05283505,
            42.87478597
          ],
          [
            44.05282105,
            42.87478896
          ],
          [
            44.05280806,
            42.87479262
          ],
          [
            44.05279473,
            42.87479762
          ],
          [
            44.0527824,
            42.87480328
          ],
          [
            44.05277074,
            42.87480927
          ],
          [
            44.05276041,
            42.87481627
          ],
          [
            44.05275175,
            42.87482427
          ],
          [
            44.05274442,
            42.87483326
          ],
          [
            44.05273743,
            42.87484259
          ],
          [
            44.0527311,
            42.87485158
          ],
          [
            44.05272377,
            42.87486024
          ],
          [
            44.05271644,
            42.87486957
          ],
          [
            44.05270844,
            42.87487823
          ],
          [
            44.05269978,
            42.87488623
          ],
          [
            44.05269079,
            42.87489456
          ],
          [
            44.0526818,
            42.87490322
          ],
          [
            44.05267314,
            42.87491188
          ],
          [
            44.05266448,
            42.87491988
          ],
          [
            44.05265615,
            42.87492854
          ],
          [
            44.05264982,
            42.87493654
          ],
          [
            44.05264382,
            42.87494053
          ],
          [
            44.05263983,
            42.87494286
          ],
          [
            44.05263617,
            42.87494652
          ],
          [
            44.05263084,
            42.87495185
          ],
          [
            44.05262618,
            42.87495751
          ],
          [
            44.05262152,
            42.87496451
          ],
          [
            44.05261786,
            42.87497217
          ],
          [
            44.05261353,
            42.87497917
          ],
          [
            44.05260887,
            42.87498683
          ],
          [
            44.05260321,
            42.87499549
          ],
          [
            44.05259821,
            42.87500382
          ],
          [
            44.05259255,
            42.87501148
          ],
          [
            44.05258689,
            42.87501747
          ],
          [
            44.05258156,
            42.8750218
          ],
          [
            44.05257757,
            42.87502513
          ],
          [
            44.05257424,
            42.87502713
          ],
          [
            44.05256924,
            42.87502613
          ],
          [
            44.05256391,
            42.87502514
          ],
          [
            44.05255658,
            42.87502314
          ],
          [
            44.05254992,
            42.87502181
          ],
          [
            44.05254559,
            42.87502115
          ],
          [
            44.05254326,
            42.87501982
          ],
          [
            44.05254193,
            42.87501849
          ],
          [
            44.05254193,
            42.87501155
          ],
          [
            44.05254193,
            42.87501288
          ],
          [
            44.05254393,
            42.87501654
          ],
          [
            44.05254659,
            42.87502253
          ],
          [
            44.05254825,
            42.87502919
          ],
          [
            44.05254825,
            42.87503618
          ],
          [
            44.05254659,
            42.87504351
          ],
          [
            44.05254193,
            42.8750515
          ],
          [
            44.0525366,
            42.87505883
          ],
          [
            44.05252994,
            42.87506583
          ],
          [
            44.05252294,
            42.87507282
          ],
          [
            44.05251661,
            42.87507982
          ],
          [
            44.05251095,
            42.87508648
          ],
          [
            44.05250462,
            42.87509314
          ],
          [
            44.05249896,
            42.8750998
          ],
          [
            44.05249363,
            42.87510579
          ],
          [
            44.0524883,
            42.87511212
          ],
          [
            44.05248231,
            42.87511845
          ],
          [
            44.05247598,
            42.87512444
          ],
          [
            44.05247065,
            42.87512977
          ],
          [
            44.05246466,
            42.87513576
          ],
          [
            44.05245867,
            42.87514142
          ],
          [
            44.05245401,
            42.87514742
          ],
          [
            44.05244935,
            42.87515308
          ],
          [
            44.05244369,
            42.87515774
          ],
          [
            44.0524377,
            42.8751624
          ],
          [
            44.05243237,
            42.87516806
          ],
          [
            44.05242771,
            42.87517272
          ],
          [
            44.05242205,
            42.87517771
          ],
          [
            44.05241605,
            42.87518171
          ],
          [
            44.05241039,
            42.87518637
          ],
          [
            44.05240506,
            42.87519103
          ],
          [
            44.05240006,
            42.87519636
          ],
          [
            44.05239506,
            42.87520169
          ],
          [
            44.05238973,
            42.87520635
          ],
          [
            44.05238473,
            42.87521101
          ],
          [
            44.05237907,
            42.87521501
          ],
          [
            44.05237374,
            42.875219
          ],
          [
            44.05236775,
            42.87522199
          ],
          [
            44.05236209,
            42.87522565
          ],
          [
            44.05235676,
            42.87523065
          ],
          [
            44.05235177,
            42.87523631
          ],
          [
            44.05234711,
            42.87524164
          ],
          [
            44.05234245,
            42.8752463
          ],
          [
            44.05233712,
            42.87525096
          ],
          [
            44.05233113,
            42.87525529
          ],
          [
            44.05232547,
            42.87526029
          ],
          [
            44.05232081,
            42.87526462
          ],
          [
            44.05231815,
            42.87526795
          ],
          [
            44.05231616,
            42.87527127
          ],
          [
            44.05231317,
            42.87527393
          ],
          [
            44.05230751,
            42.87527826
          ],
          [
            44.05230085,
            42.87528292
          ],
          [
            44.05229352,
            42.87528758
          ],
          [
            44.05228552,
            42.87529258
          ],
          [
            44.05227752,
            42.87529857
          ],
          [
            44.05227153,
            42.87530523
          ],
          [
            44.0522652,
            42.87531222
          ],
          [
            44.0522572,
            42.87531855
          ],
          [
            44.0522492,
            42.87532355
          ],
          [
            44.0522412,
            42.87532855
          ],
          [
            44.05223287,
            42.87533388
          ],
          [
            44.05222521,
            42.87533821
          ],
          [
            44.05221821,
            42.87534354
          ],
          [
            44.05221122,
            42.87534787
          ],
          [
            44.05220489,
            42.8753532
          ],
          [
            44.05219856,
            42.87535919
          ],
          [
            44.05219123,
            42.87536452
          ],
          [
            44.0521839,
            42.87536985
          ],
          [
            44.05217657,
            42.87537584
          ],
          [
            44.05217024,
            42.8753815
          ],
          [
            44.05216358,
            42.8753865
          ],
          [
            44.05215625,
            42.87539183
          ],
          [
            44.05214892,
            42.87539682
          ],
          [
            44.05214159,
            42.87540248
          ],
          [
            44.05213359,
            42.87540881
          ],
          [
            44.05212626,
            42.87541447
          ],
          [
            44.05211827,
            42.8754198
          ],
          [
            44.05210994,
            42.87542613
          ],
          [
            44.05210194,
            42.87543346
          ],
          [
            44.05209461,
            42.87544146
          ],
          [
            44.05208795,
            42.87544846
          ],
          [
            44.05208095,
            42.87545545
          ],
          [
            44.05207362,
            42.87546245
          ],
          [
            44.05206629,
            42.87546944
          ],
          [
            44.0520593,
            42.87547477
          ],
          [
            44.05205464,
            42.8754781
          ],
          [
            44.05205231,
            42.8754801
          ],
          [
            44.05204801,
            42.87547878
          ],
          [
            44.05204635,
            42.87548044
          ],
          [
            44.05204569,
            42.8754821
          ],
          [
            44.05204603,
            42.87548476
          ],
          [
            44.05204636,
            42.87548276
          ],
          [
            44.05204438,
            42.87547779
          ],
          [
            44.05204604,
            42.87547647
          ],
          [
            44.05204274,
            42.87547151
          ],
          [
            44.05204208,
            42.87547484
          ],
          [
            44.05204075,
            42.87548017
          ],
          [
            44.05203942,
            42.87548716
          ],
          [
            44.05203743,
            42.87549482
          ],
          [
            44.05203477,
            42.87550348
          ],
          [
            44.05203178,
            42.87551247
          ],
          [
            44.05202812,
            42.87552147
          ],
          [
            44.05202313,
            42.87553013
          ],
          [
            44.05201747,
            42.87553846
          ],
          [
            44.05201148,
            42.87554679
          ],
          [
            44.05200715,
            42.87555545
          ],
          [
            44.05200249,
            42.87556378
          ],
          [
            44.05199783,
            42.87557211
          ],
          [
            44.05199317,
            42.87558044
          ],
          [
            44.05198884,
            42.87558943
          ],
          [
            44.05198518,
            42.87559743
          ],
          [
            44.05198152,
            42.87560576
          ],
          [
            44.05197719,
            42.87561442
          ],
          [
            44.05197353,
            42.87562308
          ],
          [
            44.05196954,
            42.87563174
          ],
          [
            44.05196554,
            42.87564007
          ],
          [
            44.05196188,
            42.8756484
          ],
          [
            44.05195755,
            42.87565739
          ],
          [
            44.05195356,
            42.87566638
          ],
          [
            44.05194923,
            42.87567504
          ],
          [
            44.05194324,
            42.87568337
          ],
          [
            44.05193758,
            42.87569203
          ],
          [
            44.05193159,
            42.87570003
          ],
          [
            44.05192593,
            42.87570869
          ],
          [
            44.05191994,
            42.87571669
          ],
          [
            44.05191428,
            42.87572502
          ],
          [
            44.05190895,
            42.87573302
          ],
          [
            44.05190429,
            42.87574102
          ],
          [
            44.0519003,
            42.87574901
          ],
          [
            44.05189731,
            42.87575634
          ],
          [
            44.05189398,
            42.87576434
          ],
          [
            44.05189099,
            42.87577234
          ],
          [
            44.05188633,
            42.87578
          ],
          [
            44.05188133,
            42.87578766
          ],
          [
            44.05187667,
            42.87579566
          ],
          [
            44.05187101,
            42.87580432
          ],
          [
            44.05186568,
            42.87581298
          ],
          [
            44.05186068,
            42.87582164
          ],
          [
            44.05185602,
            42.8758293
          ],
          [
            44.05185336,
            42.8758373
          ],
          [
            44.05185336,
            42.87584563
          ],
          [
            44.05185369,
            42.87585363
          ],
          [
            44.05185236,
            42.87586196
          ],
          [
            44.05185036,
            42.87587095
          ],
          [
            44.05184737,
            42.87588028
          ],
          [
            44.05184371,
            42.87588927
          ],
          [
            44.05184005,
            42.87589793
          ],
          [
            44.05183572,
            42.87590726
          ],
          [
            44.05183139,
            42.87591659
          ],
          [
            44.05182706,
            42.87592625
          ],
          [
            44.05182273,
            42.87593558
          ],
          [
            44.05181807,
            42.87594457
          ],
          [
            44.05181407,
            42.87595323
          ],
          [
            44.05181074,
            42.87596156
          ],
          [
            44.05180841,
            42.87597055
          ],
          [
            44.05180608,
            42.87597954
          ],
          [
            44.05180275,
            42.8759882
          ],
          [
            44.05179876,
            42.87599653
          ],
          [
            44.05179577,
            42.87600519
          ],
          [
            44.05179311,
            42.87601352
          ],
          [
            44.05179111,
            42.87602218
          ],
          [
            44.05178911,
            42.87603117
          ],
          [
            44.05178712,
            42.8760405
          ],
          [
            44.05178546,
            42.87604983
          ],
          [
            44.05178313,
            42.87605883
          ],
          [
            44.0517808,
            42.87606749
          ],
          [
            44.05177881,
            42.87607682
          ],
          [
            44.05177715,
            42.87608715
          ],
          [
            44.05177549,
            42.87609681
          ],
          [
            44.05177316,
            42.87610614
          ],
          [
            44.0517705,
            42.87611614
          ],
          [
            44.0517665,
            42.87612547
          ],
          [
            44.05176384,
            42.87613413
          ],
          [
            44.05176151,
            42.87614346
          ],
          [
            44.05175885,
            42.87615245
          ],
          [
            44.05175586,
            42.87616111
          ],
          [
            44.05175253,
            42.87616977
          ],
          [
            44.05174954,
            42.87617876
          ],
          [
            44.05174688,
            42.87618842
          ],
          [
            44.05174522,
            42.87619675
          ],
          [
            44.05174356,
            42.87620541
          ],
          [
            44.05174257,
            42.8762154
          ],
          [
            44.05174191,
            42.87622573
          ],
          [
            44.05174158,
            42.87623573
          ],
          [
            44.05174092,
            42.87624572
          ],
          [
            44.05174026,
            42.87625572
          ],
          [
            44.05174059,
            42.87626638
          ],
          [
            44.05174026,
            42.87627671
          ],
          [
            44.0517386,
            42.87628704
          ],
          [
            44.05173627,
            42.87629737
          ],
          [
            44.05173361,
            42.87630737
          ],
          [
            44.05173062,
            42.87631803
          ],
          [
            44.05172829,
            42.87632769
          ],
          [
            44.05172496,
            42.87633769
          ],
          [
            44.0517223,
            42.87634768
          ],
          [
            44.05171964,
            42.87635734
          ],
          [
            44.05171764,
            42.876368
          ],
          [
            44.05171531,
            42.87637799
          ],
          [
            44.05171232,
            42.87638765
          ],
          [
            44.05170866,
            42.87639731
          ],
          [
            44.05170533,
            42.87640731
          ],
          [
            44.051701,
            42.87641797
          ],
          [
            44.05169701,
            42.8764283
          ],
          [
            44.05169268,
            42.8764393
          ],
          [
            44.05168969,
            42.87645063
          ],
          [
            44.05168636,
            42.87646129
          ],
          [
            44.05168303,
            42.87647229
          ],
          [
            44.0516797,
            42.87648295
          ],
          [
            44.05167637,
            42.87649361
          ],
          [
            44.05167304,
            42.87650427
          ],
          [
            44.05166971,
            42.87651493
          ],
          [
            44.05166638,
            42.87652526
          ],
          [
            44.05166305,
            42.87653526
          ],
          [
            44.05165972,
            42.87654559
          ],
          [
            44.05165573,
            42.87655558
          ],
          [
            44.0516514,
            42.87656558
          ],
          [
            44.05164741,
            42.87657557
          ],
          [
            44.05164308,
            42.8765849
          ],
          [
            44.05163909,
            42.87659456
          ],
          [
            44.05163476,
            42.87660489
          ],
          [
            44.05163143,
            42.87661522
          ],
          [
            44.0516281,
            42.87662588
          ],
          [
            44.0516261,
            42.87663654
          ],
          [
            44.05162411,
            42.87664754
          ],
          [
            44.05162112,
            42.87665787
          ],
          [
            44.05161813,
            42.87666887
          ],
          [
            44.05161413,
            42.87667953
          ],
          [
            44.0516098,
            42.87669086
          ],
          [
            44.05160647,
            42.87670119
          ],
          [
            44.05160381,
            42.87671185
          ],
          [
            44.05160048,
            42.87672184
          ],
          [
            44.05159682,
            42.87673184
          ],
          [
            44.05159349,
            42.87674117
          ],
          [
            44.05159016,
            42.87675117
          ],
          [
            44.0515855,
            42.87676083
          ],
          [
            44.0515805,
            42.87677083
          ],
          [
            44.05157517,
            42.87678049
          ],
          [
            44.05156884,
            42.87678982
          ],
          [
            44.05156384,
            42.87679948
          ],
          [
            44.05155918,
            42.87680981
          ],
          [
            44.05155485,
            42.87681947
          ],
          [
            44.05155086,
            42.87683013
          ],
          [
            44.0515462,
            42.87684012
          ],
          [
            44.05154254,
            42.87685045
          ],
          [
            44.05153821,
            42.87686045
          ],
          [
            44.05153288,
            42.87687044
          ],
          [
            44.05152755,
            42.8768811
          ],
          [
            44.05152256,
            42.87689143
          ],
          [
            44.05151656,
            42.87690176
          ],
          [
            44.05151123,
            42.87691142
          ],
          [
            44.05150624,
            42.87692075
          ],
          [
            44.05149991,
            42.87693075
          ],
          [
            44.05149392,
            42.87694074
          ],
          [
            44.05148826,
            42.8769504
          ],
          [
            44.05148227,
            42.87696039
          ],
          [
            44.05147461,
            42.87696972
          ],
          [
            44.05146628,
            42.87697738
          ],
          [
            44.05145628,
            42.87698471
          ],
          [
            44.05144662,
            42.87699304
          ],
          [
            44.05143729,
            42.87700137
          ],
          [
            44.05142896,
            42.87701036
          ],
          [
            44.05142096,
            42.87701902
          ],
          [
            44.0514133,
            42.87702835
          ],
          [
            44.05140597,
            42.87703768
          ],
          [
            44.05139898,
            42.87704701
          ],
          [
            44.05139198,
            42.87705567
          ],
          [
            44.05138432,
            42.87706466
          ],
          [
            44.05137733,
            42.87707432
          ],
          [
            44.05137067,
            42.87708398
          ],
          [
            44.05136501,
            42.87709398
          ],
          [
            44.05135902,
            42.87710364
          ],
          [
            44.05135203,
            42.87711364
          ],
          [
            44.0513447,
            42.87712363
          ],
          [
            44.05133804,
            42.87713429
          ],
          [
            44.05133138,
            42.87714529
          ],
          [
            44.05132638,
            42.87715528
          ],
          [
            44.05131972,
            42.87716594
          ],
          [
            44.05131273,
            42.87717627
          ],
          [
            44.05130573,
            42.87718727
          ],
          [
            44.05129807,
            42.87719793
          ],
          [
            44.05129174,
            42.87720826
          ],
          [
            44.05128441,
            42.87721826
          ],
          [
            44.05127675,
            42.87722859
          ],
          [
            44.05126942,
            42.87723925
          ],
          [
            44.05126242,
            42.87724958
          ],
          [
            44.05125543,
            42.87725991
          ],
          [
            44.05124943,
            42.87727091
          ],
          [
            44.0512431,
            42.8772819
          ],
          [
            44.05123611,
            42.87729256
          ],
          [
            44.05122911,
            42.87730222
          ],
          [
            44.05122278,
            42.87731155
          ],
          [
            44.05121712,
            42.87732221
          ],
          [
            44.05121246,
            42.87733354
          ],
          [
            44.05120746,
            42.8773442
          ],
          [
            44.05120113,
            42.87735453
          ],
          [
            44.05119414,
            42.87736553
          ],
          [
            44.05118714,
            42.87737619
          ],
          [
            44.05118048,
            42.87738652
          ],
          [
            44.05117382,
            42.87739651
          ],
          [
            44.05116682,
            42.87740651
          ],
          [
            44.05116016,
            42.87741684
          ],
          [
            44.05115283,
            42.87742684
          ],
          [
            44.05114584,
            42.87743684
          ],
          [
            44.05113751,
            42.87744617
          ],
          [
            44.05112785,
            42.87745516
          ],
          [
            44.05111819,
            42.87746382
          ],
          [
            44.05110886,
            42.87747315
          ],
          [
            44.05109953,
            42.87748215
          ],
          [
            44.05108987,
            42.87749114
          ],
          [
            44.05108054,
            42.87750013
          ],
          [
            44.05107255,
            42.87750946
          ],
          [
            44.05106289,
            42.87751779
          ],
          [
            44.05105323,
            42.87752612
          ],
          [
            44.05104323,
            42.87753445
          ],
          [
            44.05103324,
            42.87754344
          ],
          [
            44.05102424,
            42.8775521
          ],
          [
            44.05101525,
            42.87756143
          ],
          [
            44.05100659,
            42.87756943
          ],
          [
            44.05099726,
            42.87757776
          ],
          [
            44.05098793,
            42.87758609
          ],
          [
            44.05097827,
            42.87759442
          ],
          [
            44.05096894,
            42.87760341
          ],
          [
            44.05095994,
            42.87761274
          ],
          [
            44.05095195,
            42.87762173
          ],
          [
            44.05094462,
            42.87763039
          ],
          [
            44.05093763,
            42.87763972
          ],
          [
            44.0509303,
            42.87764838
          ],
          [
            44.0509223,
            42.87765704
          ],
          [
            44.05091331,
            42.8776657
          ],
          [
            44.05090498,
            42.87767336
          ],
          [
            44.05089565,
            42.87768202
          ],
          [
            44.05088499,
            42.87768935
          ],
          [
            44.050873,
            42.87769601
          ],
          [
            44.050862,
            42.877703
          ],
          [
            44.05085267,
            42.87771033
          ],
          [
            44.05084334,
            42.87771799
          ],
          [
            44.05083334,
            42.87772699
          ],
          [
            44.05082401,
            42.87773565
          ],
          [
            44.05081468,
            42.87774331
          ],
          [
            44.05080502,
            42.87775131
          ],
          [
            44.05079569,
            42.87775997
          ],
          [
            44.05078903,
            42.8777673
          ],
          [
            44.05078537,
            42.87777196
          ],
          [
            44.05078338,
            42.87777395
          ],
          [
            44.05078172,
            42.87777561
          ],
          [
            44.05077675,
            42.8777766
          ],
          [
            44.05077542,
            42.87777726
          ],
          [
            44.05077276,
            42.87778025
          ],
          [
            44.05076943,
            42.87778558
          ],
          [
            44.05076443,
            42.87779124
          ],
          [
            44.05075943,
            42.87779857
          ],
          [
            44.05075443,
            42.87780723
          ],
          [
            44.0507501,
            42.87781556
          ],
          [
            44.05074644,
            42.87782455
          ],
          [
            44.05074144,
            42.87783388
          ],
          [
            44.05073644,
            42.87784387
          ],
          [
            44.05073111,
            42.87785353
          ],
          [
            44.05072578,
            42.87786286
          ],
          [
            44.05071912,
            42.87787252
          ],
          [
            44.05071079,
            42.87788218
          ],
          [
            44.05070246,
            42.87789184
          ],
          [
            44.05069513,
            42.87790184
          ],
          [
            44.0506878,
            42.87791183
          ],
          [
            44.05068014,
            42.87792183
          ],
          [
            44.05067181,
            42.87793116
          ],
          [
            44.05066248,
            42.87794049
          ],
          [
            44.05065248,
            42.87795015
          ],
          [
            44.05064148,
            42.87796015
          ],
          [
            44.05063048,
            42.87796914
          ],
          [
            44.05061849,
            42.87797747
          ],
          [
            44.0506065,
            42.87798547
          ],
          [
            44.05059417,
            42.8779938
          ],
          [
            44.05058218,
            42.87800313
          ],
          [
            44.05056952,
            42.87801179
          ],
          [
            44.05055786,
            42.87802045
          ],
          [
            44.0505472,
            42.87802944
          ],
          [
            44.05053587,
            42.87803744
          ],
          [
            44.05052287,
            42.8780451
          ],
          [
            44.05050987,
            42.87805176
          ],
          [
            44.05049688,
            42.87805842
          ],
          [
            44.05048489,
            42.87806475
          ],
          [
            44.05047323,
            42.87807141
          ],
          [
            44.05046224,
            42.87807807
          ],
          [
            44.05045091,
            42.87808406
          ],
          [
            44.05044025,
            42.87809039
          ],
          [
            44.05042959,
            42.87809672
          ],
          [
            44.05042026,
            42.87810405
          ],
          [
            44.05041026,
            42.87811104
          ],
          [
            44.05040093,
            42.8781177
          ],
          [
            44.05039227,
            42.87812469
          ],
          [
            44.05038294,
            42.87813202
          ],
          [
            44.05037395,
            42.87813968
          ],
          [
            44.05036462,
            42.87814768
          ],
          [
            44.05035596,
            42.87815601
          ],
          [
            44.05034796,
            42.87816401
          ],
          [
            44.05033897,
            42.87817234
          ],
          [
            44.05033097,
            42.87818133
          ],
          [
            44.05032431,
            42.87819133
          ],
          [
            44.05032032,
            42.87820132
          ],
          [
            44.05031832,
            42.87821132
          ],
          [
            44.05031599,
            42.87822131
          ],
          [
            44.05031333,
            42.87822931
          ],
          [
            44.05030867,
            42.87823597
          ],
          [
            44.05030501,
            42.8782433
          ],
          [
            44.05030202,
            42.8782513
          ],
          [
            44.05029869,
            42.87825863
          ],
          [
            44.0502957,
            42.87826562
          ],
          [
            44.05029037,
            42.87827195
          ],
          [
            44.05028304,
            42.87827861
          ],
          [
            44.05027571,
            42.87828494
          ],
          [
            44.05026838,
            42.8782916
          ],
          [
            44.05026338,
            42.87829826
          ],
          [
            44.05026039,
            42.87830225
          ],
          [
            44.05025839,
            42.87830524
          ],
          [
            44.05025673,
            42.8783069
          ],
          [
            44.05025572,
            42.87830823
          ],
          [
            44.05025439,
            42.87830956
          ],
          [
            44.05025206,
            42.87831289
          ],
          [
            44.0502494,
            42.87831822
          ],
          [
            44.05024674,
            42.87832455
          ],
          [
            44.05024375,
            42.87833188
          ],
          [
            44.05024042,
            42.87833954
          ],
          [
            44.05023676,
            42.87834754
          ],
          [
            44.0502331,
            42.87835587
          ],
          [
            44.05022944,
            42.87836553
          ],
          [
            44.05022678,
            42.87837419
          ],
          [
            44.05022345,
            42.87838252
          ],
          [
            44.05021979,
            42.87839052
          ],
          [
            44.05021613,
            42.87839818
          ],
          [
            44.05021347,
            42.87840584
          ],
          [
            44.05021181,
            42.87841384
          ],
          [
            44.05020948,
            42.87842217
          ],
          [
            44.05020682,
            42.8784305
          ],
          [
            44.05020282,
            42.87843816
          ],
          [
            44.05019883,
            42.87844515
          ],
          [
            44.0501945,
            42.87845215
          ],
          [
            44.05018951,
            42.87845848
          ],
          [
            44.05018485,
            42.87846547
          ],
          [
            44.05018119,
            42.87847313
          ],
          [
            44.05017819,
            42.87848113
          ],
          [
            44.05017553,
            42.87848846
          ],
          [
            44.05017353,
            42.87849546
          ],
          [
            44.0501712,
            42.87850312
          ],
          [
            44.0501692,
            42.87851045
          ],
          [
            44.05016654,
            42.87851811
          ],
          [
            44.05016355,
            42.87852544
          ],
          [
            44.05016056,
            42.87853177
          ],
          [
            44.05015823,
            42.87853876
          ],
          [
            44.0501559,
            42.87854576
          ],
          [
            44.05015324,
            42.87855342
          ],
          [
            44.05015091,
            42.87856108
          ],
          [
            44.05014825,
            42.87856908
          ],
          [
            44.05014659,
            42.87857708
          ],
          [
            44.05014493,
            42.87858407
          ],
          [
            44.0501426,
            42.87859107
          ],
          [
            44.0501406,
            42.87859773
          ],
          [
            44.05013894,
            42.87860439
          ],
          [
            44.05013694,
            42.87861105
          ],
          [
            44.05013461,
            42.87861771
          ],
          [
            44.05013195,
            42.87862504
          ],
          [
            44.05012862,
            42.8786317
          ],
          [
            44.05012629,
            42.8786387
          ],
          [
            44.05012296,
            42.87864536
          ],
          [
            44.05011963,
            42.87865236
          ],
          [
            44.05011697,
            42.87865935
          ],
          [
            44.05011531,
            42.87866601
          ],
          [
            44.05011498,
            42.87867334
          ],
          [
            44.05011399,
            42.87868
          ],
          [
            44.05011299,
            42.87868699
          ],
          [
            44.05011066,
            42.87869332
          ],
          [
            44.05010833,
            42.87869965
          ],
          [
            44.05010667,
            42.87870698
          ],
          [
            44.05010534,
            42.87871364
          ],
          [
            44.05010268,
            42.87872063
          ],
          [
            44.05009868,
            42.87872662
          ],
          [
            44.05009435,
            42.87873228
          ],
          [
            44.05008969,
            42.87873827
          ],
          [
            44.05008436,
            42.87874527
          ],
          [
            44.05007903,
            42.87875226
          ],
          [
            44.0500747,
            42.87875892
          ],
          [
            44.05007037,
            42.87876625
          ],
          [
            44.05006738,
            42.87877425
          ],
          [
            44.05006405,
            42.87878158
          ],
          [
            44.05006172,
            42.87878991
          ],
          [
            44.05005939,
            42.8787979
          ],
          [
            44.05005739,
            42.87880523
          ],
          [
            44.05005606,
            42.87881356
          ],
          [
            44.05005473,
            42.87882156
          ],
          [
            44.0500534,
            42.87883022
          ],
          [
            44.05005107,
            42.87883788
          ],
          [
            44.05004908,
            42.87884588
          ],
          [
            44.05004675,
            42.87885321
          ],
          [
            44.05004376,
            42.87886154
          ],
          [
            44.05004143,
            42.8788692
          ],
          [
            44.0500401,
            42.8788772
          ],
          [
            44.05003844,
            42.8788852
          ],
          [
            44.05003611,
            42.87889286
          ],
          [
            44.05003345,
            42.87890152
          ],
          [
            44.05003046,
            42.87890918
          ],
          [
            44.05002813,
            42.87891718
          ],
          [
            44.05002514,
            42.87892551
          ],
          [
            44.05002314,
            42.87893351
          ],
          [
            44.05002081,
            42.87894184
          ],
          [
            44.05001915,
            42.87895017
          ],
          [
            44.05001715,
            42.87895916
          ],
          [
            44.05001682,
            42.87896782
          ],
          [
            44.05001616,
            42.87897615
          ],
          [
            44.0500155,
            42.87898548
          ],
          [
            44.05001517,
            42.87899381
          ],
          [
            44.05001418,
            42.87900181
          ],
          [
            44.05001319,
            42.87901014
          ],
          [
            44.05001253,
            42.87901847
          ],
          [
            44.05001187,
            42.87902647
          ],
          [
            44.05001187,
            42.8790358
          ],
          [
            44.0500122,
            42.87904446
          ],
          [
            44.0500122,
            42.87905312
          ],
          [
            44.05001253,
            42.87906145
          ],
          [
            44.0500122,
            42.87907078
          ],
          [
            44.05001187,
            42.87907944
          ],
          [
            44.05001154,
            42.8790881
          ],
          [
            44.05001021,
            42.87909576
          ],
          [
            44.05000855,
            42.87910309
          ],
          [
            44.05000689,
            42.87911075
          ],
          [
            44.05000556,
            42.87911808
          ],
          [
            44.05000457,
            42.87912641
          ],
          [
            44.05000391,
            42.87913507
          ],
          [
            44.05000424,
            42.8791434
          ],
          [
            44.05000457,
            42.87915173
          ],
          [
            44.05000523,
            42.87916006
          ],
          [
            44.05000556,
            42.87916839
          ],
          [
            44.05000523,
            42.87917639
          ],
          [
            44.05000424,
            42.87918572
          ],
          [
            44.05000324,
            42.87919505
          ],
          [
            44.05000191,
            42.87920404
          ],
          [
            44.05000091,
            42.87921337
          ],
          [
            44.04999958,
            42.8792217
          ],
          [
            44.04999958,
            42.87923069
          ],
          [
            44.04999958,
            42.87924069
          ],
          [
            44.04999892,
            42.87925002
          ],
          [
            44.04999859,
            42.87925968
          ],
          [
            44.04999759,
            42.87926867
          ],
          [
            44.04999726,
            42.87927766
          ],
          [
            44.0499956,
            42.87928632
          ],
          [
            44.04999294,
            42.87929598
          ],
          [
            44.04999094,
            42.87930597
          ],
          [
            44.04998994,
            42.87931563
          ],
          [
            44.04998795,
            42.87932496
          ],
          [
            44.04998529,
            42.87933395
          ],
          [
            44.0499823,
            42.87934195
          ],
          [
            44.04997864,
            42.87934995
          ],
          [
            44.04997431,
            42.87935894
          ],
          [
            44.04997098,
            42.8793676
          ],
          [
            44.04996898,
            42.87937693
          ],
          [
            44.04996732,
            42.87938626
          ],
          [
            44.04996633,
            42.87939592
          ],
          [
            44.049965,
            42.87940525
          ],
          [
            44.04996434,
            42.87941425
          ],
          [
            44.04996235,
            42.87942291
          ],
          [
            44.04996002,
            42.8794299
          ],
          [
            44.04995869,
            42.87943423
          ],
          [
            44.0499577,
            42.87943589
          ],
          [
            44.04995737,
            42.87943788
          ],
          [
            44.04995637,
            42.87943755
          ],
          [
            44.04995504,
            42.87943788
          ],
          [
            44.04995238,
            42.87944187
          ],
          [
            44.04995005,
            42.87944653
          ],
          [
            44.04994872,
            42.87945219
          ],
          [
            44.04994706,
            42.87945885
          ],
          [
            44.04994506,
            42.87946551
          ],
          [
            44.0499414,
            42.87947351
          ],
          [
            44.04993674,
            42.87948217
          ],
          [
            44.04993275,
            42.87949083
          ],
          [
            44.04992976,
            42.87949949
          ],
          [
            44.04992643,
            42.87950715
          ],
          [
            44.0499231,
            42.87951514
          ],
          [
            44.0499191,
            42.87952347
          ],
          [
            44.04991544,
            42.87953147
          ],
          [
            44.04991144,
            42.8795398
          ],
          [
            44.04990678,
            42.87954879
          ],
          [
            44.04990178,
            42.87955812
          ],
          [
            44.04989745,
            42.87956778
          ],
          [
            44.04989312,
            42.87957677
          ],
          [
            44.04988779,
            42.87958577
          ],
          [
            44.04988113,
            42.87959443
          ],
          [
            44.0498758,
            42.87960342
          ],
          [
            44.04987147,
            42.87961275
          ],
          [
            44.04986681,
            42.87962275
          ],
          [
            44.04986215,
            42.87963174
          ],
          [
            44.04985582,
            42.87964073
          ],
          [
            44.04984949,
            42.87964972
          ],
          [
            44.04984283,
            42.87965872
          ],
          [
            44.0498355,
            42.87966738
          ],
          [
            44.04982884,
            42.87967471
          ],
          [
            44.04982118,
            42.87968171
          ],
          [
            44.04981252,
            42.87968904
          ],
          [
            44.04980486,
            42.87969704
          ],
          [
            44.0497962,
            42.8797057
          ],
          [
            44.04978787,
            42.8797137
          ],
          [
            44.04977854,
            42.8797217
          ],
          [
            44.04976955,
            42.8797297
          ],
          [
            44.04976089,
            42.87973803
          ],
          [
            44.04975323,
            42.87974736
          ],
          [
            44.04974523,
            42.87975669
          ],
          [
            44.04973757,
            42.87976569
          ],
          [
            44.04972991,
            42.87977535
          ],
          [
            44.04972191,
            42.87978535
          ],
          [
            44.04971525,
            42.87979534
          ],
          [
            44.04970926,
            42.87980467
          ],
          [
            44.04970293,
            42.87981367
          ],
          [
            44.04969627,
            42.879823
          ],
          [
            44.04968994,
            42.87983266
          ],
          [
            44.04968261,
            42.87984232
          ],
          [
            44.04967562,
            42.87985231
          ],
          [
            44.04966862,
            42.87986197
          ],
          [
            44.04966196,
            42.8798713
          ],
          [
            44.0496553,
            42.87988096
          ],
          [
            44.04964831,
            42.87989062
          ],
          [
            44.04964098,
            42.87989995
          ],
          [
            44.04963332,
            42.87990928
          ],
          [
            44.04962532,
            42.87991927
          ],
          [
            44.04961666,
            42.87992826
          ],
          [
            44.04960733,
            42.87993759
          ],
          [
            44.04959834,
            42.87994725
          ],
          [
            44.04959034,
            42.87995791
          ],
          [
            44.04958301,
            42.87996891
          ],
          [
            44.04957435,
            42.87997957
          ],
          [
            44.04956402,
            42.87998923
          ],
          [
            44.04955302,
            42.87999889
          ],
          [
            44.04954302,
            42.88000955
          ],
          [
            44.04953469,
            42.88002021
          ],
          [
            44.04952603,
            42.88003154
          ],
          [
            44.04951704,
            42.8800422
          ],
          [
            44.04950771,
            42.88005353
          ],
          [
            44.04949671,
            42.88006352
          ],
          [
            44.04948405,
            42.88007152
          ],
          [
            44.04947039,
            42.88007652
          ],
          [
            44.04945506,
            42.88007852
          ],
          [
            44.04943973,
            42.88008051
          ],
          [
            44.04942807,
            42.88008117
          ],
          [
            44.04942141,
            42.8800815
          ],
          [
            44.04941775,
            42.88008183
          ],
          [
            44.04941476,
            42.88008183
          ],
          [
            44.04940976,
            42.8800805
          ],
          [
            44.04940243,
            42.88007984
          ],
          [
            44.04939143,
            42.8800815
          ],
          [
            44.04937877,
            42.8800835
          ],
          [
            44.04936411,
            42.88008549
          ],
          [
            44.04934778,
            42.88008882
          ],
          [
            44.04933212,
            42.88009182
          ],
          [
            44.04931679,
            42.88009581
          ],
          [
            44.04930013,
            42.88009947
          ],
          [
            44.04928413,
            42.88010313
          ],
          [
            44.0492688,
            42.88010746
          ],
          [
            44.04925347,
            42.88011179
          ],
          [
            44.04923814,
            42.88011645
          ],
          [
            44.04922315,
            42.88012078
          ],
          [
            44.04920715,
            42.88012578
          ],
          [
            44.04919182,
            42.88013144
          ],
          [
            44.04917649,
            42.8801371
          ],
          [
            44.0491615,
            42.88014143
          ],
          [
            44.04914617,
            42.88014643
          ],
          [
            44.04913184,
            42.88015109
          ],
          [
            44.04911784,
            42.88015608
          ],
          [
            44.04910418,
            42.88016174
          ],
          [
            44.04909018,
            42.88016774
          ],
          [
            44.04907552,
            42.88017407
          ],
          [
            44.04906152,
            42.8801804
          ],
          [
            44.04904686,
            42.88018639
          ],
          [
            44.04903286,
            42.88019272
          ],
          [
            44.0490192,
            42.88019972
          ],
          [
            44.04900554,
            42.88020705
          ],
          [
            44.04899221,
            42.88021505
          ],
          [
            44.04897821,
            42.88022305
          ],
          [
            44.04896421,
            42.88023138
          ],
          [
            44.04895088,
            42.88023938
          ],
          [
            44.04893722,
            42.88024771
          ],
          [
            44.04892389,
            42.88025571
          ],
          [
            44.04891056,
            42.88026337
          ],
          [
            44.04889723,
            42.88027137
          ],
          [
            44.0488839,
            42.8802797
          ],
          [
            44.04886957,
            42.8802877
          ],
          [
            44.04885524,
            42.88029603
          ],
          [
            44.04884191,
            42.88030436
          ],
          [
            44.04883192,
            42.88031136
          ],
          [
            44.04882659,
            42.88031502
          ],
          [
            44.04882326,
            42.88031635
          ],
          [
            44.04881862,
            42.88031735
          ],
          [
            44.04881729,
            42.88031768
          ],
          [
            44.04881396,
            42.88032201
          ],
          [
            44.04880697,
            42.880328
          ],
          [
            44.04879764,
            42.880334
          ],
          [
            44.04878598,
            42.88033999
          ],
          [
            44.04877232,
            42.88034465
          ],
          [
            44.04875766,
            42.88034798
          ],
          [
            44.04874133,
            42.88035097
          ],
          [
            44.048725,
            42.88035363
          ],
          [
            44.04870834,
            42.88035629
          ],
          [
            44.04869201,
            42.88035962
          ],
          [
            44.04867601,
            42.88036395
          ],
          [
            44.04866035,
            42.88036828
          ],
          [
            44.04864569,
            42.88037361
          ],
          [
            44.04863169,
            42.88037927
          ],
          [
            44.04861703,
            42.8803856
          ],
          [
            44.0486017,
            42.88039193
          ],
          [
            44.04858604,
            42.88039792
          ],
          [
            44.04857038,
            42.88040325
          ],
          [
            44.04855505,
            42.88040858
          ],
          [
            44.04853939,
            42.88041324
          ],
          [
            44.04852439,
            42.8804179
          ],
          [
            44.04850973,
            42.88042256
          ],
          [
            44.04849374,
            42.88042689
          ],
          [
            44.04847774,
            42.88043155
          ],
          [
            44.04846141,
            42.88043621
          ],
          [
            44.04844508,
            42.88044054
          ],
          [
            44.04842809,
            42.88044353
          ],
          [
            44.0484111,
            42.88044752
          ],
          [
            44.04839477,
            42.88045118
          ],
          [
            44.04837844,
            42.88045451
          ],
          [
            44.04836211,
            42.88045751
          ],
          [
            44.04834545,
            42.8804605
          ],
          [
            44.04832812,
            42.88046216
          ],
          [
            44.04831046,
            42.88046416
          ],
          [
            44.04829313,
            42.88046515
          ],
          [
            44.04827614,
            42.88046648
          ],
          [
            44.04825915,
            42.88046714
          ],
          [
            44.04824249,
            42.88046747
          ],
          [
            44.04822483,
            42.88046846
          ],
          [
            44.04820784,
            42.88046979
          ],
          [
            44.04819085,
            42.88046979
          ],
          [
            44.04817419,
            42.88046913
          ],
          [
            44.04815686,
            42.8804688
          ],
          [
            44.04813886,
            42.88046913
          ],
          [
            44.0481222,
            42.88046946
          ],
          [
            44.04810554,
            42.88046913
          ],
          [
            44.04808954,
            42.88046747
          ],
          [
            44.04807321,
            42.88046648
          ],
          [
            44.04805688,
            42.88046648
          ],
          [
            44.04804022,
            42.88046515
          ],
          [
            44.04802389,
            42.88046382
          ],
          [
            44.04800789,
            42.88046216
          ],
          [
            44.04799156,
            42.88046083
          ],
          [
            44.0479759,
            42.8804605
          ],
          [
            44.04795924,
            42.88046017
          ],
          [
            44.04794258,
            42.8804615
          ],
          [
            44.04792725,
            42.88046216
          ],
          [
            44.04791192,
            42.88046183
          ],
          [
            44.04789726,
            42.88046117
          ],
          [
            44.04788193,
            42.88046017
          ],
          [
            44.0478676,
            42.88045884
          ],
          [
            44.04785227,
            42.88045785
          ],
          [
            44.04783694,
            42.88045752
          ],
          [
            44.04782128,
            42.88045719
          ],
          [
            44.04780495,
            42.88045686
          ],
          [
            44.04778995,
            42.88045819
          ],
          [
            44.04777496,
            42.88046018
          ],
          [
            44.04775997,
            42.88046284
          ],
          [
            44.04774497,
            42.8804635
          ],
          [
            44.04772998,
            42.8804635
          ],
          [
            44.04771499,
            42.88046217
          ],
          [
            44.04769999,
            42.88046051
          ],
          [
            44.04768566,
            42.88045818
          ],
          [
            44.047671,
            42.88045618
          ],
          [
            44.04765634,
            42.88045385
          ],
          [
            44.04764135,
            42.88045019
          ],
          [
            44.04762602,
            42.88044686
          ],
          [
            44.04760936,
            42.88044353
          ],
          [
            44.04759237,
            42.88044087
          ],
          [
            44.04757571,
            42.88043788
          ],
          [
            44.04755838,
            42.88043455
          ],
          [
            44.04754139,
            42.88043156
          ],
          [
            44.0475244,
            42.88042757
          ],
          [
            44.04750774,
            42.88042458
          ],
          [
            44.04749108,
            42.88042125
          ],
          [
            44.04747575,
            42.88041725
          ],
          [
            44.04746175,
            42.88041259
          ],
          [
            44.04744875,
            42.88040526
          ],
          [
            44.04743609,
            42.88039726
          ],
          [
            44.04742343,
            42.8803896
          ],
          [
            44.0474091,
            42.88038394
          ],
          [
            44.04739444,
            42.88037895
          ],
          [
            44.04737978,
            42.88037429
          ],
          [
            44.04736478,
            42.8803703
          ],
          [
            44.04734945,
            42.88036697
          ],
          [
            44.04733246,
            42.88036498
          ],
          [
            44.04731646,
            42.88036298
          ],
          [
            44.04730013,
            42.88036032
          ],
          [
            44.0472838,
            42.88035832
          ],
          [
            44.04726747,
            42.88035633
          ],
          [
            44.04725014,
            42.88035567
          ],
          [
            44.04723248,
            42.880356
          ],
          [
            44.04721515,
            42.88035766
          ],
          [
            44.04719816,
            42.88036065
          ],
          [
            44.04718117,
            42.88036298
          ],
          [
            44.04716451,
            42.88036531
          ],
          [
            44.04714851,
            42.8803673
          ],
          [
            44.04713285,
            42.88036963
          ],
          [
            44.04711752,
            42.88037163
          ],
          [
            44.04710153,
            42.88037296
          ],
          [
            44.04708587,
            42.88037396
          ],
          [
            44.04707054,
            42.88037495
          ],
          [
            44.04705554,
            42.88037695
          ],
          [
            44.04704055,
            42.88038028
          ],
          [
            44.04702589,
            42.88038261
          ],
          [
            44.04701123,
            42.8803856
          ],
          [
            44.04699723,
            42.88038926
          ],
          [
            44.04698457,
            42.88039426
          ],
          [
            44.04697324,
            42.88039926
          ],
          [
            44.04696224,
            42.88040325
          ],
          [
            44.04694958,
            42.88040658
          ],
          [
            44.04693625,
            42.88040791
          ],
          [
            44.04692292,
            42.88040758
          ],
          [
            44.04691093,
            42.88040658
          ],
          [
            44.04690027,
            42.88040459
          ],
          [
            44.04689394,
            42.88040259
          ],
          [
            44.04689028,
            42.88040093
          ],
          [
            44.04688729,
            42.88039927
          ],
          [
            44.04688529,
            42.88039794
          ],
          [
            44.04688397,
            42.88039562
          ],
          [
            44.04688264,
            42.88039595
          ],
          [
            44.04687669,
            42.88039826
          ],
          [
            44.04687768,
            42.88039959
          ],
          [
            44.04687768,
            42.88040258
          ],
          [
            44.04687635,
            42.88040791
          ],
          [
            44.04687435,
            42.88041557
          ],
          [
            44.04687169,
            42.8804239
          ],
          [
            44.04686736,
            42.88043323
          ],
          [
            44.04686103,
            42.88044123
          ],
          [
            44.04685303,
            42.88044956
          ],
          [
            44.04684337,
            42.88045689
          ],
          [
            44.04683337,
            42.88046422
          ],
          [
            44.04682304,
            42.88047188
          ],
          [
            44.04681238,
            42.88047954
          ],
          [
            44.04680172,
            42.88048754
          ],
          [
            44.04679072,
            42.88049587
          ],
          [
            44.04678039,
            42.8805042
          ],
          [
            44.04676973,
            42.88051253
          ],
          [
            44.04675973,
            42.88052086
          ],
          [
            44.04674974,
            42.88052852
          ],
          [
            44.04674041,
            42.88053585
          ],
          [
            44.04673042,
            42.88054285
          ],
          [
            44.04672076,
            42.88055018
          ],
          [
            44.04671177,
            42.88055751
          ],
          [
            44.04670278,
            42.88056451
          ],
          [
            44.04669412,
            42.88057117
          ],
          [
            44.04668546,
            42.8805775
          ],
          [
            44.04667713,
            42.88058383
          ],
          [
            44.04666947,
            42.88058883
          ],
          [
            44.04666214,
            42.88059416
          ],
          [
            44.04665581,
            42.88059982
          ],
          [
            44.04665182,
            42.88060648
          ],
          [
            44.04664883,
            42.88061448
          ],
          [
            44.04664584,
            42.88062114
          ],
          [
            44.04664218,
            42.88062813
          ],
          [
            44.04663819,
            42.88063479
          ],
          [
            44.04663419,
            42.88064145
          ],
          [
            44.0466302,
            42.88064811
          ],
          [
            44.04662687,
            42.88065477
          ],
          [
            44.04662454,
            42.88066277
          ],
          [
            44.04662388,
            42.88067176
          ],
          [
            44.04662421,
            42.88067976
          ],
          [
            44.04662621,
            42.88068642
          ],
          [
            44.0466282,
            42.88069175
          ],
          [
            44.04662986,
            42.88069541
          ],
          [
            44.04663319,
            42.88069774
          ],
          [
            44.04663819,
            42.8807004
          ],
          [
            44.04664485,
            42.88070206
          ],
          [
            44.04665418,
            42.88070272
          ],
          [
            44.04666518,
            42.88070139
          ],
          [
            44.04667551,
            42.88069873
          ],
          [
            44.04668717,
            42.8806974
          ],
          [
            44.0466985,
            42.88069674
          ],
          [
            44.04670916,
            42.8806974
          ],
          [
            44.04671649,
            42.88069773
          ],
          [
            44.04672115,
            42.88069707
          ],
          [
            44.04672381,
            42.88069674
          ],
          [
            44.04672814,
            42.8806974
          ],
          [
            44.04673614,
            42.88069839
          ],
          [
            44.04674613,
            42.88069905
          ],
          [
            44.04675746,
            42.88069872
          ],
          [
            44.04676846,
            42.88069972
          ],
          [
            44.04677946,
            42.88070171
          ],
          [
            44.04678946,
            42.88070437
          ],
          [
            44.04679812,
            42.8807077
          ],
          [
            44.04680645,
            42.88071203
          ],
          [
            44.04681311,
            42.88071636
          ],
          [
            44.04681777,
            42.88072102
          ],
          [
            44.04682043,
            42.88072568
          ],
          [
            44.04682142,
            42.88073134
          ],
          [
            44.04682109,
            42.88073733
          ],
          [
            44.04682043,
            42.88074332
          ],
          [
            44.04681943,
            42.88074865
          ],
          [
            44.04681877,
            42.88075431
          ],
          [
            44.04681644,
            42.88075931
          ],
          [
            44.04681545,
            42.88076397
          ],
          [
            44.04681379,
            42.88076963
          ],
          [
            44.0468108,
            42.88077496
          ],
          [
            44.04680614,
            42.88078029
          ],
          [
            44.04680148,
            42.88078595
          ],
          [
            44.04679648,
            42.88079228
          ],
          [
            44.04679182,
            42.88079861
          ],
          [
            44.04678682,
            42.88080361
          ],
          [
            44.04678282,
            42.8808076
          ],
          [
            44.04678016,
            42.88081026
          ],
          [
            44.04677751,
            42.88081325
          ],
          [
            44.04677618,
            42.88080896
          ],
          [
            44.04677519,
            42.88080565
          ],
          [
            44.04677387,
            42.88080366
          ],
          [
            44.04677221,
            42.88080399
          ],
          [
            44.04676956,
            42.88080266
          ],
          [
            44.04677089,
            42.880802
          ],
          [
            44.04676856,
            42.88080167
          ],
          [
            44.0467659,
            42.88080002
          ],
          [
            44.04676756,
            42.88080068
          ],
          [
            44.04676855,
            42.88080267
          ],
          [
            44.04676955,
            42.88080566
          ],
          [
            44.04677088,
            42.88080732
          ],
          [
            44.04677286,
            42.88081129
          ],
          [
            44.0467722,
            42.88081262
          ],
          [
            44.0467692,
            42.88081462
          ],
          [
            44.04676487,
            42.88081661
          ],
          [
            44.04675821,
            42.88081927
          ],
          [
            44.04674921,
            42.8808226
          ],
          [
            44.04674022,
            42.88082593
          ],
          [
            44.04673123,
            42.88082959
          ],
          [
            44.04672257,
            42.88083358
          ],
          [
            44.04671324,
            42.88083724
          ],
          [
            44.04670524,
            42.88084023
          ],
          [
            44.04669691,
            42.88084322
          ],
          [
            44.04668991,
            42.88084655
          ],
          [
            44.04668425,
            42.88084988
          ],
          [
            44.04667892,
            42.88085188
          ],
          [
            44.04667526,
            42.88085354
          ],
          [
            44.04667093,
            42.88085454
          ],
          [
            44.0466666,
            42.8808552
          ],
          [
            44.04666194,
            42.88085619
          ],
          [
            44.04665695,
            42.88085685
          ],
          [
            44.04665062,
            42.88085652
          ],
          [
            44.04664296,
            42.88085718
          ],
          [
            44.0466363,
            42.88085784
          ],
          [
            44.04662964,
            42.88085784
          ],
          [
            44.04662298,
            42.88085784
          ],
          [
            44.04661565,
            42.88085917
          ],
          [
            44.04660799,
            42.88086117
          ],
          [
            44.04660133,
            42.88086517
          ],
          [
            44.046596,
            42.88086983
          ],
          [
            44.04659167,
            42.88087582
          ],
          [
            44.04658834,
            42.88088248
          ],
          [
            44.04658535,
            42.88088947
          ],
          [
            44.04658269,
            42.88089613
          ],
          [
            44.04658003,
            42.88090279
          ],
          [
            44.04657803,
            42.88091012
          ],
          [
            44.04657537,
            42.88091778
          ],
          [
            44.04657304,
            42.88092578
          ],
          [
            44.04657171,
            42.88093411
          ],
          [
            44.04657105,
            42.88094277
          ],
          [
            44.04657138,
            42.8809501
          ],
          [
            44.04657204,
            42.88095676
          ],
          [
            44.04657237,
            42.88096309
          ],
          [
            44.04657303,
            42.88097042
          ],
          [
            44.04657369,
            42.88097708
          ],
          [
            44.04657336,
            42.88098408
          ],
          [
            44.04657303,
            42.88099074
          ],
          [
            44.0465717,
            42.8809964
          ],
          [
            44.04657104,
            42.88100073
          ],
          [
            44.04657005,
            42.88100573
          ],
          [
            44.04656839,
            42.88100839
          ],
          [
            44.04656839,
            42.88101105
          ],
          [
            44.04657202,
            42.88101238
          ],
          [
            44.04657368,
            42.88101271
          ],
          [
            44.04657634,
            42.88101271
          ],
          [
            44.046578,
            42.88101073
          ],
          [
            44.04657667,
            42.88101073
          ],
          [
            44.04657401,
            42.88101273
          ],
          [
            44.04657002,
            42.88101672
          ],
          [
            44.04656669,
            42.88102105
          ],
          [
            44.04656203,
            42.88102438
          ],
          [
            44.04655703,
            42.88102771
          ],
          [
            44.04655203,
            42.88103171
          ],
          [
            44.0465477,
            42.88103637
          ],
          [
            44.04654237,
            42.88104037
          ],
          [
            44.04653737,
            42.88104403
          ],
          [
            44.04653171,
            42.88104669
          ],
          [
            44.04652572,
            42.88104935
          ],
          [
            44.04651973,
            42.88105201
          ],
          [
            44.04651374,
            42.88105434
          ],
          [
            44.04650808,
            42.88105767
          ],
          [
            44.04650208,
            42.881061
          ],
          [
            44.04649709,
            42.88106433
          ],
          [
            44.04649309,
            42.88106833
          ],
          [
            44.0464871,
            42.88107232
          ],
          [
            44.04648144,
            42.88107632
          ],
          [
            44.04647611,
            42.88107998
          ],
          [
            44.04647078,
            42.88108397
          ],
          [
            44.04646512,
            42.88108797
          ],
          [
            44.04645946,
            42.88109196
          ],
          [
            44.0464538,
            42.88109562
          ],
          [
            44.04644681,
            42.88109895
          ],
          [
            44.04643948,
            42.88110261
          ],
          [
            44.04643282,
            42.8811066
          ],
          [
            44.04642716,
            42.88111093
          ],
          [
            44.04642283,
            42.88111359
          ],
          [
            44.04641917,
            42.88111725
          ],
          [
            44.04641384,
            42.88112024
          ],
          [
            44.04641051,
            42.88112224
          ],
          [
            44.04640685,
            42.88112424
          ],
          [
            44.04640285,
            42.8811269
          ],
          [
            44.04639852,
            42.88112923
          ],
          [
            44.04639519,
            42.88113189
          ],
          [
            44.04639386,
            42.88113422
          ],
          [
            44.04639353,
            42.88113755
          ],
          [
            44.04639287,
            42.88113987
          ],
          [
            44.04639287,
            42.88114087
          ],
          [
            44.04639386,
            42.8811422
          ],
          [
            44.04639552,
            42.88114519
          ],
          [
            44.04639718,
            42.88114752
          ],
          [
            44.04639951,
            42.88114952
          ],
          [
            44.04640417,
            42.88115218
          ],
          [
            44.0464105,
            42.88115417
          ],
          [
            44.04641716,
            42.88115617
          ],
          [
            44.04642282,
            42.88115883
          ],
          [
            44.04642881,
            42.88116116
          ],
          [
            44.04643481,
            42.88116515
          ],
          [
            44.04644014,
            42.88116948
          ],
          [
            44.04644547,
            42.88117347
          ],
          [
            44.04644913,
            42.8811778
          ],
          [
            44.04645312,
            42.88118313
          ],
          [
            44.04645711,
            42.88118879
          ],
          [
            44.04646077,
            42.88119412
          ],
          [
            44.04646376,
            42.88119945
          ],
          [
            44.04646742,
            42.88120478
          ],
          [
            44.04647108,
            42.88120978
          ],
          [
            44.04647374,
            42.88121411
          ],
          [
            44.0464764,
            42.88122077
          ],
          [
            44.04647773,
            42.88122743
          ],
          [
            44.04647872,
            42.88123409
          ],
          [
            44.04648105,
            42.88124075
          ],
          [
            44.04648404,
            42.88124875
          ],
          [
            44.04648604,
            42.88125708
          ],
          [
            44.04648737,
            42.88126441
          ],
          [
            44.0464897,
            42.88127107
          ],
          [
            44.0464937,
            42.88127706
          ],
          [
            44.04649969,
            42.88128239
          ],
          [
            44.04650702,
            42.88128638
          ],
          [
            44.04651535,
            42.88128937
          ],
          [
            44.04652401,
            42.88129137
          ],
          [
            44.04653367,
            42.8812937
          ],
          [
            44.04654266,
            42.88129536
          ],
          [
            44.04655099,
            42.88129536
          ],
          [
            44.04655565,
            42.88129536
          ],
          [
            44.04655996,
            42.88129701
          ],
          [
            44.04656129,
            42.88129701
          ],
          [
            44.04656294,
            42.88129966
          ],
          [
            44.04656427,
            42.88129867
          ],
          [
            44.04656726,
            42.88129734
          ],
          [
            44.04656992,
            42.88129601
          ],
          [
            44.04657458,
            42.88129535
          ],
          [
            44.04657991,
            42.88129634
          ],
          [
            44.04658724,
            42.88129867
          ],
          [
            44.0465949,
            42.88129933
          ],
          [
            44.04660156,
            42.88129733
          ],
          [
            44.04660622,
            42.88129334
          ],
          [
            44.04660955,
            42.88128968
          ],
          [
            44.04661288,
            42.88128602
          ],
          [
            44.04661887,
            42.88128469
          ],
          [
            44.04662653,
            42.88128436
          ],
          [
            44.04663386,
            42.88128502
          ],
          [
            44.04664019,
            42.88128601
          ],
          [
            44.04664452,
            42.88128734
          ],
          [
            44.04664718,
            42.88128933
          ],
          [
            44.04664884,
            42.88129266
          ],
          [
            44.04664983,
            42.88129665
          ],
          [
            44.04665116,
            42.88130064
          ],
          [
            44.04665116,
            42.8813053
          ],
          [
            44.0466505,
            42.88131096
          ],
          [
            44.04665083,
            42.88131529
          ],
          [
            44.0466505,
            42.88132028
          ],
          [
            44.04665349,
            42.88132561
          ],
          [
            44.04665582,
            42.88133094
          ],
          [
            44.04665748,
            42.88133393
          ],
          [
            44.04665814,
            42.88133726
          ],
          [
            44.04666014,
            42.88133992
          ],
          [
            44.04666247,
            42.88134225
          ],
          [
            44.0466648,
            42.88134358
          ],
          [
            44.04666713,
            42.88134591
          ],
          [
            44.04666946,
            42.8813489
          ],
          [
            44.04667212,
            42.88135223
          ],
          [
            44.04667445,
            42.88135489
          ],
          [
            44.04667645,
            42.88135655
          ],
          [
            44.04668044,
            42.88135821
          ],
          [
            44.04668443,
            42.88135987
          ],
          [
            44.04668843,
            42.88136053
          ],
          [
            44.04669442,
            42.88136119
          ],
          [
            44.04670041,
            42.88136152
          ],
          [
            44.04670474,
            42.88136185
          ],
          [
            44.04670807,
            42.88136119
          ],
          [
            44.04671206,
            42.88135986
          ],
          [
            44.04671505,
            42.88135886
          ],
          [
            44.04671804,
            42.88135886
          ],
          [
            44.04672136,
            42.88135952
          ],
          [
            44.04672402,
            42.88135719
          ],
          [
            44.04672766,
            42.88135686
          ],
          [
            44.04672899,
            42.88135752
          ],
          [
            44.04673099,
            42.88135885
          ],
          [
            44.04673232,
            42.88135885
          ],
          [
            44.04673629,
            42.88135753
          ],
          [
            44.04674095,
            42.88135919
          ],
          [
            44.04674761,
            42.88136052
          ],
          [
            44.04675627,
            42.88135986
          ],
          [
            44.0467656,
            42.88135886
          ],
          [
            44.0467756,
            42.8813582
          ],
          [
            44.04678493,
            42.88135853
          ],
          [
            44.04679426,
            42.88135952
          ],
          [
            44.04680226,
            42.88135985
          ],
          [
            44.04680892,
            42.88136151
          ],
          [
            44.04681558,
            42.88136384
          ],
          [
            44.04682291,
            42.88136717
          ],
          [
            44.04682957,
            42.8813705
          ],
          [
            44.04683556,
            42.88137316
          ],
          [
            44.04684089,
            42.88137549
          ],
          [
            44.04684688,
            42.88137749
          ],
          [
            44.04685454,
            42.88138015
          ],
          [
            44.0468632,
            42.88138381
          ],
          [
            44.04687153,
            42.88138581
          ],
          [
            44.04688019,
            42.88138714
          ],
          [
            44.04688952,
            42.88138714
          ],
          [
            44.04689952,
            42.88138648
          ],
          [
            44.04690651,
            42.88138415
          ],
          [
            44.04691351,
            42.88138149
          ],
          [
            44.04691851,
            42.88137916
          ],
          [
            44.04692484,
            42.88137717
          ],
          [
            44.04693183,
            42.88137517
          ],
          [
            44.04693883,
            42.88137184
          ],
          [
            44.04694316,
            42.88136984
          ],
          [
            44.04694749,
            42.88136951
          ],
          [
            44.04695415,
            42.88136951
          ],
          [
            44.04696148,
            42.88136918
          ],
          [
            44.04696948,
            42.88136918
          ],
          [
            44.04697748,
            42.88136818
          ],
          [
            44.04698481,
            42.88136585
          ],
          [
            44.04699047,
            42.88136185
          ],
          [
            44.0469968,
            42.88135786
          ],
          [
            44.04700346,
            42.8813542
          ],
          [
            44.04701112,
            42.88135154
          ],
          [
            44.04701978,
            42.88134921
          ],
          [
            44.04702744,
            42.88134588
          ],
          [
            44.04703544,
            42.88134055
          ],
          [
            44.04704377,
            42.88133456
          ],
          [
            44.0470511,
            42.8813289
          ],
          [
            44.04705976,
            42.8813229
          ],
          [
            44.04706742,
            42.88131791
          ],
          [
            44.04707541,
            42.88131358
          ],
          [
            44.04708341,
            42.88131092
          ],
          [
            44.04709307,
            42.88130959
          ],
          [
            44.0471024,
            42.88130859
          ],
          [
            44.04710973,
            42.88130793
          ],
          [
            44.04711739,
            42.8813076
          ],
          [
            44.04712338,
            42.88130694
          ],
          [
            44.04712838,
            42.88130628
          ],
          [
            44.04713271,
            42.88130562
          ],
          [
            44.0471357,
            42.88130429
          ],
          [
            44.04713736,
            42.88130396
          ],
          [
            44.0471357,
            42.8813033
          ],
          [
            44.04714001,
            42.88130032
          ],
          [
            44.04713802,
            42.88130032
          ],
          [
            44.04713769,
            42.88130298
          ],
          [
            44.04713902,
            42.88130798
          ],
          [
            44.04714168,
            42.88131431
          ],
          [
            44.04714401,
            42.88132164
          ],
          [
            44.04714601,
            42.88133063
          ],
          [
            44.047148,
            42.88133929
          ],
          [
            44.04714966,
            42.88134795
          ],
          [
            44.04715032,
            42.88135694
          ],
          [
            44.04714899,
            42.8813656
          ],
          [
            44.04714766,
            42.88137426
          ],
          [
            44.04714832,
            42.88138292
          ],
          [
            44.04715065,
            42.88138991
          ],
          [
            44.04715465,
            42.88139624
          ],
          [
            44.04715831,
            42.88140257
          ],
          [
            44.0471613,
            42.88141057
          ],
          [
            44.04716097,
            42.8814179
          ],
          [
            44.04716031,
            42.8814249
          ],
          [
            44.04715998,
            42.88143123
          ],
          [
            44.04716031,
            42.88143689
          ],
          [
            44.04716164,
            42.88144189
          ],
          [
            44.04716597,
            42.88144455
          ],
          [
            44.04717163,
            42.88144688
          ],
          [
            44.04717929,
            42.88144921
          ],
          [
            44.04718662,
            42.88145121
          ],
          [
            44.04719361,
            42.88145287
          ],
          [
            44.04720127,
            42.88145553
          ],
          [
            44.04720893,
            42.88145819
          ],
          [
            44.04721559,
            42.88145919
          ],
          [
            44.04721959,
            42.88145919
          ],
          [
            44.04722125,
            42.88145919
          ],
          [
            44.04722191,
            42.88145786
          ],
          [
            44.04722191,
            42.8814562
          ],
          [
            44.04722158,
            42.88145355
          ],
          [
            44.04722192,
            42.88145388
          ],
          [
            44.04721894,
            42.88145586
          ],
          [
            44.04721761,
            42.88145619
          ],
          [
            44.04721662,
            42.88145752
          ],
          [
            44.04721431,
            42.88146017
          ],
          [
            44.04721431,
            42.88146117
          ],
          [
            44.04721564,
            42.88146216
          ],
          [
            44.04721597,
            42.8814635
          ],
          [
            44.04721664,
            42.88146383
          ],
          [
            44.04721499,
            42.88146151
          ],
          [
            44.04721433,
            42.88145754
          ],
          [
            44.04721633,
            42.88145621
          ],
          [
            44.04721798,
            42.88145422
          ],
          [
            44.04721699,
            42.88145222
          ],
          [
            44.04721599,
            42.88145023
          ],
          [
            44.04721732,
            42.8814479
          ],
          [
            44.04721798,
            42.88144525
          ],
          [
            44.04721931,
            42.88144392
          ],
          [
            44.04722464,
            42.88144259
          ],
          [
            44.0472323,
            42.88144126
          ],
          [
            44.0472423,
            42.88143893
          ],
          [
            44.04725363,
            42.88143693
          ],
          [
            44.04726362,
            42.8814346
          ],
          [
            44.04727495,
            42.88143161
          ],
          [
            44.04728728,
            42.88142928
          ],
          [
            44.04729927,
            42.88142629
          ],
          [
            44.04731126,
            42.88142429
          ],
          [
            44.04732492,
            42.8814223
          ],
          [
            44.04733925,
            42.88142097
          ],
          [
            44.04735458,
            42.88142031
          ],
          [
            44.04736957,
            42.88141965
          ],
          [
            44.0473829,
            42.88141899
          ],
          [
            44.04739323,
            42.88141566
          ],
          [
            44.04740089,
            42.88141033
          ],
          [
            44.04740688,
            42.88140467
          ],
          [
            44.04741221,
            42.88139968
          ],
          [
            44.04741621,
            42.88139602
          ],
          [
            44.04741787,
            42.88139336
          ],
          [
            44.04741887,
            42.8813917
          ],
          [
            44.0474202,
            42.88139137
          ],
          [
            44.04742319,
            42.88139037
          ],
          [
            44.04742719,
            42.88139037
          ],
          [
            44.04743585,
            42.88138938
          ],
          [
            44.04744784,
            42.88138772
          ],
          [
            44.04746017,
            42.88138506
          ],
          [
            44.04747283,
            42.8813814
          ],
          [
            44.04748482,
            42.88137774
          ],
          [
            44.04749515,
            42.88137508
          ],
          [
            44.04750514,
            42.88137308
          ],
          [
            44.0475168,
            42.88137209
          ],
          [
            44.04753046,
            42.88137109
          ],
          [
            44.04754512,
            42.88137043
          ],
          [
            44.04755978,
            42.88137043
          ],
          [
            44.04757411,
            42.88137209
          ],
          [
            44.0475871,
            42.88137409
          ],
          [
            44.0475991,
            42.88137608
          ],
          [
            44.04761043,
            42.88137808
          ],
          [
            44.04762176,
            42.88137974
          ],
          [
            44.04763209,
            42.88137941
          ],
          [
            44.04763675,
            42.88137875
          ],
          [
            44.04763941,
            42.88137809
          ],
          [
            44.04764206,
            42.88137842
          ],
          [
            44.04764472,
            42.88137842
          ],
          [
            44.04764838,
            42.88137875
          ],
          [
            44.04765604,
            42.88137842
          ],
          [
            44.04766503,
            42.88137676
          ],
          [
            44.04767303,
            42.88137243
          ],
          [
            44.04767936,
            42.88136577
          ],
          [
            44.04768369,
            42.88135844
          ],
          [
            44.04768502,
            42.88135278
          ],
          [
            44.04768336,
            42.88134879
          ],
          [
            44.04768136,
            42.88134646
          ],
          [
            44.04768037,
            42.88134381
          ],
          [
            44.04767838,
            42.88134248
          ],
          [
            44.04767705,
            42.8813438
          ]
        ]
      },
      "properties": {
        "name": "Track"
      }
    }
  ]
}