{"type": "FeatureCollection", "features": [{"type": "Feature", "geometry": {"type": "LineString", "coordinates": [[48.30900733, 42.05955933], [48.30916408, 42.05809699], [48.30914675, 42.05807767], [48.3090551, 42.05804571], [48.30903777, 42.05804505], [48.30900411, 42.05804871], [48.30887549, 42.05813], [48.30775356, 42.05822679], [48.30774123, 42.05823145], [48.3077319, 42.05824044], [48.30772724, 42.0582521], [48.30772691, 42.05826476], [48.30309988, 42.05792247], [48.30308455, 42.05791914], [48.30307222, 42.0579208], [48.30302823, 42.05794379], [48.30301157, 42.05794612], [48.30225848, 42.05777573], [48.29733154, 42.05661218], [48.2972299, 42.05657455], [48.29650262, 42.05645656], [48.29645264, 42.05641931], [48.29625204, 42.05635802], [48.29613274, 42.0563537], [48.29514972, 42.05609336], [48.29288715, 42.05555874], [48.2928275, 42.0555594], [48.2872693, 42.05419242], [48.28586572, 42.05381687], [48.28543285, 42.05370099], [48.28332293, 42.05320504], [48.28297053, 42.05363784], [48.2829602, 42.0536435], [48.28281724, 42.05362551], [48.28106663, 42.05349828], [48.28089978, 42.05377648], [48.28089912, 42.05378814], [48.28090378, 42.0537978], [48.28085482, 42.05393806], [48.28083916, 42.05394306], [48.28082183, 42.05394639], [48.28007844, 42.05379967], [48.28004911, 42.05379402], [48.27912377, 42.0535877], [48.27911611, 42.0535877], [48.27913811, 42.05371623], [48.27912246, 42.05369427], [48.27887333, 42.05402149], [48.27884967, 42.05403248], [48.27804866, 42.05377023], [48.27802867, 42.05374424], [48.27801102, 42.05370291], [48.27800269, 42.05369191], [48.27799236, 42.05368258], [48.27752949, 42.05353808], [48.27736455, 42.05347347], [48.27734822, 42.05346814], [48.27733189, 42.05346614], [48.27684438, 42.05342722], [48.27550709, 42.05277133], [48.27423685, 42.05126879], [48.27508139, 42.04996536], [48.27519069, 42.04990006], [48.27330616, 42.04843867], [48.27330682, 42.04843201], [48.27300629, 42.04843367], [48.27300695, 42.04843833], [48.27290336, 42.04834536], [48.27287128, 42.04843425], [48.27286129, 42.04843292], [48.27284297, 42.04836095], [48.27288551, 42.04843857], [48.27296259, 42.04839192], [48.27292545, 42.04837603], [48.26285902, 42.04239053], [48.26287135, 42.04240485], [48.26338047, 42.042271], [48.26382428, 42.0421179], [48.26415451, 42.04190322], [48.26239949, 42.04140791], [48.26003383, 42.04077246], [48.25993956, 42.04067318], [48.2599259, 42.04066719], [48.25459194, 42.03892751], [48.25460692, 42.03898382], [48.25461625, 42.03898981], [48.25463529, 42.03884598], [48.25469294, 42.03881166], [48.25471326, 42.03879233], [48.25133294, 42.03663205], [48.25006759, 42.03326677], [48.25110844, 42.03343307], [48.25115542, 42.03345038], [48.25120573, 42.03345737], [48.25123839, 42.03345438], [48.25158499, 42.03286902], [48.2516733, 42.03287901], [48.25174428, 42.03295332], [48.25167531, 42.03288002], [48.25157201, 42.03284106], [48.25152069, 42.03283973], [48.25149936, 42.03284373], [48.25148237, 42.03284972], [48.25146837, 42.03285838], [48.25144671, 42.03287971], [48.25160057, 42.03285113], [48.25163922, 42.03285912], [48.25208537, 42.03317394], [48.25259519, 42.03320818], [48.25301472, 42.03307199], [48.2530787, 42.03302602], [48.25315495, 42.03285008], [48.25318228, 42.03283242], [48.254437, 42.03404284], [48.25445233, 42.03404817], [48.25448432, 42.03405083], [48.25501181, 42.03377666], [48.25524996, 42.03302433], [48.25718394, 42.03086561], [48.25728458, 42.03024096], [48.25748566, 42.02958854], [48.25766191, 42.02950226], [48.25798844, 42.02949063], [48.25841939, 42.02960648], [48.25839307, 42.02964014], [48.25802871, 42.02965674], [48.25824727, 42.02950991], [48.25826226, 42.02950925], [48.25839895, 42.02939921], [48.25872641, 42.02920851], [48.25890001, 42.02915188], [48.25893592, 42.02879404], [48.25936975, 42.02846423], [48.25939138, 42.02838761], [48.25936674, 42.02828032], [48.25937073, 42.02827166], [48.25948435, 42.02825603], [48.25963763, 42.02818609], [48.26016266, 42.02754005], [48.26030318, 42.02722716], [48.26035046, 42.02711487], [48.2603621, 42.02703856], [48.26036976, 42.02702723], [48.26038009, 42.02701657], [48.26039375, 42.02700724], [48.26041008, 42.02699958], [48.26042774, 42.02699359], [48.26084493, 42.02691032], [48.2607882, 42.0268741], [48.26078853, 42.02686444], [48.26079419, 42.02685578], [48.2610857, 42.02651559], [48.26112701, 42.02650094], [48.26130349, 42.02641096], [48.26227183, 42.02585201], [48.26089564, 42.02363283], [48.26090664, 42.02362183], [48.26091464, 42.02361017], [48.2609127, 42.02331145], [48.24987262, 42.02459352], [48.23840956, 42.02533364], [48.23839456, 42.02532931], [48.23804843, 42.02514716], [48.23764688, 42.02501997], [48.23568363, 42.02511514], [48.2343055, 42.02500955], [48.23313187, 42.02505851], [48.23177403, 42.02458915], [48.23019062, 42.02486546], [48.22814832, 42.02540733], [48.22643126, 42.02562987], [48.22559888, 42.02553062], [48.21842794, 42.02368637], [48.21678766, 42.02254347], [48.21642113, 42.02235065], [48.21562951, 42.02176435], [48.21481094, 42.02097382], [48.20692706, 42.01656898], [48.20387811, 42.01495555], [48.20340701, 42.01479543], [48.20230184, 42.01442478], [48.20200861, 42.01442581], [48.20129985, 42.01443681], [48.20087797, 42.01449735], [48.1895548, 42.01757181], [48.18956982, 42.01759006], [48.18954336, 42.01758448], [48.18934639, 42.01766613], [48.18932839, 42.01765114], [48.18846876, 42.01744488], [48.18445425, 42.01972738], [48.18325821, 42.0198511], [48.18179196, 42.02062337], [48.18086198, 42.02067075], [48.18064106, 42.0207043], [48.18037516, 42.02078583], [48.17736977, 42.02128639], [48.1720329, 42.02417846], [48.17202157, 42.02419212], [48.17134053, 42.02467613], [48.16694166, 42.02862543], [48.16575133, 42.03005939], [48.16552046, 42.03026128], [48.16513977, 42.0309186], [48.1651354, 42.03112013], [48.16506042, 42.03115644], [48.16492052, 42.03137535], [48.16454507, 42.03176446], [48.16290731, 42.03341993], [48.1624743, 42.03407615], [48.15958206, 42.03782227], [48.15954442, 42.0378899], [48.15890311, 42.03864488], [48.15869793, 42.03894473], [48.15860805, 42.03894642], [48.15863237, 42.03895408], [48.15864703, 42.03895608], [48.15866136, 42.03895175], [48.15865304, 42.03899707], [48.15743951, 42.04090607], [48.15743818, 42.04091806], [48.15724143, 42.04158992], [48.15764824, 42.04140942], [48.15805002, 42.04131723], [48.15873812, 42.04110913], [48.15876611, 42.04109714], [48.15881513, 42.04101752], [48.15672331, 42.04416473], [48.15693565, 42.04415087], [48.15690825, 42.04430795], [48.15696826, 42.04417426], [48.15669559, 42.0442509], [48.15438359, 42.04721365], [48.15420164, 42.04737524], [48.15419464, 42.04738657], [48.15419431, 42.04752086], [48.15419231, 42.04753386], [48.15418665, 42.04754619], [48.15298992, 42.04922336], [48.15071478, 42.05204612], [48.1477184, 42.05209841], [48.14770107, 42.05209808], [48.14586498, 42.0517958], [48.14580399, 42.05182545], [48.14578833, 42.05182778], [48.14575567, 42.05182645], [48.14541118, 42.05146829], [48.14436088, 42.05037268], [48.14309835, 42.04987518], [48.14304875, 42.04974824], [48.14200042, 42.04857855], [48.14120245, 42.04830822], [48.1411928, 42.04823526], [48.14130442, 42.0480973], [48.14131707, 42.04806997], [48.1413224, 42.04804065], [48.14132174, 42.04802599], [48.14127345, 42.04792702], [48.14028548, 42.04774226], [48.13893591, 42.0479876], [48.13842172, 42.0480958], [48.13722148, 42.04821159], [48.13720615, 42.04820759], [48.13670807, 42.0482835], [48.13619452, 42.0486871], [48.13557383, 42.04930545], [48.13543957, 42.04945571], [48.13508035, 42.04954492], [48.13348529, 42.04946348], [48.13346297, 42.04945082], [48.13343198, 42.04944384], [48.13341665, 42.04944351], [48.13338632, 42.04945349], [48.13324203, 42.04953378], [48.13322937, 42.04954377], [48.13321904, 42.04955543], [48.13305945, 42.05003353], [48.12869716, 42.05308319], [48.12803904, 42.05334365], [48.12686941, 42.05150482], [48.12614129, 42.05019839], [48.12621706, 42.04890056], [48.12576728, 42.04866532], [48.12571948, 42.0486171], [48.12569062, 42.04865027], [48.12365593, 42.04953451], [48.12318812, 42.04982963], [48.12317712, 42.04983763], [48.12316779, 42.04984763], [48.12314514, 42.04990261], [48.12254464, 42.05112538], [48.12226672, 42.051182], [48.12225206, 42.05117834], [48.12223906, 42.05117168], [48.1222284, 42.05116269], [48.12222141, 42.05115236], [48.12282127, 42.04898275], [48.12299473, 42.04852895], [48.12309477, 42.04810176], [48.12308944, 42.04808743], [48.12306479, 42.04805111], [48.1230548, 42.04802546], [48.12316233, 42.04668957], [48.12242412, 42.04569063], [48.12254724, 42.04502684], [48.12255323, 42.0449139], [48.1232026, 42.04433654], [48.12387694, 42.04290713], [48.12402144, 42.04257591], [48.12413296, 42.04232139], [48.12449941, 42.04153649], [48.12456937, 42.04147652], [48.12527584, 42.0395537], [48.12529617, 42.03953971], [48.12536274, 42.03935682], [48.12562887, 42.03882172], [48.12669734, 42.03692729], [48.12744192, 42.03520272], [48.12748526, 42.03453231], [48.12746362, 42.034469], [48.12182233, 42.03164606], [48.12159441, 42.03172032], [48.11883169, 42.03116838], [48.11786872, 42.03066913], [48.11778176, 42.03060485], [48.11757151, 42.03042794], [48.11735193, 42.03022974], [48.11725544, 42.0293974], [48.11751632, 42.0290809], [48.11751233, 42.02906891], [48.1172188, 42.02885105], [48.1120229, 42.02512346], [48.11206585, 42.02487426], [48.11194933, 42.02505], [48.10928079, 42.02353323], [48.10926213, 42.02351824], [48.1092478, 42.02351291], [48.10881026, 42.02345471], [48.1053772, 42.02270984], [48.10508062, 42.02255893], [48.10506329, 42.02255427], [48.10504429, 42.02255228], [48.10500497, 42.0225546], [48.10491566, 42.0225649], [48.104902, 42.02256856], [48.10487369, 42.02259155], [48.10277547, 42.02495922], [48.1024226, 42.0251431], [48.10065291, 42.02594776], [48.09875398, 42.02658669], [48.09874799, 42.02659535], [48.09851072, 42.02669458], [48.09850339, 42.02670191], [48.09780762, 42.02680249], [48.09773133, 42.02686879], [48.09771633, 42.02687912], [48.09740778, 42.02703101], [48.09725382, 42.02712393], [48.09666268, 42.02721345], [48.09495493, 42.02666679], [48.09493194, 42.02665347], [48.09461638, 42.02665447], [48.09288713, 42.02706785], [48.09273453, 42.02722245], [48.0923821, 42.02767783], [48.09237577, 42.02768849], [48.09179697, 42.02786301], [48.09175998, 42.02787899], [48.09107821, 42.02818246], [48.08956323, 42.02877842], [48.0882407, 42.02943157], [48.08610372, 42.03048315], [48.08527865, 42.03060899], [48.08502803, 42.03089849], [48.08500922, 42.03090245], [48.08500757, 42.03089947], [48.08501549, 42.03089055], [48.08502241, 42.03089022], [48.08493006, 42.0308803], [48.08493007, 42.03086116], [48.08493867, 42.03087668], [48.08492333, 42.03089652], [48.08445872, 42.03067874], [48.08429812, 42.03069838], [48.08423881, 42.03068407], [48.08291718, 42.02959241], [48.0822414, 42.02906202], [48.08220809, 42.02901737], [48.08117018, 42.0280858], [48.08107954, 42.02800984], [48.08085196, 42.02778394], [48.07946655, 42.02679855], [48.07949781, 42.02672632], [48.07870016, 42.02602139], [48.07868783, 42.02601873], [48.07861819, 42.02603236], [48.0786022, 42.0260307], [48.07858787, 42.02602571], [48.07834652, 42.02423781], [48.07610701, 42.02089406], [48.07610568, 42.0208854], [48.07320288, 42.01466129], [48.07191849, 42.01327056], [48.07181055, 42.01315361], [48.06987187, 42.00996375], [48.06638009, 42.00345626], [48.06402231, 42.00052165], [48.06392435, 42.00049034], [48.06349548, 42.00025113], [48.06274938, 42.00005308], [48.06163579, 41.99952556], [48.06153182, 41.99948059], [48.0603501, 41.99914229], [48.05876767, 41.9985298], [48.05805723, 41.99829238], [48.05782865, 41.9982188], [48.05774801, 41.99821082], [48.05755772, 41.99823476], [48.05750473, 41.99822678], [48.05717582, 41.9980329], [48.05716249, 41.99802257], [48.0571315, 41.99800625], [48.05709551, 41.99799626], [48.05687858, 41.99795666], [48.05566901, 41.99736671], [48.05361512, 41.99764798], [48.05352486, 41.99765828], [48.05350988, 41.9976343], [48.05260554, 41.99753544], [48.04847383, 41.99583708], [48.04806663, 41.99567718], [48.04805497, 41.99566918], [48.04804764, 41.99566019], [48.04730241, 41.99529482], [48.04710148, 41.99529283], [48.04678825, 41.99539976], [48.04675259, 41.99540841], [48.04411013, 41.9951198], [48.04240729, 41.99513457], [48.03953011, 41.99552403], [48.03779702, 41.99538869], [48.03551469, 41.99568798], [48.03547569, 41.99568232], [48.03547237, 41.99567725], [48.03551808, 41.99581941], [48.03552263, 41.99583225], [48.03550524, 41.99584846], [48.03380019, 41.99603903], [48.03376886, 41.99604568], [48.03354561, 41.99604502], [48.03334166, 41.99613261], [48.0329075, 41.99654877], [48.03287985, 41.99656576], [48.03205843, 41.99662828], [48.03164024, 41.99659734], [48.02822187, 41.99530776], [48.02837647, 41.99540727], [48.0208056, 41.99386525], [48.02037825, 41.99242254], [48.0202883, 41.99230426], [48.02017938, 41.99213732], [48.02016705, 41.99213066], [48.02015372, 41.992128], [48.02015035, 41.99203304], [48.02013802, 41.99201471], [48.02012669, 41.99200838], [48.02011336, 41.99200572], [48.00929488, 41.99339405], [48.00721286, 41.99566544], [48.00697494, 41.99574803], [48.00683399, 41.99580565], [48.00120072, 41.99748973], [48.00118806, 41.99750006], [48.00110977, 41.99759268], [48.00110378, 41.99760401], [48.00110079, 41.997616], [48.00134375, 41.9984784], [48.00134242, 41.99849173], [48.00133843, 41.99850372], [48.00133077, 41.99851505], [48.00127912, 41.99855203], [48.00118588, 41.99862565], [48.00117722, 41.99861465], [48.00116523, 41.99860665], [48.00115157, 41.99860132], [47.99701829, 41.99766999], [47.99697098, 41.99766766], [47.99418715, 41.99893646], [47.99349879, 42.00045182], [47.9934688, 42.00046715], [47.9934558, 42.00047614], [47.99308966, 42.00096424], [47.99308101, 42.00103255], [47.99130253, 42.0032387], [47.99125124, 42.00334366], [47.99124024, 42.00335166], [47.99122558, 42.00335799], [47.99120958, 42.00336165], [47.98993027, 42.00345484], [47.98987529, 42.00346216], [47.98864362, 42.00300635], [47.98844501, 42.00296342], [47.9865332, 42.00172073], [47.98636593, 42.00171175], [47.98379856, 42.00247493], [47.98216449, 42.00297872], [47.98191689, 42.00292714], [47.97553239, 42.00125084], [47.97538409, 42.00131173], [47.97538375, 42.0012929], [47.97539899, 42.00131747], [47.97539238, 42.00130065], [47.97537341, 42.00126676], [47.97539518, 42.00129417], [47.97379461, 42.00026171], [47.97377895, 42.00026537], [47.97352537, 42.00040659], [47.97350737, 42.00040825], [47.97347238, 42.00040293], [47.97345539, 42.00039593], [47.97185153, 41.99963446], [47.96856253, 41.99841247], [47.95916755, 41.9995218], [47.9542308, 42.00011291], [47.95099624, 42.00114197], [47.94865427, 42.00162672], [47.94635243, 41.99979943], [47.94631078, 41.99978979], [47.94437935, 42.00042196], [47.94411385, 42.00048027], [47.94314502, 42.00095214], [47.92333092, 41.99238893], [47.92334381, 41.9923767], [47.91903401, 41.99096401], [47.91771736, 41.99216263], [47.91765937, 41.99215798], [47.90685589, 41.98900083], [47.90330204, 41.98844605], [47.90323372, 41.98843541], [47.90294482, 41.98825318], [47.90290483, 41.98819454], [47.90249563, 41.9880726], [47.90238267, 41.98811492], [47.90236801, 41.98812258], [47.90227206, 41.98823154], [47.90198964, 41.9887979], [47.90158311, 41.98910007], [47.90157778, 41.98911473], [47.90157312, 41.98917138], [47.90157578, 41.98918571], [47.90158111, 41.98919871], [47.90202892, 41.98962686], [47.9024591, 41.98973473], [47.90320685, 41.99007282], [47.90340613, 41.99008643], [47.90345845, 41.99010709], [47.90353241, 41.99017239], [47.90354272, 41.99021204], [47.90333016, 41.99050661], [47.90345172, 41.99079718], [47.90352302, 41.99089447], [47.90351699, 41.99151761], [47.90331275, 41.99167821], [47.90312946, 41.99175582], [47.90311313, 41.99175416], [47.9030968, 41.99175017], [47.90238501, 41.9915797], [47.90155093, 41.99148357], [47.90120837, 41.99137498], [47.90118804, 41.99137199], [47.89990015, 41.9914083], [47.89986683, 41.99140963], [47.8996417, 41.99134837], [47.8997327, 41.99125304], [47.89977601, 41.99098832], [47.89977368, 41.99097466], [47.89976036, 41.99095134], [47.89975604, 41.99040091], [47.89990232, 41.99021768], [47.89989699, 41.99020768], [47.89982674, 41.99021994], [47.89969221, 41.99030444], [47.89967989, 41.99025678], [47.89989438, 41.99038054], [47.89987039, 41.99039086], [47.89978042, 41.99040149], [47.89975809, 41.99041815], [47.89974876, 41.99043115], [47.89971811, 41.9905419], [47.8997311, 41.99053557], [47.8997411, 41.99052591], [47.89974943, 41.99051391], [47.89966954, 41.99023075], [47.89891184, 41.98959493], [47.8988459, 41.98941197], [47.89878993, 41.98933766], [47.8987686, 41.98931434], [47.89872828, 41.98928736], [47.89871928, 41.98927636], [47.89862537, 41.98906877], [47.89860005, 41.98904644], [47.89845442, 41.98898113], [47.89833147, 41.98891784], [47.89831347, 41.98891418], [47.89805858, 41.98874028], [47.89800893, 41.98871096], [47.89794462, 41.98868931], [47.89747652, 41.98843738], [47.89746719, 41.98845371], [47.89745619, 41.98846771], [47.89702235, 41.98876987], [47.89700602, 41.9887712], [47.89628958, 41.98848043], [47.89608598, 41.98853305], [47.89607232, 41.98854138], [47.89378193, 41.9883609], [47.88377678, 41.99411275], [47.88301281, 41.99436033], [47.88203991, 41.99454047], [47.87944255, 41.99539665], [47.879187, 41.99517744], [47.87903008, 41.99505816], [47.87889913, 41.9950728], [47.87889347, 41.99508346], [47.87913699, 41.99684424], [47.87916165, 41.99684756], [47.87917331, 41.9968449], [47.87933192, 41.99686391], [47.87946921, 41.99698645], [47.87935999, 41.99691933], [47.8790425, 41.99685372], [47.87578104, 41.99515419], [47.87576804, 41.99515219], [47.87418305, 41.99342765], [47.87417771, 41.99334701], [47.87149702, 41.99233424], [47.87087788, 41.99210144], [47.87075265, 41.9917453], [47.87079193, 41.99170075], [47.8707876, 41.99169276], [47.87078893, 41.99168476], [47.87088556, 41.99163715], [47.87105713, 41.99162348], [47.87106379, 41.99161248], [47.87097515, 41.99166245], [47.87095949, 41.99167045], [47.87090751, 41.99168443], [47.87088952, 41.99168576], [47.87087186, 41.9916831], [47.8708572, 41.99167611], [47.87084854, 41.99166745], [47.87084655, 41.99165879], [47.87085021, 41.99165079], [47.87091946, 41.99162817], [47.87092812, 41.99163116], [47.87102105, 41.9916108], [47.87099677, 41.99163414], [47.87098011, 41.99164013], [47.87096312, 41.99164379], [47.87094679, 41.99164412], [47.87093446, 41.99164013], [47.87091552, 41.99159016], [47.87090488, 41.99164604], [47.87089364, 41.99164439], [47.87091016, 41.99164208], [47.87090556, 41.99162678], [47.87089391, 41.99163677], [47.87090186, 41.99163413], [47.8708949, 41.99162358], [47.87088629, 41.99160279], [47.8708777, 41.99161072], [47.87089354, 41.99161767], [47.87087919, 41.9914345], [47.87085389, 41.99158275], [47.87085455, 41.99159541], [47.87002431, 41.99172168], [47.86995201, 41.991741], [47.86928059, 41.99146196], [47.86872744, 41.99153014], [47.86489681, 41.990932], [47.86475952, 41.99085971], [47.86438731, 41.99075383], [47.86437098, 41.99075017], [47.86275262, 41.98894266], [47.86201793, 41.98717281], [47.86186491, 41.98661174], [47.8596623, 41.98592077], [47.85906784, 41.98586779], [47.85901619, 41.98588177], [47.85881291, 41.98596836], [47.85864966, 41.98611797], [47.85833645, 41.98624287], [47.85801455, 41.98630042], [47.85736343, 41.98585533], [47.85728812, 41.98584001], [47.85726846, 41.98583968], [47.8540184, 41.98668311], [47.85194106, 41.98426671], [47.85190345, 41.98412109], [47.8512201, 41.98347541], [47.84015944, 41.98164947], [47.84012312, 41.9816588], [47.83868288, 41.9813405], [47.83843195, 41.98123957], [47.83841562, 41.98123457], [47.83839929, 41.98123424], [47.83838396, 41.9812379], [47.83781414, 41.98145004], [47.83776049, 41.98144339], [47.83774149, 41.98144273], [47.8377235, 41.98144372], [47.83753723, 41.98150366], [47.83752423, 41.98151299], [47.83749425, 41.98155131], [47.83748359, 41.98155897], [47.83747093, 41.98156463], [47.83621303, 41.98187429], [47.83601812, 41.98193155], [47.83600279, 41.98193754], [47.83573389, 41.98201576], [47.83571723, 41.98202109], [47.83510237, 41.98220957], [47.83501474, 41.98225218], [47.83490644, 41.98229448], [47.83489278, 41.98230181], [47.83474916, 41.9823901], [47.83467785, 41.98243541], [47.83458888, 41.98248272], [47.83453824, 41.98252403], [47.83452691, 41.98253669], [47.83445629, 41.98268232], [47.83441398, 41.98273263], [47.83431606, 41.9829039], [47.8342764, 41.98293756], [47.83377495, 41.98321702], [47.8334121, 41.9835439], [47.83053913, 41.98613618], [47.8283488, 41.98717777], [47.82834247, 41.9871871], [47.82820196, 41.98872755], [47.82820262, 41.98874021], [47.82818931, 41.98877586], [47.82814532, 41.98881417], [47.82604701, 41.98885677], [47.82602702, 41.98886676], [47.82602303, 41.98887509], [47.82611033, 41.98888784], [47.82612699, 41.98888384], [47.8262023, 41.98887552], [47.8262203, 41.98887153], [47.82623363, 41.9888652], [47.82623796, 41.9888582], [47.82623296, 41.9888532], [47.8260627, 41.98886184], [47.82604637, 41.98886683], [47.82603237, 41.98887449], [47.82602038, 41.98888415], [47.82601138, 41.98889548], [47.82589938, 41.98888418], [47.82478474, 41.98903921], [47.82135101, 41.99214159], [47.82133036, 41.99220955], [47.82124377, 41.99220626], [47.82106349, 41.992121], [47.81933279, 41.99049153], [47.81934699, 41.99049616], [47.81893245, 41.98967527], [47.81925696, 41.98948209], [47.82001327, 41.98727115], [47.81877968, 41.98699796], [47.81556835, 41.98653144], [47.81044245, 41.98599436], [47.80717087, 41.98651949], [47.80664321, 41.98647228], [47.80530485, 41.98604316], [47.8048001, 41.98581969], [47.80495759, 41.98521903], [47.80499347, 41.98445572], [47.80494055, 41.9842808], [47.80498881, 41.98391328], [47.80506127, 41.98362112], [47.80508306, 41.98361946], [47.80522813, 41.98304321], [47.80542393, 41.98261504], [47.80509001, 41.98208189], [47.8008949, 41.98393243], [47.80076161, 41.98385713], [47.79978304, 41.98353158], [47.7983451, 41.98565094], [47.79737947, 41.98537753], [47.79715929, 41.98512967], [47.79473146, 41.98376474], [47.79472828, 41.98378041], [47.79441116, 41.98382698], [47.78872412, 41.9831584], [47.78790073, 41.98325181], [47.78779283, 41.98323184], [47.7874683, 41.98305733], [47.78647259, 41.98229142], [47.78643997, 41.98221347], [47.78644996, 41.98220948], [47.78621853, 41.98196751], [47.78622019, 41.98195985], [47.7862172, 41.98195286], [47.77879181, 41.98084579], [47.77761038, 41.9812926], [47.77740211, 41.98132318], [47.77697625, 41.98134544], [47.7700542, 41.97777044], [47.76984403, 41.97772252], [47.76950111, 41.97755303], [47.7690666, 41.97750214], [47.76836585, 41.97728579], [47.76817692, 41.97721386], [47.76816059, 41.97721053], [47.76761213, 41.97710237], [47.76672119, 41.97677543], [47.76649493, 41.97670018], [47.76509506, 41.9762054], [47.76435764, 41.97596239], [47.76408942, 41.97582417], [47.76330821, 41.97564242], [47.76025664, 41.97595734], [47.75663638, 41.97657118], [47.75562864, 41.97650536], [47.74517125, 41.97558689], [47.74417918, 41.97644499], [47.74105372, 41.98045652], [47.7411087, 41.98043288], [47.74109338, 41.98045154], [47.74099907, 41.9805199], [47.7421525, 41.98760209], [47.74214251, 41.98760642], [47.74150673, 41.98779688], [47.74149107, 41.98780321], [47.74132376, 41.98790116], [47.74121347, 41.9879368], [47.74119648, 41.98794013], [47.73999954, 41.98817278], [47.73950663, 41.98883974], [47.73952727, 41.98927611], [47.73967443, 41.98981546], [47.73967643, 41.98982846], [47.73967177, 41.98985245], [47.73935471, 41.99024752], [47.73799909, 41.9914251], [47.73579194, 41.99188912], [47.72646073, 41.99245945], [47.72148156, 41.99588755], [47.72060499, 41.99561541], [47.71900174, 42.00307312], [47.7186106, 42.00795344], [47.71862125, 42.00797643], [47.7184555, 42.00835755], [47.7171084, 42.00870926], [47.71709574, 42.00871059], [47.71592213, 42.00884905], [47.71584448, 42.00887202], [47.71516972, 42.00908844], [47.71423716, 42.00948902], [47.71350562, 42.00911953], [47.71437074, 42.00815718], [47.7143481, 42.00810654], [47.714026, 42.0081404], [47.71335009, 42.00837214], [47.71333876, 42.00838014], [47.71303421, 42.0085017], [47.71280128, 42.0085993], [47.71276128, 42.00861395], [47.71138587, 42.00834256], [47.71065785, 42.00850963], [47.71061489, 42.00849961], [47.71094647, 42.00844172], [47.71095847, 42.00843472], [47.71096346, 42.00842672], [47.71096247, 42.00841906], [47.71095614, 42.00841306], [47.70949832, 42.00822533], [47.709556, 42.008243], [47.71009507, 42.008276], [47.71007641, 42.00828666], [47.70733593, 42.00883892], [47.70705109, 42.00912076], [47.70685284, 42.00923902], [47.70682018, 42.00924435], [47.70648796, 42.00919943], [47.7059565, 42.00915187], [47.70504694, 42.00972712], [47.70383837, 42.00997506], [47.70269837, 42.01003724], [47.70131354, 42.00974304], [47.70125423, 42.00971739], [47.69912599, 42.00894751], [47.69806707, 42.00893469], [47.69703208, 42.00856088], [47.69706518, 42.00860014], [47.69680898, 42.00846667], [47.69677966, 42.00846567], [47.696741, 42.00847732], [47.696731, 42.00848498], [47.69670568, 42.00852664], [47.69670303, 42.00857528], [47.69690647, 42.01032729], [47.6969385, 42.01031165], [47.69695083, 42.01031099], [47.69688918, 42.01039023], [47.69687119, 42.01040822], [47.69652299, 42.01053177], [47.69592621, 42.01056405], [47.69553332, 42.01050748], [47.69544269, 42.01048918], [47.69323843, 42.0102097], [47.69273224, 42.01029758], [47.69258662, 42.01034751], [47.69254032, 42.01037348], [47.69222781, 42.01063963], [47.69107354, 42.0108587], [47.68932054, 42.01109149], [47.68913561, 42.01109149], [47.68580438, 42.012121], [47.68335371, 42.01314323], [47.6829812, 42.01321674], [47.68114886, 42.01331052], [47.68106755, 42.0133185], [47.68102123, 42.01331018], [47.68100624, 42.01330518], [47.68067865, 42.01313497], [47.68047479, 42.01296585], [47.68040315, 42.01294355], [47.68039515, 42.01293722], [47.68038283, 42.01291957], [47.67971113, 42.01299689], [47.67595912, 42.01385719], [47.67444668, 42.01402286], [47.6737823, 42.01349717], [47.67335117, 42.01321833], [47.67227142, 42.01243416], [47.67226805, 42.01369452], [47.67002746, 42.01289734], [47.66995515, 42.01290132], [47.6689095, 42.01281217], [47.66869859, 42.01273958], [47.66863461, 42.01271061], [47.66857529, 42.01269363], [47.66840603, 42.01265004], [47.66812413, 42.01256819], [47.66692196, 42.01277999], [47.6667517, 42.0127414], [47.66641616, 42.01252856], [47.66638452, 42.0124759], [47.66637419, 42.01246791], [47.66631921, 42.01244525], [47.66630355, 42.01244292], [47.66522995, 42.01213615], [47.66483546, 42.01203227], [47.66440863, 42.01189247], [47.66291363, 42.01093262], [47.66130884, 42.0097976], [47.66087212, 42.00952055], [47.66078947, 42.00949659], [47.6603233, 42.00936482], [47.660203, 42.00932119], [47.66015335, 42.00931554], [47.6600827, 42.00932351], [47.6599784, 42.00929022], [47.65992808, 42.00927457], [47.65958784, 42.00915602], [47.65649019, 42.00870523], [47.6547047, 42.00911304], [47.65447623, 42.00964397], [47.65432244, 42.00946408], [47.65409787, 42.00946836], [47.65265245, 42.00953843], [47.64690715, 42.00830777], [47.64689482, 42.00831276], [47.64662132, 42.00865692], [47.64661133, 42.00866492], [47.64659933, 42.00867125], [47.64643506, 42.00867656], [47.64606186, 42.00844236], [47.64236878, 42.00807504], [47.63870285, 42.01173904], [47.63869162, 42.01174466], [47.63739526, 42.01189631], [47.63737866, 42.0118966], [47.63739541, 42.01188933], [47.63732378, 42.01324314], [47.63727154, 42.01334981], [47.63669784, 42.01321557], [47.6365686, 42.01343647], [47.63648233, 42.01356439], [47.63656929, 42.013673], [47.63570485, 42.01303233], [47.63571451, 42.013023], [47.63572217, 42.01301234], [47.63594234, 42.01271586], [47.63595499, 42.0126902], [47.63594633, 42.01261523], [47.63464109, 42.01182126], [47.63463344, 42.01178562], [47.6346351, 42.01177396], [47.63507105, 42.01125569], [47.63470296, 42.01033457], [47.63456081, 42.01036285], [47.6330976, 42.01032929], [47.63302863, 42.01029367], [47.63207734, 42.00947492], [47.63141077, 42.00833797], [47.63102311, 42.00844703], [47.62968573, 42.00920081], [47.62733435, 42.00726879], [47.62733169, 42.00725779], [47.62710048, 42.00702389], [47.62355471, 42.00632104], [47.62358102, 42.00621141], [47.6236043, 42.00605714], [47.62360496, 42.00604381], [47.62359198, 42.00599249], [47.62408433, 42.00541449], [47.62410198, 42.00533518], [47.62410199, 42.00525956], [47.62413402, 42.00516168], [47.62407769, 42.0051763], [47.62410235, 42.00516898], [47.62412067, 42.00516498], [47.62415927, 42.00515949], [47.62415367, 42.00513062], [47.62406816, 42.00519796], [47.62415995, 42.00515946], [47.62293023, 42.00710725], [47.62267769, 42.00718349], [47.62284396, 42.0073839], [47.62228435, 42.00807335], [47.62185193, 42.00839709], [47.62075773, 42.00876095], [47.62070152, 42.00877525], [47.62030577, 42.00878849], [47.6202942, 42.01019892], [47.61803182, 42.01121553], [47.6172898, 42.01174273], [47.6161997, 42.01403384], [47.61236957, 42.01650748], [47.61241196, 42.01780889], [47.6123809, 42.01781236], [47.61234612, 42.01778668], [47.61222353, 42.01780837], [47.61212396, 42.01833266], [47.61168991, 42.01852752], [47.61151743, 42.01859107], [47.61172637, 42.01859326], [47.61166884, 42.01864192], [47.61162502, 42.01867806], [47.61159632, 42.01863874], [47.60734156, 42.02314445], [47.59606964, 42.0288628], [47.59606402, 42.02886742], [47.59605247, 42.02888726], [47.59312958, 42.03046901], [47.59293834, 42.03062824], [47.59223985, 42.03059895], [47.592256, 42.03037366], [47.59224934, 42.030369], [47.58732776, 42.03001115], [47.58580162, 42.0307836], [47.58587192, 42.0308549], [47.58591024, 42.03085822], [47.5859159, 42.03086221], [47.58565665, 42.03100214], [47.58565632, 42.03098248], [47.57887274, 42.03308559], [47.57684907, 42.03370298], [47.57691204, 42.03374829], [47.57694303, 42.03376328], [47.57709831, 42.03381191], [47.57740192, 42.03400941], [47.57747187, 42.03426329], [47.57747054, 42.03427395], [47.57747818, 42.03430693], [47.57747585, 42.03431892], [47.57730095, 42.03448552], [47.57696609, 42.03472567], [47.57694677, 42.03474966], [47.57667369, 42.03818899], [47.5776134, 42.04008112], [47.58423992, 42.03983958], [47.58692859, 42.04124481], [47.58837454, 42.04143267], [47.58774993, 42.04462203], [47.58742149, 42.04532437], [47.58839349, 42.0530452], [47.5869985, 42.05855477], [47.58791507, 42.06033417], [47.58792716, 42.06107957], [47.58945531, 42.06330087], [47.58948096, 42.06331653], [47.58949995, 42.06333852], [47.58950495, 42.06335052], [47.58950661, 42.06336251], [47.58950428, 42.06337417], [47.58949862, 42.06338616], [47.58946863, 42.06341381], [47.58737896, 42.06334853], [47.587306, 42.0633845], [47.58757524, 42.06366867], [47.58797578, 42.06392217], [47.58898183, 42.06427848], [47.58895084, 42.06429214], [47.58779188, 42.06420432], [47.58777989, 42.06421132], [47.58777289, 42.06421998], [47.58779221, 42.06430327], [47.58782653, 42.06433559], [47.58894184, 42.06455797], [47.58990081, 42.06474646], [47.58989681, 42.06475779], [47.58988881, 42.06476845], [47.58615164, 42.06515351], [47.58613698, 42.0651545], [47.58610333, 42.06516915], [47.58594571, 42.0652301], [47.58620726, 42.06553726], [47.58679509, 42.0655226], [47.58681042, 42.06553026], [47.58688272, 42.06561189], [47.5890853, 42.06584247], [47.58904133, 42.06591009], [47.58809509, 42.06669886], [47.58799617, 42.0671578], [47.58797802, 42.06713667], [47.58863098, 42.0664853], [47.58866329, 42.06653359], [47.58865763, 42.06654392], [47.58863248, 42.06749342], [47.58578246, 42.07303488], [47.58712954, 42.07282276], [47.59694705, 42.07573176], [47.59753483, 42.07574901], [47.59910948, 42.0764708], [47.59912447, 42.07648013], [47.5991408, 42.07648713], [47.59928207, 42.07649845], [47.60054143, 42.07669613], [47.60164941, 42.07998823], [47.60165407, 42.07999689], [47.59975747, 42.08148347], [47.59971483, 42.08153745], [47.59909502, 42.08171453], [47.59876978, 42.08180675], [47.59821895, 42.08195826], [47.59820996, 42.08196459], [47.5982083, 42.08197025], [47.59918333, 42.08205025], [47.59990211, 42.0820093], [47.60111882, 42.08233636], [47.60105456, 42.08250494], [47.6005123, 42.08338169], [47.60050864, 42.08340735], [47.60051197, 42.08342001], [47.60052796, 42.08344399], [47.60055328, 42.08346231], [47.60056894, 42.0834693], [47.60139137, 42.08343738], [47.601495, 42.08343239], [47.60163395, 42.08339109], [47.60249401, 42.08347726], [47.60388206, 42.08359927], [47.60367773, 42.08367526], [47.60371704, 42.08370725], [47.60376369, 42.08373924], [47.60375468, 42.08380784], [47.60378434, 42.08382017], [47.60381831, 42.08379918], [47.6038393, 42.08379719], [47.60395723, 42.08382052], [47.60404089, 42.08386685], [47.60392138, 42.08411929], [47.60392105, 42.08417957], [47.60390439, 42.08419289], [47.60375314, 42.0842735], [47.60362281, 42.08443449], [47.60362381, 42.08442516], [47.60364512, 42.08441216], [47.60350613, 42.08446816], [47.60337293, 42.08467933], [47.60338459, 42.08468566], [47.60340692, 42.08469265], [47.60343725, 42.08469199], [47.60346725, 42.08468699], [47.60364486, 42.08463439], [47.60368318, 42.08462274], [47.60371351, 42.0846234], [47.60374984, 42.08462573], [47.6038125, 42.08463338], [47.60387081, 42.08464603], [47.60384617, 42.08486422], [47.60385049, 42.08490321], [47.60379256, 42.08505078], [47.60376658, 42.08510508], [47.60370425, 42.08509575], [47.60369859, 42.08507976], [47.6036956, 42.0850631], [47.60369928, 42.08503147], [47.60375794, 42.08503446], [47.60378093, 42.08504445], [47.60396398, 42.08545641], [47.60399013, 42.08546198], [47.6036478, 42.08570231], [47.60373811, 42.08564101], [47.60398831, 42.08549518], [47.60400951, 42.0854587], [47.60401821, 42.08547137], [47.603859, 42.08545233], [47.60161719, 42.08669543], [47.60165818, 42.08667511], [47.59801897, 42.08746188], [47.59644815, 42.08784207], [47.59642915, 42.08784141], [47.5896927, 42.08976483], [47.58959073, 42.0898038], [47.58913755, 42.09009029], [47.58874671, 42.09049411], [47.58891481, 42.09141299], [47.58892481, 42.09142032], [47.58893714, 42.09142565], [47.5890221, 42.09143097], [47.58902976, 42.09143796], [47.58903242, 42.09144662], [47.58704322, 42.09233979], [47.58516639, 42.09200266], [47.57720438, 42.09403731], [47.57719338, 42.09404397], [47.57595765, 42.09470948], [47.57516392, 42.09442161], [47.57427479, 42.09438299], [47.5742568, 42.09439198], [47.57424114, 42.09440298], [47.57422881, 42.09441464], [47.57422081, 42.09442864], [47.57421815, 42.09444264], [47.57423012, 42.09451229], [47.57423711, 42.09452495], [47.5742848, 42.09490585], [47.57419221, 42.09511345], [47.57418955, 42.09512811], [47.5741942, 42.0951741], [47.57429381, 42.09536105], [47.57428616, 42.09540238], [47.57388464, 42.09572827], [47.57194193, 42.0974351], [47.57110148, 42.09759221], [47.56947859, 42.09702882], [47.56789378, 42.09721052], [47.56761056, 42.0973554], [47.56299093, 42.09469369], [47.56256648, 42.09420437], [47.56254915, 42.09420204], [47.56241129, 42.09434258], [47.56241229, 42.09435424], [47.56191116, 42.09706058], [47.56192194, 42.09801156], [47.56190961, 42.09799923], [47.56190495, 42.0979859], [47.56190528, 42.09797224], [47.56190961, 42.09795824], [47.5620129, 42.0978543], [47.56190962, 42.0977467], [47.56200723, 42.09783229], [47.56188465, 42.09800987], [47.56254794, 42.09800415], [47.56258526, 42.09797683], [47.56258194, 42.09796315], [47.56256661, 42.09796748], [47.56255428, 42.09797514], [47.56254495, 42.09798747], [47.55849281, 42.10131731], [47.55811425, 42.10148353], [47.55798595, 42.10154684], [47.55751909, 42.10183701], [47.55484358, 42.1030389], [47.55476328, 42.10310121], [47.55473629, 42.1031422], [47.55533066, 42.10401281], [47.55539264, 42.1040558], [47.55536165, 42.10430902], [47.55534765, 42.10432002], [47.55533732, 42.10433201], [47.55532199, 42.10435833], [47.555312, 42.10436966], [47.55528735, 42.10439198], [47.55485318, 42.10472616], [47.55446834, 42.10492036], [47.55445268, 42.10491803], [47.55269262, 42.10482676], [47.55264222, 42.10481586], [47.55264988, 42.10480853], [47.54818061, 42.10210894], [47.54100341, 42.10217059], [47.54004437, 42.10186469], [47.53872954, 42.10363661], [47.53557447, 42.10469046], [47.53150856, 42.1061431], [47.53168417, 42.10605352], [47.53487024, 42.10786388], [47.53487824, 42.10787088], [47.53448707, 42.10901011], [47.5327239, 42.11124952], [47.53217678, 42.11145998], [47.53173297, 42.11182775], [47.53149271, 42.11181277], [47.53147538, 42.11181576], [47.53145872, 42.11182109], [47.5304374, 42.11202927], [47.53042074, 42.11203393], [47.53036512, 42.11235623], [47.53039445, 42.11204102], [47.53040878, 42.11203469], [47.53042277, 42.11203135], [47.53039642, 42.11237052], [47.52845285, 42.1160439], [47.52943018, 42.1165646], [47.52983972, 42.11678082], [47.52995102, 42.11730865], [47.52995668, 42.11731931], [47.52972667, 42.11821662], [47.52970435, 42.11823695], [47.52969902, 42.11824861], [47.53000782, 42.12000368], [47.5299815, 42.12003467], [47.52998216, 42.12002067], [47.5299785, 42.12000867], [47.52997017, 42.12000134], [47.52995884, 42.11999901], [47.52954155, 42.12018047], [47.5299591, 42.12002525], [47.52996509, 42.12003258], [47.52996775, 42.12004224], [47.52996509, 42.12005424], [47.52969489, 42.1203761], [47.52740033, 42.12243111], [47.53090785, 42.12323355], [47.53095817, 42.1232442], [47.53099016, 42.12325752], [47.53102682, 42.12326517], [47.53104548, 42.1232655], [47.53109613, 42.12325718], [47.53119409, 42.12318422], [47.53136228, 42.12285768], [47.5313776, 42.12283736], [47.53142526, 42.12282104], [47.53144225, 42.12282038], [47.53150823, 42.12283837], [47.53151889, 42.1228467], [47.53152722, 42.12285703], [47.53156884, 42.12295334], [47.53161848, 42.12301498], [47.53167013, 42.12305563], [47.53169046, 42.12308128], [47.53169612, 42.12309394], [47.53169678, 42.12310727], [47.5328124, 42.12403706], [47.5329557, 42.12404704], [47.53325159, 42.12412263], [47.53330557, 42.12415928], [47.5333129, 42.12417061], [47.53331723, 42.12418327], [47.53331457, 42.12420892], [47.53330891, 42.12422158], [47.53326259, 42.12425323], [47.53293435, 42.12431379], [47.53278039, 42.12435909], [47.53204424, 42.12423625], [47.52924651, 42.12434813], [47.5291972, 42.12438677], [47.52823343, 42.12522986], [47.5282311, 42.12525385], [47.52751041, 42.12536878], [47.5261755, 42.12531353], [47.52505931, 42.12544434], [47.52504965, 42.12545234], [47.52504399, 42.125462], [47.52504366, 42.12547199], [47.52505465, 42.12549432], [47.5250903, 42.12552497], [47.52696169, 42.12614099], [47.52605963, 42.12619161], [47.52603964, 42.1262066], [47.52605962, 42.12628556], [47.52607028, 42.12629222], [47.52608327, 42.12629621], [47.52723114, 42.1267915], [47.52739236, 42.12679952], [47.5279634, 42.12674493], [47.52795474, 42.12675559], [47.52614343, 42.127193], [47.5261331, 42.12719966], [47.52612644, 42.12721032], [47.52612278, 42.12722265], [47.52614176, 42.12728562], [47.52616309, 42.12730828], [47.52636501, 42.12748122], [47.52650696, 42.12753351], [47.52866435, 42.12784426], [47.52306832, 42.13927568], [47.52262887, 42.1403975], [47.52263286, 42.1403942], [47.52169362, 42.1421324], [47.5216823, 42.14215872], [47.52168562, 42.14224137], [47.52264514, 42.14592581], [47.5226578, 42.14593714], [47.52266679, 42.1459498], [47.52268776, 42.1461774], [47.52226523, 42.14907579], [47.5222509, 42.14908145], [47.52222724, 42.14909978], [47.52221925, 42.14911177], [47.52221459, 42.14912476], [47.52221891, 42.14917141], [47.52249349, 42.15063979], [47.52044225, 42.15533522], [47.52042659, 42.15534188], [47.51986041, 42.15551438], [47.5197871, 42.15557434], [47.51945387, 42.15583087], [47.51847397, 42.15679806], [47.51768108, 42.15795001], [47.51559453, 42.1584359], [47.51276252, 42.16213217], [47.51123493, 42.1641373], [47.50958327, 42.16625952], [47.50898596, 42.1668744], [47.50685197, 42.17044929], [47.50685497, 42.17045929], [47.50689396, 42.17069218], [47.50690995, 42.17070917], [47.50730082, 42.17061161], [47.50731482, 42.17061095], [47.50754446, 42.17075213], [47.50751033, 42.170812], [47.50719224, 42.17198043], [47.50713685, 42.17206255], [47.50380819, 42.17475802], [47.50380153, 42.17476402], [47.5038002, 42.17477001], [47.50272715, 42.17560925], [47.50203017, 42.17633052], [47.50148315, 42.17681024], [47.50131614, 42.1769319], [47.48920093, 42.17802573], [47.48090583, 42.18334995], [47.47900641, 42.18588972], [47.47900175, 42.18589905], [47.47900408, 42.18590904], [47.47901241, 42.18591704], [47.47902507, 42.18592037], [47.47904007, 42.1859207], [47.47899841, 42.18590749], [47.47900434, 42.18591673], [47.47902352, 42.18590718], [47.47901361, 42.18590619], [47.47806408, 42.18647909], [47.47801243, 42.18651041], [47.47228767, 42.19227898], [47.47211873, 42.19231791], [47.47196844, 42.19235651], [47.47194278, 42.1923705], [47.47192912, 42.1923755], [47.47143066, 42.19251565], [47.47114943, 42.19269987], [47.47105784, 42.19288746], [47.47106748, 42.19296376], [47.47107281, 42.19297575], [47.47108775, 42.19303569], [47.47116171, 42.19314932], [47.47163203, 42.1939683], [47.47162604, 42.19398163], [47.47156575, 42.19407393], [47.47156242, 42.19408826], [47.47155544, 42.19421589], [47.47155011, 42.19423088], [47.46993903, 42.1950046], [47.46879582, 42.19540146], [47.46863097, 42.19656993], [47.46862364, 42.19658059], [47.46854606, 42.19675251], [47.46816401, 42.19737026], [47.46810137, 42.19741325], [47.46805341, 42.19742193], [47.46805707, 42.1974096], [47.46805641, 42.19739694], [47.46805208, 42.19738461], [47.46804409, 42.19737161], [47.46802077, 42.19734763], [47.46692911, 42.19687133], [47.45844736, 42.19598831], [47.4569089, 42.19625023], [47.45220262, 42.19673417], [47.44956442, 42.19471673], [47.44118954, 42.19610552], [47.44112123, 42.19609155], [47.43109395, 42.1976546], [47.42779309, 42.19882617], [47.42877825, 42.19941216], [47.42880824, 42.19939583], [47.42892219, 42.19936521], [47.42907615, 42.19939751], [47.424622, 42.20092219], [47.42420023, 42.20049337], [47.42289436, 42.20098917], [47.42274376, 42.20097353], [47.42272543, 42.20098352], [47.42269378, 42.2010135], [47.42268778, 42.20102283], [47.42251249, 42.2011014], [47.42249683, 42.20110806], [47.42225991, 42.20123698], [47.42224891, 42.20124631], [47.42222659, 42.20127763], [47.42207333, 42.20140152], [47.42194022, 42.20154517], [47.42165036, 42.20144729], [47.42163503, 42.20145129], [47.41851016, 42.20137895], [47.41734674, 42.2018613], [47.41734707, 42.20187196], [47.41735273, 42.20188229], [47.41736272, 42.20189195], [47.41759532, 42.20198221], [47.41789356, 42.20231759], [47.41780459, 42.20232557], [47.41757568, 42.20228397], [47.41756369, 42.20227864], [47.41748239, 42.20223666], [47.4174484, 42.20223067], [47.41557277, 42.20202979], [47.41541596, 42.20197102], [47.41543096, 42.20197301], [47.41544462, 42.20197701], [47.41481079, 42.20329278], [47.41493329, 42.20388851], [47.41540102, 42.20456957], [47.41542166, 42.20463454], [47.41542166, 42.20464754], [47.415418, 42.20465987], [47.41540967, 42.2046712], [47.41539734, 42.20468086], [47.41534936, 42.20469951], [47.41421807, 42.20480697], [47.41413979, 42.20470767], [47.41362705, 42.20450784], [47.41361939, 42.20450151], [47.41361075, 42.20446487], [47.41360275, 42.20445654], [47.41359142, 42.20445055], [47.41357809, 42.20444656], [47.41356343, 42.20444456], [47.41319521, 42.20449147], [47.41300361, 42.2044412], [47.41258641, 42.2042637], [47.41244479, 42.20417876], [47.41205449, 42.20419363], [47.41202616, 42.20417997], [47.41179659, 42.2041587], [47.40692391, 42.20267272], [47.40690253, 42.20269142], [47.39893512, 42.19772459], [47.39759712, 42.19737917], [47.38407396, 42.200325], [47.38051593, 42.20296421], [47.38022843, 42.20323642], [47.38005648, 42.20337403], [47.38004615, 42.20338736], [47.38002049, 42.20343201], [47.37991581, 42.20352742], [47.37993425, 42.20341119], [47.37971035, 42.20360941], [47.37967669, 42.20362173], [47.37914219, 42.20332452], [47.37693955, 42.20237003], [47.37137102, 42.19621909], [47.36749277, 42.19903918], [47.3674637, 42.19905339], [47.36746376, 42.19903685], [47.36095497, 42.20330139], [47.36071417, 42.20367922], [47.35787244, 42.2070746], [47.35641077, 42.20843253], [47.35598527, 42.20851148], [47.35440891, 42.20964614], [47.34730869, 42.21368358], [47.34729503, 42.21368858], [47.34726204, 42.21369391], [47.34724505, 42.21369391], [47.34721007, 42.21368858], [47.34719507, 42.21368292], [47.34718341, 42.21367526], [47.34717508, 42.2136656], [47.34717142, 42.21365494], [47.34717109, 42.21364394], [47.34773287, 42.21320949], [47.34773653, 42.21319616], [47.34773752, 42.2131835], [47.34773419, 42.21317184], [47.34772753, 42.21316051], [47.34771754, 42.21315151], [47.34770421, 42.21314385], [47.34659885, 42.21324525], [47.3465342, 42.21328123], [47.34173094, 42.21449736], [47.34160464, 42.2144864], [47.34158798, 42.21448541], [47.34153433, 42.21449039], [47.33894382, 42.21393112], [47.33628036, 42.21497431], [47.33512121, 42.21468277], [47.33511455, 42.21469243], [47.33515986, 42.21503755], [47.3351482, 42.21503988], [47.33513554, 42.21503889], [47.33407333, 42.21436403], [47.33407234, 42.21435537], [47.334076, 42.21434804], [47.33449287, 42.21440693], [47.33453684, 42.21433329], [47.33410406, 42.21397522], [47.3333647, 42.21395421], [47.33052246, 42.21452844], [47.33045881, 42.21452313], [47.32927683, 42.21456384], [47.32708593, 42.21389367], [47.32703063, 42.2138437], [47.32499696, 42.21352193], [47.32490299, 42.21329168], [47.32500681, 42.21323689], [47.32472806, 42.21355506], [47.32454245, 42.21362966], [47.32362341, 42.21601752], [47.32367201, 42.21633976], [47.32329566, 42.21672508], [47.32329929, 42.21673773], [47.32297089, 42.21650031], [47.32299788, 42.21651397], [47.32302921, 42.21652797], [47.32310653, 42.21656062], [47.32313819, 42.21655529], [47.32324408, 42.21666904], [47.32333132, 42.21665576], [47.32341221, 42.21664775], [47.32340022, 42.21666208], [47.32338861, 42.21663825], [47.32334949, 42.21674359], [47.32309399, 42.21661649], [47.32331665, 42.21666415], [47.32346165, 42.21670046], [47.32351998, 42.21671279], [47.32350468, 42.21664459], [47.32325969, 42.21664733], [47.32342321, 42.21668558], [47.32344054, 42.21669291], [47.32344715, 42.2166532], [47.32342783, 42.21666085], [47.32336828, 42.21667681], [47.32336132, 42.21668942], [47.32338764, 42.21666477], [47.32339664, 42.21665277], [47.3234323, 42.2167381], [47.32341965, 42.21672311], [47.32341998, 42.21669412], [47.32345373, 42.21661988], [47.32343441, 42.21664087], [47.32342208, 42.21664887], [47.32345573, 42.21663832], [47.32346772, 42.21663599], [47.32347671, 42.21663133], [47.32449611, 42.21361481], [47.32437824, 42.21304972], [47.32287038, 42.20836331], [47.32180419, 42.20715882], [47.32069631, 42.20626559], [47.32068131, 42.20625693], [47.31950766, 42.2057917], [47.31944734, 42.20576272], [47.31942535, 42.2057444], [47.31416781, 42.20447339], [47.31415381, 42.20446873], [47.31408217, 42.20438544], [47.31406018, 42.20436879], [47.31391421, 42.2043265], [47.31390222, 42.20431751], [47.31374799, 42.20409361], [47.31200302, 42.2037637], [47.31183172, 42.20372045], [47.31195938, 42.20374807], [47.31269614, 42.20393878], [47.31273942, 42.20398308], [47.31274775, 42.20399441], [47.31279138, 42.20409704], [47.31279938, 42.2041187], [47.31280638, 42.20421267], [47.31279838, 42.204216], [47.31264608, 42.20419703], [47.31244849, 42.20418205], [47.31281904, 42.20420965], [47.31285133, 42.20415402], [47.31285533, 42.20413802], [47.31285699, 42.20412203], [47.31285266, 42.20410703], [47.31284166, 42.2040947], [47.312813, 42.20407338], [47.31280567, 42.20406372], [47.31280501, 42.20403208], [47.31280235, 42.20401908], [47.31279569, 42.20400675], [47.31278603, 42.20399509], [47.3127727, 42.20398543], [47.31275837, 42.20397844], [47.31320388, 42.20404701], [47.31327285, 42.20405233], [47.31479703, 42.20431554], [47.31481103, 42.20431288], [47.31494031, 42.20423294], [47.31379595, 42.20413979], [47.31352, 42.20419089], [47.31356733, 42.20412766], [47.30940726, 42.20296685], [47.30911973, 42.20270933], [47.30909474, 42.20270001], [47.30906175, 42.20269601], [47.30902804, 42.202734], [47.3090447, 42.20273933], [47.30906236, 42.20274733], [47.30907869, 42.20275733], [47.30913501, 42.20280497], [47.30915101, 42.2028153], [47.30916767, 42.20281963], [47.309179, 42.20281763], [47.30918533, 42.20281097], [47.309185, 42.20280164], [47.30917867, 42.20279198], [47.30901205, 42.20266606], [47.30899972, 42.2026614], [47.30898706, 42.20266206], [47.30895543, 42.20269432], [47.30898176, 42.20270865], [47.30902275, 42.20274129], [47.30903141, 42.20273896], [47.30903674, 42.20273263], [47.30903575, 42.20272463], [47.3089761, 42.20269399], [47.30714411, 42.20195208], [47.30709679, 42.20193909], [47.30491038, 42.20005779], [47.30488281, 42.20003746], [47.30488448, 42.20000148], [47.304707, 42.19958329], [47.3013025, 42.19358472], [47.2990316, 42.19354047], [47.29581858, 42.19268076], [47.29553407, 42.19262255], [47.29544075, 42.19264251], [47.29153852, 42.19365267], [47.28283425, 42.19902157], [47.28226509, 42.19939904], [47.27652446, 42.20335254], [47.27573377, 42.20401047], [47.27575908, 42.20406679], [47.27577107, 42.20407712], [47.27578507, 42.20408478], [47.27691712, 42.20518937], [47.27562939, 42.20404195], [47.27564005, 42.20405228], [47.27564671, 42.20406394], [47.27564804, 42.20407627], [47.27564471, 42.20408826], [47.27563738, 42.20409992], [47.2743465, 42.2054358], [47.27432051, 42.20544012], [47.27415325, 42.20534487], [47.27301417, 42.20273211], [47.27302449, 42.20271845], [47.27302383, 42.20270979], [47.27283863, 42.20259229], [47.27283597, 42.20257597], [47.27282897, 42.20257031], [47.27281864, 42.20256831], [47.27280631, 42.20256897], [47.26012593, 42.19536381], [47.26011894, 42.19535815], [47.25999498, 42.19541609], [47.25999098, 42.1954101], [47.26001498, 42.19537747], [47.26005502, 42.19543732], [47.26020445, 42.19538047], [47.26017731, 42.19538022], [47.2601727, 42.19538881], [47.26017765, 42.19539707], [47.26016808, 42.1953677], [47.26004642, 42.19609484], [47.2600191, 42.19610243], [47.26004872, 42.19568103], [47.2600364, 42.19564405], [47.26007902, 42.19554478], [47.26007204, 42.19552179], [47.26007603, 42.19550147], [47.25999449, 42.19511745], [47.26011546, 42.19459669], [47.25917075, 42.19414476], [47.25904354, 42.19405815], [47.25903488, 42.19405482], [47.25895592, 42.19410111], [47.25894426, 42.19410211], [47.25883799, 42.19405149], [47.258833, 42.19404083], [47.25801272, 42.19294342], [47.25755458, 42.19282727], [47.25754125, 42.19282727], [47.25752792, 42.19282993], [47.25751459, 42.19283726], [47.25750193, 42.19284726], [47.25537835, 42.19339041], [47.2547672, 42.19336046], [47.25351843, 42.19133281], [47.25343113, 42.19133281], [47.25296571, 42.19187722], [47.25212636, 42.19204314], [47.25211236, 42.19203981], [47.25191075, 42.19208041], [47.25015546, 42.19126439], [47.24980697, 42.19090486], [47.24876542, 42.19021739], [47.24866578, 42.19019709], [47.24833695, 42.18997096], [47.24836355, 42.18966278], [47.24836222, 42.18964945], [47.24834889, 42.18961447], [47.24832665, 42.18913139], [47.24836529, 42.18902], [47.24803684, 42.18908957], [47.24747936, 42.18937868], [47.24740138, 42.18942765], [47.24737042, 42.18963257], [47.24735809, 42.18965523], [47.24734843, 42.18966422], [47.24723516, 42.18977483], [47.24712355, 42.1897765], [47.24711089, 42.18977716], [47.2470989, 42.18978049], [47.24591972, 42.19114096], [47.24557484, 42.19136583], [47.24507601, 42.19157433], [47.24402922, 42.19209342], [47.24381302, 42.19227494], [47.24180491, 42.19346584], [47.24178225, 42.19347183], [47.24104823, 42.19416667], [47.24119783, 42.19414969], [47.24123148, 42.19416367], [47.23625421, 42.19689872], [47.23625654, 42.19689339], [47.23640616, 42.19687111], [47.23556677, 42.19290855], [47.23547226, 42.19309205], [47.23546927, 42.19311337], [47.23175448, 42.19169852], [47.22584896, 42.18880695], [47.2265113, 42.18736948], [47.22658786, 42.18613998], [47.22653756, 42.18606535], [47.2265152, 42.18372814], [47.22625853, 42.18093667], [47.22686029, 42.17907823], [47.22687927, 42.17906024], [47.22691157, 42.17900926], [47.22691689, 42.17898827], [47.22697723, 42.17878207], [47.22616852, 42.17789771], [47.22480314, 42.17636319], [47.22460506, 42.17579685], [47.21717164, 42.17016235], [47.21716131, 42.17015769], [47.21683083, 42.17015408], [47.21685949, 42.17015341], [47.21687282, 42.17014908], [47.21688348, 42.17014309], [47.21689147, 42.17013476], [47.21689313, 42.1701251], [47.21683835, 42.17001288], [47.21683965, 42.17000432], [47.2168172, 42.17001327], [47.2168601, 42.1700328], [47.21688699, 42.17003284], [47.21686233, 42.17001419], [47.21558422, 42.16612846], [47.21649158, 42.16450136], [47.21501142, 42.16226525], [47.21499909, 42.16225725], [47.21492845, 42.16222494], [47.21427151, 42.161014], [47.21372907, 42.16084226], [47.21371207, 42.16084325], [47.2136534, 42.16041416], [47.21295303, 42.15985315], [47.21188683, 42.1593661], [47.21039258, 42.15850526], [47.20970522, 42.15914857], [47.20967256, 42.15917655], [47.20964657, 42.15918521], [47.20963291, 42.15918587], [47.20961858, 42.15918354], [47.20935669, 42.15909392], [47.20930303, 42.15908694], [47.2092907, 42.15909093], [47.20928137, 42.15909826], [47.20920344, 42.1592162], [47.2091278, 42.15921452], [47.20925126, 42.15772272], [47.20850387, 42.15681459], [47.20895697, 42.1563854], [47.2089633, 42.1563774], [47.2086655, 42.15600636], [47.20856076, 42.15568629], [47.2087766, 42.15529749], [47.20879359, 42.15529583], [47.20881025, 42.15529083], [47.20758371, 42.15242626], [47.20700921, 42.15106348], [47.20644354, 42.1505715], [47.20581736, 42.150512], [47.20508699, 42.1504634], [47.20476648, 42.15055667], [47.20475648, 42.15056633], [47.20472321, 42.15061664], [47.20433505, 42.15062961], [47.20432105, 42.15063327], [47.20430739, 42.1506336], [47.20468263, 42.15059164], [47.20472663, 42.15062154], [47.2047193, 42.15061054], [47.20470897, 42.15060054], [47.20468165, 42.15058588], [47.20422342, 42.15064855], [47.20356584, 42.15162605], [47.20358042, 42.15217609], [47.19851694, 42.15041113], [47.19850094, 42.15041047], [47.19569125, 42.1501108], [47.19563362, 42.15007015], [47.19562258, 42.14962761], [47.19304481, 42.14940011], [47.19190128, 42.15010842], [47.18895622, 42.15087452], [47.18843341, 42.15050236], [47.18542539, 42.15119858], [47.17795672, 42.15484308], [47.17795472, 42.15490806], [47.17425488, 42.15489773], [47.17307129, 42.15484752], [47.17294265, 42.15480492], [47.17294723, 42.15484186], [47.17295056, 42.15485152], [47.17295056, 42.15486118], [47.17294657, 42.15487118], [47.17293891, 42.15487984], [47.17292825, 42.15488683], [47.16719217, 42.15532234], [47.16713033, 42.155259], [47.16872781, 42.15492098], [47.16282289, 42.1554073], [47.16286805, 42.15757602], [47.16263572, 42.16048657], [47.16254747, 42.16066249], [47.16031342, 42.15878244], [47.15867906, 42.15861756], [47.15572144, 42.1591597], [47.15486954, 42.1590505], [47.15488507, 42.15905644], [47.15378974, 42.16030898], [47.15464373, 42.16123175], [47.15569032, 42.16138461], [47.15564576, 42.16163712], [47.15569806, 42.1616345], [47.15583228, 42.16163473], [47.15572965, 42.16163971], [47.15581126, 42.16163243], [47.15563461, 42.16140364], [47.1556389, 42.16141355], [47.15564322, 42.16140011], [47.1556201, 42.16138028], [47.15563598, 42.16139253], [47.15196857, 42.16286291], [47.15196424, 42.16287024], [47.15196557, 42.16287823], [47.1519719, 42.16288489], [47.14831404, 42.16749868], [47.14824159, 42.16771788], [47.14443674, 42.16905444], [47.1432401, 42.16927703], [47.1424215, 42.1693589], [47.1372212, 42.16971796], [47.13667584, 42.169373], [47.13597644, 42.16903298], [47.13596111, 42.16903364], [47.13532299, 42.1689996], [47.13512673, 42.16899696], [47.13397546, 42.16944404], [47.13398512, 42.16943738], [47.13396569, 42.16941199], [47.13389003, 42.16948313], [47.13357084, 42.16945621], [47.13324901, 42.16934536], [47.12880945, 42.16867708], [47.12844379, 42.16874501], [47.12830283, 42.16877632], [47.12770106, 42.16870898], [47.12743181, 42.16866308], [47.12724152, 42.16873834], [47.12722853, 42.16874067], [47.12718422, 42.16873302], [47.12664706, 42.16847391], [47.12639782, 42.16833099], [47.12571807, 42.16787124], [47.12570041, 42.16786924], [47.12563177, 42.16787256], [47.12561611, 42.16787756], [47.12560211, 42.16788489], [47.12558045, 42.16790455], [47.1255668, 42.16792821], [47.12556314, 42.16794087], [47.12561837, 42.16837635], [47.12605324, 42.17160572], [47.12651267, 42.17355294], [47.12666156, 42.17374522], [47.12666589, 42.17383484], [47.12313683, 42.17252989], [47.1229377, 42.17163464], [47.12291505, 42.17161064], [47.12290739, 42.17159032], [47.12136217, 42.17005715], [47.11976549, 42.16853061], [47.11882769, 42.16697396], [47.11779018, 42.16843773], [47.11777785, 42.16844206], [47.11766623, 42.16851433], [47.11764896, 42.16887986], [47.11769515, 42.16906272], [47.11778148, 42.16907372], [47.11778749, 42.16904975], [47.11788082, 42.16981286], [47.11793679, 42.16984743], [47.11800578, 42.16984245], [47.11803806, 42.16982445], [47.11797674, 42.16980483], [47.11796318, 42.1697903], [47.11795264, 42.16972398], [47.11795958, 42.16971772], [47.1179419, 42.1697449], [47.11793298, 42.16974819], [47.11790466, 42.16985965], [47.1187295, 42.17277027], [47.1254921, 42.1776159], [47.12714788, 42.17824366], [47.12954613, 42.17923277], [47.13639685, 42.18199488], [47.14300497, 42.18735494], [47.14302097, 42.18735793], [47.14324856, 42.18733898], [47.1437437, 42.18733928], [47.14520505, 42.18802993], [47.14521605, 42.18802794], [47.14523537, 42.18797964], [47.14528468, 42.18795966], [47.14554867, 42.19360113], [47.14554268, 42.19361046], [47.14553936, 42.19362945], [47.14553436, 42.19363878], [47.14543107, 42.19372573], [47.14507255, 42.1997], [47.14507155, 42.19974631], [47.14495064, 42.19993523], [47.14494398, 42.19994756], [47.14493998, 42.19996022], [47.14494065, 42.1999992], [47.14513387, 42.20026673], [47.14532847, 42.20038167], [47.14535213, 42.20040133], [47.14763355, 42.20248265], [47.14609046, 42.20438361], [47.14591826, 42.20458517], [47.14589727, 42.20460949], [47.14329066, 42.20483491], [47.14329033, 42.20481125], [47.14328034, 42.20478326], [47.14323803, 42.20471228], [47.1432247, 42.20469862], [47.14313972, 42.20463632], [47.14312239, 42.20462699], [47.1430484, 42.20460035], [47.14286179, 42.20458341], [47.14284779, 42.20458707], [47.14283646, 42.20459473], [47.14282713, 42.20460472], [47.14281381, 42.20462938], [47.14281015, 42.20464238], [47.1428035, 42.20482065], [47.14279951, 42.20483431], [47.14276787, 42.20491029], [47.14276887, 42.20492395], [47.14277386, 42.20493761], [47.14310534, 42.20665081], [47.1430956, 42.20715457], [47.14309194, 42.20716623], [47.14309094, 42.20717789], [47.14298496, 42.20773625], [47.14174838, 42.20882406], [47.14175104, 42.20883205], [47.141809, 42.20896825], [47.1422141, 42.20955318], [47.14221909, 42.20950423], [47.14221676, 42.20949557], [47.14227301, 42.20956321], [47.1423928, 42.20993594], [47.14251423, 42.21151169], [47.14666631, 42.21367016], [47.14668031, 42.21367149], [47.14698325, 42.21395864], [47.14690524, 42.21625405], [47.14690325, 42.21626471], [47.14622803, 42.21714029], [47.14902107, 42.21822355], [47.14881724, 42.21867926], [47.14881358, 42.21868592], [47.15022607, 42.21949489], [47.15023373, 42.21951454], [47.15026489, 42.21965696], [47.15038852, 42.2196173], [47.15075003, 42.21974315], [47.15093489, 42.22013839], [47.15102384, 42.22028561], [47.15124342, 42.22040875], [47.15082458, 42.22126183], [47.1452841, 42.22153336], [47.14525011, 42.22153601], [47.14494419, 42.22160223], [47.14224806, 42.22243153], [47.14231208, 42.22267356], [47.14213951, 42.22347033], [47.14213986, 42.22373123], [47.14153097, 42.22466238], [47.14153496, 42.22465405], [47.14140706, 42.22471798], [47.14067278, 42.22520572], [47.13902242, 42.22643329], [47.13901819, 42.22639739], [47.13902314, 42.22640103], [47.13899902, 42.2264404], [47.13902254, 42.22640678], [47.13875288, 42.22687796], [47.13875854, 42.22688795], [47.13876687, 42.22689728], [47.1387772, 42.22690494], [47.13878853, 42.22691027], [47.14000501, 42.2272831], [47.14023894, 42.22811108], [47.14024394, 42.22811874], [47.14027026, 42.22813672], [47.14028292, 42.22814138], [47.14029725, 42.22814371], [47.14031091, 42.22814305], [47.14095688, 42.22791863], [47.1407884, 42.22824436], [47.14048234, 42.23057536], [47.14071284, 42.23180612], [47.14226615, 42.23265799], [47.14286931, 42.23396763], [47.142839, 42.23403027], [47.14272523, 42.23579642], [47.14223793, 42.24201903], [47.14192662, 42.24338995], [47.14185765, 42.24345158], [47.14183933, 42.24360652], [47.14088321, 42.24512076], [47.14077658, 42.24519337], [47.14025842, 42.24627353], [47.13998783, 42.24690718], [47.13886175, 42.24821541], [47.13884909, 42.24821807], [47.13896664, 42.25067068], [47.13898063, 42.25066669], [47.13864081, 42.25085654], [47.13826724, 42.2509118], [47.13822792, 42.25091147], [47.13400015, 42.25017639], [47.13394416, 42.25019871], [47.13389252, 42.25025968], [47.1339448, 42.25057787], [47.13393614, 42.25060119], [47.13304849, 42.25128724], [47.13305448, 42.25122559], [47.13303532, 42.25123052], [47.13304047, 42.2512837], [47.13306766, 42.25125317], [47.13304415, 42.25120953], [47.13304185, 42.25121712], [47.13304095, 42.25120388], [47.13302278, 42.25118836], [47.13302575, 42.2512019], [47.13175036, 42.25074256], [47.13136112, 42.25150223], [47.13136575, 42.25150091], [47.1313803, 42.25148704], [47.13139087, 42.25149199], [47.1293198, 42.25291775], [47.12825426, 42.25273984], [47.12811998, 42.2527508], [47.12485098, 42.25330855], [47.12281216, 42.2547071], [47.12392417, 42.25644804], [47.12377593, 42.25669958], [47.1236724, 42.25734459], [47.12565282, 42.25863189], [47.12615299, 42.25882943], [47.12656907, 42.25925649], [47.12662573, 42.25927047], [47.12690758, 42.25942532], [47.12691457, 42.25943431], [47.12692889, 42.25947263], [47.12700951, 42.25953991], [47.12531631, 42.26184973], [47.12531031, 42.26185806], [47.12530198, 42.26186439], [47.12521536, 42.26185574], [47.12449477, 42.26095164], [47.12447564, 42.26094008], [47.11889105, 42.26139258], [47.11889274, 42.26140353], [47.11890707, 42.2614002], [47.1190743, 42.26138665], [47.11786213, 42.26163746], [47.11732545, 42.26195421], [47.11689099, 42.26226299], [47.11685834, 42.26229131], [47.11310316, 42.26375271], [47.10620364, 42.26511428], [47.10549425, 42.26549832], [47.10491409, 42.26549003], [47.10489843, 42.26549136], [47.10467684, 42.26555395], [47.10445492, 42.26555031], [47.10174087, 42.26609668], [47.10097779, 42.26614596], [47.10085554, 42.26605804], [47.09915565, 42.26618479], [47.09804376, 42.26777789], [47.09796416, 42.26794548], [47.09796016, 42.26795714], [47.09818542, 42.27164286], [47.09817387, 42.27163462], [47.09806626, 42.27292618], [47.09808457, 42.27296682], [47.09808823, 42.27297881], [47.09808856, 42.27298981], [47.09765058, 42.27385676], [47.09772385, 42.27437043], [47.09749584, 42.27489619], [47.09747582, 42.27603867], [47.09758362, 42.27668006], [47.09760627, 42.27670771], [47.09760893, 42.27671771], [47.09685978, 42.2780919], [47.09768701, 42.27757582], [47.09773733, 42.27755351], [47.09774799, 42.27754585], [47.09775565, 42.27753585], [47.09813197, 42.27753522], [47.09827093, 42.27775976], [47.09827591, 42.27780575], [47.09804915, 42.27929142], [47.09804716, 42.27929942], [47.09818578, 42.27932236], [47.09819978, 42.27932003], [47.09834107, 42.27924508], [47.09839673, 42.27920677], [47.09840773, 42.27920578], [47.09841672, 42.27920944], [47.09842438, 42.2792171], [47.09843669, 42.27926108], [47.09843403, 42.27927407], [47.0984287, 42.2792864], [47.09838635, 42.27946101], [47.09840068, 42.27945568], [47.09870658, 42.27946302], [47.09945855, 42.28030744], [47.09900102, 42.2808574], [47.09883504, 42.28185398], [47.09886635, 42.28192684], [47.09886102, 42.28193584], [47.09869429, 42.28359779], [47.09824779, 42.28397697], [47.09823679, 42.2839833], [47.09651385, 42.28465422], [47.09647765, 42.28473169], [47.09236756, 42.28940281], [47.09173856, 42.2897669], [47.09206711, 42.28951402], [47.09207811, 42.28950103], [47.08506861, 42.28942238], [47.07213053, 42.29117052], [47.07060846, 42.29249741], [47.05942525, 42.29595052], [47.05104964, 42.3040267], [47.04483684, 42.30771593], [47.04354654, 42.30986092], [47.0429391, 42.3099998], [47.04124888, 42.31103403], [47.03676613, 42.31980981], [47.03376439, 42.3194139], [47.03376971, 42.31939024], [47.03354585, 42.31899538], [47.03309308, 42.31928249], [47.03306976, 42.31927117], [47.03300882, 42.31917955], [47.03299916, 42.31917489], [47.03298917, 42.31917522], [47.03298184, 42.31918055], [47.03293824, 42.3197227], [47.03216068, 42.32077293], [47.03229619, 42.3208589], [47.03227958, 42.32086187], [47.03228124, 42.32081221], [47.03230522, 42.3208462], [47.03227789, 42.32087386], [47.03220968, 42.32083704], [47.03226661, 42.32084194], [47.03220585, 42.32082147], [47.03156226, 42.32074221], [47.03205536, 42.32064358], [47.03202007, 42.32070953], [47.03214258, 42.32085907], [47.03376773, 42.32100418], [47.0338357, 42.32098153], [47.03422814, 42.32296336], [47.0354155, 42.32432777], [47.03565753, 42.32654093], [47.03616539, 42.32749192], [47.0360816, 42.33064942], [47.03595934, 42.33072938], [47.03595568, 42.33073837], [47.03633431, 42.33159548], [47.03575139, 42.33258462], [47.03585224, 42.33276397], [47.03349728, 42.33672128], [47.03252218, 42.34194476], [47.03230882, 42.34278252], [47.03231382, 42.34279218], [47.03255498, 42.34320397], [47.03221828, 42.34425584], [47.03203328, 42.3454307], [47.03015321, 42.34747744], [47.02959838, 42.34768158], [47.02918248, 42.34773448], [47.02774661, 42.34840435], [47.02750345, 42.34884218], [47.02724603, 42.35178419], [47.02513573, 42.35248355], [47.02512074, 42.35249154], [47.02507744, 42.35253586], [47.02465358, 42.35268606], [47.02166913, 42.35505842], [47.02092505, 42.35543517], [47.01841182, 42.35815145], [47.01810866, 42.3613053], [47.01793532, 42.36209061], [47.01745597, 42.36303127], [47.01740932, 42.36305793], [47.01700443, 42.36315814], [47.01654504, 42.36373422], [47.01662596, 42.36453626], [47.01662428, 42.36471352], [47.01699475, 42.36534595], [47.01702404, 42.3657841], [47.01707868, 42.36591438], [47.01687838, 42.36672267], [47.01686972, 42.366731], [47.01548129, 42.36765212], [47.01547196, 42.36766045], [47.01515007, 42.367869], [47.01415082, 42.3684953], [47.01403785, 42.36845533], [47.01402052, 42.368452], [47.01391656, 42.36844236], [47.01389923, 42.36844236], [47.01372763, 42.36846931], [47.01361167, 42.36851827], [47.01349704, 42.3685859], [47.01193023, 42.36995272], [47.00773023, 42.37323999], [47.00764091, 42.37325428], [47.00762358, 42.37325395], [47.00720137, 42.3731611], [47.0056765, 42.37344641], [47.00507966, 42.3735649], [47.003996, 42.37388855], [47.00378108, 42.37411277], [47.00378075, 42.37412377], [47.00369312, 42.37422374], [47.00337657, 42.37433729], [47.00219681, 42.37493821], [47.00170143, 42.37511803], [47.00136888, 42.37546617], [47.00136855, 42.37547883], [47.00134991, 42.37551382], [47.00133858, 42.37552282], [47.00132492, 42.37552881], [47.00131026, 42.37553047], [47.00129527, 42.37552681], [47.00103204, 42.37540654], [46.9919006, 42.37404864], [46.98230088, 42.37540971], [46.98228788, 42.37541104], [46.98227755, 42.3754167], [46.98235511, 42.37541159], [46.98236311, 42.37540493], [46.98236477, 42.37539527], [46.98167354, 42.37442939], [46.9804444, 42.37367746], [46.98043474, 42.37365281], [46.98038843, 42.37361816], [46.98033878, 42.37360585], [46.98030413, 42.37360785], [46.98028714, 42.37361218], [46.98027148, 42.37361951], [46.98023617, 42.37365083], [46.9805735, 42.37468627], [46.98056117, 42.3746916], [46.98054551, 42.37469426], [46.98052918, 42.37469459], [46.98047952, 42.37468693], [46.97980816, 42.37416758], [46.9797905, 42.37416857], [46.97977484, 42.3741719], [46.97970722, 42.37423953], [46.97970955, 42.37425053], [46.98074134, 42.37536638], [46.98120738, 42.37601316], [46.98119472, 42.37603548], [46.98118439, 42.37604447], [46.9811564, 42.37605646], [46.98105878, 42.37605713], [46.98005076, 42.37562383], [46.9800381, 42.37563149], [46.98002777, 42.37564082], [46.981195, 42.37655332], [46.98120266, 42.37656365], [46.98120732, 42.37659765], [46.98120199, 42.37660898], [46.98119333, 42.37661931], [46.981182, 42.37662731], [46.98116867, 42.37663264], [46.98115267, 42.37663597], [46.98000536, 42.37638921], [46.98010197, 42.37694463], [46.9803029, 42.37709023], [46.98203699, 42.37766132], [46.98208631, 42.37767664], [46.98209964, 42.3776843], [46.98211064, 42.37769396], [46.98212795, 42.37772995], [46.98212762, 42.37774194], [46.98212296, 42.3777546], [46.9821153, 42.3777656], [46.98207498, 42.37779492], [46.98205898, 42.37780158], [46.9790527, 42.37726886], [46.97903737, 42.3772662], [46.97900705, 42.37727052], [46.97895573, 42.37729983], [46.97894873, 42.37731083], [46.97999629, 42.37832598], [46.98000129, 42.37833964], [46.98000195, 42.3783533], [46.97999662, 42.37836663], [46.97998829, 42.37837796], [46.97997663, 42.37838596], [46.97996164, 42.37839229], [46.97994464, 42.37839662], [46.97992765, 42.37839795], [46.97705834, 42.37851513], [46.97682147, 42.37822491], [46.97680781, 42.37821958], [46.9767435, 42.37821526], [46.97671217, 42.37822392], [46.97669951, 42.37823258], [46.97486387, 42.37829018], [46.97485154, 42.37828085], [46.97482116, 42.37925811], [46.97483782, 42.37926277], [46.97490413, 42.37926842], [46.97503643, 42.37933637], [46.97504509, 42.37934903], [46.97505275, 42.37938934], [46.97503477, 42.37942632], [46.97499312, 42.37945764], [46.97497579, 42.37946464], [46.9749578, 42.37946863], [46.97494114, 42.37946896], [46.97492514, 42.37946663], [46.97393877, 42.37910463], [46.97352693, 42.37923488], [46.97432438, 42.38046259], [46.97434004, 42.38046792], [46.97435404, 42.38047592], [46.9743657, 42.38048525], [46.97437336, 42.38049624], [46.97437735, 42.38050857], [46.97437269, 42.38054688], [46.97436403, 42.38055788], [46.97428906, 42.38059486], [46.9742514, 42.38059919], [46.97301344, 42.38004558], [46.97100227, 42.37825157], [46.97116644, 42.37782008], [46.97112081, 42.37775611], [46.97110715, 42.37774778], [46.97105884, 42.3777358], [46.97104185, 42.37773646], [46.97100986, 42.37774478], [46.97098154, 42.37776077], [46.97022351, 42.37834116], [46.97020518, 42.37833683], [46.96911412, 42.37711407], [46.96910679, 42.37710474], [46.96904081, 42.37706376], [46.96893391, 42.37681286], [46.96892458, 42.3768022], [46.96891292, 42.37679354], [46.96864502, 42.37671961], [46.96863169, 42.37672427], [46.96862336, 42.37673226], [46.96862037, 42.37674226], [46.96854217, 42.37705542], [46.96854617, 42.37704643], [46.96846319, 42.37695821], [46.968537, 42.376771], [46.96843563, 42.37690924], [46.96851865, 42.37682893], [46.96860261, 42.37679761], [46.96861027, 42.37678995], [46.96888946, 42.37686883], [46.96892777, 42.37698877], [46.96892644, 42.37700176], [46.97138426, 42.3830677], [46.9726662, 42.38279203], [46.97268353, 42.38279569], [46.97269886, 42.38280102], [46.97271352, 42.38280902], [46.97281378, 42.38294995], [46.97272182, 42.38311954], [46.97267088, 42.38321304], [46.97171419, 42.38440816], [46.97230294, 42.38496325], [46.97230294, 42.38497725], [46.97228463, 42.38503257], [46.97175883, 42.38526843], [46.97174283, 42.38527609], [46.97160454, 42.38537404], [46.97218902, 42.38679318], [46.97288584, 42.38693739], [46.97289984, 42.38694672], [46.97291117, 42.38695671], [46.97292083, 42.38696804], [46.97292849, 42.38698037], [46.97293382, 42.38699303], [46.97293814, 42.38702102], [46.97292617, 42.38707767], [46.97292451, 42.38709133], [46.9729295, 42.38713299], [46.97292784, 42.38714532], [46.97292218, 42.38715465], [46.97291285, 42.38716031], [46.97289819, 42.38722629], [46.97289186, 42.38723628], [46.97282889, 42.38728325], [46.97274592, 42.38729923], [46.97272759, 42.38729757], [46.9726906, 42.38728991], [46.97263129, 42.38728193], [46.97082801, 42.38587931], [46.97078636, 42.38584632], [46.97072139, 42.38579402], [46.9704775, 42.3854888], [46.97043085, 42.38546549], [46.96989469, 42.38538067], [46.96976806, 42.38537135], [46.96971207, 42.3853677], [46.9696161, 42.38532272], [46.96960344, 42.38531139], [46.96957412, 42.38527274], [46.9673131, 42.38321513], [46.96739475, 42.38344201], [46.96870421, 42.38524863], [46.96869355, 42.38525229], [46.96866789, 42.38525262], [46.96264499, 42.38155274], [46.96263034, 42.38157572], [46.96263933, 42.38160404], [46.96263667, 42.38161504], [46.96262934, 42.38162504], [46.96262567, 42.38156935], [46.96164665, 42.38208234], [46.95975425, 42.38267452], [46.96007053, 42.38140373], [46.95788513, 42.37982798], [46.95643635, 42.3778297], [46.95616413, 42.377169], [46.95438866, 42.37652417], [46.95431236, 42.37639054], [46.95296509, 42.37565827], [46.94944947, 42.37518025], [46.95095563, 42.37126464], [46.95095497, 42.37125364], [46.95055232, 42.3707298], [46.94786556, 42.36867319], [46.94722636, 42.36854897], [46.94724335, 42.36856496], [46.94724968, 42.36858395], [46.94724702, 42.36859028], [46.94719637, 42.36858729], [46.94719304, 42.3685813], [46.94723534, 42.3685543], [46.94724567, 42.36856296], [46.94725266, 42.36857262], [46.94725565, 42.36858195], [46.94725332, 42.36858894], [46.94723533, 42.36859659], [46.94468309, 42.36911793], [46.94542684, 42.36665938], [46.94186475, 42.36742119], [46.94185342, 42.36742185], [46.93617412, 42.36687504], [46.93188056, 42.36674964], [46.92698261, 42.36748401], [46.92333329, 42.36709602], [46.92253189, 42.36735444], [46.92243059, 42.36733414], [46.92229497, 42.36722953], [46.92226202, 42.36714358], [46.92847938, 42.36202693], [46.92030876, 42.36128403], [46.91892861, 42.36204784], [46.91792589, 42.36246953], [46.91744378, 42.36212767], [46.91786895, 42.36164309], [46.91843204, 42.36116241], [46.91840339, 42.36073159], [46.91845001, 42.36063463], [46.91845101, 42.36062264], [46.91844702, 42.36059931], [46.91843637, 42.36057799], [46.91761012, 42.3598605], [46.91736044, 42.36030059], [46.91740037, 42.36080308], [46.91724476, 42.36091604], [46.91707447, 42.36092704], [46.91686356, 42.36077312], [46.91637407, 42.36063622], [46.914884, 42.36111505], [46.9144038, 42.3610965], [46.91402474, 42.36109427], [46.91408574, 42.36108394], [46.91410505, 42.36111992], [46.91411971, 42.36113425], [46.91413637, 42.36114725], [46.9141547, 42.36115924], [46.91417407, 42.36114458], [46.91401986, 42.36110266], [46.91390054, 42.36108902], [46.91386294, 42.36109099], [46.91393427, 42.36109432], [46.91340332, 42.36063003], [46.91300062, 42.36025068], [46.91244202, 42.35960111], [46.91203058, 42.35915038], [46.911789, 42.35914237], [46.91162473, 42.35921262], [46.91128786, 42.35940319], [46.9107874, 42.35916735], [46.91053348, 42.35922326], [46.91051849, 42.35922959], [46.90977206, 42.3595177], [46.90975507, 42.35951304], [46.90974008, 42.35950671], [46.90972708, 42.35949671], [46.90966248, 42.35937676], [46.90966347, 42.35932245], [46.9095079, 42.35914887], [46.90933362, 42.35916454], [46.90850954, 42.35960359], [46.90735158, 42.35989425], [46.90285368, 42.36185846], [46.90101279, 42.36235675], [46.90091715, 42.36233746], [46.89948965, 42.36292002], [46.90035034, 42.36347726], [46.89982484, 42.36348062], [46.89796945, 42.36459996], [46.89783716, 42.36462693], [46.89397185, 42.36547531], [46.89240942, 42.36586012], [46.89230245, 42.3658701], [46.88789182, 42.3663046], [46.88781689, 42.36629606], [46.88747568, 42.36642557], [46.8832841, 42.36606693], [46.88324345, 42.36604328], [46.88322746, 42.36603828], [46.88164199, 42.366016], [46.8815314, 42.36612294], [46.87808668, 42.36773396], [46.87587085, 42.36788182], [46.87520084, 42.36790865], [46.87494221, 42.36883251], [46.87497254, 42.36882552], [46.8749872, 42.36882585], [46.87511539, 42.36887578], [46.87512538, 42.36888411], [46.87513704, 42.3689041], [46.87512707, 42.36896708], [46.87449594, 42.36975093], [46.87447779, 42.37004451], [46.87446846, 42.37005684], [46.8744345, 42.37008282], [46.87404482, 42.37027152], [46.8740195, 42.37029984], [46.87310746, 42.37063453], [46.87302216, 42.3706875], [46.87279208, 42.3714132], [46.87278876, 42.37144951], [46.8696546, 42.37405757], [46.8695723, 42.37408287], [46.86951098, 42.37413351], [46.86949166, 42.37417216], [46.86789865, 42.37454477], [46.86764678, 42.3744572], [46.86763345, 42.37445687], [46.86340572, 42.37194912], [46.86356424, 42.37168796], [46.8635669, 42.37167963], [46.86135874, 42.37416823], [46.86139651, 42.37419049], [46.86166029, 42.37454533], [46.86166092, 42.37454662], [46.86140341, 42.37419542], [46.86138209, 42.3741771], [46.86133545, 42.37416213], [46.86133279, 42.37417038], [46.86165495, 42.37454021], [46.85876132, 42.37832733], [46.85759717, 42.38135427], [46.85759584, 42.38136393], [46.85243411, 42.38284904], [46.85242378, 42.38284838], [46.85074086, 42.38220914], [46.85069921, 42.38222079], [46.85048868, 42.38247434], [46.84872336, 42.38423617], [46.84908415, 42.38469856], [46.84975948, 42.38639823], [46.849746, 42.38641766], [46.84973268, 42.38642199], [46.84951627, 42.38676439], [46.84950428, 42.38676705], [46.84814303, 42.38660293], [46.84600933, 42.38650166], [46.84575142, 42.3865769], [46.84575808, 42.38656757], [46.84575708, 42.38656124], [46.84551516, 42.38659715], [46.84330613, 42.38776424], [46.84031058, 42.3907517], [46.84016265, 42.39085164], [46.82936951, 42.39128215], [46.82740614, 42.39116845], [46.82306448, 42.39248737], [46.82305983, 42.39258099], [46.82286835, 42.39278853], [46.8208588, 42.39387247], [46.82046597, 42.39412528], [46.81462064, 42.3958223], [46.81126375, 42.39648736], [46.81076988, 42.39670284], [46.8085978, 42.39696294], [46.80763582, 42.39736088], [46.80386688, 42.39907338], [46.80375058, 42.39909067], [46.80314743, 42.39924949], [46.80313243, 42.39925149], [46.80309977, 42.3992505], [46.80308377, 42.39925216], [46.80063767, 42.40011273], [46.80063338, 42.40012099], [46.79894872, 42.40029908], [46.79751707, 42.40021326], [46.7966364, 42.40050819], [46.78046017, 42.39946026], [46.77999497, 42.39948818], [46.77750039, 42.40001172], [46.77741075, 42.40003635], [46.77670864, 42.4002128], [46.77613084, 42.40037531], [46.77454247, 42.40026191], [46.7739817, 42.40020964], [46.77280017, 42.39984932], [46.7728148, 42.39990695], [46.77280214, 42.39992128], [46.77279248, 42.39992461], [46.77268468, 42.39987847], [46.77269095, 42.39987583], [46.77268371, 42.39986595], [46.77254888, 42.39985534], [46.77225095, 42.39979744], [46.77223762, 42.39978978], [46.77192245, 42.39964493], [46.77112075, 42.39937189], [46.7702851, 42.39909358], [46.76873466, 42.39856952], [46.76873529, 42.3985606], [46.76780045, 42.3982783], [46.76569269, 42.39765908], [46.76501721, 42.3975085], [46.76466432, 42.39750719], [46.76438708, 42.39752084], [46.75962212, 42.39704055], [46.75978679, 42.39702764], [46.75984244, 42.39703263], [46.75999174, 42.39704259], [46.75963382, 42.39702368], [46.75752177, 42.39703819], [46.7573355, 42.39703553], [46.75728918, 42.39702554], [46.75675735, 42.39706778], [46.75639648, 42.39696359], [46.75637149, 42.3969526], [46.75544327, 42.39662837], [46.75440926, 42.39653856], [46.7509206, 42.39606232], [46.75090827, 42.39606099], [46.75032591, 42.3961329], [46.74993601, 42.39617546], [46.74644519, 42.39634328], [46.74360889, 42.39630384], [46.74049216, 42.39597796], [46.73628265, 42.39480284], [46.7343214, 42.39297766], [46.73395764, 42.39222468], [46.7332312, 42.39112555], [46.73235528, 42.39143883], [46.7311874, 42.39099867], [46.73117141, 42.391001], [46.72993799, 42.39020865], [46.72995218, 42.39020635], [46.72469412, 42.39491698], [46.72469445, 42.39492898], [46.72465582, 42.39511188], [46.72454463, 42.39532378], [46.72466176, 42.3969383], [46.72466176, 42.39694596], [46.72431907, 42.39994203], [46.72432973, 42.39995003], [46.72447235, 42.40002263], [46.72447968, 42.40003296], [46.72431729, 42.40063191], [46.72428032, 42.40067755], [46.72404312, 42.40104495], [46.72386756, 42.40118154], [46.72386157, 42.4011902], [46.72352909, 42.40149302], [46.72340291, 42.40175721], [46.72336828, 42.40179886], [46.72330366, 42.40189647], [46.72297457, 42.40229393], [46.72294258, 42.40231691], [46.72293492, 42.40232557], [46.72283969, 42.40260977], [46.722853, 42.40263975], [46.72285233, 42.40266175], [46.72268712, 42.4028823], [46.72251457, 42.40304919], [46.72250824, 42.40305818], [46.72121066, 42.40481416], [46.72121864, 42.4048718], [46.72119433, 42.40494477], [46.72102414, 42.40530056], [46.7210258, 42.40531056], [46.72098416, 42.40539685], [46.72091957, 42.40576803], [46.72092989, 42.40578669], [46.72022438, 42.40695861], [46.72021839, 42.40696727], [46.7196181, 42.40753784], [46.71903247, 42.40825715], [46.71902748, 42.40830579], [46.71894083, 42.40835476], [46.71892917, 42.40836276], [46.71892151, 42.40837209], [46.71884857, 42.40850104], [46.71884823, 42.40863334], [46.71883424, 42.40865366], [46.71861278, 42.40948347], [46.71864476, 42.40950679], [46.71865176, 42.40951779], [46.71865875, 42.40954144], [46.71865809, 42.4095531], [46.71822671, 42.41025178], [46.71808644, 42.41038836], [46.71808478, 42.41039769], [46.71808911, 42.41040669], [46.71812176, 42.41042834], [46.71887951, 42.41054511], [46.72008047, 42.41044273], [46.7200968, 42.41044639], [46.7201128, 42.41045205], [46.72012646, 42.41045938], [46.7190512, 42.41153882], [46.7190382, 42.41154715], [46.71882762, 42.41165908], [46.71823756, 42.41210318], [46.71261561, 42.41548525], [46.70984122, 42.41504604], [46.70870924, 42.41511398], [46.70867326, 42.41513963], [46.7054038, 42.4176585], [46.70499825, 42.41771306], [46.70418414, 42.41798658], [46.70427007, 42.41794455], [46.70428107, 42.41794055], [46.7060001, 42.41712183], [46.70601575, 42.4170885], [46.70571768, 42.41652476], [46.70585386, 42.41619821], [46.70592781, 42.41624576], [46.70586582, 42.41628675], [46.70585816, 42.41625809], [46.70586947, 42.41619078], [46.70592885, 42.41625251], [46.70590719, 42.41630017], [46.7059671, 42.41628884], [46.70602209, 42.41625153], [46.70592043, 42.41624353], [46.7059071, 42.41623487], [46.70590077, 42.41622354], [46.70693949, 42.41522957], [46.70716436, 42.41506873], [46.70715903, 42.41506207], [46.70186223, 42.40992713], [46.70189813, 42.40993045], [46.569412, 42.43284566], [46.57050624, 42.43425543], [46.56932809, 42.43667554], [46.56927311, 42.43675716], [46.56926745, 42.43678248], [46.56823734, 42.43814428], [46.56823468, 42.43815728], [46.56823568, 42.43817094], [46.56824101, 42.4381836], [46.56825034, 42.43819426], [46.56827633, 42.43821025], [46.56829266, 42.43821624], [46.56831065, 42.4382199], [46.56834664, 42.43822156], [46.56906105, 42.43771517], [46.5692863, 42.43755493], [46.57011768, 42.43713149], [46.57088429, 42.43641948], [46.57106154, 42.4362079], [46.5714024, 42.43592175], [46.57144805, 42.43591509], [46.57146071, 42.43591742], [46.56694428, 42.44060591], [46.56617891, 42.44165512], [46.56619457, 42.44165413], [46.56784518, 42.44100264], [46.56837362, 42.44096712], [46.56936596, 42.44039084], [46.56990178, 42.440222], [46.57023768, 42.44018343], [46.5710341, 42.4401508], [46.57104476, 42.4401588], [46.57105809, 42.44018146], [46.57105743, 42.44022078], [46.57105144, 42.44023344], [46.57104278, 42.4402451], [46.57103079, 42.44025543], [46.56990246, 42.44058206], [46.5691075, 42.44154367], [46.56860738, 42.44197242], [46.56861204, 42.44198408], [46.56877333, 42.44211935], [46.56943848, 42.44316857], [46.56884808, 42.44340366], [46.56757201, 42.44523286], [46.56752669, 42.44525318], [46.56712656, 42.44567869], [46.56711458, 42.44582064], [46.56712191, 42.44583263], [46.56714456, 42.44585063], [46.56717621, 42.44586196], [46.56721187, 42.44586595], [46.56790264, 42.44575241], [46.56795463, 42.44574942], [46.57487095, 42.44659602], [46.57488693, 42.44665301], [46.57489726, 42.44666567], [46.57490992, 42.446677], [46.57492625, 42.446685], [46.57494458, 42.44669099], [46.57500057, 42.44669964], [46.57684262, 42.44574617], [46.57688295, 42.44575483], [46.57691561, 42.44576983], [46.57692727, 42.44578082], [46.57693493, 42.44579348], [46.57693759, 42.44580781], [46.57693593, 42.44582214], [46.57693027, 42.44583614], [46.57692094, 42.44584947], [46.57690928, 42.44586113], [46.57188816, 42.44819524], [46.57182319, 42.44831086], [46.5718425, 42.44836351], [46.57185283, 42.44837517], [46.57418818, 42.4482487], [46.57424583, 42.44825869], [46.57426449, 42.44826535], [46.57431214, 42.44829233], [46.57432447, 42.44830433], [46.5743338, 42.44831766], [46.57434479, 42.44834599], [46.57434512, 42.44836132], [46.57434146, 42.44837631], [46.57433313, 42.44838997], [46.57432247, 42.4484023], [46.57430914, 42.44841363], [46.57429314, 42.44842296], [46.57158055, 42.44924221], [46.57042456, 42.44934256], [46.57040925, 42.44939487], [46.57042224, 42.44943419], [46.57045456, 42.44946851], [46.57048422, 42.4494855], [46.57322711, 42.44981076], [46.57326809, 42.44984307], [46.57327708, 42.44985573], [46.57328208, 42.44986906], [46.57328441, 42.44988372], [46.57328308, 42.44989838], [46.57327842, 42.44991271], [46.57326943, 42.44992504], [46.57325677, 42.4499367], [46.57324044, 42.44994636], [46.56929296, 42.45072169], [46.56797303, 42.45127357], [46.56770043, 42.45135549], [46.5676881, 42.45136715], [46.56767944, 42.45138015], [46.56767345, 42.45139381], [46.56767112, 42.4514238], [46.56767378, 42.45143879], [46.56768578, 42.45146778], [46.56769511, 42.45148178], [46.56771944, 42.45150544], [46.56773477, 42.45151577], [46.56780608, 42.45154308], [46.56970517, 42.45167089], [46.56973683, 42.45168655], [46.56974916, 42.45169621], [46.56975849, 42.45170754], [46.56976448, 42.45171953], [46.56976781, 42.45173286], [46.56976349, 42.45177585], [46.56974118, 42.45181818], [46.56214137, 42.4498598], [46.56067479, 42.44924789], [46.56065413, 42.44925155], [46.56061547, 42.44926388], [46.56058049, 42.4492832], [46.56056649, 42.44929453], [46.5605545, 42.44930686], [46.55995452, 42.45018668], [46.5599132, 42.45016203], [46.55981091, 42.45013806], [46.5581458, 42.45020993], [46.55807383, 42.4501683], [46.55800085, 42.450142], [46.55798185, 42.45014067], [46.55427506, 42.44857248], [46.55196293, 42.44604897], [46.55181146, 42.44574002], [46.5517416, 42.44580723], [46.55179193, 42.44571785], [46.55179326, 42.44569119], [46.55163907, 42.44525037], [46.55170303, 42.44521006], [46.55195722, 42.4451658], [46.55244351, 42.44471085], [46.55242219, 42.44477018], [46.55238657, 42.44478179], [46.5524739, 42.44478046], [46.55252223, 42.44476414], [46.5524863, 42.44474318], [46.55249892, 42.44471929], [46.55251244, 42.4447084], [46.55248384, 42.44471637], [46.55246137, 42.44470944], [46.55241832, 42.44455236], [46.55061684, 42.44207459], [46.55060819, 42.44205426], [46.550416, 42.44172939], [46.55029041, 42.4415681], [46.55008251, 42.4414192], [46.54951182, 42.44070605], [46.54950884, 42.44069615], [46.54952766, 42.44068954], [46.54953558, 42.44067269], [46.54953559, 42.44065881], [46.54952834, 42.44064957], [46.5484001, 42.44050216], [46.54670413, 42.43943337], [46.54644054, 42.43926114], [46.54546838, 42.43417704], [46.54484976, 42.43302528], [46.54483176, 42.43302827], [46.54481577, 42.43303393], [46.54478878, 42.43305258], [46.54124184, 42.43426022], [46.52953879, 42.43763015], [46.52952454, 42.43760549], [46.52950507, 42.43760646], [46.52951243, 42.43760303], [46.52172114, 42.43801626], [46.52172148, 42.43801196], [46.52170101, 42.43800898], [46.5202761, 42.43887865], [46.51890228, 42.43975013], [46.51896926, 42.43973416], [46.51898459, 42.43973317], [46.51889397, 42.43970155], [46.51883803, 42.43970792], [46.51882703, 42.43970026], [46.51594832, 42.4390177], [46.51323106, 42.44075523], [46.51325905, 42.44074291], [46.51402391, 42.43949097], [46.51417521, 42.43946803], [46.51436281, 42.43941474], [46.51450044, 42.43930311], [46.51551553, 42.43825232], [46.51553486, 42.43823433], [46.51511856, 42.43795681], [46.51494062, 42.43791997], [46.51451811, 42.43766536], [46.51350174, 42.43701217], [46.5121834, 42.43668003], [46.51344568, 42.43570159], [46.51344139, 42.43570753], [46.5134414, 42.43569298], [46.51342591, 42.43570027], [46.51342892, 42.43570686], [46.51343619, 42.43568705], [46.50818795, 42.43782991], [46.50465113, 42.44753984], [46.50456783, 42.44758481], [46.50455983, 42.44759414], [46.50519818, 42.45021241], [46.50543633, 42.45073852], [46.50538737, 42.45084515], [46.50538471, 42.45085748], [46.50513954, 42.45164977], [46.50634397, 42.45503724], [46.50631459, 42.45505242], [46.50639762, 42.45515888], [46.506229, 42.45627642], [46.50601917, 42.45672686], [46.50596754, 42.45683881], [46.50423984, 42.46036434], [46.50423651, 42.460377], [46.50425415, 42.46043864], [46.50426215, 42.46044863], [46.50428614, 42.46046362], [46.50438776, 42.46049659], [46.50448949, 42.46119699], [46.50444926, 42.46171076], [46.50428797, 42.46182204], [46.5038787, 42.46317084], [46.50397662, 42.46333844], [46.50399326, 42.46340776], [46.50371613, 42.4639302], [46.5036968, 42.46395419], [46.50368448, 42.46400818], [46.50262786, 42.46545902], [46.50072049, 42.46638684], [46.50155443, 42.46659631], [46.5015501, 42.46657898], [46.50153543, 42.46653567], [46.50166076, 42.46679433], [46.50166609, 42.46679799], [46.50165643, 42.46681032], [46.50165742, 42.46681665], [46.5013983, 42.4669765], [46.50135198, 42.46700385], [46.50039389, 42.46718573], [46.5003629, 42.46720471], [46.49945501, 42.46775368], [46.49899522, 42.46813745], [46.49901281, 42.46812733], [46.49901522, 42.46818775], [46.49898627, 42.46812103], [46.49894568, 42.46812161], [46.49894933, 42.46812789], [46.49894966, 42.46814275], [46.49898824, 42.46809714], [46.49896147, 42.46809483], [46.49846602, 42.46879403], [46.49593124, 42.46987744], [46.49592058, 42.4698841], [46.4949586, 42.46970867], [46.49488896, 42.46973031], [46.4948833, 42.46973764], [46.49487365, 42.46996551], [46.4941894, 42.46995237], [46.49077459, 42.47099696], [46.48562408, 42.4724266], [46.48556077, 42.47243193], [46.48093913, 42.47307], [46.46648208, 42.4845126], [46.45677342, 42.48933819], [46.45233974, 42.49273276], [46.45007171, 42.49444761], [46.45004566, 42.49452166], [46.44978377, 42.4948245], [46.44965716, 42.49489944], [46.44511512, 42.49920357], [46.44535792, 42.49981142], [46.4456391, 42.49985607], [46.44563731, 42.50148794], [46.44549607, 42.5016445], [46.44536113, 42.5017581], [46.44522889, 42.50188935], [46.4452189, 42.50189634], [46.4452089, 42.50200028], [46.44515126, 42.50203859], [46.44514426, 42.50204758], [46.44442832, 42.50494228], [46.44443031, 42.50495328], [46.44250376, 42.50673715], [46.44171007, 42.50744403], [46.44172007, 42.50745002], [46.4372552, 42.51110714], [46.43677833, 42.51133388], [46.43676433, 42.51133921], [46.43688316, 42.51120011], [46.43687458, 42.51119716], [46.43685967, 42.51121778], [46.43634401, 42.51225382], [46.43613708, 42.51232275], [46.43597182, 42.51244866], [46.43581387, 42.51251259], [46.43529193, 42.51273059], [46.43447975, 42.51330999], [46.43416592, 42.51357614], [46.4337654, 42.51381635], [46.43367143, 42.51388232], [46.4336621, 42.51389332], [46.43351155, 42.51404487], [46.43272505, 42.51434393], [46.43288879, 42.51450647], [46.43198054, 42.5146745], [46.43195056, 42.51470682], [46.4319259, 42.51471614], [46.43101155, 42.5147241], [46.43019415, 42.51465359], [46.42941749, 42.51468351], [46.4285672, 42.51478856], [46.42855387, 42.51478157], [46.42854021, 42.51477791], [46.42852488, 42.51477725], [46.4284439, 42.51478657], [46.42789875, 42.51484543], [46.42752386, 42.51493829], [46.42698867, 42.51517998], [46.42626095, 42.51569932], [46.42619697, 42.51573329], [46.42501588, 42.51646275], [46.42145568, 42.51843516], [46.42118643, 42.51853141], [46.42114245, 42.51856139], [46.42009712, 42.51875211], [46.41942602, 42.51887133], [46.41666797, 42.52019761], [46.41686985, 42.52055596], [46.41450095, 42.52135489], [46.41448532, 42.52141186], [46.41417749, 42.52203723], [46.41423708, 42.52215418], [46.4142291, 42.52217884], [46.41422144, 42.5221905], [46.41421144, 42.52220049], [46.40912351, 42.52547464], [46.40909352, 42.52546332], [46.40778291, 42.52515156], [46.40774825, 42.52516455], [46.40769826, 42.52519153], [46.40767396, 42.52524281], [46.4076643, 42.5252122], [46.40763597, 42.52522587], [46.4076433, 42.52523153], [46.40766729, 42.5252282], [46.40769928, 42.52520954], [46.40771461, 42.52519588], [46.40772827, 42.52518089], [46.40773993, 42.52517256], [46.40774826, 42.52517223], [46.40775759, 42.52518089], [46.40773626, 42.52519588], [46.40772526, 42.52520154], [46.4077226, 42.52519389], [46.40774891, 42.5251676], [46.40776854, 42.5251253], [46.40781615, 42.52510331], [46.40780715, 42.52510963], [46.40780948, 42.52508431], [46.40778218, 42.52503001], [46.4077622, 42.52504132], [46.40777418, 42.52506332], [46.40778017, 42.52508198], [46.40782115, 42.52504333], [46.40782979, 42.52502601], [46.40788045, 42.52500868], [46.40782179, 42.52504667], [46.40777179, 42.525094], [46.40773013, 42.52512833], [46.40770513, 42.52515366], [46.40769113, 42.52517232], [46.4076778, 42.52518632], [46.40766347, 42.52519465], [46.40764747, 42.52519698], [46.40757349, 42.52519035], [46.40761187, 42.52520568], [46.40763035, 42.52520633], [46.40759397, 42.52517184], [46.40760321, 42.52519925], [46.40728606, 42.52521356], [46.40662904, 42.52554128], [46.40618354, 42.5254997], [46.40485897, 42.52551333], [46.40484131, 42.52551133], [46.40446976, 42.52559488], [46.40438881, 42.52568452], [46.40438315, 42.52569852], [46.40437915, 42.5257425], [46.40438248, 42.52575616], [46.40438947, 42.52576816], [46.40679118, 42.53205551], [46.40728901, 42.53228033], [46.41136981, 42.53580426], [46.4113315, 42.53595312], [46.41433649, 42.53813251], [46.4147929, 42.5398042], [46.41478694, 42.53980751], [46.41479651, 42.53980918], [46.40979589, 42.54020217], [46.40981388, 42.54021317], [46.40983754, 42.54022383], [46.40986287, 42.54023349], [46.4098892, 42.54024215], [46.40976761, 42.54020521], [46.40976937, 42.54017562], [46.39925871, 42.54575466], [46.39826337, 42.54602495], [46.39822573, 42.54607859], [46.39822906, 42.54610724], [46.39773421, 42.54626703], [46.39204676, 42.54704913], [46.38693852, 42.54837485], [46.38757695, 42.54853759], [46.3877059, 42.54858387], [46.38774653, 42.54862485], [46.38774986, 42.54863551], [46.38774986, 42.54864684], [46.38774653, 42.5486585], [46.38292339, 42.55017576], [46.3774901, 42.55237904], [46.37749043, 42.55238837], [46.37756768, 42.55260029], [46.37699303, 42.55371176], [46.37388904, 42.55660146], [46.37362193, 42.55706927], [46.37334502, 42.55720216], [46.37316979, 42.5578082], [46.36713561, 42.56656897], [46.36712328, 42.5665713], [46.36694673, 42.56664658], [46.36677914, 42.56644874], [46.36713066, 42.566101], [46.36714799, 42.56609667], [46.36716964, 42.56607237], [46.36710934, 42.56604873], [46.36651632, 42.56626366], [46.36678133, 42.56657779], [46.36550206, 42.56289131], [46.36456167, 42.56252234], [46.36325175, 42.56327516], [46.36266359, 42.56359991], [46.3615218, 42.56487548], [46.36068701, 42.56543095], [46.36059871, 42.56542298], [46.36058338, 42.56541865], [46.36055105, 42.56540533], [46.3604534, 42.56538003], [46.36051772, 42.56536835], [46.36066367, 42.56537169], [46.360678, 42.56537103], [46.36070166, 42.56536537], [46.36071299, 42.56536004], [46.36072832, 42.56535838], [46.36074232, 42.56535372], [46.36077765, 42.5653484], [46.36079331, 42.56534374], [46.3608163, 42.56533408], [46.36084429, 42.5653121], [46.36091892, 42.56530911], [46.3609439, 42.56530046], [46.36097287, 42.56526583], [46.36101014, 42.56519455], [46.36081694, 42.56543597], [46.36073468, 42.56544997], [46.36072068, 42.56544897], [46.36054642, 42.56542503], [46.36036782, 42.56535011], [46.36029851, 42.56534345], [46.36023287, 42.56536442], [46.36015756, 42.56536278], [46.36011558, 42.56537676], [46.36010492, 42.56537942], [46.35981637, 42.56535975], [46.35716493, 42.56663936], [46.35687257, 42.56703804], [46.35579689, 42.56849041], [46.35579056, 42.5684994], [46.35665967, 42.57230826], [46.35331428, 42.57188821], [46.35330073, 42.57188823], [46.35028828, 42.57184972], [46.34998481, 42.57182675], [46.34995149, 42.57180844], [46.34994149, 42.57180044], [46.34993483, 42.57179044], [46.35050752, 42.56966054], [46.34893788, 42.56855587], [46.34642699, 42.57132766], [46.34606015, 42.57181146], [46.34601317, 42.57178315], [46.34549439, 42.57199339], [46.34551126, 42.57195364], [46.34547994, 42.57196523], [46.34546573, 42.57195698], [46.34545254, 42.57198515], [46.34560267, 42.57211507], [46.34569229, 42.57218068], [46.34578753, 42.57238494], [46.34604835, 42.57277943], [46.34606234, 42.57280242], [46.34609329, 42.57289538], [46.34609995, 42.57290804], [46.34631546, 42.57315492], [46.34631347, 42.57316492], [46.34615757, 42.57344279], [46.34615424, 42.57345278], [46.34613759, 42.57348644], [46.34613559, 42.57349777], [46.34612427, 42.57352076], [46.34612094, 42.57353309], [46.34610565, 42.57363937], [46.34610032, 42.57365037], [46.34609066, 42.5736607], [46.346077, 42.57366969], [46.34606067, 42.57367769], [46.3459547, 42.57372499], [46.34592571, 42.57374032], [46.34611092, 42.57430708], [46.34612492, 42.57431741], [46.3461799, 42.57435472], [46.34620755, 42.57438337], [46.34621154, 42.57439303], [46.34622786, 42.57441102], [46.34625018, 42.57442901], [46.34625849, 42.57446], [46.34624017, 42.57448366], [46.34623284, 42.57449665], [46.34622818, 42.57450898], [46.34622652, 42.57452097], [46.34621787, 42.57455795], [46.3462192, 42.57457128], [46.34622319, 42.57458194], [46.34646177, 42.57477716], [46.34663729, 42.57495336], [46.34664261, 42.57507198], [46.34663528, 42.57507998], [46.34652867, 42.57518428], [46.34651068, 42.57521627], [46.34650002, 42.5752306], [46.3464737, 42.57529058], [46.34617092, 42.57570003], [46.34617026, 42.57571202], [46.34838577, 42.57951706], [46.34836885, 42.57958164], [46.34919431, 42.58058704], [46.34876947, 42.58126699], [46.34938759, 42.58148551], [46.35073612, 42.58307595], [46.34934674, 42.58390998], [46.34927849, 42.58418853], [46.34926817, 42.58421585], [46.3492715, 42.58422251], [46.34937778, 42.58431712], [46.34891205, 42.58452998], [46.34314398, 42.59305587], [46.34308637, 42.59315144], [46.34143565, 42.59541129], [46.3408596, 42.59533626], [46.34058196, 42.59532996], [46.34058097, 42.59535528], [46.34062424, 42.59532859], [46.34066824, 42.59530893], [46.34067656, 42.59529928], [46.34005369, 42.59505773], [46.33589921, 42.59420776], [46.33395142, 42.59419474], [46.33040149, 42.59240963], [46.32767277, 42.59159013], [46.32761047, 42.5915475], [46.32763546, 42.59154284], [46.3276238, 42.59154118], [46.32735493, 42.59136898], [46.3268868, 42.59116288], [46.32231, 42.58911291], [46.32148635, 42.58908836], [46.3189174, 42.58951705], [46.3180081, 42.58920199], [46.31017054, 42.59211505], [46.30934351, 42.59238337], [46.30819092, 42.59239134], [46.30830174, 42.59303963], [46.3098037, 42.59524875], [46.30979905, 42.59526274], [46.30794675, 42.5957055], [46.30291029, 42.59691388], [46.30290263, 42.59692021], [46.30289964, 42.5969272], [46.29997791, 42.59748112], [46.29785971, 42.59714318], [46.29538654, 42.59250858], [46.2937976, 42.59140301], [46.29303124, 42.5918863], [46.2913042, 42.59205013], [46.29126221, 42.59205945], [46.28914002, 42.59259067], [46.28896872, 42.59263161], [46.2886375, 42.59269217], [46.28845822, 42.59271479], [46.28776581, 42.59265217], [46.28716138, 42.59281696], [46.2866399, 42.59298678], [46.28538057, 42.59315951], [46.2832653, 42.59350658], [46.28307071, 42.59350925], [46.28305705, 42.59350726], [46.28276816, 42.59352084], [46.28187182, 42.5933317], [46.28151495, 42.59335027], [46.28145131, 42.59338958], [46.28143365, 42.59340757], [46.28142832, 42.59341757], [46.2802372, 42.59383942], [46.27996363, 42.59388601], [46.27933849, 42.59401413], [46.27858941, 42.59410121], [46.27734915, 42.59423599], [46.2770081, 42.59448476], [46.27700319, 42.59445379], [46.27698667, 42.59445709], [46.2769652, 42.59446467], [46.27696555, 42.59444879], [46.27695466, 42.59445438], [46.27694275, 42.59443951], [46.27699607, 42.5944664], [46.27691291, 42.59377827], [46.27656621, 42.59336989], [46.27639329, 42.59325498], [46.27401445, 42.5908702], [46.27148092, 42.59026252], [46.27116322, 42.58987916], [46.26842491, 42.58904413], [46.26840358, 42.58903781], [46.26799221, 42.58876712], [46.26841833, 42.59246689], [46.2686865, 42.59261139], [46.2741613, 42.59639589], [46.27514408, 42.59827241], [46.27822263, 42.60557642], [46.27816981, 42.60464261], [46.27817376, 42.60466243], [46.27815424, 42.60466244], [46.27814863, 42.60466608], [46.27369021, 42.605253], [46.2735143, 42.60524202], [46.27310676, 42.60530685], [46.27247871, 42.60529988], [46.27148356, 42.60545501], [46.2714779, 42.60547167], [46.27147329, 42.60554593], [46.27137233, 42.605365], [46.26744942, 42.60567889], [46.26742476, 42.6056719], [46.2592755, 42.6067155], [46.25926217, 42.60672083], [46.25925551, 42.60672949], [46.25925684, 42.60673915], [46.25926283, 42.60674915], [46.25923651, 42.60675351], [46.25842499, 42.60634646], [46.25714203, 42.6064542], [46.25141414, 42.60815072], [46.25088399, 42.60824955], [46.25080471, 42.60828285], [46.2498713, 42.60843898], [46.24690564, 42.60883456], [46.24461433, 42.60939012], [46.24254924, 42.60951607], [46.2381731, 42.60963638], [46.23280862, 42.61047605], [46.23233347, 42.61062579], [46.23061101, 42.61104993], [46.23059635, 42.61105292], [46.22469983, 42.61240926], [46.22479693, 42.61295849], [46.22459248, 42.61303375], [46.22458215, 42.61303774], [46.22434904, 42.61311596], [46.22433638, 42.61312296], [46.22432805, 42.61313262], [46.22924198, 42.61666982], [46.22925164, 42.61665949], [46.22935725, 42.61655287], [46.22956252, 42.61658152], [46.22956718, 42.61659318], [46.22708686, 42.61835331], [46.22709119, 42.61838963], [46.22711751, 42.61842095], [46.2271305, 42.61842961], [46.22716149, 42.61844226], [46.22723047, 42.61845123], [46.2277213, 42.6182674], [46.2271468, 42.61865979], [46.22710481, 42.61877642], [46.22788654, 42.61880811], [46.22776091, 42.61916258], [46.22776524, 42.61917358], [46.2277729, 42.61918257], [46.22778356, 42.6191879], [46.22779622, 42.61918823], [46.22776155, 42.61914698], [46.22778018, 42.61918263], [46.2278005, 42.61918562], [46.22848303, 42.61872561], [46.22819131, 42.61951782], [46.22820264, 42.61951516], [46.23129474, 42.61925105], [46.23131421, 42.61924114], [46.23194857, 42.61932047], [46.23278931, 42.61914839], [46.23296854, 42.61887616], [46.23279716, 42.6195431], [46.23235817, 42.61995378], [46.23234717, 42.61995578], [46.23326904, 42.62038749], [46.2395987, 42.62238943], [46.24140261, 42.62505408], [46.24659347, 42.63202449], [46.24658914, 42.63205615], [46.24562329, 42.63163196], [46.24540038, 42.63240898], [46.24299685, 42.63329756], [46.24241059, 42.6351963], [46.24239894, 42.63522062], [46.24237695, 42.63522428], [46.24174658, 42.63497768], [46.24119347, 42.63651652], [46.24118251, 42.63720655], [46.24069768, 42.63963756], [46.24069635, 42.63964755], [46.24070667, 42.63966687], [46.240717, 42.63967586], [46.24121512, 42.63948068], [46.24137076, 42.63948565], [46.24157463, 42.64006302], [46.24142229, 42.64071999], [46.24141463, 42.64072765], [46.24140497, 42.64073231], [46.24139298, 42.64073431], [46.24127412, 42.64069669], [46.24117095, 42.64073299], [46.24119195, 42.640728], [46.24128451, 42.64071832], [46.24127494, 42.64070676], [46.24128088, 42.64070211], [46.24128916, 42.64070938], [46.23977098, 42.64161888], [46.23977724, 42.64163011], [46.23729662, 42.64690508], [46.23705208, 42.64710563], [46.23260971, 42.65008644], [46.2309303, 42.65207404], [46.23039326, 42.65270676], [46.23010046, 42.65312057], [46.22962323, 42.65396815], [46.22952932, 42.65413573], [46.22813485, 42.65540858], [46.22728216, 42.6559049], [46.22694928, 42.65618239], [46.22650176, 42.65645785], [46.2251931, 42.65779851], [46.22454622, 42.65870748], [46.22446691, 42.65896702], [46.22445992, 42.65899267], [46.22429466, 42.65912926], [46.22411905, 42.65915624], [46.22404177, 42.65925887], [46.22399716, 42.65934882], [46.2237869, 42.66062719], [46.22462094, 42.66415334], [46.22456562, 42.66498366], [46.22456162, 42.66499599], [46.22476468, 42.66575265], [46.22454273, 42.66570971], [46.2245304, 42.66570205], [46.2245224, 42.66569372], [46.22451041, 42.66565374], [46.22450508, 42.66564808], [46.22424488, 42.66555581], [46.22383106, 42.66557643], [46.2233285, 42.66543939], [46.2233146, 42.66543572], [46.2233146, 42.6654466], [46.22241072, 42.66552102], [46.2223514, 42.66554633], [46.22233041, 42.66555299], [46.22230442, 42.66555598], [46.22207155, 42.66558126], [46.22205156, 42.66558726], [46.22203056, 42.66559159], [46.22199058, 42.66561224], [46.22140968, 42.66592256], [46.22140271, 42.66599884], [46.22159569, 42.66617351], [46.22146936, 42.66635384], [46.22143471, 42.66637548], [46.2207443, 42.66646942], [46.2207283, 42.66646776], [46.22061132, 42.66643012], [46.22032875, 42.66627054], [46.21824861, 42.66497538], [46.21823528, 42.66496772], [46.21819797, 42.66496139], [46.21766529, 42.66515347], [46.217587, 42.66520311], [46.21576681, 42.66651722], [46.21554855, 42.66661747], [46.21537228, 42.66654382], [46.21533798, 42.66651285], [46.21532998, 42.66651318], [46.21532465, 42.66651851], [46.21532598, 42.66652584], [46.2157955, 42.6664965], [46.21580416, 42.66648617], [46.21593532, 42.666195], [46.21597894, 42.6661067], [46.21597794, 42.66609204], [46.21594596, 42.66604039], [46.21593363, 42.66603039], [46.2149353, 42.66572867], [46.21473306, 42.66553344], [46.21370386, 42.66600932], [46.21368953, 42.66601065], [46.21363588, 42.66600599], [46.21361655, 42.66600665], [46.21359856, 42.66600964], [46.21354891, 42.66602895], [46.21302022, 42.6665383], [46.21264532, 42.66659686], [46.21262799, 42.66659819], [46.21261333, 42.66659686], [46.20815992, 42.67042759], [46.20818457, 42.67049122], [46.20818358, 42.67050288], [46.20812096, 42.67069347], [46.20796737, 42.67097262], [46.20798036, 42.67098328], [46.20793133, 42.67082533], [46.2049218, 42.6718554], [46.20490747, 42.67186006], [46.20478684, 42.67186338], [46.20477118, 42.67186671], [46.20475652, 42.67187204], [46.20385114, 42.67314485], [46.20385314, 42.67315351], [46.2038618, 42.67315917], [46.20387379, 42.67316216], [46.20410916, 42.67308031], [46.20411213, 42.6730899], [46.20054544, 42.67580224], [46.20053311, 42.67580323], [46.20032788, 42.67585982], [46.19221024, 42.67625552], [46.19199211, 42.68210163], [46.19205176, 42.68212494], [46.19201009, 42.68219714], [46.19202042, 42.68220613], [46.19203508, 42.68221279], [46.19211839, 42.68223576], [46.19213505, 42.68223809], [46.19216069, 42.68243839], [46.1921557, 42.68244972], [46.1930469, 42.6854021], [46.19304057, 42.68541476], [46.19292062, 42.68551037], [46.19012739, 42.68562269], [46.19008283, 42.68559175], [46.18448551, 42.68685451], [46.18447285, 42.68685251], [46.18445319, 42.68683819], [46.16550672, 42.69020726], [46.15990066, 42.69017523], [46.15991684, 42.69016068], [46.15981019, 42.69015891], [46.15965124, 42.69017453], [46.15958892, 42.69019219], [46.15244783, 42.68885816], [46.15247158, 42.68887079], [46.1523686, 42.6894652], [46.15233495, 42.68949319], [46.15221799, 42.68950948], [46.15201703, 42.68946319], [46.15184411, 42.68940626], [46.1519007, 42.68933597], [46.15190169, 42.68932431], [46.1516888, 42.68923009], [46.15167747, 42.68923075], [46.15166781, 42.68923608], [46.15159751, 42.68931272], [46.15161529, 42.68931049], [46.1515958, 42.68929694], [46.15158844, 42.68933132], [46.15156075, 42.68927461], [46.15157531, 42.6893103], [46.15161917, 42.68936371], [46.15040128, 42.68848195], [46.15029, 42.68844166], [46.14849722, 42.68856626], [46.14790216, 42.68927064], [46.14735507, 42.68991005], [46.14734141, 42.68991771], [46.14690722, 42.69004092], [46.14661196, 42.68999225], [46.14622043, 42.68971273], [46.14579854, 42.68969907], [46.14365806, 42.68864018], [46.1433938, 42.68868043], [46.14179448, 42.68836865], [46.14171517, 42.68840228], [46.14168085, 42.68840827], [46.14080111, 42.68881498], [46.14047423, 42.68902087], [46.14031192, 42.68908811], [46.13984705, 42.68907974], [46.13981172, 42.68907809], [46.13866376, 42.68876954], [46.13875771, 42.68861962], [46.13755391, 42.68649175], [46.13734899, 42.68595505], [46.13641534, 42.68608524], [46.13635069, 42.68611222], [46.13319536, 42.68707997], [46.13279066, 42.68592109], [46.12858666, 42.68464093], [46.12846004, 42.68464763], [46.12626194, 42.68436553], [46.12577878, 42.68437984], [46.12566149, 42.68444981], [46.12481178, 42.68473783], [46.12459954, 42.68493108], [46.12457956, 42.68497506], [46.12457923, 42.68498739], [46.12416298, 42.68432213], [46.12427421, 42.6840619], [46.12425094, 42.68402694], [46.12431127, 42.68403358], [46.1243116, 42.68402292], [46.12430627, 42.68401459], [46.12429594, 42.68401093], [46.12428361, 42.68401126], [46.12436837, 42.68360071], [46.12443137, 42.68355578], [46.12636957, 42.68218716], [46.12614955, 42.67851062], [46.12613389, 42.67850529], [46.12609325, 42.67847466], [46.12522737, 42.67756514], [46.12522903, 42.67755714], [46.1252267, 42.67754748], [46.12521937, 42.67753915], [46.11695233, 42.67579783], [46.11676844, 42.67561591], [46.11270556, 42.67688825], [46.1125083, 42.67694951], [46.11190966, 42.67689319], [46.11142608, 42.67616223], [46.11141508, 42.6761529], [46.11000019, 42.67547792], [46.10448602, 42.67365445], [46.10439571, 42.67361814], [46.10271523, 42.67366372], [46.10218277, 42.67353107], [46.10218508, 42.67352181], [46.10157887, 42.67490016], [46.10159753, 42.67493315], [46.10010493, 42.67577313], [46.10007427, 42.67577945], [46.0976896, 42.67609348], [46.09882123, 42.67602317], [46.09113185, 42.67288724], [46.0917711, 42.67285547], [46.09177114, 42.67283534], [46.09176046, 42.67283986], [46.09159746, 42.67284461], [46.09107596, 42.6728689], [46.08861613, 42.67193879], [46.08708477, 42.67277414], [46.08623434, 42.67177347], [46.0830035, 42.67187472], [46.08014953, 42.67175459], [46.07875683, 42.67164869], [46.07318005, 42.67131094], [46.07311188, 42.67122754], [46.07334637, 42.67115011], [46.07335437, 42.67114345], [46.07335636, 42.67113579], [46.07335303, 42.67112779], [46.07286167, 42.67094938], [46.07283602, 42.67094773], [46.07284502, 42.67096472], [46.07448164, 42.67296765], [46.0745253, 42.67299531], [46.07454294, 42.67300266], [46.07452861, 42.672992], [46.07450728, 42.67298067], [46.07446428, 42.67296268], [46.07455525, 42.67298101], [46.07456724, 42.672988], [46.07460783, 42.6730233], [46.07596717, 42.67358449], [46.07727636, 42.67352969], [46.07744529, 42.6735903], [46.07759016, 42.67412673], [46.07749718, 42.67415237], [46.07213753, 42.67380878], [46.07172967, 42.67381841], [46.0711312, 42.67382346], [46.0708414, 42.67411361], [46.07083807, 42.67412594], [46.07076516, 42.6743332], [46.07051992, 42.67448944], [46.06920568, 42.67499502], [46.06870282, 42.67504192], [46.06825298, 42.67519442], [46.06790404, 42.67518073], [46.06789971, 42.67453372], [46.06768914, 42.67456436], [46.06753618, 42.67457032], [46.06751818, 42.67456733], [46.06750119, 42.67456267], [46.06748586, 42.67455568], [46.06742955, 42.67450903], [46.06738625, 42.6744304], [46.06735294, 42.67441041], [46.06700082, 42.67415126], [46.06647408, 42.67429058], [46.06634512, 42.67423095], [46.06626881, 42.67420465], [46.06627646, 42.67427062], [46.06627246, 42.67428262], [46.06623516, 42.67434025], [46.06623724, 42.67438234], [46.06622624, 42.67437401], [46.06620992, 42.6743357], [46.06627333, 42.67437867], [46.06628799, 42.67440067], [46.06630699, 42.67442066], [46.06632832, 42.67443632], [46.06635431, 42.67444798], [46.0663853, 42.67445564], [46.06641863, 42.67446163], [46.06649962, 42.67447328], [46.0664763, 42.67446697], [46.06637699, 42.674446], [46.06635566, 42.67443701], [46.06631467, 42.67441469], [46.06629768, 42.67440103], [46.06627236, 42.67437237], [46.06623835, 42.67430636], [46.06614666, 42.674097], [46.0658295, 42.67384383], [46.06524076, 42.67356006], [46.06452266, 42.67354777], [46.06370648, 42.67355797], [46.0609373, 42.67256613], [46.06062097, 42.67191276], [46.06073212, 42.67160894], [46.05849457, 42.67268474], [46.05812146, 42.6730188], [46.05743836, 42.67377646], [46.05691018, 42.67397862], [46.05552842, 42.6744001], [46.04893719, 42.67328219], [46.04762263, 42.67322732], [46.04753734, 42.67322764], [46.04339691, 42.67413369], [46.04338525, 42.67414002], [46.04199794, 42.67396361], [46.0419075, 42.67380038], [46.04016689, 42.67297313], [46.04018969, 42.67296457], [46.04049313, 42.67279032], [46.04051378, 42.67275001], [46.04039623, 42.67254411], [46.03632349, 42.67208481], [46.0361019, 42.67191088], [46.02739923, 42.66858444], [46.01901121, 42.66695282], [46.01821384, 42.66709683], [46.01739568, 42.66713604], [46.01593185, 42.66728796], [46.01576822, 42.66726365], [46.01573156, 42.66724734], [46.01543237, 42.66727067], [46.0126875, 42.66647675], [46.01121665, 42.66639474], [46.01120199, 42.66639574], [46.01050705, 42.66661985], [46.00667702, 42.66705593], [46.00329503, 42.66757711], [46.00166237, 42.66752403], [45.99938296, 42.66845069], [45.99934908, 42.66850401], [45.99934941, 42.66849535], [45.99934475, 42.66848836], [45.99932642, 42.66848504], [45.99855274, 42.66847076], [45.99826318, 42.66850067], [45.99268356, 42.66967877], [45.99027959, 42.66966103], [45.98994504, 42.66982925], [45.98944054, 42.66989621], [45.98906265, 42.67005507], [45.98904532, 42.6700554], [45.98892102, 42.67004044], [45.98773573, 42.66987856], [45.9845908, 42.66953683], [45.98455682, 42.66948186], [45.9837598, 42.66902154], [45.9818827, 42.66871512], [45.97818856, 42.66636075], [45.97801063, 42.66636973], [45.97795661, 42.66641541], [45.97794821, 42.66634674], [45.97617876, 42.66694812], [45.9752943, 42.66697802], [45.97170149, 42.66685451], [45.96909563, 42.66707591], [45.96904532, 42.66708756], [45.969011, 42.6670869], [45.96897702, 42.66707724], [45.9672846, 42.66706911], [45.96720862, 42.66705747], [45.96594436, 42.66683653], [45.96551513, 42.66676563], [45.9655008, 42.6667603], [45.96548847, 42.6667523], [45.96547814, 42.6667423], [45.96547081, 42.66673031], [45.96546748, 42.66671765], [45.96547114, 42.66670532], [45.96547847, 42.66669466], [45.96548947, 42.666685], [45.96550413, 42.66667634], [45.96552112, 42.66666868], [45.96555678, 42.66665936], [45.96561744, 42.66665605], [45.96593201, 42.66666869], [45.96613596, 42.66656007], [45.96670211, 42.66630126], [45.96672944, 42.66629294], [45.96675276, 42.66627629], [45.96676009, 42.66626529], [45.96676375, 42.66625329], [45.96676309, 42.66624096], [45.96593402, 42.66631294], [45.96586204, 42.66632958], [45.96539616, 42.66626235], [45.96507894, 42.66625466], [45.96504329, 42.66622166], [45.96495365, 42.66615504], [45.96492399, 42.66613938], [45.96491233, 42.66612938], [45.96483171, 42.66603409], [45.96469346, 42.66583618], [45.96456854, 42.66568424], [45.96425896, 42.66553032], [45.96402773, 42.66536008], [45.96261623, 42.66504318], [45.96258758, 42.6650192], [45.96183016, 42.66501921], [45.96070161, 42.66574244], [45.95978757, 42.66614848], [45.95976991, 42.66614682], [45.95890501, 42.66481963], [45.95606806, 42.6653694], [45.95595414, 42.66551333], [45.95329505, 42.66524332], [45.95304645, 42.66533558], [45.95221033, 42.66650151], [45.95089419, 42.66699218], [45.95045303, 42.66674705], [45.95044604, 42.66673705], [45.95044371, 42.66672639], [45.95044504, 42.66671606], [45.95045004, 42.66670573], [45.9504587, 42.66669707], [45.9504707, 42.66668907], [45.95051602, 42.66667109], [45.95061865, 42.66666844], [45.95146035, 42.66615841], [45.95146835, 42.66614941], [45.95147334, 42.66612842], [45.95147068, 42.66611876], [45.95146302, 42.66611043], [45.95145202, 42.6661051], [45.95083563, 42.6658895], [45.95083097, 42.66588017], [45.95006439, 42.66534797], [45.95033499, 42.66536957], [45.95035432, 42.66535491], [45.95036099, 42.66528528], [45.95031835, 42.6652373], [45.94964662, 42.66492123], [45.94987919, 42.66487926], [45.94991351, 42.6648546], [45.94991351, 42.6647943], [45.9495447, 42.66464249], [45.94952704, 42.66461916], [45.94888363, 42.66419944], [45.94705589, 42.66431314], [45.94680999, 42.6645487], [45.9467424, 42.66470359], [45.94670208, 42.66471524], [45.94668675, 42.6647159], [45.94667142, 42.66471357], [45.94665776, 42.66470891], [45.94664477, 42.66470192], [45.94661879, 42.6646726], [45.94799595, 42.66338189], [45.94799961, 42.6633699], [45.94799895, 42.6633589], [45.94799329, 42.66334957], [45.94798396, 42.66334257], [45.94436449, 42.66368157], [45.94404491, 42.66372586], [45.94424084, 42.66406964], [45.94335877, 42.66382378], [45.94334411, 42.66383044], [45.94330047, 42.66389407], [45.94305589, 42.66409999], [45.94024678, 42.6644049], [45.93978695, 42.66463038], [45.93977462, 42.66463871], [45.93780236, 42.66497228], [45.93784001, 42.66489531], [45.93783102, 42.66487166], [45.93782336, 42.66486133], [45.93781336, 42.66485267], [45.93577152, 42.66530627], [45.93308045, 42.66564186], [45.93262831, 42.66588701], [45.92959359, 42.66641437], [45.92959357, 42.66639731], [45.92960215, 42.66638277], [45.92961734, 42.66638972], [45.92966807, 42.66647867], [45.92966744, 42.66646417], [45.92956865, 42.66645124], [45.92957093, 42.66644601], [45.92946759, 42.66657058], [45.9294486, 42.6665969], [45.92335909, 42.66892854], [45.92287158, 42.66878102], [45.92284025, 42.66876937], [45.922528, 42.66874973], [45.92161665, 42.66913812], [45.9191791, 42.66940209], [45.91867524, 42.6695899], [45.91852062, 42.66969451], [45.91812177, 42.66984567], [45.91689246, 42.67133137], [45.90877295, 42.67488722], [45.90503038, 42.67506679], [45.90434693, 42.67476967], [45.90334959, 42.67480067], [45.90325495, 42.67484766], [45.90233753, 42.67515114], [45.90133466, 42.67405564], [45.90131767, 42.67405165], [45.90078416, 42.67401365], [45.90080946, 42.67403229], [45.90093104, 42.67414355], [45.90079538, 42.67425191], [45.9007084, 42.67420038], [45.90059848, 42.67399645], [45.89298891, 42.66913231], [45.88131955, 42.6647237], [45.87978235, 42.6643621], [45.87976669, 42.6643621], [45.87975269, 42.66436543], [45.87642814, 42.66237955], [45.87647072, 42.66190837], [45.87634344, 42.66180208], [45.87632778, 42.66179408], [45.87495202, 42.66015963], [45.87486908, 42.66002136], [45.87374348, 42.6596145], [45.86952198, 42.65777738], [45.85246302, 42.65642], [45.85244717, 42.65642032], [45.85236848, 42.65650586], [45.85233616, 42.65651918], [45.85195463, 42.65656337], [45.85169105, 42.65668729], [45.85170038, 42.6566753], [45.85185834, 42.65659035], [45.85217292, 42.65655702], [45.85239904, 42.65704834], [45.85246035, 42.65700906], [45.85237973, 42.6569249], [45.85195266, 42.65697766], [45.85192101, 42.65697634], [45.85190902, 42.65697967], [45.85189803, 42.656993], [45.85184207, 42.65699033], [45.8521423, 42.65654647], [45.85340822, 42.6561659], [45.85342255, 42.6561619], [45.85343321, 42.65615457], [45.85344054, 42.65614491], [45.85344254, 42.65613458], [45.85344054, 42.65612392], [45.85083152, 42.65521161], [45.85005814, 42.65504167], [45.85004181, 42.65503701], [45.85001349, 42.65502202], [45.84787292, 42.65471834], [45.84780062, 42.65472299], [45.8473431, 42.65463273], [45.84092803, 42.64905329], [45.81233719, 42.62893271], [45.80538274, 42.63052999], [45.80539298, 42.63052239], [45.80539496, 42.6305138], [45.80540718, 42.63050587], [45.80566724, 42.63040568], [45.8056919, 42.63038869], [45.80571588, 42.63036371], [45.80565655, 42.63037271], [45.80563788, 42.63038364], [45.80566421, 42.63039931], [45.80565821, 42.63041332], [45.80563388, 42.63043465], [45.80671221, 42.6302313], [45.80660295, 42.63029845], [45.80665795, 42.63026042], [45.80664575, 42.63025513], [45.80703937, 42.63014083], [45.80695308, 42.63018347], [45.80559139, 42.63041545], [45.80562439, 42.63041312], [45.8056074, 42.63040146], [45.80564906, 42.63037313], [45.80565006, 42.63037879], [45.80562174, 42.6304131], [45.80561074, 42.63042376], [45.80559808, 42.63043142], [45.80558075, 42.63045241], [45.80563105, 42.63047673], [45.80581895, 42.63045015], [45.80587759, 42.63041383], [45.80661734, 42.63024376], [45.80603836, 42.63040922], [45.80602703, 42.63041621], [45.80552779, 42.6304854], [45.80556078, 42.6303502], [45.80555651, 42.63038648], [45.80554585, 42.63038185], [45.80554784, 42.63036988], [45.80548451, 42.63039321], [45.80546618, 42.6304032], [45.8054712, 42.63039521], [45.80547953, 42.63036988], [45.80548119, 42.63035555], [45.80535953, 42.63022822], [45.80532719, 42.63023022], [45.80532053, 42.63019425], [45.80532752, 42.63015326], [45.80539118, 42.63013993], [45.80540716, 42.63016025], [45.80542448, 42.63017223], [45.80542315, 42.63014824], [45.80544614, 42.63010825], [45.80543948, 42.63002529], [45.80537523, 42.63007355], [45.80537622, 42.63010821], [45.80539288, 42.63011688], [45.80540254, 42.63015854], [45.80540587, 42.63023814], [45.80540787, 42.63025447], [45.80540089, 42.63028878], [45.80544786, 42.6303074], [45.8054312, 42.63029174], [45.80553286, 42.63025508], [45.80555051, 42.63021778], [45.80558951, 42.63015178], [45.80561751, 42.63014079], [45.80571284, 42.6300988], [45.8057895, 42.63009314], [45.80576518, 42.63012013], [45.80567952, 42.63018679], [45.80565419, 42.63019445], [45.80559187, 42.63022078], [45.80554654, 42.63023611], [45.80543955, 42.63021678], [45.80546088, 42.63021612], [45.80543956, 42.63023243], [45.80544322, 42.63024241], [45.80543856, 42.63025074], [45.80537959, 42.63030873], [45.8053766, 42.63032472], [45.80539026, 42.63032538], [45.80548118, 42.63038628], [45.80564969, 42.63032077], [45.80559903, 42.6303931], [45.80566902, 42.63036344], [45.80565969, 42.63035645], [45.80566002, 42.63034879], [45.80567068, 42.63033647], [45.80566535, 42.63030848], [45.80566369, 42.63028882], [45.80571333, 42.63021684], [45.80573766, 42.63019118], [45.80575832, 42.63016785], [45.80577398, 42.63014619], [45.80578731, 42.63012486], [45.80580597, 42.63010886], [45.80582663, 42.6300952], [45.80584596, 42.63008521], [45.80588161, 42.63006022], [45.80591626, 42.63001991], [45.8058306, 42.63015691], [45.80583725, 42.63017057], [45.80581561, 42.63018888], [45.80567595, 42.63017355], [45.80565429, 42.63016956], [45.80563696, 42.63017489], [45.8056113, 42.63020022], [45.80559266, 42.63022254], [45.80543933, 42.6303582], [45.80552766, 42.63032854], [45.8054977, 42.63039815], [45.80545808, 42.63053409], [45.8042428, 42.63088386], [45.8036342, 42.63114998], [45.80075407, 42.63429686], [45.80076135, 42.63428531], [45.81039742, 42.63809587], [45.81039217, 42.63810279], [45.81172121, 42.63859375], [45.8092376, 42.64064197], [45.80941005, 42.64089983], [45.80393182, 42.64219839], [45.80112604, 42.64352492], [45.79244261, 42.64471876], [45.7899935, 42.64447693], [45.77673489, 42.64805393], [45.76987603, 42.64699633], [45.76991201, 42.64699367], [45.76989102, 42.64699833], [45.76991101, 42.646907], [45.76992799, 42.64690966], [45.76991632, 42.64691795], [45.76981266, 42.64694861], [45.76980932, 42.64697354], [45.76988018, 42.64709631], [45.76989751, 42.64716664], [45.76990379, 42.64716527], [45.76986551, 42.64710467], [45.76981349, 42.64704201], [45.76982902, 42.64704134], [45.76988989, 42.64705374], [45.76987056, 42.64705275], [45.76985578, 42.64707235], [45.76992139, 42.64708801], [45.76997038, 42.64704801], [45.7699434, 42.64694799], [45.76996605, 42.64692969], [45.76998371, 42.6469267], [45.77000504, 42.64692571], [45.77002637, 42.6469267], [45.77003001, 42.64691009], [45.76990035, 42.64690276], [45.76983536, 42.6468981], [45.76978373, 42.64691807], [45.76990967, 42.6469624], [45.76941701, 42.64709973], [45.76941502, 42.64709441], [45.76993402, 42.64697775], [45.76984869, 42.64700475], [45.76986344, 42.64701673], [45.76990942, 42.64698075], [45.76995133, 42.64696111], [45.769939, 42.64697311], [45.76993234, 42.6469901], [45.76987973, 42.64701443], [45.7697004, 42.64703776], [45.76968275, 42.64704606], [45.76970208, 42.64699773], [45.76983968, 42.64696814], [45.76983402, 42.64697813], [45.76982236, 42.64698813], [45.76981105, 42.64701377], [45.76985594, 42.64705412], [45.76923297, 42.64862809], [45.76873652, 42.64916884], [45.76645399, 42.65083932], [45.76634661, 42.65088395], [45.76567681, 42.65121942], [45.7656275, 42.65126074], [45.76489621, 42.65213068], [45.76401479, 42.65215895], [45.76369489, 42.65224819], [45.76320647, 42.65276529], [45.7630915, 42.65281224], [45.76158813, 42.65505783], [45.76128826, 42.65539704], [45.76127493, 42.65540603], [45.75998064, 42.65556107], [45.75652593, 42.65836155], [45.7565136, 42.65836488], [45.75489146, 42.65959855], [45.75457359, 42.65982843], [45.75235374, 42.66146359], [45.75137573, 42.6620689], [45.75093587, 42.66225801], [45.7509498, 42.66221147], [45.75092391, 42.66223612], [45.75092624, 42.66224678], [45.75097019, 42.66222447], [45.74800291, 42.66376462], [45.74673199, 42.66424731], [45.74669734, 42.66424698], [45.74437862, 42.66590101], [45.7403306, 42.66734676], [45.73810097, 42.6672698], [45.73709584, 42.66580305], [45.73706753, 42.66574474], [45.73379686, 42.66446497], [45.72685316, 42.66191979], [45.72678689, 42.66187344], [45.7267739, 42.66186511], [45.72674657, 42.66185446], [45.72285339, 42.65903986], [45.71576737, 42.65617074], [45.71571971, 42.65615809], [45.71561908, 42.65617507], [45.71470107, 42.65626567], [45.71319342, 42.65542039], [45.7130995, 42.65536419], [45.71309284, 42.65537519], [45.71275416, 42.65603983], [45.71251934, 42.65651493], [45.70958487, 42.66029705], [45.70956688, 42.66029539], [45.70803243, 42.66026642], [45.70730274, 42.65974811], [45.70728475, 42.65974478], [45.70671893, 42.65990127], [45.70545525, 42.66094325], [45.7053833, 42.66107552], [45.7052734, 42.66117432], [45.70507118, 42.66133222], [45.70451647, 42.66146213], [45.70447392, 42.6614804], [45.70446793, 42.66149006], [45.7044676, 42.66149972], [45.70447693, 42.66151037], [45.70452758, 42.66149673], [45.70453686, 42.66164688], [45.70448766, 42.661617], [45.70415886, 42.66161269], [45.70383569, 42.66179982], [45.70381803, 42.66179949], [45.70380037, 42.66179616], [45.70378437, 42.66179083], [45.70377071, 42.66178383], [45.70400556, 42.66129111], [45.70394259, 42.66124246], [45.70349811, 42.66141932], [45.70294976, 42.6621843], [45.70275449, 42.66233756], [45.70184067, 42.66305697], [45.70181603, 42.66301934], [45.70180604, 42.66301201], [45.70179338, 42.66300802], [45.70171647, 42.66301765], [45.70170847, 42.66300932], [45.70169881, 42.66300766], [45.70292009, 42.66232305], [45.70297207, 42.66231007], [45.70298807, 42.66231106], [45.70309769, 42.66237936], [45.70310968, 42.66240468], [45.70099242, 42.66670255], [45.70100875, 42.66670755], [45.70106705, 42.66676018], [45.70000175, 42.66814956], [45.69999842, 42.66815822], [45.69837217, 42.66986101], [45.69787603, 42.67027179], [45.69774807, 42.67031674], [45.69769508, 42.67032472], [45.69671578, 42.67005971], [45.69313998, 42.66881023], [45.69313665, 42.66879857], [45.69308575, 42.66875495], [45.69309774, 42.6688259], [45.69313843, 42.66880487], [45.69313443, 42.66879354], [45.69156674, 42.67466029], [45.68963753, 42.67674461], [45.68870774, 42.67781013], [45.68818954, 42.68045969], [45.67747208, 42.68487447], [45.67745742, 42.68487048], [45.66122854, 42.69240748], [45.66121663, 42.69241375], [45.65859901, 42.69402177], [45.65781784, 42.69526333], [45.65768391, 42.69539793], [45.6562696, 42.69681629], [45.65570844, 42.69957576], [45.65514962, 42.69964326], [45.65430956, 42.69967892], [45.64740471, 42.70302333], [45.64654306, 42.70357509], [45.64623282, 42.70365467], [45.64613851, 42.70364802], [45.64591491, 42.7036623], [45.64517718, 42.70329918], [45.64490565, 42.70309495], [45.64488704, 42.70310633], [45.64476607, 42.70315631], [45.64476008, 42.7031663], [45.64476274, 42.7031743], [45.64477207, 42.7031783], [45.64465648, 42.7037777], [45.64458417, 42.70377603], [45.64441123, 42.70368476], [45.63903925, 42.70117305], [45.63850409, 42.70100656], [45.63542216, 42.70092782], [45.63511959, 42.70097175], [45.63510193, 42.70097308], [45.63513925, 42.70093113], [45.63514191, 42.70092447], [45.6323594, 42.70033668], [45.63143869, 42.70068637], [45.63081139, 42.70130795], [45.63080006, 42.70130895], [45.63071816, 42.70117025], [45.63071915, 42.70116159], [45.63072581, 42.70115793], [45.63073447, 42.70115892], [45.6313883, 42.69938776], [45.62922628, 42.70027467], [45.62907967, 42.70038895], [45.62902936, 42.70040627], [45.62897437, 42.70041125], [45.62875613, 42.70036465], [45.6287398, 42.70035632], [45.62872847, 42.70034666], [45.62840809, 42.6997756], [45.62841408, 42.69976494], [45.62842341, 42.69975528], [45.62928548, 42.69929385], [45.62931213, 42.69924353], [45.6293078, 42.69918822], [45.62930114, 42.69917589], [45.62924249, 42.69912424], [45.6292125, 42.69911058], [45.62910719, 42.69909261], [45.6290702, 42.69909394], [45.6282398, 42.69941937], [45.6239389, 42.70004603], [45.62394523, 42.7000337], [45.62396589, 42.70001204], [45.62497792, 42.69967038], [45.62503323, 42.69961507], [45.62504522, 42.69955177], [45.62391391, 42.6991711], [45.62176563, 42.6994082], [45.62167966, 42.69942351], [45.62160103, 42.69939487], [45.62330271, 42.69603244], [45.62330604, 42.69601911], [45.62331203, 42.69600645], [45.62477319, 42.69550859], [45.62479085, 42.69550426], [45.62509476, 42.69524172], [45.62560127, 42.69512809], [45.6262724, 42.69530591], [45.62628606, 42.69529691], [45.62630872, 42.69527492], [45.62327672, 42.69381629], [45.62322473, 42.69381861], [45.62277909, 42.69376196], [45.62276643, 42.69378592], [45.62278823, 42.69377965], [45.62062148, 42.69341721], [45.61996101, 42.69335203], [45.61959812, 42.69340493], [45.6129357, 42.69649882], [45.61293337, 42.69650781], [45.6129387, 42.6965138], [45.612957, 42.69649905], [45.61294367, 42.69650504], [45.61393129, 42.69871375], [45.61435315, 42.69998517], [45.61436181, 42.69999617], [45.61436947, 42.7000215], [45.61353208, 42.70044794], [45.60866385, 42.70111991], [45.60255665, 42.70603571], [45.60178389, 42.70739617], [45.60198523, 42.70579943], [45.60197557, 42.7057601], [45.60196791, 42.70574811], [45.60193359, 42.70571846], [45.60188361, 42.70570181], [45.60184729, 42.70569848], [45.60179264, 42.70570547], [45.60104395, 42.70606419], [45.60094265, 42.70609816], [45.60092699, 42.70609882], [45.59954587, 42.70640617], [45.59903275, 42.70768759], [45.59884414, 42.70764629], [45.59883048, 42.70763529], [45.59904978, 42.70483922], [45.59905877, 42.70482723], [45.5990641, 42.70481524], [45.59906577, 42.70478891], [45.59906111, 42.70477625], [45.59904013, 42.70475293], [45.59902647, 42.7047426], [45.59901014, 42.7047346], [45.59899215, 42.70472827], [45.59882153, 42.70473359], [45.59712635, 42.70493854], [45.59661385, 42.70486935], [45.59443319, 42.70574305], [45.59296597, 42.70634834], [45.58687443, 42.70882324], [45.58596543, 42.70922841], [45.58566362, 42.70956987], [45.58573357, 42.70967715], [45.58574623, 42.70968581], [45.58575989, 42.70969181], [45.58579088, 42.70969513], [45.58691522, 42.70936213], [45.5870885, 42.70929919], [45.58712482, 42.70929554], [45.58723479, 42.70932752], [45.58724945, 42.70933818], [45.58726078, 42.70934984], [45.58726878, 42.70936317], [45.58727377, 42.70937683], [45.58723814, 42.70950479], [45.58420557, 42.71142381], [45.58418291, 42.71142082], [45.58417258, 42.71141383], [45.58416592, 42.7114035], [45.58338464, 42.71393346], [45.58266708, 42.71514408], [45.58291329, 42.7154956], [45.58337246, 42.71588505], [45.58338045, 42.71590937], [45.58337946, 42.71592236], [45.58336813, 42.71594902], [45.5833588, 42.71596235], [45.58333448, 42.71598667], [45.58331982, 42.71599667], [45.58320819, 42.71602596], [45.57894651, 42.71961311], [45.5789505, 42.71962777], [45.57895183, 42.7196431], [45.57894983, 42.71965843], [45.57893917, 42.71968775], [45.57892051, 42.71971508], [45.57612024, 42.72589577], [45.57611625, 42.72590643], [45.57611791, 42.72591776], [45.57612791, 42.72594141], [45.57612824, 42.72595174], [45.57600329, 42.72609021], [45.57598996, 42.72608688], [45.57597696, 42.72608854], [45.5758407, 42.72621816], [45.57592934, 42.72616919], [45.57274746, 42.72843143], [45.57273313, 42.72844109], [45.57247057, 42.72867098], [45.57246957, 42.72876625], [45.57247323, 42.72877658], [45.57244524, 42.72885455], [45.57243991, 42.72886788], [45.57243791, 42.72888254], [45.57244124, 42.72889654], [45.57247158, 42.72893313], [45.57246092, 42.72892714], [45.57244659, 42.72892315], [45.57285841, 42.73319444], [45.57297338, 42.73324675], [45.57346519, 42.73364155], [45.57346885, 42.73365188], [45.57345286, 42.73371284], [45.5734522, 42.73372617], [45.57345553, 42.7337385], [45.57347651, 42.73377448], [45.5734775, 42.73378614], [45.57347384, 42.73379847], [45.57343089, 42.73385742], [45.57334223, 42.73365376], [45.57244216, 42.73325978], [45.57135893, 42.73261425], [45.56428008, 42.73180312], [45.55667447, 42.71938758], [45.55663483, 42.71890112], [45.55663682, 42.71888679], [45.55722254, 42.71821671], [45.5572272, 42.71810442], [45.55720754, 42.71807409], [45.55730014, 42.71795882], [45.55720284, 42.71757095], [45.5572135, 42.71758028], [45.55734376, 42.71770453], [45.55747004, 42.71771783], [45.55748304, 42.71772283], [45.55755334, 42.71779213], [45.55755235, 42.71780213], [45.55737282, 42.71785279], [45.55768025, 42.71792042], [45.55768258, 42.71791109], [45.55766629, 42.71788686], [45.55764304, 42.71796891], [45.55698366, 42.71848233], [45.55695666, 42.71849633], [45.55676045, 42.71864922], [45.55674446, 42.71867187], [45.55673513, 42.71868287], [45.55659487, 42.71889246], [45.55659553, 42.71890445], [45.55657091, 42.7193317], [45.55570729, 42.7186764], [45.5552921, 42.71843289], [45.55400435, 42.71774707], [45.55376442, 42.71761449], [45.55357015, 42.71753425], [45.55256205, 42.71703661], [45.55231445, 42.71692071], [45.55141004, 42.716504], [45.55031873, 42.7159164], [45.54854467, 42.71530632], [45.54631951, 42.71428113], [45.54631652, 42.71426914], [45.54632151, 42.71420483], [45.54616427, 42.71389841], [45.54617549, 42.71390236], [45.54618373, 42.71391295], [45.54564324, 42.71405068], [45.54375791, 42.71879934], [45.54585354, 42.7211857], [45.5458259, 42.72155754], [45.54583189, 42.72156653], [45.54587583, 42.7215935], [45.54991655, 42.72127274], [45.54991456, 42.7212824], [45.54991755, 42.72129173], [45.55022192, 42.72369832], [45.55020392, 42.72374229], [45.54738768, 42.72531573], [45.55010563, 42.7261795], [45.55011262, 42.72618683], [45.55056267, 42.7276225], [45.55057367, 42.7276185], [45.55058467, 42.7276195], [45.55059433, 42.72762316], [45.55063096, 42.72771378], [45.55057899, 42.72769247], [45.55055966, 42.72769114], [45.550538, 42.7276928], [45.54491297, 42.72874049], [45.54474436, 42.72887209], [45.53945339, 42.72982277], [45.53897322, 42.72950227], [45.53835007, 42.72927216], [45.53429412, 42.72930315], [45.53220291, 42.72727126], [45.53032879, 42.72839756], [45.53017036, 42.72951484], [45.53018785, 42.72950512], [45.53016833, 42.72950246], [45.5301479, 42.72952705], [45.53018388, 42.72950889], [45.53016373, 42.72952079], [45.53001939, 42.73477068], [45.52822709, 42.74038358], [45.52685144, 42.74290912], [45.52649255, 42.74290715], [45.52671018, 42.74444028], [45.52624138, 42.74482989], [45.52630213, 42.74479652], [45.52622952, 42.74483579], [45.52622403, 42.74484548], [45.52208285, 42.74550281], [45.52207052, 42.74549948], [45.52205786, 42.74549848], [45.52132344, 42.74963225], [45.5199973, 42.7498484], [45.51978616, 42.74973783], [45.51789074, 42.75042724], [45.51730068, 42.75083563], [45.512932, 42.75167405], [45.50902509, 42.75347944], [45.50894044, 42.75350308], [45.50890412, 42.7535064], [45.50887013, 42.75350408], [45.50873917, 42.75346379], [45.50796691, 42.75361736], [45.50794637, 42.75426971], [45.50756793, 42.75646381], [45.50785545, 42.75686893], [45.50796674, 42.75686892], [45.50827751, 42.7574183], [45.50827485, 42.75742963], [45.50826919, 42.75744096], [45.50855552, 42.75809657], [45.50863942, 42.75883694], [45.50946755, 42.75977447], [45.50948152, 42.75983411], [45.50947986, 42.75984577], [45.50871798, 42.76083956], [45.50849306, 42.76164282], [45.50851482, 42.76087482], [45.50850516, 42.76086682], [45.50849283, 42.76086183], [45.50835555, 42.7608808], [45.50834389, 42.76088813], [45.50824727, 42.76102308], [45.50823827, 42.76103174], [45.50822794, 42.76103807], [45.50821594, 42.76104207], [45.50788535, 42.76104038], [45.50787738, 42.76104963], [45.50788431, 42.76103279], [45.50788552, 42.76101558], [45.50788123, 42.76102583], [45.50787297, 42.76102418], [45.50796047, 42.76100849], [45.50797813, 42.76099983], [45.50799312, 42.76099583], [45.50800512, 42.76099583], [45.50801345, 42.76100183], [45.50806203, 42.7609892], [45.50805703, 42.76097987], [45.50804837, 42.76097454], [45.50803871, 42.76097388], [45.5078681, 42.76104229], [45.50867533, 42.76323105], [45.50880964, 42.76328866], [45.50898458, 42.76344557], [45.50898425, 42.76345623], [45.50898025, 42.76346689], [45.50897192, 42.76347689], [45.5089356, 42.76350354], [45.50889129, 42.76352385], [45.50560779, 42.7647229], [45.50519252, 42.76580817], [45.50503037, 42.76620765], [45.50502138, 42.76621831], [45.50494208, 42.76634826], [45.50498169, 42.76648151], [45.50515457, 42.76663968], [45.50540682, 42.76692355], [45.50441222, 42.76738214], [45.50439656, 42.76738947], [45.50438256, 42.76739813], [45.50425762, 42.76759971], [45.50391536, 42.76852164], [45.50389503, 42.76854264], [45.50386704, 42.76855863], [45.50385071, 42.76856363], [45.50383405, 42.76856529], [45.50381639, 42.76856496], [45.50374941, 42.76854765], [45.50373442, 42.76854032], [45.5037071, 42.768522], [45.50366646, 42.76847369], [45.50272322, 42.76792485], [45.50111971, 42.76707882], [45.50111806, 42.7670795], [45.50112633, 42.76712567], [45.49879454, 42.76840165], [45.49551334, 42.76846014], [45.49541944, 42.76845522], [45.48423815, 42.77538147], [45.48395131, 42.77530302], [45.48341765, 42.77516979], [45.48307142, 42.77520335], [45.48305609, 42.77520236], [45.4823571, 42.77585262], [45.48237902, 42.77602154], [45.48235138, 42.77608385], [45.48132897, 42.77582474], [45.47880087, 42.77548802], [45.47825443, 42.77608809], [45.47769568, 42.77663951], [45.47764175, 42.77678712], [45.47774965, 42.77698967], [45.47932727, 42.77747433], [45.47941123, 42.77749163], [45.47958746, 42.77748166], [45.48108478, 42.77882642], [45.48107678, 42.77882343], [45.48106678, 42.77882576], [45.48105745, 42.77883176], [45.48105045, 42.77884042], [45.48105111, 42.77887407], [45.48179193, 42.78113993], [45.48164696, 42.78396882], [45.4816423, 42.78396516], [45.48171541, 42.78444718], [45.48174207, 42.7844645], [45.48188635, 42.7845378], [45.48222991, 42.78465737], [45.48227189, 42.78468136], [45.48270609, 42.7849192], [45.4837417, 42.78632807], [45.48374869, 42.78634006], [45.48398621, 42.78672523], [45.48398557, 42.78692681], [45.48384073, 42.78709836], [45.48399241, 42.78951058], [45.48512245, 42.79062563], [45.48512212, 42.7906976], [45.48639766, 42.79111583], [45.48748666, 42.79310285], [45.4874307, 42.79318653], [45.48741137, 42.79319685], [45.4864885, 42.79410865], [45.48585937, 42.7944311], [45.48270127, 42.7988691], [45.48287151, 42.799038], [45.48196658, 42.80138803], [45.48185961, 42.80139501], [45.48184262, 42.80140134], [45.48010626, 42.80189719], [45.47931416, 42.80209175], [45.47910255, 42.80224336], [45.47908355, 42.80224769], [45.47906389, 42.80225035], [45.4789266, 42.8022307], [45.47881464, 42.80217007], [45.47880298, 42.80215907], [45.47877399, 42.80213975], [45.47875833, 42.80213242], [45.47874433, 42.80212376], [45.47840076, 42.80192319], [45.47793353, 42.80182602], [45.477419, 42.80169849], [45.47726438, 42.80166453], [45.4770361, 42.80169515], [45.47429873, 42.80560436], [45.47340129, 42.80582673], [45.47281176, 42.80581944], [45.47059051, 42.80647612], [45.47054219, 42.8064678], [45.4660021, 42.80707165], [45.46589715, 42.80705568], [45.46579019, 42.80700706], [45.46531836, 42.80691457], [45.46471226, 42.80684024], [45.46125072, 42.80670053], [45.45996644, 42.80719795], [45.4599738, 42.80718227], [45.45998446, 42.80717994], [45.45998745, 42.80716994], [45.45997079, 42.80715995], [45.45990271, 42.80713526], [45.45985571, 42.80718159], [45.45977893, 42.8070337], [45.45986986, 42.80713985], [45.4565632, 42.80951767], [45.45692019, 42.81027172], [45.45690039, 42.81029054], [45.45640805, 42.80974254], [45.45629278, 42.80980785], [45.45628045, 42.80981184], [45.45508383, 42.80954015], [45.45451703, 42.80983758], [45.45445772, 42.80987256], [45.45444439, 42.80988122], [45.45422349, 42.8100628], [45.45421049, 42.81007146], [45.45419616, 42.81007846], [45.45416983, 42.81009745], [45.45397535, 42.81039898], [45.4539151, 42.81111209], [45.45229529, 42.8117446], [45.45233014, 42.81252449], [45.45179864, 42.81355744], [45.45172938, 42.81368403], [45.45088147, 42.81535255], [45.45084148, 42.81536987], [45.45076119, 42.81548248], [45.44760012, 42.81805268], [45.44709142, 42.81770068], [45.44706443, 42.81769536], [45.44703777, 42.81770002], [45.44697216, 42.81782131], [45.44681294, 42.81815918], [45.44675067, 42.81830278], [45.44672536, 42.81836476], [45.44620156, 42.8187062], [45.4460796, 42.81867956], [45.44597331, 42.81863559], [45.44586083, 42.81862829], [45.44585122, 42.81863787], [45.4455012, 42.81891623], [45.44525027, 42.81895918], [45.44437594, 42.81943412], [45.44419637, 42.81959136], [45.44419304, 42.81960069], [45.4433885, 42.82057744], [45.43957907, 42.82435548], [45.43925024, 42.82433788], [45.43906264, 42.82435513], [45.43894368, 42.82437044], [45.43750281, 42.82544525], [45.43708029, 42.82548116], [45.43670526, 42.82578881], [45.43503307, 42.82772251], [45.43439769, 42.82796085], [45.43300668, 42.82903281], [45.43166334, 42.83173146], [45.43041285, 42.8324708], [45.42633343, 42.83401339], [45.42614749, 42.83406834], [45.42179, 42.83533238], [45.41725558, 42.83295119], [45.4171766, 42.83289756], [45.41613433, 42.83242368], [45.41607134, 42.8324187], [45.41493266, 42.83164176], [45.41492192, 42.83160962], [45.4149445, 42.83162729], [45.41385101, 42.83097462], [45.41362972, 42.83098496], [45.41131143, 42.83219559], [45.40995179, 42.83335218], [45.40986382, 42.83340816], [45.40931846, 42.83408214], [45.40810349, 42.83477947], [45.40794788, 42.83473886], [45.40783459, 42.8346719], [45.39666624, 42.83618421], [45.39263284, 42.83909975], [45.38993605, 42.83959938], [45.3897645, 42.83973194], [45.38824427, 42.84060343], [45.38822111, 42.84060013], [45.38796152, 42.84076658], [45.38255124, 42.84156902], [45.38066224, 42.84195253], [45.38065158, 42.84195719], [45.38061262, 42.84207013], [45.37927229, 42.84290345], [45.379202, 42.84301075], [45.37919767, 42.84303507], [45.37671878, 42.84522099], [45.37701813, 42.84825555], [45.37574008, 42.84794659], [45.36601784, 42.84413304], [45.36193693, 42.84448018], [45.36010481, 42.84510472], [45.35984556, 42.84520298], [45.35977426, 42.84521263], [45.35958431, 42.84524989], [45.35791779, 42.84499917], [45.35563939, 42.84615866], [45.35470057, 42.84629977], [45.35133288, 42.84598211], [45.35132755, 42.84597111], [45.35131157, 42.84595911], [45.35130157, 42.84595712], [45.34932212, 42.84631775], [45.34928614, 42.84632807], [45.34670557, 42.8486055], [45.34667358, 42.84861415], [45.34515083, 42.84943696], [45.34379744, 42.85041497], [45.34326805, 42.85089504], [45.34231126, 42.8528238], [45.34225731, 42.85292609], [45.34223365, 42.85294075], [45.33972601, 42.85446568], [45.33729156, 42.85546012], [45.33722028, 42.85555107], [45.33501769, 42.85973771], [45.33475812, 42.85982793], [45.33436792, 42.85986323], [45.33434126, 42.85988055], [45.33403354, 42.86025026], [45.33397989, 42.86026624], [45.33393924, 42.86029789], [45.33365335, 42.86032853], [45.33251941, 42.86093413], [45.33153676, 42.86044446], [45.33118453, 42.86037224], [45.33116854, 42.86037224], [45.33112721, 42.86037989], [45.33072703, 42.86029833], [45.33054776, 42.86023308], [45.33013388, 42.86030831], [45.32935456, 42.86082095], [45.32839689, 42.8611453], [45.32836791, 42.86118529], [45.32832264, 42.86138487], [45.32831365, 42.86141086], [45.32828566, 42.86143617], [45.32806973, 42.86151043], [45.32772455, 42.86166894], [45.32751594, 42.86169922], [45.326414, 42.86201085], [45.3255936, 42.86214158], [45.32552595, 42.86214423], [45.32543498, 42.86217786], [45.32534733, 42.86218717], [45.32531268, 42.86219382], [45.32368553, 42.86257756], [45.32239627, 42.86278859], [45.32227332, 42.86281555], [45.32215303, 42.86283452], [45.32209404, 42.86286051], [45.32205872, 42.86287116], [45.32065674, 42.86304208], [45.32061075, 42.86303843], [45.32044547, 42.86303407], [45.32040182, 42.86300775], [45.32036949, 42.86299209], [45.31995896, 42.86286587], [45.31971802, 42.86266711], [45.31977533, 42.86273108], [45.31983365, 42.86276972], [45.32000322, 42.86300661], [45.32011252, 42.86305755], [45.32012918, 42.86305755], [45.3201615, 42.86305189], [45.32017516, 42.8630459], [45.32018382, 42.8630379], [45.32021043, 42.86302962], [45.32012279, 42.8630326], [45.32009947, 42.86302894], [45.31979163, 42.86273775], [45.31978733, 42.86273974], [45.31990062, 42.86282071], [45.31998125, 42.86292801], [45.32015882, 42.86305095], [45.32017482, 42.86304462], [45.32018548, 42.86303496], [45.32015537, 42.86295584], [45.32156933, 42.86297933], [45.3211859, 42.86303224], [45.32150281, 42.86299168], [45.32151414, 42.86298502], [45.32116621, 42.86320376], [45.31927891, 42.86381906], [45.31984592, 42.86489699], [45.32006603, 42.8655166], [45.32018197, 42.86559654], [45.32029327, 42.86598667], [45.32028561, 42.86599367], [45.32027362, 42.865998], [45.31998535, 42.86598604], [45.31958314, 42.86581651], [45.31897201, 42.86550004], [45.31631496, 42.86589642], [45.31461545, 42.86593704], [45.31399562, 42.86587574], [45.31381534, 42.86566917], [45.3136223, 42.86468807], [45.30879079, 42.86786915], [45.30566274, 42.86876929], [45.30524051, 42.86885156], [45.30384361, 42.86933111], [45.30329476, 42.8695473], [45.30324711, 42.86958628], [45.30273763, 42.86994044], [45.30273962, 42.8699681], [45.30293479, 42.87033755], [45.30318605, 42.87039181], [45.30354442, 42.87068157], [45.30357713, 42.8707989], [45.30360397, 42.87080974], [45.30370522, 42.87082081], [45.3037204, 42.87083006], [45.30372833, 42.87083963], [45.30375574, 42.87083633], [45.30374386, 42.87082708], [45.30311402, 42.87035614], [45.30296274, 42.87034118], [45.30271027, 42.86997833], [45.30269494, 42.86997333], [45.30266228, 42.86996934], [45.30264695, 42.869972], [45.30263229, 42.869978], [45.3024194, 42.87016186], [45.30182495, 42.87062397], [45.30181095, 42.8706313], [45.30096364, 42.86918422], [45.30094304, 42.86934983], [45.30278605, 42.86587836], [45.30256119, 42.86169604], [45.3025522, 42.86170404], [45.30009164, 42.85658142], [45.30015194, 42.85649449], [45.29736848, 42.85294184], [45.29735882, 42.85293284], [45.29416419, 42.8502508], [45.29358541, 42.84973576], [45.28748297, 42.84887683], [45.28647504, 42.84828791], [45.28501033, 42.84778366], [45.28102271, 42.84737994], [45.28064282, 42.84752415], [45.27999574, 42.84777966], [45.27783907, 42.84736767], [45.27695443, 42.84763104], [45.27346245, 42.84740499], [45.26960421, 42.84944536], [45.26957055, 42.84945135], [45.26793903, 42.84957164], [45.26525211, 42.85228149], [45.26387661, 42.85255062], [45.2635117, 42.85244174], [45.26311568, 42.85155312], [45.26325192, 42.85129089], [45.26150047, 42.85219592], [45.26099219, 42.85439091], [45.26035953, 42.85541752], [45.26064041, 42.85564475], [45.26071625, 42.85618127], [45.25962905, 42.85730665], [45.25954408, 42.85741728], [45.25945911, 42.85745358], [45.25406552, 42.86063088], [45.25350543, 42.86118497], [45.25349012, 42.86123661], [45.25348279, 42.86124761], [45.25324867, 42.86170104], [45.25323901, 42.8617117], [45.25322635, 42.86171936], [45.25321169, 42.86172269], [45.25319636, 42.86172136], [45.25318236, 42.8617167], [45.25317037, 42.86170904], [45.25315937, 42.86169838], [45.25315237, 42.86168705], [45.25356785, 42.86026019], [45.25285012, 42.85946965], [45.25283412, 42.85946532], [45.25281713, 42.85946399], [45.25278181, 42.85946964], [45.25276482, 42.8594753], [45.25274949, 42.8594833], [45.2527275, 42.85950329], [45.25272184, 42.85951528], [45.25271985, 42.85952794], [45.25272184, 42.85954027], [45.25281411, 42.85965555], [45.25292735, 42.85989847], [45.25294101, 42.85991813], [45.25291969, 42.8600211], [45.25290969, 42.86003143], [45.2526491, 42.8601567], [45.25263744, 42.86016403], [45.25260946, 42.86019134], [45.25241286, 42.86029626], [45.25234656, 42.86039089], [45.25217033, 42.86069241], [45.252169, 42.8607294], [45.25216434, 42.86074006], [45.25196077, 42.86096128], [45.25086915, 42.86154188], [45.24984615, 42.86179134], [45.24976024, 42.86197858], [45.24973425, 42.8619939], [45.24972025, 42.8619979], [45.24970526, 42.86199923], [45.24969027, 42.86199657], [45.24938352, 42.86104856], [45.24899995, 42.86085369], [45.24551729, 42.85648024], [45.24545593, 42.85645324], [45.24544193, 42.85645191], [45.2454286, 42.85645324], [45.24483853, 42.85663854], [45.24476326, 42.85660652], [45.24481484, 42.85664808], [45.24517866, 42.85666981], [45.24526178, 42.85676756], [45.24533337, 42.85669963], [45.24532659, 42.85659885], [45.24521795, 42.85677437], [45.24530828, 42.85676735], [45.24525744, 42.85678523], [45.24526276, 42.85679054], [45.24535206, 42.8567569], [45.24541267, 42.85672128], [45.24542166, 42.85671728], [45.24535505, 42.85668271], [45.24522893, 42.85668738], [45.2452276, 42.85674004], [45.24522062, 42.85677703], [45.24531553, 42.85680688], [45.24536049, 42.85675527], [45.2452975, 42.85681826], [45.24533324, 42.85677675], [45.24533394, 42.85678245], [45.24535965, 42.856827], [45.24534743, 42.85682832], [45.2453676, 42.85668218], [45.24531859, 42.85675651], [45.24531562, 42.85675049], [45.24531719, 42.85672116], [45.24532294, 42.8566944], [45.245295, 42.85671258], [45.24532966, 42.85670728], [45.24525964, 42.85678989], [45.24524539, 42.85677434], [45.24518753, 42.85685707], [45.24523053, 42.85680641], [45.24525919, 42.85676309], [45.24526952, 42.8567431], [45.24527652, 42.85672444], [45.24526944, 42.85638803], [45.23791104, 42.8586273], [45.23716265, 42.85907298], [45.23382264, 42.85830019], [45.23214722, 42.85852226], [45.2295501, 42.85915199], [45.22872769, 42.85939073], [45.22867438, 42.85939073], [45.22855844, 42.8592808], [45.22894219, 42.85889702], [45.22966469, 42.85779253], [45.2307226, 42.85695995], [45.23137861, 42.85670977], [45.23175282, 42.85659624], [45.23175709, 42.85644867], [45.23174943, 42.85645133], [45.22974536, 42.856535], [45.22107474, 42.8587636], [45.22167687, 42.85702945], [45.22169918, 42.85696814], [45.22170818, 42.85695748], [45.20732463, 42.85695094], [45.20168946, 42.85612737], [45.19686943, 42.85136099], [45.19092785, 42.85174838], [45.19089054, 42.85178436], [45.18792977, 42.85134817], [45.18784784, 42.85068703], [45.1851937, 42.84528686], [45.18517885, 42.84527265], [45.18517753, 42.84526439], [45.18516796, 42.84524952], [45.18516763, 42.84524192], [45.18517555, 42.84523828], [45.18517753, 42.84526106], [45.18516891, 42.84527461], [45.18304711, 42.8426845], [45.18306064, 42.84268845], [45.18300134, 42.84269843], [45.18276359, 42.84135457], [45.18235223, 42.84067615], [45.18240415, 42.8396478], [45.18222688, 42.83951154], [45.18177765, 42.83932834], [45.18171834, 42.83931869], [45.1816207, 42.83929737], [45.18132612, 42.83921345], [45.18123047, 42.8391728], [45.18079499, 42.83866432], [45.18055806, 42.83845407], [45.18029317, 42.8381202], [45.18026285, 42.83808754], [45.18023653, 42.83803922], [45.18001695, 42.83779867], [45.18001329, 42.83778667], [45.18001428, 42.83777468], [45.18001894, 42.83776202], [45.18004225, 42.83772703], [45.17549472, 42.83467825], [45.17488491, 42.83469355], [45.17302493, 42.83322499], [45.17307689, 42.83313101], [45.17616471, 42.82950614], [45.17645629, 42.82934425], [45.17708767, 42.82861454], [45.17815521, 42.82629027], [45.17870104, 42.82610277], [45.18033918, 42.82596903], [45.18041882, 42.82593105], [45.18044314, 42.82590972], [45.1804528, 42.82589672], [45.18039452, 42.82362981], [45.1805467, 42.82319561], [45.18070697, 42.82305066], [45.18072097, 42.823044], [45.1807373, 42.82303901], [45.18163373, 42.82314115], [45.18183366, 42.82315712], [45.18198795, 42.82321941], [45.18216919, 42.82335233], [45.18388561, 42.82438209], [45.1839426, 42.82438541], [45.18683637, 42.82508794], [45.18931765, 42.82513272], [45.18941762, 42.82518003], [45.18967688, 42.82531093], [45.19008575, 42.82526397], [45.19011541, 42.82524465], [45.19060192, 42.82494181], [45.19277922, 42.82412874], [45.19300649, 42.82397413], [45.19411947, 42.8233575], [45.19377876, 42.82058906], [45.19385836, 42.81737382], [45.19408956, 42.81729352], [45.19415752, 42.81732949], [45.19411561, 42.81729647], [45.19399138, 42.81732541], [45.19399271, 42.81731608], [45.19416421, 42.81732545], [45.19420181, 42.8173631], [45.19426733, 42.81742204], [45.194208, 42.81737571], [45.19416601, 42.81734605], [45.19409437, 42.81728343], [45.19410636, 42.81739597], [45.19405972, 42.81741628], [45.19405274, 42.81740696], [45.19404941, 42.81738963], [45.19403875, 42.81738031], [45.19404241, 42.81737398], [45.19406739, 42.81729273], [45.19406972, 42.8172814], [45.19405107, 42.81723775], [45.19402574, 42.81719309], [45.19402574, 42.81718376], [45.19403673, 42.81716744], [45.19402137, 42.81722336], [45.193782, 42.81724833], [45.19358226, 42.81679151], [45.1935373, 42.81659694], [45.19266509, 42.81812938], [45.19265009, 42.81813138], [45.19263609, 42.81812972], [45.19262343, 42.81812539], [45.19260077, 42.8181104], [45.19236371, 42.81713981], [45.19236938, 42.81706882], [45.19257594, 42.81644473], [45.19230472, 42.81616588], [45.19229672, 42.81615422], [45.19229206, 42.81614256], [45.1922904, 42.81613023], [45.19218284, 42.8152439], [45.19207057, 42.81506299], [45.19214717, 42.8141803], [45.19213817, 42.81416797], [45.19189693, 42.81403304], [45.19186462, 42.81390342], [45.19132156, 42.81326204], [45.1906866, 42.81274177], [45.19059905, 42.81232198], [45.19058572, 42.81231465], [45.19057106, 42.81231132], [45.19055607, 42.81231232], [45.19052775, 42.81232164], [45.19051542, 42.81232964], [45.19017978, 42.81319763], [45.1901968, 42.81356285], [45.19015382, 42.81359449], [45.19008389, 42.81361081], [45.1900809, 42.81361647], [45.19008656, 42.81362147], [45.19016888, 42.81358016], [45.18975897, 42.81364278], [45.18973498, 42.81362579], [45.18911625, 42.81298609], [45.18774887, 42.81199934], [45.18671607, 42.81092184], [45.18632985, 42.81087197], [45.18588996, 42.81089326], [45.18505821, 42.81077264], [45.18478197, 42.81071207], [45.184717, 42.81071173], [45.18416285, 42.81058292], [45.18411121, 42.81053595], [45.18109633, 42.80948622], [45.18106434, 42.80947523], [45.17749776, 42.80916644], [45.17747977, 42.80916644], [45.17576075, 42.80838854], [45.17516095, 42.80858668], [45.1738241, 42.80808855], [45.17375383, 42.80794794], [45.17306773, 42.80758018], [45.1727575, 42.80746395], [45.17222129, 42.80750359], [45.17220663, 42.8075026], [45.1720287, 42.807456], [45.1704587, 42.80666594], [45.170462, 42.80652338], [45.17050698, 42.80609588], [45.17043674, 42.80586362], [45.1699489, 42.80565008], [45.16978731, 42.80541322], [45.16978532, 42.80540423], [45.16980199, 42.80500299], [45.16979999, 42.80497933], [45.169794, 42.80496734], [45.16963308, 42.80483275], [45.16858741, 42.80487217], [45.16835928, 42.80480271], [45.16830076, 42.80467448], [45.16633583, 42.80392355], [45.16632117, 42.80392056], [45.16601844, 42.80362928], [45.16601078, 42.80361928], [45.16563523, 42.8034954], [45.16496237, 42.80327623], [45.16380473, 42.80281398], [45.16276147, 42.80249679], [45.1626635, 42.80244482], [45.16253322, 42.80237054], [45.16252089, 42.80236721], [45.16249423, 42.80236721], [45.16224835, 42.80216535], [45.16223469, 42.80215669], [45.16187183, 42.80183748], [45.16141265, 42.80152499], [45.16110773, 42.80140076], [45.16109007, 42.80139543], [45.16025791, 42.80133692], [45.1601846, 42.80134257], [45.15988633, 42.80140449], [45.15944876, 42.80137523], [45.15937511, 42.80137689], [45.15903602, 42.80144575], [45.15814069, 42.80100245], [45.15726866, 42.80063107], [45.15706439, 42.80067301], [45.15698674, 42.800679], [45.15517863, 42.79980723], [45.15494235, 42.79974864], [45.15493135, 42.79974198], [45.15394782, 42.79917278], [45.15315197, 42.79916911], [45.15239366, 42.79934791], [45.15045051, 42.79998431], [45.15034621, 42.79999694], [45.14594014, 42.7998796], [45.14381123, 42.79943075], [45.14321107, 42.79919928], [45.14254202, 42.79902553], [45.14227456, 42.79876174], [45.14224958, 42.79874575], [45.14161347, 42.79877], [45.14159149, 42.79878466], [45.1415855, 42.79879332], [45.14070819, 42.79966491], [45.14057826, 42.79978485], [45.14010511, 42.79985273], [45.13926605, 42.80000314], [45.13694977, 42.80024189], [45.13691547, 42.80022122], [45.13690914, 42.80021122], [45.13689948, 42.80020256], [45.1367985, 42.8001896], [45.13679188, 42.80018194], [45.1324293, 42.7993139], [45.13144157, 42.80448496], [45.12980829, 42.80583145], [45.12796654, 42.81711075], [45.12796555, 42.81712141], [45.12755666, 42.8173424], [45.12761931, 42.81731592], [45.12676798, 42.81674793], [45.11882066, 42.81848453], [45.11831384, 42.81906667], [45.11827285, 42.81907932], [45.11812356, 42.81909696], [45.11785361, 42.81908998], [45.11765332, 42.81909562], [45.11763233, 42.81909861], [45.11756635, 42.81911826], [45.11755402, 42.81912559], [45.11842592, 42.82017341], [45.11843657, 42.8202004], [45.1184379, 42.82021406], [45.1184359, 42.82022639], [45.1184309, 42.82023605], [45.1183426, 42.82031302], [45.11832627, 42.82032201], [45.11819233, 42.82036998], [45.11795337, 42.82038563], [45.1173322, 42.8202345], [45.11692232, 42.82001529], [45.11604256, 42.8197562], [45.11597557, 42.81975055], [45.11220541, 42.81912128], [45.11105892, 42.8173683], [45.11087636, 42.81711278], [45.11047183, 42.81720505], [45.1101754, 42.81775284], [45.11011743, 42.81783215], [45.11008111, 42.8178608], [45.11006578, 42.81786746], [45.11003212, 42.81787412], [45.10995981, 42.81786647], [45.10994382, 42.81786081], [45.10992949, 42.81785281], [45.10990683, 42.81783315], [45.10990951, 42.81769662], [45.10992284, 42.81769029], [45.1099345, 42.81768196], [45.10997481, 42.81762632], [45.1099788, 42.81761332], [45.10998013, 42.81759966], [45.10997747, 42.817587], [45.10997181, 42.81757467], [45.10993183, 42.81753235], [45.1099165, 42.81752502], [45.10982519, 42.81750938], [45.10980553, 42.81751004], [45.10969389, 42.81754067], [45.10967823, 42.81754933], [45.10952665, 42.81786455], [45.10953264, 42.81787721], [45.10968588, 42.81815542], [45.10961725, 42.81820905], [45.10960192, 42.81821105], [45.10951762, 42.81819808], [45.10948897, 42.81818309], [45.10947664, 42.81817276], [45.10912639, 42.81648712], [45.10886482, 42.81619659], [45.10760631, 42.8150671], [45.10628245, 42.81370555], [45.10626847, 42.81366356], [45.10537188, 42.81272229], [45.10455414, 42.81209723], [45.10447153, 42.81201431], [45.10446554, 42.81200231], [45.10310083, 42.81065826], [45.10299154, 42.81059997], [45.10286849, 42.81054466], [45.10287348, 42.81053467], [45.10287448, 42.81052301], [45.10286982, 42.81051268], [45.10284348, 42.81050535], [45.10292435, 42.81054499], [45.10292102, 42.81053466], [45.10290103, 42.81051601], [45.10053427, 42.80963184], [45.09879852, 42.80887174], [45.09820377, 42.80859038], [45.09805283, 42.80857776], [45.0978183, 42.80858539], [45.09488582, 42.80837922], [45.09486436, 42.80838386], [45.09487856, 42.80837131], [45.0948954, 42.8083763], [45.09489612, 42.80833634], [45.09488454, 42.80833337], [45.09138846, 42.81754807], [45.09084132, 42.81849998], [45.08806441, 42.82196637], [45.08847237, 42.82199198], [45.08848636, 42.82200729], [45.08849835, 42.82201195], [45.08312482, 42.82740671], [45.07822997, 42.82894622], [45.07821364, 42.82893956], [45.07793306, 42.82896023], [45.07325441, 42.8321112], [45.07314877, 42.83209923], [45.07194213, 42.83201675], [45.06390687, 42.83160859], [45.06385855, 42.83161058], [45.06151134, 42.83171551], [45.06141838, 42.83181981], [45.06141505, 42.83183014], [45.06122912, 42.83245349], [45.06179115, 42.83315908], [45.06182495, 42.83317169], [45.06179953, 42.83316576], [45.06181366, 42.83316183], [45.06181129, 42.83316715], [45.06101044, 42.83384581], [45.05949399, 42.83464087], [45.05393117, 42.83496946], [45.05389785, 42.8349688], [45.05388286, 42.83496514], [45.05375821, 42.83496117], [45.05305492, 42.83509313], [45.0529993, 42.83496419], [45.05313783, 42.83487189], [45.05395492, 42.83457782], [45.05430716, 42.83449726], [45.05495395, 42.83440233], [45.05496228, 42.83439067], [45.04880966, 42.83434595], [45.0486984, 42.83424868], [45.04868541, 42.83424569], [45.04670842, 42.83454023], [45.04589742, 42.83517924], [45.04297133, 42.8328725], [45.04294368, 42.83285251], [45.03647398, 42.83522426], [45.02924443, 42.8357455], [45.02918115, 42.83560389], [45.02856813, 42.8329875], [45.02737721, 42.83191757], [45.02736321, 42.83191257], [45.02560181, 42.83204779], [45.02439124, 42.83232412], [45.02140166, 42.83190726], [45.01855083, 42.83171376], [45.01855084, 42.8316979], [45.01662681, 42.83220959], [45.01516479, 42.83241585], [45.01343687, 42.83199034], [45.01321494, 42.83194307], [45.01302266, 42.83185847], [45.01251649, 42.83162431], [45.01247351, 42.83160766], [45.00302122, 42.83023672], [45.0029779, 42.83022607], [44.99856801, 42.82902278], [44.99585024, 42.82809599], [44.99573095, 42.82803903], [44.99121776, 42.82667506], [44.991105, 42.82666266], [44.99046833, 42.8265401], [44.98794806, 42.83119228], [44.98793387, 42.83120353], [44.98728787, 42.8298869], [44.98725989, 42.82984859], [44.98716357, 42.82993517], [44.98758181, 42.83236124], [44.98762146, 42.8323649], [44.98932525, 42.83222527], [44.98935191, 42.83223626], [44.98961316, 42.83223126], [44.98924677, 42.83349865], [44.98923817, 42.83349535], [44.98924631, 42.83352323], [44.98924173, 42.83349362], [44.98922719, 42.83349395], [44.98896443, 42.83452801], [44.98898606, 42.83458599], [44.98898772, 42.83459932], [44.98898441, 42.83463931], [44.98903798, 42.83486889], [44.98906694, 42.83496617], [44.98909922, 42.83506079], [44.98909756, 42.83507212], [44.98909323, 42.83508312], [44.98903629, 42.83517576], [44.98900431, 42.8352044], [44.98900198, 42.8352144], [44.98862091, 42.83602136], [44.98861658, 42.83618326], [44.98861957, 42.83619426], [44.98732571, 42.83859144], [44.98539932, 42.83830855], [44.98435614, 42.83837931], [44.9841699, 42.83826772], [44.98328666, 42.83766849], [44.98307271, 42.83764853], [44.98240265, 42.8374853], [44.98239165, 42.8374773], [44.98234633, 42.83745233], [44.98178029, 42.8376997], [44.97846109, 42.83877429], [44.97499854, 42.83877674], [44.97521438, 42.83841843], [44.97522271, 42.8384101], [44.97441696, 42.83654328], [44.97333617, 42.83568503], [44.97210752, 42.83399814], [44.97183112, 42.83339505], [44.97117505, 42.8322676], [44.97097911, 42.83206409], [44.97086228, 42.83231048], [44.9709412, 42.83251873], [44.96861729, 42.83453902], [44.96852299, 42.83456532], [44.96831353, 42.83496578], [44.96803662, 42.83509103], [44.96711935, 42.83586556], [44.96516898, 42.83713807], [44.96515332, 42.83715307], [44.96510035, 42.83720603], [44.96474893, 42.83760275], [44.96473076, 42.83760374], [44.96205678, 42.84072249], [44.96199612, 42.84076813], [44.96133258, 42.84127178], [44.96108802, 42.84145001], [44.96080394, 42.84242836], [44.96078129, 42.84246835], [44.96079234, 42.84247352], [44.9608062, 42.84246759], [44.9607914, 42.84245531], [44.96079273, 42.84246819], [44.96078244, 42.84247227], [44.95988438, 42.84342067], [44.95980643, 42.84349997], [44.95437812, 42.84196064], [44.95366056, 42.8414944], [44.95356726, 42.84145311], [44.9535606, 42.84144478], [44.95413921, 42.8408362], [44.95477603, 42.84021702], [44.95476737, 42.84021436], [44.95460375, 42.84025261], [44.95356537, 42.84048097], [44.9534974, 42.84049862], [44.95323359, 42.84032147], [44.95322659, 42.84031414], [44.9490744, 42.84085481], [44.94770221, 42.8407855], [44.94514642, 42.84072584], [44.94513109, 42.84072518], [44.94508711, 42.84071453], [44.94507211, 42.84071387], [44.94337124, 42.84106708], [44.94325929, 42.84105377], [44.94295372, 42.84097584], [44.94289117, 42.83885103], [44.94347584, 42.83760458], [44.94346423, 42.83713877], [44.94386706, 42.83689066], [44.94432657, 42.83682341], [44.94501497, 42.83661033], [44.94435466, 42.83619276], [44.94418609, 42.83606084], [44.94158845, 42.83558369], [44.94154702, 42.83516061], [44.94155468, 42.83515028], [44.94161796, 42.83505632], [44.94161663, 42.83504699], [44.94159832, 42.83501901], [44.94159499, 42.83500801], [44.94159499, 42.83499868], [44.94173057, 42.8348271], [44.94181884, 42.83471749], [44.94184683, 42.83470216], [44.94185916, 42.8346935], [44.94203544, 42.8345529], [44.9421864, 42.83447229], [44.94264099, 42.83377507], [44.94126589, 42.83004049], [44.9412609, 42.83003116], [44.94126256, 42.8300235], [44.9411972, 42.82983355], [44.94099259, 42.82975362], [44.94094994, 42.82971663], [44.94127692, 42.82901302], [44.9412243, 42.82889573], [44.94170036, 42.82656399], [44.94170669, 42.82655466], [44.94175634, 42.82652534], [44.941769, 42.82651535], [44.9418163, 42.82641872], [44.94181597, 42.82639273], [44.94175936, 42.82624947], [44.94180599, 42.82618482], [44.94181862, 42.82612418], [44.94225991, 42.82389222], [44.94225369, 42.82347947], [44.94225935, 42.82346514], [44.94226234, 42.82345114], [44.94226201, 42.82343748], [44.94220777, 42.82313393], [44.94220943, 42.8231216], [44.94213554, 42.82291136], [44.94007874, 42.81810431], [44.9400834, 42.81809431], [44.94009273, 42.81808732], [44.94010439, 42.81808266], [44.940123, 42.81808163], [44.94010967, 42.81807597], [44.94010001, 42.81806797], [44.93929395, 42.81665948], [44.93809953, 42.81531047], [44.93764073, 42.81487299], [44.93759047, 42.81467139], [44.93758547, 42.81465873], [44.93756881, 42.81463707], [44.93756182, 42.81462508], [44.93740747, 42.8138583], [44.93738316, 42.81381632], [44.9368697, 42.81333721], [44.9366981, 42.81324994], [44.93664183, 42.81309], [44.93661917, 42.81305269], [44.93644557, 42.81293842], [44.93607476, 42.81253892], [44.93582119, 42.81235037], [44.93557359, 42.81227745], [44.93423516, 42.81005725], [44.93293709, 42.80760535], [44.9324959, 42.80736085], [44.93223265, 42.80744376], [44.93218768, 42.80749207], [44.93213972, 42.80759869], [44.93206776, 42.80769998], [44.93202011, 42.8077533], [44.93169428, 42.80819576], [44.93168862, 42.80820875], [44.93168483, 42.8083732], [44.93169422, 42.80838386], [44.93165957, 42.80838253], [44.93162027, 42.8083306], [44.93077887, 42.81038418], [44.93078087, 42.81039784], [44.93077223, 42.81046849], [44.93077489, 42.81048249], [44.93078122, 42.81049549], [44.93184237, 42.81183694], [44.93116161, 42.81209939], [44.93585441, 42.82190558], [44.93535539, 42.82492129], [44.93534973, 42.82493195], [44.9353424, 42.82494028], [44.93533274, 42.82494594], [44.93502325, 42.82510912], [44.93378618, 42.82450741], [44.93340598, 42.82469991], [44.93289933, 42.8250866], [44.93282936, 42.82514757], [44.93279037, 42.82515889], [44.93210399, 42.82561165], [44.93203072, 42.8257176], [44.9319631, 42.82581289], [44.93181251, 42.82591915], [44.93160024, 42.8259764], [44.93115636, 42.8261099], [44.93114137, 42.82611423], [44.93110505, 42.82613087], [44.93106774, 42.82613918], [44.93090347, 42.82621078], [44.93087081, 42.82621644], [44.93083916, 42.82621511], [44.93019169, 42.82619817], [44.93003842, 42.82632245], [44.93003709, 42.82633378], [44.93004242, 42.82634444], [44.93019765, 42.82676684], [44.92977195, 42.82781359], [44.92961502, 42.82797851], [44.92929779, 42.82805605], [44.92928646, 42.82806405], [44.92886052, 42.83033593], [44.92902195, 42.83128121], [44.9271883, 42.83396606], [44.92716366, 42.83400538], [44.92113153, 42.83246458], [44.92023955, 42.8322154], [44.91864117, 42.83176053], [44.9154158, 42.83144679], [44.91129324, 42.83112689], [44.90891343, 42.83081291], [44.90303967, 42.83053416], [44.89929588, 42.83015021], [44.89931909, 42.83017712], [44.89630927, 42.82937371], [44.89608505, 42.82869763], [44.89485552, 42.82804609], [44.89484353, 42.82804043], [44.89459271, 42.82789649], [44.89459904, 42.82788716], [44.88088989, 42.82683803], [44.87488787, 42.82468676], [44.86490412, 42.81755], [44.86517815, 42.81761448], [44.86519114, 42.81761115], [44.86484483, 42.81753289], [44.8644896, 42.81751795], [44.86448027, 42.81751129], [44.86533938, 42.81713601], [44.86518366, 42.81614133], [44.8638976, 42.81392497], [44.86390293, 42.81391531], [44.86358264, 42.81331053], [44.86358064, 42.81329787], [44.8635823, 42.81328454], [44.86360095, 42.81324688], [44.86007102, 42.81265548], [44.85995042, 42.81263313], [44.85993676, 42.81263546], [44.85992276, 42.8126348], [44.85848509, 42.81192349], [44.85845043, 42.81192748], [44.85829361, 42.812141], [44.85675936, 42.81281114], [44.85658375, 42.8127985], [44.85656775, 42.81279949], [44.85627886, 42.81284506], [44.85621853, 42.81283375], [44.85600691, 42.81283874], [44.85531654, 42.81292752], [44.85499362, 42.81310067], [44.85489499, 42.81311764], [44.85479373, 42.8132069], [44.85478273, 42.81321223], [44.85466011, 42.81322586], [44.84612495, 42.81177364], [44.8461133, 42.81175499], [44.84595278, 42.81164513], [44.84590014, 42.81163116], [44.84576787, 42.81154126], [44.84343183, 42.81030117], [44.84144622, 42.808915], [44.83904869, 42.80689546], [44.83904308, 42.8069024], [44.83823744, 42.80595569], [44.83812147, 42.80592339], [44.83757586, 42.80572731], [44.83701717, 42.80607002], [44.83701017, 42.80608268], [44.83700051, 42.80609534], [44.83698885, 42.806106], [44.83694687, 42.80613031], [44.83331177, 42.80535697], [44.83260363, 42.80540816], [44.83099533, 42.80565898], [44.83035299, 42.80633138], [44.83037327, 42.80654797], [44.83024435, 42.80675289], [44.83023202, 42.80676188], [44.83021669, 42.80676921], [44.83019936, 42.80677354], [44.83018103, 42.8067762], [44.83016203, 42.80677587], [44.83014437, 42.80677354], [44.83012671, 42.80676821], [44.83007872, 42.80674455], [44.82805332, 42.80547091], [44.82802599, 42.8054789], [44.82811189, 42.80572941], [44.82809724, 42.80574673], [44.82805925, 42.80576338], [44.8267896, 42.80689205], [44.82662205, 42.80711626], [44.82598935, 42.80866233], [44.8271658, 42.81042176], [44.82843734, 42.8114279], [44.82890848, 42.8117784], [44.82916622, 42.812614], [44.82915123, 42.81261566], [44.8237735, 42.81421068], [44.8237791, 42.81421926], [44.82374557, 42.81422698], [44.82396899, 42.81701402], [44.82394834, 42.81705667], [44.82345033, 42.81810392], [44.82313836, 42.81879297], [44.8226491, 42.81971822], [44.82067233, 42.82186431], [44.82066234, 42.82193895], [44.82021389, 42.82205588], [44.82001208, 42.82162071], [44.81980847, 42.82153378], [44.81821693, 42.82126656], [44.8182056, 42.8212569], [44.81808398, 42.82120695], [44.81806532, 42.82120362], [44.81804666, 42.82120296], [44.81801033, 42.82120862], [44.81791435, 42.82125227], [44.81661056, 42.82125875], [44.81657093, 42.82120678], [44.81635104, 42.82119005], [44.81634438, 42.82119671], [44.81633613, 42.82125033], [44.81680412, 42.82174404], [44.81680212, 42.8217577], [44.81578354, 42.82202301], [44.81442281, 42.82442528], [44.81037425, 42.82699181], [44.79733339, 42.83136831], [44.79240264, 42.83077027], [44.78663522, 42.83019375], [44.78662789, 42.83018642], [44.78611648, 42.82833111], [44.77381375, 42.82020882], [44.77278847, 42.82004634], [44.77281222, 42.82005098], [44.7728114, 42.82003245], [44.77197332, 42.81951544], [44.76940736, 42.81580038], [44.76939936, 42.81578872], [44.76918345, 42.8156528], [44.76915079, 42.81565379], [44.76828818, 42.81606823], [44.76827285, 42.8160619], [44.76808024, 42.81603794], [44.76770236, 42.81605753], [44.76765404, 42.81603854], [44.76762839, 42.81602089], [44.76761006, 42.81599823], [44.7676044, 42.81598457], [44.76760041, 42.81593958], [44.76760407, 42.81592525], [44.76761173, 42.81591292], [44.76768404, 42.81582428], [44.7676907, 42.81581028], [44.76769469, 42.8157293], [44.76768936, 42.81571731], [44.76768137, 42.81570598], [44.76767071, 42.81569532], [44.76765705, 42.81568532], [44.76764206, 42.81567699], [44.76762507, 42.81567033], [44.76760674, 42.81566667], [44.76758841, 42.81566601], [44.76756975, 42.81566867], [44.76755009, 42.81567367], [44.76723257, 42.81602219], [44.76722157, 42.81603285], [44.76720724, 42.81604118], [44.76719025, 42.81604618], [44.76717226, 42.81604851], [44.76715293, 42.81604818], [44.76713493, 42.81604452], [44.76711827, 42.81603819], [44.76710261, 42.81602986], [44.76708961, 42.81601953], [44.76708028, 42.81600787], [44.76662946, 42.81560041], [44.7666108, 42.8156014], [44.76510729, 42.81619463], [44.76259343, 42.81624895], [44.76044081, 42.81698669], [44.76036822, 42.81717331], [44.76037187, 42.8172473], [44.7603772, 42.81726429], [44.76039119, 42.81729428], [44.76039552, 42.81730928], [44.76039685, 42.81732328], [44.7603932, 42.81735061], [44.76038687, 42.81736361], [44.76037754, 42.81737527], [44.76036488, 42.8173856], [44.76034888, 42.81739526], [44.76033222, 42.81740226], [44.76031423, 42.81740726], [44.76029557, 42.81740959], [44.76023792, 42.81740427], [44.75980774, 42.81710978], [44.75864043, 42.81671542], [44.7576744, 42.81655974], [44.75621805, 42.81560838], [44.75426973, 42.81555042], [44.75312278, 42.81532194], [44.75144368, 42.81520307], [44.75144335, 42.8152164], [44.75143103, 42.81524139], [44.7512491, 42.81537867], [44.74941535, 42.81692391], [44.74929309, 42.81707583], [44.74819204, 42.81837319], [44.74758208, 42.81906385], [44.74664889, 42.82048535], [44.74680049, 42.82049066], [44.74722069, 42.82047864], [44.74742927, 42.82038773], [44.74812746, 42.82019171], [44.74876694, 42.8203292], [44.75009737, 42.8224363], [44.7501714, 42.82314183], [44.74989789, 42.82305396], [44.74972929, 42.82307492], [44.7483957, 42.82279999], [44.74777766, 42.82279994], [44.74777033, 42.82280693], [44.74788716, 42.82410028], [44.74555105, 42.82462171], [44.73912264, 42.82639287], [44.73862769, 42.82716949], [44.73861369, 42.82717548], [44.73735962, 42.82767952], [44.73735229, 42.82768952], [44.73735063, 42.82769885], [44.72986674, 42.83450699], [44.72984046, 42.83449264], [44.7298358, 42.83450197], [44.72846814, 42.83629361], [44.72792633, 42.83652043], [44.72786469, 42.83666272], [44.72763513, 42.83681763], [44.72756957, 42.83708886], [44.72755258, 42.83716883], [44.72726906, 42.837552], [44.72726341, 42.83759298], [44.72708386, 42.83789154], [44.72707453, 42.8379002], [44.7270632, 42.83790586], [44.7254068, 42.83738516], [44.72465286, 42.8356358], [44.7224318, 42.83546142], [44.72221287, 42.83557333], [44.72216124, 42.8356213], [44.72214858, 42.83562796], [44.71982904, 42.83626754], [44.720253, 42.83590466], [44.72024302, 42.83593664], [44.72043061, 42.83596926], [44.72059753, 42.83589201], [44.72060886, 42.83587302], [44.71416564, 42.83792787], [44.71415431, 42.83793053], [44.6996756, 42.83618843], [44.69913983, 42.83639528], [44.69912317, 42.83639894], [44.69910518, 42.83639993], [44.69365144, 42.83606302], [44.69090657, 42.83351207], [44.69074537, 42.83308955], [44.69070905, 42.83307889], [44.68779589, 42.835359], [44.68777723, 42.83535434], [44.68507017, 42.8354614], [44.68502888, 42.83567665], [44.68502555, 42.83569065], [44.68496092, 42.83578495], [44.68494593, 42.83579494], [44.68489095, 42.83581392], [44.68464502, 42.83582189], [44.68462669, 42.83582689], [44.68435145, 42.83593646], [44.68431213, 42.83593446], [44.6835945, 42.83504776], [44.6835965, 42.83503577], [44.68360216, 42.83502611], [44.6840566, 42.83533764], [44.6841039, 42.835278], [44.67729382, 42.83656857], [44.67691293, 42.83672278], [44.67688815, 42.83672378], [44.67602239, 42.8380744], [44.67600906, 42.83808106], [44.67599373, 42.83808372], [44.67594375, 42.83808074], [44.67399909, 42.83840339], [44.67142451, 42.83905544], [44.67137319, 42.83904179], [44.67136019, 42.8390328], [44.6713522, 42.8390218], [44.67135087, 42.83900981], [44.67135587, 42.83899782], [44.67136553, 42.83898782], [44.67492545, 42.83531204], [44.67493378, 42.83529905], [44.67493844, 42.83528539], [44.67493844, 42.83527206], [44.67493311, 42.83525906], [44.67492111, 42.83525007], [44.67490612, 42.83524674], [44.67488846, 42.83524674], [44.67487046, 42.8352494], [44.67485247, 42.83525506], [44.67115377, 42.83759253], [44.67114078, 42.83760253], [44.67101381, 42.83761952], [44.6698963, 42.83835597], [44.66992062, 42.83842262], [44.66991896, 42.83843628], [44.66991363, 42.83844994], [44.66807189, 42.83925735], [44.66773268, 42.83949522], [44.66629788, 42.8410006], [44.66630188, 42.84101326], [44.66630188, 42.84102592], [44.66629055, 42.84105491], [44.66510525, 42.84162792], [44.66402422, 42.84182497], [44.66268726, 42.84245322], [44.66171551, 42.84235371], [44.6610977, 42.84229413], [44.66195282, 42.84440391], [44.66194516, 42.84441457], [44.66043629, 42.84441838], [44.65887212, 42.84446541], [44.65131776, 42.84475228], [44.65135119, 42.8439802], [44.65141484, 42.84393455], [44.65179427, 42.84337408], [44.6527999, 42.84296893], [44.65279691, 42.8429576], [44.65188589, 42.8428851], [44.65187256, 42.84287877], [44.65182125, 42.8428218], [44.65180559, 42.84281347], [44.65178926, 42.84280781], [44.64408221, 42.84368581], [44.64037062, 42.84412346], [44.64033164, 42.8441781], [44.64031898, 42.84418643], [44.63773179, 42.84454604], [44.63771513, 42.84455237], [44.63768247, 42.84458036], [44.63770968, 42.84608482], [44.63770268, 42.84609648], [44.63769168, 42.84610681], [44.63763369, 42.84614347], [44.63761436, 42.8461588], [44.63760003, 42.84617579], [44.63758171, 42.84620678], [44.63758802, 42.84654365], [44.63757771, 42.84658996], [44.63761146, 42.84663644], [44.63763412, 42.8466591], [44.63765612, 42.84669776], [44.63767178, 42.84675109], [44.63767711, 42.84682242], [44.63768044, 42.84690441], [44.63767878, 42.84699607], [44.63766346, 42.84719639], [44.63765147, 42.84729938], [44.63763681, 42.84740538], [44.63761682, 42.84751438], [44.63757249, 42.84773704], [44.63746652, 42.84821536], [44.63704026, 42.85002497], [44.63686728, 42.85074096], [44.63685762, 42.85079262], [44.636575, 42.85136332], [44.63457608, 42.85139721], [44.63209958, 42.85236207], [44.63208362, 42.85238136], [44.61386739, 42.84031532], [44.60653982, 42.84347607], [44.60681051, 42.84378578], [44.60901787, 42.84413581], [44.6090352, 42.84413515], [44.60927378, 42.84415843], [44.60935074, 42.84418378], [44.60926141, 42.84421944], [44.60924575, 42.84422476], [44.6092857, 42.84416176], [44.60934603, 42.84424942], [44.60929104, 42.84424409], [44.60924371, 42.84423576], [44.60921305, 42.8442261], [44.60919272, 42.8442211], [44.60919768, 42.84420948], [44.60928634, 42.84424581], [44.60929566, 42.84422916], [44.60931265, 42.84421583], [44.60930932, 42.84417818], [44.60928966, 42.84413985], [44.60931466, 42.84411952], [44.60940796, 42.84415582], [44.6093393, 42.84412782], [44.60934695, 42.84413647], [44.60934595, 42.84414947], [44.60931264, 42.84414614], [44.6093563, 42.84417046], [44.6101693, 42.84436779], [44.61005745, 42.84435278], [44.61005978, 42.84435944], [44.61004378, 42.84436044], [44.61005477, 42.84433678], [44.6101081, 42.84434277], [44.61062143, 42.84453443], [44.6107836, 42.8446563], [44.61078793, 42.84467063], [44.61078727, 42.84468196], [44.61068202, 42.84461282], [44.61112001, 42.84487915], [44.61127017, 42.84505469], [44.61127417, 42.84506535], [44.61128982, 42.84507801], [44.61130082, 42.84507768], [44.61132748, 42.84506269], [44.61147108, 42.84504738], [44.61167795, 42.84509157], [44.61172161, 42.84503825], [44.6117336, 42.84502859], [44.61174492, 42.84503825], [44.61174692, 42.84505891], [44.61175291, 42.84507224], [44.61176257, 42.84508024], [44.6118252, 42.84506859], [44.61183453, 42.8450646], [44.61220269, 42.84533762], [44.61224565, 42.84543723], [44.61227997, 42.84543656], [44.61233762, 42.84542725], [44.61236061, 42.84543158], [44.61238561, 42.84543891], [44.61241227, 42.84543658], [44.61245426, 42.84542459], [44.61251025, 42.84542161], [44.61262223, 42.84541828], [44.61264456, 42.84542294], [44.61268822, 42.84542859], [44.61273155, 42.84542859], [44.61280286, 42.84544658], [44.61282085, 42.84544458], [44.61288017, 42.84543028], [44.61297914, 42.84545458], [44.61299547, 42.84545791], [44.61305945, 42.84548589], [44.61307545, 42.84549089], [44.61312743, 42.84549554], [44.61315942, 42.84550219], [44.61329402, 42.84547591], [44.61336896, 42.84548419], [44.61355495, 42.84548819], [44.61349519, 42.84553072], [44.61344853, 42.84552473], [44.61349013, 42.84554367], [44.61348914, 42.84553534], [44.61347685, 42.84555831], [44.61350851, 42.84557429], [44.6134982, 42.8455929], [44.6134252, 42.84550957], [44.61342752, 42.84554921], [44.6134402, 42.84555688], [44.61344319, 42.84553622], [44.61343953, 42.84552222], [44.61342754, 42.84550858], [44.61349654, 42.84634491], [44.61349321, 42.84637324], [44.61349321, 42.8463999], [44.61349987, 42.8463999], [44.6136382, 42.84691656], [44.61379153, 42.84557823], [44.61372457, 42.8455066], [44.61354991, 42.84562793], [44.61357257, 42.84553866], [44.61349191, 42.84555299], [44.61343497, 42.84552869], [44.61346196, 42.84561002], [44.61345131, 42.84558571], [44.61329198, 42.84550338], [44.613284, 42.84552236], [44.61329999, 42.84553668], [44.61331932, 42.84554267], [44.61333931, 42.84554633], [44.61343315, 42.84552569], [44.61346381, 42.84552569], [44.61345982, 42.84553302], [44.61341148, 42.84555], [44.61337685, 42.84554934], [44.61340685, 42.84551501], [44.61338519, 42.84550803], [44.61337086, 42.84550737], [44.60440139, 42.84100291], [44.59910095, 42.84084115], [44.59862861, 42.84055613], [44.59845335, 42.84036422], [44.59844203, 42.84030026], [44.59843404, 42.84028993], [44.59835241, 42.84019164], [44.59834908, 42.84017398], [44.59813575, 42.83950296], [44.59755278, 42.83902498], [44.59261321, 42.83949776], [44.57002413, 42.83771688], [44.57003404, 42.83769046], [44.56882644, 42.83653364], [44.56890607, 42.83491365], [44.56888675, 42.83494131], [44.56891106, 42.83496595], [44.56891539, 42.83497661], [44.56892968, 42.83488838], [44.56893267, 42.83488139], [44.56912256, 42.83486283], [44.56907025, 42.83486845], [44.56911338, 42.83490172], [44.56888043, 42.83490707], [44.56496239, 42.83319436], [44.56501288, 42.83321567], [44.5561493, 42.83875854], [44.55612934, 42.83906811], [44.5560827, 42.83910575], [44.53366169, 42.83673921], [44.5294897, 42.83776558], [44.52697556, 42.83474957], [44.52654278, 42.83488914], [44.52650591, 42.83501614], [44.52651957, 42.83501248], [44.52652226, 42.83492655], [44.52681346, 42.83477772], [44.52676346, 42.83475606], [44.52677246, 42.8347494], [44.52673854, 42.83474372], [44.52681887, 42.83474771], [44.52677225, 42.83480098], [44.52650484, 42.83491779], [44.5265115, 42.83491046], [44.52651316, 42.83490113], [44.5265095, 42.8348908], [44.52636788, 42.83483518], [44.52635122, 42.83483318], [44.52632955, 42.83483849], [44.52680375, 42.83475904], [44.52656666, 42.83487366], [44.52653467, 42.83486234], [44.52651001, 42.83486135], [44.52648935, 42.83486601], [44.52647569, 42.83487101], [44.52646236, 42.83488233], [44.52647969, 42.83490332], [44.52648502, 42.83491398], [44.52648501, 42.83493196], [44.52981372, 42.83875072], [44.52981306, 42.83876138], [44.53188346, 42.84087091], [44.53164295, 42.84114079], [44.52927593, 42.84291375], [44.5289334, 42.84776991], [44.52889342, 42.84781623], [44.52856194, 42.84868673], [44.52849417, 42.85022305], [44.52865864, 42.85456278], [44.52821076, 42.85517274], [44.52811114, 42.85526804], [44.52803328, 42.85608074], [44.52799097, 42.8562057], [44.52731793, 42.85649229], [44.52246482, 42.86123389], [44.52171916, 42.86165822], [44.52140546, 42.86100688], [44.52127884, 42.86096391], [44.52029651, 42.86257015], [44.52036411, 42.86281563], [44.52032514, 42.86288759], [44.52028515, 42.86291824], [44.52016153, 42.86300053], [44.52009198, 42.86302737], [44.52009364, 42.86303703], [44.52009098, 42.86304869], [44.52008232, 42.86306168], [44.51980709, 42.86335859], [44.51969514, 42.86351786], [44.51967449, 42.86357418], [44.5196685, 42.86358551], [44.51966117, 42.86359184], [44.51965251, 42.86359151], [44.51964652, 42.86358685], [44.51962921, 42.86355453], [44.51967706, 42.86294116], [44.51962847, 42.86309312], [44.51961683, 42.86319144], [44.51963047, 42.86352604], [44.51963413, 42.8635447], [44.51963946, 42.86356136], [44.51965179, 42.86357736], [44.51967012, 42.86358569], [44.51968778, 42.86358669], [44.51970377, 42.86358203], [44.51971843, 42.86357437], [44.51973009, 42.86356404], [44.51974874, 42.86353704], [44.5197544, 42.86352171], [44.51979535, 42.8633771], [44.51981534, 42.86335078], [44.51984166, 42.86332645], [44.52011024, 42.86305655], [44.52012625, 42.86301252], [44.52013257, 42.8630335], [44.52013323, 42.86304616], [44.52013024, 42.86305815], [44.52012291, 42.86306881], [44.51978198, 42.86338693], [44.51972468, 42.86349291], [44.51969471, 42.8635922], [44.51968705, 42.86360253], [44.51967806, 42.86360752], [44.5196664, 42.86360619], [44.51964541, 42.8635942], [44.51963475, 42.86358354], [44.51962742, 42.86357188], [44.51962343, 42.86355922], [44.51962709, 42.86346792], [44.51962443, 42.86345592], [44.51967462, 42.86295575], [44.51974517, 42.86268088], [44.51982421, 42.85174448], [44.51984071, 42.85174149], [44.50961065, 42.84565575], [44.50951636, 42.84574469], [44.50943539, 42.84579532], [44.50870218, 42.84563666], [44.50869466, 42.84520439], [44.508691, 42.84517606], [44.50868101, 42.84515107], [44.5086497, 42.8451151], [44.50866267, 42.84517809], [44.508695, 42.84527451], [44.50868068, 42.84525086], [44.50867702, 42.84523353], [44.50867602, 42.84521354], [44.508686, 42.84513857], [44.50856301, 42.84521553], [44.50856834, 42.8452052], [44.50863958, 42.84515065], [44.50886736, 42.84469632], [44.50869098, 42.84482282], [44.50864366, 42.84485013], [44.50862667, 42.84485679], [44.50859268, 42.84486511], [44.50855936, 42.84486677], [44.50783999, 42.84424674], [44.5079486, 42.84411113], [44.50796826, 42.84408913], [44.50851539, 42.84302748], [44.50851639, 42.84301815], [44.50978043, 42.84166489], [44.50976093, 42.84166655], [44.51022456, 42.84165345], [44.50865764, 42.84496469], [44.50864965, 42.84504166], [44.50864432, 42.84505166], [44.50853889, 42.84511018], [44.50851629, 42.84516543], [44.50849158, 42.84518191], [44.50847836, 42.84517662], [44.50852765, 42.84519121], [44.50824942, 42.84509813], [44.50778397, 42.84490763], [44.49958633, 42.84572692], [44.49957295, 42.84575116], [44.49959994, 42.8457445], [44.49960133, 42.84573481], [44.49561837, 42.84821875], [44.49560252, 42.84821314], [44.48962368, 42.84850359], [44.48930844, 42.84845568], [44.48929178, 42.84845767], [44.48927578, 42.84846167], [44.48909124, 42.84855522], [44.48908358, 42.84854256], [44.48907558, 42.84853523], [44.48906825, 42.84853257], [44.48906125, 42.84853656], [44.48898111, 42.84847494], [44.48896745, 42.84847361], [44.48895212, 42.84847494], [44.48889014, 42.84849359], [44.48875784, 42.84848759], [44.48872886, 42.8484716], [44.48872615, 42.84845929], [44.48877813, 42.84847927], [44.48892775, 42.84851255], [44.4891082, 42.84852756], [44.48898269, 42.84848515], [44.48896803, 42.84848149], [44.48895237, 42.84848049], [44.48882809, 42.84849444], [44.48802247, 42.84877117], [44.48797791, 42.84887605], [44.48767459, 42.8490748], [44.48789016, 42.84893326], [44.48733495, 42.84858378], [44.48715869, 42.84729696], [44.4800756, 42.84995171], [44.47959661, 42.85122289], [44.47928743, 42.853538], [44.47931608, 42.85354172], [44.4793197, 42.85353775], [44.47932532, 42.85354701], [44.47930158, 42.85353776], [44.47931381, 42.85353215], [44.47888253, 42.85522682], [44.47887558, 42.85519974], [44.47849823, 42.85906834], [44.47848824, 42.85909967], [44.47848691, 42.85910067], [44.47841158, 42.85906101], [44.47841023, 42.8590514], [44.47807724, 42.85939239], [44.47839823, 42.8589694], [44.4783799, 42.8589914], [44.47840008, 42.85905439], [44.47839443, 42.85904941], [44.47868209, 42.85839174], [44.47906008, 42.85915307], [44.47828269, 42.8568685], [44.47909376, 42.85413252], [44.47965614, 42.85301704], [44.48017686, 42.84749688], [44.47917509, 42.84785337], [44.4791581, 42.84785171], [44.47711191, 42.84666564], [44.47358194, 42.8468999], [44.46003387, 42.83923733], [44.46002088, 42.839234], [44.46000988, 42.83922834], [44.45999988, 42.83921935], [44.45998522, 42.8391997], [44.45997756, 42.83919571], [44.45993925, 42.83920836], [44.45917749, 42.83915292], [44.45916416, 42.83914959], [44.4591525, 42.8391436], [44.45911785, 42.83912195], [44.45736275, 42.83902503], [44.45734875, 42.83902636], [44.45733542, 42.83903002], [44.44543903, 42.84005233], [44.44450739, 42.83990614], [44.44433084, 42.84021195], [44.44433586, 42.84022361], [44.44430457, 42.84019331], [44.44428166, 42.840238], [44.44437727, 42.84026839], [44.44437694, 42.84027838], [44.44447118, 42.84035831], [44.44460307, 42.84058651], [44.44463306, 42.84057686], [44.44464972, 42.8405692], [44.44469937, 42.84054255], [44.44487366, 42.8404176], [44.44462675, 42.84061385], [44.44447985, 42.8408764], [44.44444788, 42.84095588], [44.44451843, 42.84112308], [44.44453608, 42.84114907], [44.44454252, 42.84120708], [44.44453419, 42.84119642], [44.4445282, 42.84119242], [44.44452255, 42.84122906], [44.44452821, 42.84123172], [44.44455653, 42.84123239], [44.44459918, 42.84125001], [44.44458424, 42.84125464], [44.44458824, 42.8412583], [44.44438555, 42.84091143], [44.44437455, 42.84090777], [44.44436222, 42.84090644], [44.44434923, 42.8409081], [44.4440888, 42.84110189], [44.44273138, 42.84190194], [44.44090629, 42.84253905], [44.44089029, 42.84253839], [44.44087463, 42.84253606], [44.44063903, 42.84247813], [44.44041511, 42.84254706], [44.44040711, 42.84255272], [44.4389736, 42.84288054], [44.43889929, 42.84294017], [44.42060216, 42.84323427], [44.4174397, 42.84575569], [44.41591705, 42.84806454], [44.41228195, 42.84795162], [44.41213407, 42.8481045], [44.40672868, 42.84803655], [44.40520672, 42.84817059], [44.40363077, 42.84808728], [44.40331874, 42.84813831], [44.40344412, 42.8481261], [44.40342979, 42.84812577], [44.40341513, 42.84812344], [44.40340147, 42.84811945], [44.40339014, 42.84811379], [44.40336283, 42.84808947], [44.40335584, 42.84807981], [44.40335151, 42.84806915], [44.40334951, 42.84803517], [44.40324514, 42.84773988], [44.40325314, 42.84774954], [44.40339305, 42.84811397], [44.4033601, 42.84802165], [44.40337673, 42.847947], [44.40336818, 42.84812681], [44.40339747, 42.84810552], [44.40337917, 42.84806654], [44.40337584, 42.84805455], [44.40337551, 42.84804289], [44.4033789, 42.84807285], [44.40339655, 42.8481015], [44.40340688, 42.84810883], [44.40342021, 42.84811416], [44.40343554, 42.84811782], [44.40429876, 42.84991218], [44.40394836, 42.8510455], [44.40398282, 42.8510409], [44.40399382, 42.85103691], [44.40400419, 42.8510046], [44.40391425, 42.85103915], [44.40393958, 42.85103415], [44.40394324, 42.85103114], [44.40385359, 42.85104612], [44.40376731, 42.85109305], [44.40185259, 42.85304549], [44.4018559, 42.85304054], [44.40187151, 42.85303327], [44.40185336, 42.85302501], [44.40178641, 42.85475733], [44.40178344, 42.85475303], [44.40249281, 42.8551], [44.40271271, 42.85633234], [44.40241437, 42.85640921], [44.40239095, 42.85639568], [44.40130628, 42.85712232], [44.40052699, 42.85768327], [44.40051444, 42.85767534], [44.40049893, 42.85769034], [44.40049187, 42.85770129], [44.40047404, 42.85769238], [44.4004645, 42.85769732], [44.39811556, 42.85975766], [44.39812943, 42.85974841], [44.39806212, 42.85961886], [44.39799182, 42.85960058], [44.39813763, 42.85976729], [44.39858705, 42.86125159], [44.39859002, 42.86124397], [44.39850042, 42.86135471], [44.39923389, 42.86092864], [44.40668193, 42.85290395], [44.41122595, 42.85112296], [44.41123494, 42.85112329], [44.41312343, 42.85011915], [44.41540043, 42.84848806], [44.41546406, 42.8483851], [44.41641282, 42.8469556], [44.4171209, 42.84628212], [44.41745317, 42.84570678], [44.41753244, 42.84557518], [44.41789592, 42.8449356], [44.42094744, 42.8432159], [44.42091575, 42.84321591], [44.42092013, 42.84324781], [44.42093205, 42.84325176], [44.42093244, 42.84323083], [44.41981594, 42.84267647], [44.41376975, 42.84053135], [44.41242212, 42.83947142], [44.41229989, 42.83930718], [44.41229656, 42.83929618], [44.41231823, 42.83842906], [44.41228325, 42.83843505], [44.41219262, 42.83846768], [44.41184175, 42.83843075], [44.41114729, 42.83841782], [44.40948188, 42.83853422], [44.40866656, 42.83909693], [44.40815844, 42.83945373], [44.40743566, 42.83895623], [44.40168101, 42.83880497], [44.39460781, 42.83912357], [44.39459781, 42.8391239], [44.39311102, 42.83945073], [44.39182197, 42.83969212], [44.3916884, 42.83977538], [44.39188114, 42.83968318], [44.3939007, 42.83923484], [44.40219226, 42.83865397], [44.40178933, 42.83785675], [44.40161707, 42.83724717], [44.40159103, 42.83723857], [44.40862766, 42.832919], [44.40890822, 42.83284212], [44.40943766, 42.8326784], [44.40980671, 42.83259758], [44.4098167, 42.83259192], [44.40984004, 42.83256397], [44.40984937, 42.83256797], [44.40986003, 42.83256963], [44.41061883, 42.83183545], [44.41076575, 42.8318604], [44.4110276, 42.83141254], [44.41097529, 42.83126328], [44.40988029, 42.83098933], [44.40855108, 42.83067713], [44.40836813, 42.8306122], [44.40778394, 42.83047347], [44.40665471, 42.83002297], [44.40664305, 42.83002198], [44.40654343, 42.83002796], [44.40648042, 42.8300247], [44.36634466, 42.77457966], [44.36763585, 42.7764486], [44.36934331, 42.7796987], [44.36935264, 42.7797207], [44.36955387, 42.7800316], [44.36969451, 42.78021849], [44.36974483, 42.78030243], [44.37060061, 42.78267734], [44.37049418, 42.78448998], [44.37059681, 42.78514628], [44.3711775, 42.78703886], [44.38147313, 42.80932175], [44.38196297, 42.80943823], [44.3819733, 42.80944823], [44.38198096, 42.80945922], [44.38198495, 42.80947088], [44.38197697, 42.8095435], [44.38178772, 42.80971441], [44.38216811, 42.81043745], [44.38106911, 42.81376187], [44.3808995, 42.81379614], [44.38063827, 42.81394305], [44.38114933, 42.81507948], [44.38128961, 42.8152144], [44.38132559, 42.81523805], [44.38133592, 42.81524605], [44.38252479, 42.81869905], [44.38271701, 42.81886024], [44.38279564, 42.81893921], [44.38328086, 42.81910139], [44.38453854, 42.81940567], [44.38581265, 42.82006177], [44.38624672, 42.82045821], [44.38685315, 42.82078762], [44.38690379, 42.82079227], [44.38692611, 42.82080092], [44.38877339, 42.82154419], [44.389707, 42.82209049], [44.38974799, 42.82212547], [44.39041073, 42.82250516], [44.4030632, 42.82879622], [44.40688978, 42.83029988], [44.40691393, 42.8302606], [44.40687241, 42.83026893], [44.40690003, 42.83028054], [44.40688749, 42.83027692], [44.40684451, 42.83028062], [44.40683067, 42.8302638], [44.40683034, 42.83027239], [44.40679562, 42.8302065], [44.40689387, 42.83028988], [44.4069074, 42.83027898], [44.40682239, 42.83029482], [44.40683633, 42.83026292], [44.40681951, 42.8302583], [44.4068238, 42.83025765], [44.40681818, 42.83025104], [44.40702489, 42.83024746], [44.40704255, 42.83024447], [44.40705988, 42.83023948], [44.40709054, 42.83022583], [44.40737343, 42.83006562], [44.40707661, 42.83020814], [44.40695997, 42.83023977], [44.40694298, 42.83024576], [44.40689823, 42.83027801], [44.40691256, 42.83027268], [44.40694488, 42.83026603], [44.40698087, 42.8302647], [44.4069982, 42.83026736], [44.4078136, 42.83056011], [44.4078216, 42.83057177], [44.40787704, 42.83301608], [44.40791499, 42.83308171], [44.40070625, 42.83526088], [44.39532784, 42.83576186], [44.39469815, 42.83623825], [44.39465649, 42.8362549], [44.38853752, 42.83803789], [44.38697719, 42.83748196], [44.38689904, 42.83744239], [44.38468819, 42.83755912], [44.38324471, 42.83742125], [44.38322871, 42.83742158], [44.37917975, 42.83826074], [44.37881376, 42.8382204], [44.3752754, 42.83803867], [44.37449975, 42.83767013], [44.37450477, 42.83766215], [44.3744618, 42.83758118], [44.37445914, 42.83757219], [44.37447378, 42.83757052], [44.37444461, 42.83752818], [44.3744288, 42.83751331], [44.37443526, 42.8375047], [44.37445013, 42.83749645], [44.37446434, 42.83751495], [44.37445938, 42.83751759], [44.3744409, 42.83751825], [44.37445255, 42.83749638], [44.37446412, 42.83747756], [44.3744496, 42.83750859], [44.37443704, 42.83748809], [44.37445624, 42.83750197], [44.37445501, 42.83748378], [44.37526862, 42.83800582], [44.37041362, 42.83944099], [44.37028932, 42.83947861], [44.3699371, 42.83941906], [44.3697185, 42.83943635], [44.36944025, 42.83948164], [44.36485654, 42.83905624], [44.36309017, 42.83933769], [44.36166849, 42.83980744], [44.36127996, 42.84123361], [44.36128062, 42.84124627], [44.36127862, 42.84125893], [44.36127329, 42.84127126], [44.3601578, 42.84079302], [44.3601438, 42.84078969], [44.35980421, 42.84067611], [44.35826056, 42.8414123], [44.35802998, 42.84144192], [44.35596667, 42.84153471], [44.3546761, 42.84166821], [44.35366341, 42.84168077], [44.3482202, 42.84320229], [44.34772589, 42.84261061], [44.34771089, 42.84260795], [44.3475486, 42.84261127], [44.34713506, 42.84260633], [44.34712006, 42.84260866], [44.34710873, 42.84261332], [44.34709741, 42.84262198], [44.34647567, 42.84241838], [44.34648625, 42.842423], [44.34615976, 42.84198397], [44.34616895, 42.84203769], [44.34616143, 42.84199964], [44.34353305, 42.84205881], [44.34346074, 42.8421391], [44.34344774, 42.84214443], [44.34341608, 42.84215042], [44.34215653, 42.84274268], [44.34179465, 42.84264114], [44.34125347, 42.84253929], [44.34120282, 42.84252764], [44.34118849, 42.84252165], [44.34106086, 42.84245836], [44.3409279, 42.84233809], [44.34026912, 42.84199795], [44.3402168, 42.8419843], [44.33971797, 42.84206815], [44.33952101, 42.84213076], [44.33950502, 42.84213342], [44.33845903, 42.84234484], [44.33836906, 42.84229754], [44.33827842, 42.84226491], [44.33807816, 42.84221129], [44.33749603, 42.84223455], [44.33543073, 42.84262899], [44.33540108, 42.84266098], [44.33539075, 42.84266997], [44.33518216, 42.84275223], [44.33500256, 42.84288182], [44.33497891, 42.84291381], [44.33471663, 42.84309507], [44.33429784, 42.84344489], [44.33386897, 42.84349877], [44.33284332, 42.84385574], [44.33283132, 42.8438644], [44.33092161, 42.84511599], [44.33042277, 42.84524582], [44.32918413, 42.84539388], [44.3284092, 42.84590609], [44.3236726, 42.84778092], [44.31946558, 42.84867965], [44.31682247, 42.84837044], [44.31684445, 42.84832845], [44.31689942, 42.84825981], [44.31695098, 42.84587282], [44.31584664, 42.84289492], [44.31373216, 42.84177353], [44.31373149, 42.84174221], [44.3137155, 42.84169656], [44.31338738, 42.84122478], [44.31338205, 42.84121412], [44.311948, 42.83916731], [44.31186236, 42.83917429], [44.31185436, 42.83917862], [44.30783164, 42.83521876], [44.30684978, 42.83480887], [44.30525429, 42.83412617], [44.30525928, 42.83411751], [44.3053829, 42.83403155], [44.30538323, 42.83402522], [44.30530526, 42.83397592], [44.30522845, 42.83388811], [44.30522312, 42.83388311], [44.30517386, 42.83389541], [44.30514754, 42.83388842], [44.30512155, 42.83387677], [44.30511322, 42.83387011], [44.30519752, 42.83378005], [44.30519252, 42.83378371], [44.30512039, 42.83379735], [44.30506778, 42.83389124], [44.30507344, 42.8339009], [44.30508777, 42.83391023], [44.30510543, 42.83391856], [44.30547927, 42.83398823], [44.30551159, 42.83397758], [44.30357704, 42.83354936], [44.2985994, 42.83166263], [44.29761513, 42.83186002], [44.29729056, 42.83193691], [44.29796356, 42.83287141], [44.29799122, 42.83288607], [44.2984127, 42.83327058], [44.29934778, 42.83452999], [44.29947736, 42.83474657], [44.29976312, 42.83515628], [44.29960866, 42.83518897], [44.29945166, 42.835215], [44.29949199, 42.83524833], [44.29951699, 42.83526532], [44.29953732, 42.83527532], [44.29961674, 42.83509935], [44.29719044, 42.83220752], [44.29717911, 42.83219986], [44.29716578, 42.83219387], [44.29715212, 42.83219121], [44.29608477, 42.8315703], [44.29230111, 42.83443998], [44.29228544, 42.83449158], [44.29198211, 42.83471723], [44.29159296, 42.83499555], [44.29158897, 42.83498689], [44.29138188, 42.8348011], [44.28981143, 42.83557541], [44.28822121, 42.83721529], [44.28532983, 42.83974011], [44.28044954, 42.84475476], [44.28041302, 42.84478309], [44.28044589, 42.84477471], [44.27819648, 42.84610366], [44.27566234, 42.84661018], [44.27441856, 42.8454297], [44.27025745, 42.84472617], [44.27025612, 42.84471751], [44.2702448, 42.84470318], [44.27020424, 42.84461463], [44.2702191, 42.84460967], [44.27021789, 42.8445981], [44.27021814, 42.84470412], [44.27023068, 42.84468597], [44.26923639, 42.84309792], [44.26830287, 42.84188975], [44.26792388, 42.84208328], [44.26750396, 42.84187622], [44.26729592, 42.84182441], [44.26709998, 42.84155421], [44.26680767, 42.84109626], [44.26675506, 42.84098166], [44.26674973, 42.84097333], [44.26662447, 42.84085637], [44.26657248, 42.84082073], [44.26656682, 42.84081407], [44.26654919, 42.84075578], [44.26625191, 42.83920966], [44.26622317, 42.83921527], [44.26560549, 42.83926047], [44.26559571, 42.83926715], [44.26584139, 42.83916068], [44.26601716, 42.83916974], [44.26193432, 42.8389903], [44.261574, 42.83967562], [44.26036002, 42.83975153], [44.2603544, 42.83973701], [44.25724523, 42.83973412], [44.25723624, 42.83972879], [44.25758788, 42.8391629], [44.25827162, 42.83892515], [44.2583909, 42.83884754], [44.25839689, 42.83883754], [44.25840055, 42.83882688], [44.25846885, 42.83877091], [44.25855482, 42.83871928], [44.25859946, 42.83867564], [44.25862708, 42.83862101], [44.25778993, 42.83864037], [44.2577263, 42.83863639], [44.25777176, 42.83798711], [44.25754473, 42.83726965], [44.25734961, 42.83702604], [44.25726638, 42.83677087], [44.25772585, 42.83656476], [44.25774318, 42.83656076], [44.25776117, 42.8365591], [44.25777917, 42.83656009], [44.25746734, 42.83682886], [44.25752299, 42.8368665], [44.25767919, 42.8371067], [44.25782407, 42.83738489], [44.25780186, 42.83734372], [44.2575291, 42.83723207], [44.25751418, 42.83723076], [44.25750658, 42.83724268], [44.25753133, 42.83724038], [44.25769891, 42.83710856], [44.25813038, 42.83671089], [44.25784168, 42.83656086], [44.25775771, 42.83654755], [44.25774238, 42.83654722], [44.25771972, 42.83655587], [44.25675258, 42.8369839], [44.25031845, 42.83702223], [44.24924493, 42.83738012], [44.24609183, 42.83760846], [44.24161849, 42.8402722], [44.24169511, 42.84028553], [44.24158833, 42.8402174], [44.24157447, 42.84021574], [44.24069666, 42.84039976], [44.23740053, 42.84049552], [44.23729103, 42.84055116], [44.23223259, 42.84173026], [44.2322382, 42.84172928], [44.22995929, 42.84199015], [44.22994863, 42.84199281], [44.22956442, 42.84198316], [44.2270728, 42.84223863], [44.22595291, 42.8424783], [44.22583331, 42.84256824], [44.22575308, 42.8428218], [44.22574242, 42.84283013], [44.22573009, 42.84283713], [44.22568344, 42.84285411], [44.22468686, 42.84333642], [44.22452008, 42.84477012], [44.22292759, 42.84532959], [44.22288733, 42.84531266], [44.22361986, 42.84609428], [44.22432136, 42.84774784], [44.22372444, 42.85494844], [44.22373106, 42.85494514], [44.22340496, 42.85516814], [44.22268074, 42.85614129], [44.22041635, 42.85634123], [44.2186014, 42.85482056], [44.22160061, 42.85442544], [44.2218942, 42.85390674], [44.22356436, 42.8538423], [44.22356236, 42.85386262], [44.2237636, 42.8539835], [44.2238229, 42.85405346], [44.2238369, 42.85405846], [44.22414262, 42.85472597], [44.22394036, 42.85476859], [44.21984876, 42.85461898], [44.21947352, 42.85465655], [44.21639943, 42.85498703], [44.21640932, 42.85498802], [44.21527238, 42.85493892], [44.21525813, 42.85495413], [44.2167805, 42.85517223], [44.2171305, 42.8605729], [44.21112598, 42.8614356], [44.21113529, 42.86143578], [44.21034198, 42.86093347], [44.20772737, 42.86207026], [44.20188863, 42.86390634], [44.20076537, 42.86443748], [44.20196748, 42.86842681], [44.20197481, 42.86843647], [44.2019838, 42.86848145], [44.2013655, 42.86910205], [44.2013525, 42.86910139], [44.20106383, 42.8698235], [44.2010526, 42.86982944], [44.20059416, 42.87144974], [44.19710911, 42.87210769], [44.19709845, 42.87210103], [44.19650523, 42.87259504], [44.19770147, 42.87380591], [44.1981135, 42.87405987], [44.19811582, 42.87406779], [44.19772561, 42.87381484], [44.19769203, 42.87381422], [44.1977132, 42.87381164], [44.1976951, 42.87380635], [44.19769444, 42.87381098], [44.19763724, 42.87382294], [44.19761941, 42.87381897], [44.19761611, 42.87381037], [44.1976204, 42.87380904], [44.19763262, 42.87381862], [44.19778039, 42.87383971], [44.19800704, 42.8739789], [44.19769536, 42.87382151], [44.19743413, 42.87324493], [44.19700301, 42.87308881], [44.19576242, 42.87211551], [44.19512134, 42.87194693], [44.19409362, 42.87361064], [44.19406363, 42.87360832], [44.19404963, 42.87360998], [44.19402331, 42.87361797], [44.19400265, 42.87363229], [44.19438869, 42.87405565], [44.19438469, 42.87406698], [44.19436936, 42.8740883], [44.19432504, 42.87412228], [44.19348303, 42.87434298], [44.19292158, 42.87428674], [44.19263865, 42.87416886], [44.19221217, 42.87394143], [44.19105749, 42.87352725], [44.19084878, 42.87350896], [44.19083212, 42.87350797], [44.19081612, 42.87350498], [44.19080113, 42.87349898], [44.19055389, 42.87329907], [44.19042226, 42.87327478], [44.19022266, 42.8732894], [44.1899194, 42.87287725], [44.18993239, 42.87285327], [44.18894742, 42.87242699], [44.18415681, 42.87174922], [44.18225929, 42.87218453], [44.18227645, 42.87218056], [44.18229614, 42.87220242], [44.18237611, 42.87214514], [44.1823891, 42.87213714], [44.18245306, 42.87205651], [44.18246306, 42.87204918], [44.18250299, 42.87205046], [44.18239804, 42.87215074], [44.18238504, 42.8721584], [44.1823154, 42.87219637], [44.18161747, 42.87263341], [44.17774519, 42.87336638], [44.17766524, 42.87338842], [44.17766058, 42.87339741], [44.17765325, 42.87340441], [44.17607409, 42.87578843], [44.17574025, 42.8760846], [44.17549219, 42.87682607], [44.17547986, 42.8768344], [44.17537456, 42.87686601], [44.17485246, 42.87762491], [44.17435731, 42.87849749], [44.17238512, 42.8827355], [44.17239045, 42.8827455], [44.17237281, 42.88283447], [44.17236481, 42.88284413], [44.17235415, 42.88285246], [44.17234182, 42.88285879], [44.17232782, 42.88286245], [44.1722655, 42.88286079], [44.17091757, 42.88288565], [44.17081395, 42.88289197], [44.17078462, 42.88288464], [44.17077296, 42.88287798], [44.17076397, 42.88286965], [44.17075731, 42.88285899], [44.17075432, 42.88284799], [44.17075465, 42.88283666], [44.17075764, 42.88282533], [44.1707633, 42.88281467], [44.17104619, 42.88259645], [44.17126041, 42.88233259], [44.17054681, 42.88193821], [44.17042518, 42.88192857], [44.17036315, 42.88165808], [44.17053296, 42.88077056], [44.16884216, 42.88173193], [44.16881916, 42.88174226], [44.16880617, 42.88174426], [44.16879217, 42.88174393], [44.16877784, 42.88174127], [44.16876451, 42.88173528], [44.16875318, 42.88172728], [44.16874385, 42.88171795], [44.16872919, 42.88168396], [44.16872919, 42.88167197], [44.16873718, 42.88164799], [44.16873319, 42.88142845], [44.16835334, 42.88129023], [44.1682537, 42.88129689], [44.16802784, 42.882299], [44.16801652, 42.88231832], [44.16800786, 42.88232632], [44.16769735, 42.88218209], [44.16758539, 42.88215045], [44.16756939, 42.88215111], [44.1675544, 42.88215411], [44.16751641, 42.88217376], [44.16750142, 42.88219208], [44.16749942, 42.88220141], [44.16760535, 42.88291149], [44.16764133, 42.88296147], [44.16784397, 42.88362707], [44.1666637, 42.88328977], [44.16664704, 42.88328977], [44.16632552, 42.8835493], [44.16699995, 42.88658121], [44.16689331, 42.8865822], [44.16685832, 42.88657354], [44.16677801, 42.88653956], [44.16616798, 42.88589153], [44.16613532, 42.88588921], [44.16608467, 42.8858992], [44.16606901, 42.88590686], [44.16605568, 42.88591619], [44.16601105, 42.88597583], [44.16600373, 42.88600215], [44.16645355, 42.88757414], [44.16645189, 42.88758647], [44.16644723, 42.88759713], [44.16727032, 42.89088423], [44.16724447, 42.89088362], [44.1670279, 42.8911025], [44.16701457, 42.89110916], [44.16698958, 42.89111415], [44.16693295, 42.89109151], [44.16680636, 42.89100826], [44.16678703, 42.89100959], [44.16677004, 42.89101425], [44.16675705, 42.89102158], [44.16674806, 42.89103091], [44.1667424, 42.89104024], [44.16673809, 42.89140477], [44.16630389, 42.89177315], [44.16632649, 42.89182502], [44.16629232, 42.89195756], [44.16628498, 42.89208684], [44.16654818, 42.89150782], [44.16593323, 42.89001525], [44.16423515, 42.88835322], [44.15735557, 42.88289391], [44.15741547, 42.883772], [44.14804442, 42.88111009], [44.148002, 42.88095133], [44.14077097, 42.88013441], [44.14078889, 42.8801311], [44.14073963, 42.88010378], [44.14077808, 42.88012332], [44.13846881, 42.87946775], [44.13616214, 42.87645054], [44.13459915, 42.87286073], [44.13289854, 42.87131491], [44.13293184, 42.8713016], [44.13151897, 42.8711773], [44.13131837, 42.87120391], [44.13068389, 42.87146735], [44.13048796, 42.87158429], [44.13046397, 42.87158662], [44.13045198, 42.87159994], [44.13052526, 42.87167954], [44.12930564, 42.87080779], [44.12914636, 42.8707695], [44.12671419, 42.87086795], [44.12671087, 42.87080266], [44.12670488, 42.87079067], [44.12669522, 42.87077867], [44.12668422, 42.87076934], [44.12525419, 42.86992635], [44.12131815, 42.86800334], [44.12137253, 42.86792336], [44.12112478, 42.86815252], [44.12102187, 42.8682711], [44.11914357, 42.87068907], [44.11912924, 42.8706904], [44.11799692, 42.87120573], [44.11798493, 42.87120672], [44.11794595, 42.87119974], [44.11793462, 42.87120107], [44.11792662, 42.87120706], [44.11790632, 42.8712667], [44.11716586, 42.87181001], [44.11483523, 42.87222242], [44.11428875, 42.87215856], [44.11344835, 42.87190216], [44.11336438, 42.87187752], [44.11325176, 42.87185483], [44.11323977, 42.87185384], [44.10865704, 42.87207019], [44.10863971, 42.87207019], [44.10626337, 42.8716908], [44.10625312, 42.87168056], [44.10612186, 42.87180446], [44.10553971, 42.87195035], [44.10552305, 42.87194669], [44.10550639, 42.87194103], [44.10549173, 42.87193303], [44.10479273, 42.87033432], [44.10402345, 42.86949382], [44.10400297, 42.86949117], [44.10404341, 42.86947195], [44.10204435, 42.86931397], [44.10194871, 42.86936361], [44.10193138, 42.86936861], [44.10130493, 42.86931264], [44.1012926, 42.86930065], [44.10030993, 42.86872566], [44.09999235, 42.86869574], [44.09979906, 42.86868211], [44.09944653, 42.86841024], [44.09918603, 42.86816745], [44.09917137, 42.86816612], [44.09914886, 42.86815788], [44.09916485, 42.86815755], [44.09917951, 42.86816054], [44.09937377, 42.86835412], [44.0993851, 42.86836311], [44.09939776, 42.86836744], [44.09919554, 42.86815223], [44.09918055, 42.86814757], [44.09916556, 42.86814624], [44.09503271, 42.86745175], [44.09486577, 42.86742181], [44.09445062, 42.86699837], [44.09123989, 42.86642825], [44.09120457, 42.86641793], [44.08758555, 42.86626483], [44.08710604, 42.86659391], [44.08657955, 42.86627077], [44.08243324, 42.86654816], [44.08096571, 42.86674239], [44.08027064, 42.86639538], [44.08023233, 42.86636573], [44.07961401, 42.86651009], [44.07951605, 42.86671261], [44.07544908, 42.86751802], [44.06960811, 42.87072097], [44.06961377, 42.87074429], [44.07005712, 42.8730249], [44.0702019, 42.8741636], [44.07018324, 42.87419792], [44.07008494, 42.87426921], [44.07007595, 42.87427954], [44.07007129, 42.8742902], [44.07007295, 42.87431186], [44.07007894, 42.87432252], [44.07012774, 42.87437646], [44.07001898, 42.87430493], [44.06817656, 42.87465835], [44.0681599, 42.87466535], [44.06528121, 42.87480343], [44.06527488, 42.87481509], [44.06527122, 42.87483907], [44.06450979, 42.87555937], [44.06450946, 42.87554838], [44.06450413, 42.87553838], [44.06449547, 42.87553239], [44.06407091, 42.8754305], [44.06405892, 42.8754245], [44.06404892, 42.87541651], [44.06170158, 42.87624014], [44.06168459, 42.87624247], [44.06142898, 42.87613023], [44.05806792, 42.87531092], [44.04949671, 42.88006352], [44.04948405, 42.88007152], [44.04947039, 42.88007652], [44.04746175, 42.88041259], [44.04742343, 42.8803896], [44.0473829, 42.88141899], [44.04767705, 42.8813438], [44.04761366, 42.88135566], [44.04770528, 42.88129676], [44.04771161, 42.88129077], [44.04773569, 42.88049243], [44.04403473, 42.87805047], [44.04404372, 42.87804881], [44.04401976, 42.8779802], [44.04398016, 42.87792984], [44.0383397, 42.87950858], [44.03197788, 42.88079475], [44.03096852, 42.88173745], [44.02849041, 42.88205646], [44.02590068, 42.88268947], [44.02931188, 42.88905046], [44.03021343, 42.88895641], [44.03100392, 42.8904578], [44.03003603, 42.89161674], [44.03010102, 42.89180841], [44.0300108, 42.89164626], [44.03028072, 42.8915197], [44.03030804, 42.89151038], [44.03037234, 42.89146142], [44.03099086, 42.89069426], [44.03103982, 42.89063229], [44.03118589, 42.89012495], [44.03105517, 42.89010977], [44.03103535, 42.89011241], [44.03108754, 42.8901393], [44.03104192, 42.89012474], [44.03110347, 42.89051964], [44.03109681, 42.8905273], [44.03108748, 42.89053329], [44.03106349, 42.89053861], [44.03103683, 42.89053295], [44.0310255, 42.89052762], [44.03163502, 42.88949852], [44.03170731, 42.88942556], [44.03170764, 42.88941523], [44.0304895, 42.88890222], [44.02971509, 42.88910295], [44.02939054, 42.88916547], [44.02937754, 42.88916481], [44.02936488, 42.88916148], [44.02934388, 42.88914749], [44.02930358, 42.8890552], [44.02924265, 42.88886262], [44.0290807, 42.88877703], [44.02776148, 42.88786276], [44.02775249, 42.88784377], [44.02775083, 42.88783511], [44.02783308, 42.88767888], [44.02786074, 42.8876589], [44.02786574, 42.88765024], [44.02801012, 42.88595343], [44.02801911, 42.88592345], [44.02594404, 42.88486794], [44.02594532, 42.88475403], [44.02583438, 42.88483431], [44.02582106, 42.88484897], [44.02584971, 42.88487298], [44.02711409, 42.88387634], [44.0259191, 42.88263781], [44.02592174, 42.88261699], [44.02589763, 42.88261664], [44.02590326, 42.88262625], [44.02370991, 42.88336364], [44.02364161, 42.88336303], [44.02354129, 42.88339335], [44.02350496, 42.88340601], [44.02344498, 42.88343266], [44.02351097, 42.88342004], [44.02366626, 42.88337178], [44.02362224, 42.88337181], [44.02359225, 42.88338047], [44.02356025, 42.88339113], [44.02349727, 42.88341445], [44.02208985, 42.88428689], [44.02149237, 42.88437171], [44.0211372, 42.8839676], [44.01724399, 42.88085637], [44.01714536, 42.88086103], [44.01634499, 42.87957939], [44.0152473, 42.87887069], [44.01457857, 42.87840597], [44.01403213, 42.87799767], [44.01277713, 42.87681009], [44.01227512, 42.87570663], [44.01121909, 42.87498135], [44.01115712, 42.87495105], [44.01106088, 42.87464617], [44.01107654, 42.87462451], [44.01115518, 42.87459053], [44.01128108, 42.87444903], [44.01126785, 42.87444176], [44.01106554, 42.8746202], [44.01103356, 42.87465617], [44.01114508, 42.8750103], [44.01113942, 42.87501963], [44.01006586, 42.87596735], [44.0091995, 42.87623187], [44.00701711, 42.87972039], [44.00343905, 42.88088171], [44.00336609, 42.880923], [44.00145006, 42.88127951], [44.00120348, 42.88135176], [43.99988234, 42.88160662], [43.99985101, 42.88161327], [43.99200792, 42.88240065], [43.99005415, 42.88211463], [43.98998652, 42.88212893], [43.98803975, 42.88196948], [43.98809006, 42.88196501], [43.98807357, 42.8819538], [43.97878661, 42.88611374], [43.97802231, 42.88534176], [43.97796636, 42.88523616], [43.97737187, 42.88348859], [43.97693224, 42.88288294], [43.97669466, 42.88279172], [43.97663207, 42.88244161], [43.97526417, 42.88118485], [43.97520288, 42.88110522], [43.97514124, 42.88107925], [43.97500596, 42.88097965], [43.97365316, 42.87957001], [43.9734443, 42.87921653], [43.97335335, 42.87893765], [43.97355694, 42.87807816], [43.97372903, 42.87759306], [43.97387384, 42.87721532], [43.97378621, 42.87713002], [43.96691455, 42.87642079], [43.96635101, 42.87555742], [43.96633868, 42.87555176], [43.96615211, 42.87542021], [43.9660315, 42.87539526], [43.96567228, 42.87553775], [43.96564495, 42.87554074], [43.96562163, 42.87553441], [43.96558665, 42.87550043], [43.96533252, 42.87353047], [43.96490809, 42.87317873], [43.96387103, 42.87095708], [43.96388436, 42.87095075], [43.96389935, 42.87094609], [43.96393201, 42.87094044], [43.96256262, 42.87190033], [43.96254962, 42.871896], [43.96180391, 42.87127732], [43.96175229, 42.87120371], [43.96080102, 42.87179367], [43.96050047, 42.87196185], [43.95991307, 42.87236925], [43.96001465, 42.87074587], [43.95996834, 42.87062928], [43.95995368, 42.87062595], [43.95993769, 42.87062529], [43.95992136, 42.87062695], [43.95990603, 42.87063195], [43.95989304, 42.87063961], [43.95988204, 42.87064894], [43.95987305, 42.8706596], [43.95987204, 42.87074322], [43.95988536, 42.87076555], [43.95992893, 42.87128369], [43.95914393, 42.87152466], [43.95934412, 42.87137115], [43.95937066, 42.87138066], [43.96618155, 42.88159946], [43.96612491, 42.8816611], [43.96611058, 42.88167009], [43.96609559, 42.88167742], [43.9660626, 42.88168741], [43.96584902, 42.88334768], [43.96441362, 42.88396003], [43.96443597, 42.88397666], [43.96478388, 42.88559224], [43.96296525, 42.88654369], [43.96293108, 42.88659423], [43.96278206, 42.88685471], [43.96281671, 42.88687836], [43.96283004, 42.88688336], [43.96288968, 42.88689401], [43.96293899, 42.88689335], [43.9629913, 42.88688169], [43.96302396, 42.88686504], [43.96306827, 42.88683406], [43.96331253, 42.88670147], [43.96462586, 42.88638707], [43.96464985, 42.88638806], [43.96467651, 42.88639306], [43.96470284, 42.88640339], [43.96472484, 42.88641839], [43.96473917, 42.88643672], [43.96474583, 42.88645638], [43.96474183, 42.88647538], [43.96472717, 42.88649438], [43.96470484, 42.88651371], [43.96467851, 42.88653237], [43.96465218, 42.8865497], [43.96462718, 42.8865647], [43.96460385, 42.8865757], [43.9638975, 42.88698], [43.96387284, 42.88700233], [43.96379919, 42.88707633], [43.96377686, 42.88710199], [43.9637312, 42.88714865], [43.96280694, 42.88787223], [43.96160258, 42.88935929], [43.95851981, 42.89197742], [43.9582019, 42.89186456], [43.95585671, 42.89259231], [43.95597601, 42.89261061], [43.95599501, 42.89261061], [43.95601167, 42.89260728], [43.95609764, 42.89260729], [43.95622728, 42.89259532], [43.95633058, 42.89256702], [43.95630964, 42.8925736], [43.95502008, 42.8926428], [43.95345689, 42.89217766], [43.95223059, 42.89193598], [43.95071503, 42.89101612], [43.9492545, 42.88711769], [43.94926216, 42.88711136], [43.94927249, 42.88710803], [43.94833201, 42.88665878], [43.94833201, 42.88665078], [43.94832668, 42.88664379], [43.94823008, 42.88658052], [43.94823242, 42.88653154], [43.94837777, 42.88627382], [43.94834247, 42.88627632], [43.94833015, 42.88625866], [43.94833392, 42.88625562], [43.94833592, 42.88626362], [43.94836663, 42.88628205], [43.94365307, 42.88928032], [43.94610619, 42.88739331], [43.94774397, 42.88675085], [43.94976671, 42.88913223], [43.94977104, 42.88914389], [43.94977237, 42.88915588], [43.95166008, 42.89179133], [43.95251345, 42.89202801], [43.95267174, 42.89207328], [43.95334586, 42.89216076], [43.95339751, 42.89216642], [43.95412052, 42.89245478], [43.95363976, 42.89219417], [43.94942029, 42.88857846], [43.94939835, 42.88843084], [43.94940001, 42.88841984], [43.94836604, 42.88684922], [43.94358653, 42.88947135], [43.94270253, 42.89004924], [43.94137556, 42.89154266], [43.94069377, 42.89200006], [43.94037923, 42.89230194], [43.93972013, 42.89228266], [43.93881607, 42.89260796], [43.93839621, 42.89267983], [43.93527501, 42.89352081], [43.93036386, 42.89965393], [43.93029321, 42.89969058], [43.93026188, 42.89970124], [43.93022756, 42.89970923], [43.9238249, 42.89796138], [43.92275622, 42.89634907], [43.92275988, 42.89629342], [43.92276621, 42.89627976], [43.92277487, 42.89626676], [43.92278453, 42.89625543], [43.92282352, 42.89622578], [43.91938393, 42.89292578], [43.91867173, 42.89322949], [43.91817329, 42.89337499], [43.91816371, 42.89337103], [43.91809737, 42.89340671], [43.91819698, 42.89334292], [43.91820864, 42.89334625], [43.91823496, 42.89334725], [43.91938009, 42.89284014], [43.91739788, 42.89372184], [43.91739455, 42.89370551], [43.91739588, 42.89368918], [43.91740187, 42.89367385], [43.91740987, 42.89365985], [43.92168204, 42.89983873], [43.92168537, 42.89984739], [43.92171936, 42.89989736], [43.92184661, 42.90007526], [43.92183828, 42.90009459], [43.92180963, 42.90012324], [43.9221134, 42.90077432], [43.9223053, 42.90080588], [43.92238858, 42.90080086], [43.92226194, 42.90078889], [43.9223349, 42.90080785], [43.92390154, 42.90127551], [43.92571854, 42.90208024], [43.92952367, 42.90677032], [43.92942317, 42.907306], [43.92944018, 42.90836989], [43.92944484, 42.90837922], [43.92943985, 42.90843651], [43.92859158, 42.90912847], [43.92858392, 42.90912447], [43.92875709, 42.90917571], [43.92860849, 42.90930623], [43.92852886, 42.90930625], [43.92851349, 42.90930221], [43.92950895, 42.90938379], [43.92986316, 42.90943266], [43.92987449, 42.90942933], [43.92993144, 42.9093677], [43.92994442, 42.90932639], [43.92997241, 42.90930041], [43.92997974, 42.90929008], [43.9299824, 42.90927908], [43.92998207, 42.90926875], [43.9298892, 42.90883228], [43.92989153, 42.90882062], [43.92990319, 42.90872932], [43.92984543, 42.90680439], [43.92968355, 42.90668349], [43.92979414, 42.90671242], [43.92990278, 42.90880919], [43.92988514, 42.90884551], [43.92983884, 42.90889682], [43.92993705, 42.90929894], [43.92993139, 42.90930827], [43.9295276, 42.90938365], [43.92930268, 42.90939163], [43.92928702, 42.90939429], [43.92909145, 42.90956486], [43.92905513, 42.90959585], [43.92887855, 42.90980032], [43.92888811, 42.90980397], [43.92850181, 42.91049017], [43.92692404, 42.91146962], [43.92593364, 42.91302687], [43.92310849, 42.91426808], [43.92173616, 42.91450757], [43.92110618, 42.91461435], [43.9202797, 42.91467525], [43.92029158, 42.91467922], [43.92013059, 42.91481587], [43.91974939, 42.91483346], [43.91973473, 42.9148328], [43.91967109, 42.91483746], [43.91948283, 42.9147409], [43.91912396, 42.91479545], [43.91873943, 42.91492232], [43.91647759, 42.91573602], [43.91529743, 42.91576328], [43.91467846, 42.91601616], [43.91438957, 42.91593794], [43.91428727, 42.91587632], [43.91424096, 42.91584468], [43.91422763, 42.91584002], [43.91392809, 42.91574916], [43.91359758, 42.91570862], [43.91290297, 42.91575185], [43.91063551, 42.91605995], [43.90647068, 42.91644572], [43.90645568, 42.91644838], [43.90646795, 42.91642851], [43.90617811, 42.91645516], [43.90568579, 42.91663823], [43.90563114, 42.9166892], [43.90561251, 42.91674816], [43.90531329, 42.91878149], [43.90562014, 42.91899866], [43.90572568, 42.91918391], [43.90622369, 42.91952291], [43.90857348, 42.92036974], [43.9085616, 42.92038361], [43.91075467, 42.92007711], [43.91078099, 42.92006745], [43.91191438, 42.91994044], [43.91202103, 42.91998769], [43.91205863, 42.91999067], [43.91207414, 42.91999761], [43.91200891, 42.91998897], [43.91207421, 42.92030574], [43.91320526, 42.92105239], [43.91286566, 42.92071066], [43.91139987, 42.92173803], [43.91117286, 42.9219341], [43.91112389, 42.92207671], [43.91111223, 42.92209137], [43.91109557, 42.92210703], [43.91107458, 42.92212236], [43.91104992, 42.92213536], [43.91096427, 42.92216868], [43.91093427, 42.92217801], [43.91087561, 42.92219133], [43.91103998, 42.92213281], [43.91112861, 42.92206418], [43.91116855, 42.92195222], [43.91116689, 42.92193956], [43.90917689, 42.92249878], [43.90862553, 42.92381846], [43.90862354, 42.92382946], [43.90855726, 42.92394607], [43.90601765, 42.92706238], [43.90603628, 42.92714635], [43.90491094, 42.93118316], [43.90491126, 42.93117688], [43.90493305, 42.93117691], [43.90480681, 42.93147198], [43.9030996, 42.93310304], [43.90161234, 42.93377197], [43.9013591, 42.93384987], [43.90128245, 42.93386286], [43.90069872, 42.93423327], [43.89935065, 42.93494501], [43.89716155, 42.93573846], [43.89595706, 42.93880145], [43.89596406, 42.93881011], [43.89600937, 42.93924151], [43.89598376, 42.94005203], [43.89599542, 42.94005969], [43.89603507, 42.94008067], [43.89604506, 42.94009], [43.8963099, 42.94030252], [43.89649718, 42.94042646], [43.89651682, 42.94047611], [43.89651516, 42.94048877], [43.89615476, 42.94093084], [43.89631269, 42.94154214], [43.89632435, 42.94148016], [43.89630935, 42.94150482], [43.89629402, 42.94152615], [43.89627703, 42.94154248], [43.89551116, 42.94186636], [43.8954855, 42.94189135], [43.89545221, 42.94197564], [43.89546386, 42.94200929], [43.8955348, 42.94204057], [43.89553414, 42.94206222], [43.89554047, 42.94206922], [43.89544824, 42.94205095], [43.89525999, 42.94213186], [43.89466183, 42.94225138], [43.89449559, 42.94227964], [43.89449026, 42.94229064], [43.89448926, 42.94230164], [43.89448393, 42.94231197], [43.89445063, 42.94235562], [43.89435114, 42.94238458], [43.89437754, 42.94238556], [43.8943872, 42.94240745], [43.89433155, 42.94241809], [43.89435454, 42.94241176], [43.89451449, 42.9423495], [43.89450184, 42.94236448], [43.89439418, 42.94232415], [43.89431924, 42.94232983], [43.89430591, 42.94233616], [43.89429191, 42.94233749], [43.89427758, 42.94233549], [43.8942306, 42.94232451], [43.89414929, 42.94232816], [43.89404966, 42.94226218], [43.89402, 42.94223619], [43.89401601, 42.9422242], [43.89400735, 42.94220687], [43.89398305, 42.94216756], [43.89395639, 42.94219088], [43.89392306, 42.94223421], [43.89396138, 42.94224353], [43.89419604, 42.9422312], [43.8942107, 42.9422312], [43.89422603, 42.94223419], [43.89424236, 42.94224285], [43.89427302, 42.94226951], [43.89428302, 42.94228351], [43.89428901, 42.94229817], [43.89429967, 42.94231483], [43.894315, 42.94232982], [43.89433733, 42.94234282], [43.89435966, 42.94235148], [43.89438099, 42.94235181], [43.89440298, 42.94234415], [43.89001622, 42.94109682], [43.88809395, 42.94101485], [43.8878739, 42.94098939], [43.88788545, 42.94098808], [43.88646669, 42.94173846], [43.88646403, 42.94172746], [43.88556225, 42.94201982], [43.88416157, 42.94270992], [43.88175055, 42.94394153], [43.87855472, 42.94525902], [43.87848743, 42.94533499], [43.87845877, 42.94534998], [43.8770854, 42.94661357], [43.8761954, 42.94747551], [43.87618507, 42.94748584], [43.87377899, 42.94805445], [43.87370971, 42.94840791], [43.87290577, 42.94922587], [43.86944781, 42.95362408], [43.86854266, 42.9549736], [43.86746418, 42.95575682], [43.86745185, 42.95576248], [43.86573146, 42.95685495], [43.86541358, 42.95793576], [43.86344286, 42.95868376], [43.86190495, 42.96028234], [43.86099418, 42.96192378], [43.86096788, 42.96198642], [43.8601638, 42.96219916], [43.86013281, 42.96222814], [43.86012815, 42.9622398], [43.85979203, 42.96262127], [43.85767715, 42.96428636], [43.85705079, 42.96466199], [43.85703746, 42.96466732], [43.8569395, 42.96468396], [43.8569235, 42.96469062], [43.85678525, 42.96482186], [43.85366266, 42.96596366], [43.85120948, 42.96908819], [43.85100824, 42.96917175], [43.85080702, 42.96967501], [43.85081138, 42.96965391], [43.85081709, 42.96965163], [43.85081082, 42.96964502], [43.85082304, 42.96963744], [43.84423893, 42.97043382], [43.84421931, 42.97019864], [43.83977257, 42.9678584], [43.83975558, 42.9678564], [43.83952567, 42.96777282], [43.83945068, 42.9677685], [43.83867424, 42.9678393], [43.83865691, 42.96783697], [43.83831668, 42.96773209], [43.83748284, 42.96795137], [43.83479468, 42.96985663], [43.83484159, 42.96983351], [43.83354245, 42.97033948], [43.83477446, 42.96986881], [43.83504644, 42.96966555], [43.83519198, 42.96941604], [43.83518899, 42.96940904], [43.83242097, 42.9703084], [43.83236999, 42.97027976], [43.83235666, 42.9702791], [43.82996796, 42.97032911], [43.82992892, 42.9702701], [43.82941729, 42.97030879], [43.82912739, 42.97026349], [43.82888654, 42.96948233], [43.82806674, 42.96831031], [43.82529345, 42.96748285], [43.82465146, 42.96727805], [43.82366952, 42.96686856], [43.8169028, 42.9636222], [43.81712161, 42.96405325], [43.81674486, 42.96432672], [43.81676052, 42.96432206], [43.81677485, 42.96431473], [43.81678718, 42.9643044], [43.81679551, 42.96429341], [43.81679884, 42.96428141], [43.81498116, 42.96412424], [43.8134967, 42.96711634], [43.81282705, 42.96779001], [43.81274809, 42.96788729], [43.81180199, 42.96832451], [43.81178799, 42.96833351], [43.81024155, 42.9694926], [43.80840124, 42.97365594], [43.80838558, 42.97365794], [43.807063, 42.97209277], [43.80569023, 42.96953641], [43.80554126, 42.96948447], [43.80416047, 42.97042787], [43.80402719, 42.97043353], [43.80401319, 42.97042687], [43.80400153, 42.97041821], [43.80336486, 42.96932728], [43.80190706, 42.97211232], [43.80249206, 42.97280299], [43.80250538, 42.97282765], [43.79960636, 42.97295205], [43.79884537, 42.97358863], [43.79553963, 42.97730546], [43.79777371, 42.98274381], [43.79781236, 42.98279778], [43.79876396, 42.98749337], [43.8077057, 42.99713796], [43.80891325, 42.99799864], [43.80892758, 42.99800097], [43.80944209, 42.99801064], [43.80844696, 43.00021426], [43.80817447, 42.99990974], [43.80667917, 43.00202308], [43.80501165, 43.0049012], [43.80506225, 43.00505547], [43.80504493, 43.00509078], [43.80499636, 43.00537104], [43.80499137, 43.0053837], [43.80493441, 43.00545001], [43.80335982, 43.00709146], [43.80318615, 43.00813758], [43.80244984, 43.00839893], [43.80244051, 43.00840559], [43.80236055, 43.00844622], [43.80145693, 43.00933585], [43.7999818, 43.01038736], [43.79995115, 43.01041167], [43.79993915, 43.01041567], [43.79992716, 43.01041633], [43.79961107, 43.0094896], [43.79959741, 43.00950492], [43.79958045, 43.00957856], [43.79957412, 43.00958922], [43.79956446, 43.00959855], [43.79955213, 43.00960455], [43.79953913, 43.00960621], [43.79947473, 43.00965515], [43.79879581, 43.00851393], [43.79889641, 43.00789309], [43.79784392, 43.00648961], [43.79776625, 43.00644575], [43.79783423, 43.00638687], [43.79776594, 43.00637056], [43.79778593, 43.00635223], [43.79778426, 43.00634226], [43.79767412, 43.00632027], [43.79765413, 43.00631428], [43.79763714, 43.0063216], [43.79763847, 43.00633026], [43.79764813, 43.00634426], [43.79767569, 43.00641916], [43.79982766, 43.01050666], [43.80006083, 43.01088651], [43.80007081, 43.01126405], [43.79922047, 43.01283658], [43.79975699, 43.01276497], [43.79978498, 43.01274465], [43.7999496, 43.01271301], [43.79996759, 43.012718], [43.80227541, 43.01506833], [43.80248402, 43.01520394], [43.80250335, 43.01520794], [43.80323414, 43.01524959], [43.80345474, 43.01530853], [43.8035993, 43.01556845], [43.80534687, 43.01723148], [43.80539915, 43.01744942], [43.8053269, 43.01767], [43.80526895, 43.01778629], [43.80558757, 43.0199796], [43.80557257, 43.01999026], [43.80555524, 43.01999759], [43.80553691, 43.02000225], [43.80549726, 43.02000524], [43.80547726, 43.02000358], [43.80545727, 43.01999925], [43.80541862, 43.01998192], [43.80537563, 43.0199476], [43.8053663, 43.01993427], [43.80535931, 43.01991894], [43.80508015, 43.01922382], [43.80497185, 43.01917118], [43.80448128, 43.01909497], [43.80377646, 43.01905738], [43.80373714, 43.01904873], [43.80364617, 43.01900875], [43.80311834, 43.01979902], [43.80312367, 43.01981168], [43.80312201, 43.01982468], [43.80311368, 43.01983667], [43.80310102, 43.01984767], [43.80308502, 43.019857], [43.80306703, 43.01986466], [43.80298438, 43.0198823], [43.80296105, 43.01988164], [43.80293939, 43.01987764], [43.80279341, 43.01984502], [43.80275308, 43.01984701], [43.80233595, 43.01996852], [43.80220332, 43.01998414], [43.80158483, 43.02023425], [43.80157284, 43.02024658], [43.80156318, 43.02026024], [43.80155619, 43.0202749], [43.80155353, 43.02028923], [43.80155619, 43.02030289], [43.80156252, 43.02031689], [43.80177878, 43.02049647], [43.80179577, 43.02052446], [43.80179976, 43.02053879], [43.80253701, 43.02385607], [43.80251135, 43.02388339], [43.80249669, 43.02388839], [43.80246003, 43.02389271], [43.79899881, 43.02143926], [43.79431391, 43.01640099], [43.79430458, 43.01639033], [43.79383176, 43.01600784], [43.79381077, 43.01598418], [43.79377248, 43.01587487], [43.79367286, 43.01574626], [43.79324667, 43.0155554], [43.79289344, 43.01552348], [43.79287478, 43.01552049], [43.79284046, 43.01550817], [43.79227552, 43.01429994], [43.79170704, 43.01433426], [43.79171537, 43.01432126], [43.79172736, 43.0143096], [43.79187434, 43.01426732], [43.79170905, 43.0143226], [43.79155918, 43.0147477], [43.78251499, 43.01109126], [43.78110353, 43.01143299], [43.78109954, 43.01144132], [43.77939501, 43.01118858], [43.7811759, 43.01018606], [43.7809501, 43.00869187], [43.78091011, 43.00870586], [43.78002617, 43.00854967], [43.77920143, 43.0084545], [43.77910346, 43.00844752], [43.77122974, 43.0072844], [43.77118644, 43.00723142], [43.77116745, 43.0071911], [43.77110648, 43.00711946], [43.77102195, 43.00708914], [43.77102295, 43.00708415], [43.77016788, 43.00719765], [43.77013755, 43.00720964], [43.76881098, 43.00733216], [43.768737, 43.00732452], [43.76872001, 43.00731886], [43.76845045, 43.00713427], [43.76808492, 43.00699336], [43.76787698, 43.00695874], [43.76775168, 43.00697636], [43.76756839, 43.0069554], [43.76715387, 43.00683883], [43.76714854, 43.00682617], [43.76714854, 43.00673886], [43.76656984, 43.00600017], [43.76655825, 43.00556666], [43.76649039, 43.00327995], [43.76672029, 43.00305972], [43.76729136, 43.00207851], [43.76731113, 43.00125534], [43.76726194, 43.00127881], [43.76726194, 43.00127483], [43.76723751, 43.00126862], [43.76725078, 43.00129839], [43.76727007, 43.00127346], [43.76726414, 43.00129527], [43.76723694, 43.00135439], [43.76725465, 43.00127283], [43.7672133, 43.00122019], [43.76723244, 43.0012324], [43.7672397, 43.0012443], [43.76728315, 43.00125656], [43.76727588, 43.00125294], [43.76721368, 43.00133837], [43.76723254, 43.00134039], [43.76717864, 43.00198132], [43.767127, 43.00198931], [43.76444563, 43.00159885], [43.7644263, 43.00159452], [43.76427201, 43.00151789], [43.76415406, 43.00147425], [43.76390748, 43.00137733], [43.76329033, 43.00137698], [43.76325701, 43.00136232], [43.76121897, 43.00016714], [43.76116833, 43.0001275], [43.75850473, 42.99712576], [43.7584934, 42.99711876], [43.75846476, 42.99707778], [43.75510507, 42.99390781], [43.75509241, 42.99390015], [43.75360925, 42.99346551], [43.75340633, 42.99341099], [43.75328901, 42.99335638], [43.75330367, 42.99333906], [43.753315, 42.99333373], [43.7473418, 42.99297313], [43.74728583, 42.99296016], [43.74725253, 42.99292751], [43.73949528, 42.99378745], [43.73948062, 42.99378579], [43.73942831, 42.99374515], [43.73942565, 42.99373382], [43.73943064, 42.99370916], [43.73813014, 42.99275027], [43.73757696, 42.99286543], [43.72627991, 42.99547201], [43.72381924, 42.99682607], [43.72518839, 42.99902065], [43.72516048, 42.99894968], [43.725145, 42.99896766], [43.72726636, 42.99801787], [43.72725803, 42.99800487], [43.72723604, 42.99798654], [43.71435901, 43.01081843], [43.70772369, 43.00623726], [43.69124889, 43.01592486], [43.69121852, 43.01584853], [43.69123896, 43.01595687], [43.69116144, 43.0159981], [43.69118143, 43.01598611], [43.6894318, 43.0169146], [43.6891666, 43.01681807], [43.68878917, 43.01729844], [43.68778948, 43.01756874], [43.68753127, 43.0175521], [43.68652519, 43.01821102], [43.68648256, 43.01830664], [43.6864579, 43.0183173], [43.68627098, 43.01827168], [43.68615936, 43.01829332], [43.68626428, 43.01849357], [43.68623897, 43.01854122], [43.68622664, 43.01854655], [43.68294102, 43.01926988], [43.68286444, 43.01902033], [43.68280746, 43.01901733], [43.68214851, 43.02026447], [43.67857108, 43.02035059], [43.67863873, 43.02066939], [43.67539808, 43.02177739], [43.67524263, 43.02202035], [43.6752313, 43.02202201], [43.67524262, 43.02214485], [43.67521464, 43.02215218], [43.6747168, 43.02196331], [43.67466481, 43.02193399], [43.67464082, 43.02191034], [43.67455188, 43.02180173], [43.67443595, 43.02169812], [43.67413274, 43.02151669], [43.67412375, 43.02150836], [43.6740214, 43.02125856], [43.67405005, 43.02122194], [43.67399638, 43.02118632], [43.67398373, 43.02113576], [43.67399706, 43.02105143], [43.67404539, 43.02135424], [43.6740434, 43.02137257], [43.67404539, 43.02138557], [43.67375554, 43.02134962], [43.67374355, 43.02131963], [43.67375088, 43.02129963], [43.67375188, 43.02128131], [43.67360726, 43.02123403], [43.67358927, 43.02119576], [43.67365029, 43.02113259], [43.67356605, 43.02103403], [43.67352872, 43.02107369], [43.67319074, 43.02094004], [43.67321607, 43.02099603], [43.67328273, 43.02107836], [43.67334373, 43.02114669], [43.67342906, 43.02117969], [43.67350006, 43.02119535], [43.67357205, 43.02120801], [43.67361005, 43.02121934], [43.67372064, 43.02128226], [43.67382756, 43.02133488], [43.6737439, 43.02136354], [43.67373191, 43.02137286], [43.67373224, 43.02138786], [43.6737429, 43.02139886], [43.67374722, 43.0214465], [43.67374589, 43.02141251], [43.67374089, 43.02138885], [43.67370858, 43.02134054], [43.67370725, 43.02124488], [43.67369893, 43.02126387], [43.6736263, 43.02135017], [43.6736153, 43.02136583], [43.67360997, 43.02138082], [43.67359833, 43.02143881], [43.67352139, 43.02149575], [43.67358572, 43.02147176], [43.67319289, 43.02147109], [43.67313995, 43.02162531], [43.67321261, 43.0216933], [43.673179, 43.02170861], [43.67313767, 43.02162995], [43.67313136, 43.02158002], [43.6723727, 43.02143836], [43.6723727, 43.02144502], [43.67239736, 43.02143969], [43.67258074, 43.02113274], [43.67267438, 43.02114439], [43.67278435, 43.02111974], [43.6729958, 43.02128522], [43.67303413, 43.02133355], [43.67313879, 43.02117322], [43.6730008, 43.02116189], [43.67303545, 43.02113757], [43.67305811, 43.02112524], [43.67308411, 43.02111925], [43.67310077, 43.02111359], [43.67312674, 43.02108495], [43.67316505, 43.02107597], [43.67317471, 43.02107763], [43.6731837, 43.0210613], [43.67321203, 43.02103864], [43.67328101, 43.02100999], [43.67352433, 43.02101332], [43.67356732, 43.02111365], [43.67363927, 43.02092237], [43.6736586, 43.02091204], [43.67365026, 43.02093537], [43.67364826, 43.02096136], [43.67363726, 43.02099169], [43.6736286, 43.02104135], [43.67361994, 43.02107268], [43.67361794, 43.02109101], [43.67361295, 43.02110667], [43.67320216, 43.02109398], [43.67267237, 43.0211685], [43.67254109, 43.02119711], [43.670039, 43.02147551], [43.67002834, 43.02145619], [43.67002113, 43.02145435], [43.67003012, 43.02144635], [43.6700258, 43.02141537], [43.67003179, 43.02140637], [43.67004912, 43.02141269], [43.67005378, 43.02142535], [43.67002957, 43.02133293], [43.67003823, 43.0213196], [43.67004656, 43.02132593], [43.67005255, 43.02135926], [43.67003255, 43.02133232], [43.67007755, 43.02127632], [43.67008488, 43.02127665], [43.67009421, 43.02128831], [43.6701002, 43.02130964], [43.67012355, 43.02131796], [43.67008125, 43.02133127], [43.67021791, 43.0213596], [43.67017861, 43.02136458], [43.67016428, 43.02136325], [43.67013595, 43.02137424], [43.67009131, 43.02141857], [43.67008133, 43.02144815], [43.67001767, 43.02144449], [43.66998233, 43.02141319], [43.67002966, 43.0213922], [43.67005799, 43.02137454], [43.67009465, 43.02134255], [43.67006866, 43.02141743], [43.670048, 43.02144076], [43.66999767, 43.02144109], [43.66997234, 43.02143576], [43.66996601, 43.0214191], [43.66998598, 43.02128316], [43.669974, 43.02123752], [43.67006466, 43.02137285], [43.67006799, 43.02135952], [43.67008132, 43.02132452], [43.67005766, 43.02130286], [43.67004131, 43.02127257], [43.67000871, 43.02129787], [43.66997638, 43.02129088], [43.66992576, 43.02125625], [43.6699241, 43.02124626], [43.67009261, 43.02127629], [43.67003246, 43.02141918], [43.67003979, 43.02138285], [43.67035278, 43.02136119], [43.67013145, 43.02136119], [43.67012179, 43.02135486], [43.67003113, 43.02137919], [43.67003813, 43.02139753], [43.67000156, 43.02139819], [43.66991323, 43.02136286], [43.66991523, 43.02136486], [43.66989323, 43.02137452], [43.66999822, 43.02137785], [43.66998489, 43.02139418], [43.66995794, 43.02137921], [43.66998496, 43.02136421], [43.66999194, 43.0213835], [43.67003026, 43.02137217], [43.67004126, 43.02137683], [43.67004457, 43.02138656], [43.6700985, 43.02134992], [43.67004317, 43.02137625], [43.67003384, 43.02137026], [43.67001784, 43.02134626], [43.67001551, 43.0213326], [43.67003484, 43.02132061], [43.6700078, 43.02135417], [43.66994552, 43.0214568], [43.66994486, 43.02147246], [43.66889529, 43.02582811], [43.66888797, 43.02585277], [43.66888064, 43.0258631], [43.66886865, 43.02587109], [43.66882133, 43.02588341], [43.66720826, 43.02727697], [43.66264972, 43.02911194], [43.66264673, 43.02912527], [43.66042379, 43.02965548], [43.65644967, 43.03085998], [43.65643601, 43.03086664], [43.65642702, 43.03087664], [43.65645731, 43.0311382], [43.65412862, 43.03272551], [43.6541203, 43.0327505], [43.65416227, 43.03283513], [43.65416393, 43.03284646], [43.65415894, 43.03285746], [43.65391538, 43.0330517], [43.65371822, 43.03342957], [43.65270413, 43.0340626], [43.65261583, 43.03412457], [43.65079684, 43.03520187], [43.65026906, 43.03632827], [43.65012412, 43.03634725], [43.64999549, 43.03640421], [43.64994584, 43.03641786], [43.64835805, 43.03778316], [43.64834872, 43.03779416], [43.64831242, 43.03788179], [43.64731879, 43.03920094], [43.64729413, 43.0392156], [43.64704754, 43.03926052], [43.64572155, 43.03876225], [43.64463882, 43.03874057], [43.64317441, 43.03932595], [43.64308816, 43.03952453], [43.640052, 43.04020611], [43.63618751, 43.04156473], [43.63580695, 43.04165695], [43.63370602, 43.04215969], [43.63060414, 43.04285697], [43.6304705, 43.04292024], [43.63041086, 43.04296587], [43.62944485, 43.04316758], [43.6293049, 43.04316925], [43.62702614, 43.04382153], [43.62701214, 43.04382186], [43.61423951, 43.05501934], [43.61423252, 43.055028], [43.61421207, 43.0554634], [43.60936785, 43.06403332], [43.60901133, 43.06423586], [43.60907864, 43.06498174], [43.60816921, 43.06484747], [43.60789832, 43.06473791], [43.6076893, 43.06644102], [43.60878878, 43.06757408], [43.60893089, 43.06848732], [43.61326648, 43.07489879], [43.6134402, 43.07499239], [43.6134069, 43.07506302], [43.61341056, 43.07507468], [43.61614713, 43.07729862], [43.61793165, 43.08010761], [43.61793731, 43.0801206], [43.61850623, 43.08262541], [43.61851123, 43.08263907], [43.61851256, 43.0826524], [43.6183739, 43.08400089], [43.61860986, 43.08548606], [43.62297728, 43.09195591], [43.62227134, 43.0937547], [43.62141319, 43.0938575], [43.60920348, 43.08605628], [43.60911333, 43.08612266], [43.60599862, 43.08702109], [43.60515578, 43.08885714], [43.60387017, 43.08878142], [43.59890419, 43.08545014], [43.59885923, 43.08539051], [43.59702424, 43.0874908], [43.57647544, 43.08251466], [43.57647907, 43.08250045], [43.57648436, 43.08249286], [43.57649892, 43.08250383], [43.57459349, 43.08325795], [43.57395589, 43.08271908], [43.57394523, 43.08271042], [43.57081032, 43.08497922], [43.5706874, 43.08512313], [43.56764364, 43.09196369], [43.56665302, 43.09250807], [43.56634689, 43.092118], [43.5663159, 43.09211101], [43.56630091, 43.09211167], [43.56534642, 43.09340791], [43.56524212, 43.09344288], [43.56527473, 43.09393035], [43.56526607, 43.09393901], [43.56525441, 43.09394567], [43.56516645, 43.09394501], [43.56442942, 43.09385476], [43.56483027, 43.09414792], [43.56505787, 43.09429317], [43.5643889, 43.09541049], [43.564128, 43.09546175], [43.56406935, 43.09544943], [43.56397202, 43.0950899], [43.56393403, 43.09479566], [43.56135288, 43.09456979], [43.55922168, 43.09573152], [43.56036795, 43.09658637], [43.56038594, 43.09661136], [43.5603976, 43.09663968], [43.56038528, 43.09672665], [43.56035097, 43.09676331], [43.56033631, 43.09677297], [43.55786308, 43.09598524], [43.55781076, 43.09597392], [43.5577921, 43.09597492], [43.55777377, 43.09597891], [43.55774011, 43.0959929], [43.55765352, 43.09616985], [43.55805577, 43.09740746], [43.55806741, 43.09748476], [43.55806408, 43.09749709], [43.55805675, 43.09750975], [43.55770921, 43.09771028], [43.55709307, 43.09730585], [43.55707974, 43.09730252], [43.55618769, 43.09698679], [43.55615703, 43.09700278], [43.55593327, 43.09754763], [43.55593893, 43.09768394], [43.55684472, 43.09854549], [43.55681506, 43.09855182], [43.55596703, 43.09887609], [43.55604833, 43.09893439], [43.55552972, 43.10319548], [43.55553438, 43.10320914], [43.55553537, 43.1032238], [43.55553204, 43.10323813], [43.55552471, 43.10325246], [43.55551405, 43.10326512], [43.55550039, 43.10327612], [43.55548506, 43.10328478], [43.5554684, 43.10329111], [43.55545107, 43.1032951], [43.55537409, 43.10329011], [43.55381986, 43.10297774], [43.5538022, 43.10298307], [43.55378621, 43.10299107], [43.55372757, 43.10305071], [43.55371658, 43.10310902], [43.55371924, 43.10312368], [43.55376921, 43.10319499], [43.55385601, 43.10325328], [43.55402224, 43.10340027], [43.55415221, 43.10347358], [43.55431946, 43.10377378], [43.55430813, 43.10378577], [43.5542035, 43.10384906], [43.55405153, 43.10388568], [43.55445693, 43.10498125], [43.55571841, 43.10603543], [43.55597768, 43.10613001], [43.55644754, 43.10642853], [43.55651518, 43.10650551], [43.55674278, 43.10668341], [43.55717522, 43.10739049], [43.55724986, 43.10745713], [43.55777705, 43.10769767], [43.55926111, 43.10891256], [43.5504509, 43.10497976], [43.54444624, 43.10185149], [43.54241226, 43.1005292], [43.54079446, 43.09977844], [43.53839658, 43.09909088], [43.53832793, 43.09912485], [43.53831361, 43.09914717], [43.53836993, 43.09922547], [43.53838659, 43.09922847], [43.5336811, 43.10040322], [43.52816639, 43.09992938], [43.52759523, 43.10004386], [43.52569216, 43.10047334], [43.52337338, 43.10138072], [43.52335605, 43.10137739], [43.51624694, 43.10009712], [43.51375688, 43.09897185], [43.51296651, 43.09855088], [43.51294852, 43.09854922], [43.51290287, 43.09855287], [43.51271128, 43.09847559], [43.51269062, 43.09847393], [43.51297096, 43.09854718], [43.51375803, 43.09895596], [43.51520456, 43.09955415], [43.51639622, 43.10012021], [43.51672212, 43.10008265], [43.51673478, 43.10008564], [43.51713198, 43.10008409], [43.51668064, 43.10087542], [43.51667765, 43.10088775], [43.51932715, 43.10383409], [43.5204737, 43.1053971], [43.52047304, 43.10540943], [43.52044743, 43.1056417], [43.52044477, 43.10565469], [43.52043744, 43.10566735], [43.52042678, 43.10567968], [43.52036581, 43.105716], [43.51931013, 43.10590485], [43.5193038, 43.10591418], [43.52100777, 43.1071254], [43.52118138, 43.10723934], [43.52129334, 43.10729697], [43.52134597, 43.10793008], [43.51956722, 43.10778434], [43.51842122, 43.10789351], [43.51827259, 43.10786688], [43.51645116, 43.10836531], [43.51562548, 43.11035054], [43.51584899, 43.11077039], [43.51663804, 43.1115184], [43.51662274, 43.11162236], [43.51648414, 43.11172331], [43.51646514, 43.11172897], [43.51426109, 43.11170994], [43.51424009, 43.1117126], [43.51418378, 43.11172659], [43.51296309, 43.1116565], [43.5129461, 43.11165351], [43.51285879, 43.11162554], [43.51252456, 43.11153866], [43.51206707, 43.1113768], [43.51165921, 43.11119424], [43.51161605, 43.11059201], [43.51182095, 43.11038743], [43.51181563, 43.1103611], [43.51179797, 43.11033777], [43.51177032, 43.11031945], [43.51175332, 43.11031245], [43.51173466, 43.11030745], [43.51171533, 43.11030446], [43.51169567, 43.1103038], [43.51167601, 43.11030679], [43.51163935, 43.11032011], [43.51161003, 43.1103411], [43.51145906, 43.11260763], [43.51144606, 43.11261629], [43.51143073, 43.11262262], [43.51141374, 43.11262662], [43.51139608, 43.11262761], [43.51137842, 43.11262595], [43.51136176, 43.11262196], [43.51095423, 43.11239409], [43.50916845, 43.11145601], [43.50912579, 43.11145934], [43.50910513, 43.111465], [43.50908613, 43.11147266], [43.50906914, 43.11148332], [43.50905481, 43.11149598], [43.50904448, 43.11150864], [43.50903849, 43.11152297], [43.50903583, 43.11153697], [43.50906813, 43.11160394], [43.5093187, 43.11186682], [43.5092674, 43.11194312], [43.5090128, 43.1119674], [43.50892749, 43.11196806], [43.5085979, 43.11190046], [43.50854291, 43.11187981], [43.50752516, 43.11191845], [43.50635846, 43.11205559], [43.5063198, 43.11206958], [43.50406622, 43.11349309], [43.50143193, 43.11378319], [43.50141227, 43.11378319], [43.50057815, 43.11376131], [43.50055749, 43.11376331], [43.50047718, 43.11377895], [43.50024825, 43.11377996], [43.49852419, 43.11385015], [43.49744405, 43.11434271], [43.49660567, 43.11457386], [43.49651437, 43.11469149], [43.49649771, 43.11472014], [43.49642741, 43.11480478], [43.49641977, 43.11485743], [43.49638813, 43.11490975], [43.49630591, 43.11519267], [43.49620462, 43.11527597], [43.49061586, 43.11703857], [43.48936525, 43.11731215], [43.48721475, 43.11849696], [43.48625629, 43.1178627], [43.48655844, 43.1172532], [43.4865701, 43.1172422], [43.48658376, 43.11723354], [43.48692996, 43.11694201], [43.48693629, 43.11692801], [43.48693928, 43.11691468], [43.48693695, 43.11688669], [43.48693129, 43.11687303], [43.48630147, 43.11681832], [43.48229865, 43.11756554], [43.47769965, 43.11872199], [43.47259587, 43.11947222], [43.47095438, 43.12006077], [43.47088841, 43.1200631], [43.47036527, 43.12032659], [43.47014734, 43.12040187], [43.46928238, 43.12168543], [43.4739363, 43.12107226], [43.47427589, 43.12116317], [43.47429188, 43.12117117], [43.47430588, 43.1211815], [43.47433353, 43.12121982], [43.47433786, 43.12123415], [43.47433852, 43.12124815], [43.47433519, 43.12126181], [43.47416226, 43.12138176], [43.47414393, 43.12138309], [43.47372571, 43.12138475], [43.47280833, 43.12164451], [43.47135444, 43.1223014], [43.47079762, 43.12242327], [43.4705177, 43.12248752], [43.46961228, 43.12267628], [43.46900976, 43.12304014], [43.46856153, 43.12314703], [43.46831695, 43.12315132], [43.46747318, 43.12280557], [43.46684274, 43.12290313], [43.46648484, 43.12290545], [43.46315971, 43.12209932], [43.45989418, 43.1218812], [43.45709647, 43.1211499], [43.45690987, 43.12114923], [43.45404986, 43.12423425], [43.45403586, 43.12424225], [43.4540202, 43.12424824], [43.45400387, 43.1242519], [43.45242216, 43.12347216], [43.45093665, 43.1227307], [43.45074637, 43.12263146], [43.45043547, 43.12247724], [43.44806513, 43.12128108], [43.44793549, 43.12125612], [43.44791883, 43.12124979], [43.44727873, 43.1208107], [43.44617244, 43.12008215], [43.44513177, 43.11940325], [43.44509679, 43.11940491], [43.44311933, 43.11807018], [43.44268915, 43.11771037], [43.44267915, 43.11775638], [43.44270281, 43.1177258], [43.44271881, 43.1177508], [43.44267983, 43.11770816], [43.44146321, 43.11638649], [43.44135822, 43.11636116], [43.44029622, 43.11469507], [43.44028522, 43.11468574], [43.44015794, 43.11455848], [43.44014761, 43.11454782], [43.44013428, 43.11454016], [43.44175284, 43.11104143], [43.44162933, 43.11094399], [43.43849509, 43.11208832], [43.4384881, 43.11209832], [43.4384871, 43.11210998], [43.43936995, 43.11343044], [43.43962062, 43.11378052], [43.44024228, 43.11469477], [43.44113906, 43.11635284], [43.44116417, 43.11632611], [43.44117444, 43.11635355], [43.44115264, 43.11637502], [43.44115365, 43.11639865], [43.44116131, 43.11640598], [43.44117264, 43.11641164], [43.44136356, 43.11645092], [43.44325393, 43.11826476], [43.44635285, 43.12025856], [43.44857514, 43.12161278], [43.44940519, 43.12202884], [43.45519244, 43.12484381], [43.45532606, 43.1249251], [43.45679919, 43.12553855], [43.45680652, 43.12554621], [43.45683046, 43.12566149], [43.45861891, 43.12620154], [43.45861924, 43.12621187], [43.45861558, 43.1262222], [43.45859759, 43.12623986], [43.45858426, 43.12624752], [43.4585686, 43.12625218], [43.4576119, 43.12630917], [43.45739308, 43.12670332], [43.45816423, 43.12926993], [43.45583966, 43.13022304], [43.4525784, 43.13125632], [43.44323955, 43.13266572], [43.44316457, 43.13267801], [43.44145784, 43.13222729], [43.4404032, 43.13231951], [43.4401756, 43.13234944], [43.43753563, 43.13156109], [43.43747725, 43.13206255], [43.43691187, 43.13176148], [43.43689854, 43.13176115], [43.43687384, 43.13169484], [43.4271405, 43.13162264], [43.42697254, 43.13166758], [43.42695755, 43.13167391], [43.42694389, 43.13168191], [43.42593698, 43.13230551], [43.42429172, 43.13300488], [43.42495846, 43.13267409], [43.42496546, 43.13266376], [43.42496812, 43.13265276], [43.42496579, 43.13264276], [43.42495913, 43.1326351], [43.42494847, 43.13262944], [43.4244813, 43.13252552], [43.42424608, 43.1326091], [43.42424608, 43.1326191], [43.42424209, 43.13262876], [43.42353376, 43.13288522], [43.42416486, 43.13270005], [43.42418885, 43.13268106], [43.42438912, 43.13259879], [43.42450509, 43.13252951], [43.4246787, 43.13260644], [43.42477467, 43.13265406], [43.42493995, 43.13264143], [43.42496127, 43.13264742], [43.42176569, 43.13388863], [43.42157665, 43.13449433], [43.42699136, 43.1356458], [43.42512089, 43.13668742], [43.42481989, 43.13717778], [43.42479446, 43.13716459], [43.42094651, 43.14018017], [43.42091785, 43.14016518], [43.42090286, 43.14016018], [43.4193764, 43.14002614], [43.4175835, 43.14161406], [43.4159689, 43.14237287], [43.41455576, 43.14332937], [43.41164703, 43.14354258], [43.41128514, 43.14356151], [43.41044888, 43.14367982], [43.40957683, 43.1433861], [43.40943954, 43.14335714], [43.4091753, 43.14331124], [43.40819863, 43.1429822], [43.40742722, 43.14292628], [43.40719297, 43.14290068], [43.39611895, 43.14428471], [43.39416057, 43.1442298], [43.38565197, 43.14525388], [43.38563831, 43.14525588], [43.38552934, 43.14524358], [43.38485724, 43.14526446], [43.38156617, 43.14444168], [43.37884579, 43.14384281], [43.37270885, 43.14287095], [43.37053053, 43.14255886], [43.36574743, 43.1416241], [43.36551952, 43.14174337], [43.3656227, 43.14248069], [43.3632206, 43.14182994], [43.36331721, 43.14170601], [43.36329189, 43.14165437], [43.36328123, 43.14164704], [43.36194001, 43.14162431], [43.36194732, 43.14161146], [43.35815378, 43.14016685], [43.35597194, 43.13890709], [43.35350883, 43.1363516], [43.35183189, 43.13532146], [43.35225716, 43.13744644], [43.35224284, 43.13747677], [43.35382653, 43.14051498], [43.35380454, 43.14053164], [43.35377655, 43.14054229], [43.35259177, 43.13977548], [43.35257844, 43.13977215], [43.3525298, 43.13977681], [43.3487366, 43.13635088], [43.3469937, 43.13559001], [43.34697404, 43.13552607], [43.34697604, 43.13551374], [43.34697404, 43.13550308], [43.34612517, 43.13503926], [43.34613383, 43.13504059], [43.34494321, 43.13428446], [43.34495248, 43.13426566], [43.34379837, 43.13350975], [43.34355514, 43.13339222], [43.34274527, 43.13300283], [43.3424484, 43.13296653], [43.33906289, 43.13256436], [43.32298342, 43.13195563], [43.32112987, 43.1305928], [43.31956666, 43.12954897], [43.31806992, 43.12748423], [43.31737552, 43.12762663], [43.31608986, 43.12783992], [43.31584393, 43.12788517], [43.31505682, 43.12798861], [43.31470827, 43.1280199], [43.31285366, 43.12841736], [43.31047596, 43.12961985], [43.3104493, 43.12960753], [43.31040398, 43.12960022], [43.30949764, 43.13000651], [43.30947833, 43.13003983], [43.30940978, 43.13036501], [43.3093958, 43.13039833], [43.30939746, 43.13040899], [43.30945439, 43.13055326], [43.30957958, 43.13094307], [43.31048156, 43.13168075], [43.31070602, 43.13211856], [43.30344887, 43.13637497], [43.30457712, 43.13621667], [43.30469108, 43.1362037], [43.30762707, 43.13660629], [43.30760989, 43.13659936], [43.30905807, 43.13697856], [43.31031767, 43.13759448], [43.31085482, 43.13796928], [43.31245882, 43.14048633], [43.31256846, 43.14053762], [43.31291803, 43.14052365], [43.31298734, 43.140501], [43.3131163, 43.14049203], [43.31313396, 43.14049369], [43.31384306, 43.14085945], [43.31548717, 43.14191814], [43.31554815, 43.14195013], [43.31631654, 43.14262482], [43.3163292, 43.14263381], [43.31746106, 43.14357795], [43.31749468, 43.14368957], [43.31765121, 43.1439881], [43.31847496, 43.14531485], [43.3185326, 43.14552777], [43.31854326, 43.14555376], [43.31855992, 43.14557942], [43.31861222, 43.14563606], [43.31862055, 43.14564839], [43.31887466, 43.14620654], [43.31903325, 43.14640214], [43.31919451, 43.14652908], [43.31942502, 43.14688359], [43.31942568, 43.14689492], [43.31941403, 43.14692757], [43.31941536, 43.14693857], [43.31979952, 43.14735072], [43.32048849, 43.14823468], [43.32049849, 43.14824601], [43.32051048, 43.14825534], [43.32052514, 43.148263], [43.32104628, 43.14858912], [43.32131439, 43.14903426], [43.32131273, 43.14904492], [43.32094393, 43.1493384], [43.3190553, 43.15041202], [43.31866776, 43.15056759], [43.31805495, 43.15149502], [43.31822188, 43.1532318], [43.31812326, 43.15332644], [43.31759346, 43.15379319], [43.31755213, 43.15382217], [43.31754013, 43.15383383], [43.31611834, 43.15507195], [43.31620791, 43.15638273], [43.31621756, 43.15641172], [43.31653587, 43.15739973], [43.31719152, 43.15922709], [43.31699096, 43.15979292], [43.31694165, 43.15983557], [43.31693232, 43.15984823], [43.31646195, 43.16060195], [43.31645629, 43.16061528], [43.31645363, 43.16062928], [43.31646993, 43.16086052], [43.31648659, 43.16088218], [43.31668019, 43.16100145], [43.31687113, 43.16107475], [43.31690845, 43.16108207], [43.3178208, 43.16141172], [43.31782946, 43.16142272], [43.31783446, 43.16143538], [43.31783546, 43.16149136], [43.3173133, 43.16175252], [43.31729631, 43.16176085], [43.317226, 43.16181348], [43.31718201, 43.16184313], [43.31695516, 43.16220297], [43.31579656, 43.16277545], [43.31566459, 43.16275682], [43.31546732, 43.16267589], [43.31536768, 43.1626096], [43.31526273, 43.16247931], [43.31496755, 43.16234436], [43.31459565, 43.16238927], [43.31345195, 43.16262335], [43.31302539, 43.16279818], [43.31112244, 43.16420208], [43.31043258, 43.16524131], [43.30938664, 43.16583624], [43.30937531, 43.16584457], [43.3093143, 43.16584969], [43.3093023, 43.16585669], [43.30764693, 43.16690138], [43.30693787, 43.16713884], [43.30647341, 43.16741068], [43.30382697, 43.16841984], [43.30278943, 43.16949167], [43.30280043, 43.169499], [43.30487814, 43.17021871], [43.30490446, 43.17025003], [43.30490745, 43.17026169], [43.30489214, 43.17032132], [43.30487148, 43.17034198], [43.30481384, 43.17036863], [43.3038078, 43.17059219], [43.30372619, 43.17074179], [43.30345464, 43.17097267], [43.30339232, 43.17098365], [43.30322139, 43.1710536], [43.30320806, 43.17106026], [43.30258195, 43.17120868], [43.30256663, 43.17123], [43.3025633, 43.17124266], [43.30256363, 43.17127131], [43.30342151, 43.17298199], [43.30341518, 43.17299432], [43.30270276, 43.17339541], [43.30069912, 43.17414198], [43.3005845, 43.1742446], [43.30046023, 43.17438987], [43.29821664, 43.17533945], [43.29785456, 43.1759822], [43.29503123, 43.17729428], [43.2945752, 43.1780253], [43.29400507, 43.17850906], [43.29397008, 43.17851072], [43.29395275, 43.17850839], [43.29388677, 43.17847642], [43.29373663, 43.17738076], [43.29373064, 43.17736643], [43.29372198, 43.1773531], [43.29370965, 43.17734177], [43.29369465, 43.17733278], [43.29367666, 43.17732745], [43.293658, 43.17732712], [43.29364034, 43.17733145], [43.29362468, 43.17734011], [43.29361169, 43.17735077], [43.29360103, 43.1773631], [43.29358637, 43.17738976], [43.29358271, 43.17740442], [43.29358171, 43.17742008], [43.29359302, 43.1774784], [43.29338148, 43.17784926], [43.29309363, 43.17826413], [43.29278273, 43.17854371], [43.29140882, 43.17972992], [43.29125423, 43.17988818], [43.29065672, 43.18013434], [43.29041612, 43.18014695], [43.29036481, 43.18016427], [43.29034981, 43.1801726], [43.29025119, 43.18027355], [43.2900216, 43.18036679], [43.29010133, 43.180339], [43.29099264, 43.18048815], [43.29108795, 43.18046484], [43.29112661, 43.18046783], [43.29116327, 43.18047982], [43.28949663, 43.18140218], [43.28845969, 43.18163573], [43.28829181, 43.18138214], [43.28827581, 43.18137415], [43.28825915, 43.18136882], [43.28824182, 43.18136682], [43.28822449, 43.18136848], [43.2882095, 43.18137447], [43.28819684, 43.18138446], [43.28818685, 43.18139612], [43.28817552, 43.18142311], [43.28817486, 43.18143744], [43.28817752, 43.1814511], [43.28807365, 43.18193351], [43.28853619, 43.18197643], [43.28855252, 43.18198109], [43.28862883, 43.18204107], [43.28863616, 43.18205406], [43.28864049, 43.18206772], [43.28864149, 43.18212737], [43.28543859, 43.18509921], [43.28560654, 43.18518981], [43.28592444, 43.18516521], [43.28594143, 43.18516721], [43.28599541, 43.18520085], [43.28499053, 43.18607771], [43.2849772, 43.18608737], [43.28496721, 43.1860987], [43.28495988, 43.1861117], [43.28495623, 43.18613836], [43.28497355, 43.18617634], [43.28498455, 43.18618833], [43.28512218, 43.18624894], [43.28517583, 43.18624629], [43.28685103, 43.1861421], [43.28686336, 43.18615109], [43.28687269, 43.18616175], [43.28656524, 43.18661267], [43.28248013, 43.18880844], [43.28208061, 43.18846693], [43.28197431, 43.18844231], [43.28195665, 43.18844464], [43.28192432, 43.1884563], [43.28191066, 43.18846496], [43.28189933, 43.18847562], [43.28189034, 43.18848795], [43.28188501, 43.18850228], [43.28189033, 43.18855993], [43.28191129, 43.18864558], [43.28167081, 43.18930505], [43.28200634, 43.18952825], [43.28205499, 43.18954323], [43.2820963, 43.18959321], [43.28210063, 43.18960587], [43.28210129, 43.18961953], [43.2820973, 43.18963219], [43.2820893, 43.18964319], [43.28197068, 43.18974448], [43.28148869, 43.19045083], [43.28147471, 43.19049015], [43.28134175, 43.19062175], [43.28125245, 43.19064406], [43.28117514, 43.19064175], [43.28115881, 43.19063876], [43.28061031, 43.19034127], [43.28014358, 43.19112519], [43.28001571, 43.1914374], [43.27984079, 43.19157466], [43.27953059, 43.19187019], [43.27951626, 43.19187952], [43.27950026, 43.19188652], [43.27948293, 43.19188985], [43.27946393, 43.19189084], [43.27942628, 43.19188619], [43.27940695, 43.19188053], [43.27939229, 43.1918722], [43.27938129, 43.19186087], [43.27877254, 43.19110785], [43.27875488, 43.19110619], [43.27873855, 43.19110785], [43.27870589, 43.19111884], [43.2779279, 43.19250948], [43.27727949, 43.19289888], [43.27726216, 43.19289722], [43.2772315, 43.19288623], [43.27722084, 43.1928769], [43.27721418, 43.19286657], [43.27707073, 43.19191103], [43.27686453, 43.19024332], [43.27685854, 43.19023099], [43.27682623, 43.19020167], [43.27676126, 43.19019068], [43.2767436, 43.19019401], [43.27672761, 43.1902], [43.27669995, 43.19021799], [43.27554389, 43.19137111], [43.27543067, 43.19113554], [43.27569587, 43.19075537], [43.27567755, 43.19071506], [43.2756229, 43.19069408], [43.27537133, 43.19079696], [43.27358107, 43.19417329], [43.27358173, 43.19420128], [43.27334336, 43.19450521], [43.27331531, 43.19449069], [43.27225618, 43.19475228], [43.27225851, 43.19473628], [43.27225785, 43.19472062], [43.27225186, 43.19470662], [43.2722432, 43.19469396], [43.27223121, 43.1946833], [43.27221621, 43.1946753], [43.27219755, 43.19467131], [43.27217855, 43.19467164], [43.27216122, 43.19467597], [43.27214522, 43.19468363], [43.27212257, 43.19470562], [43.27193201, 43.19500185], [43.27140212, 43.19605043], [43.27129714, 43.19612607], [43.27114852, 43.19619901], [43.27113019, 43.19619802], [43.27100357, 43.19615472], [43.27097724, 43.19613073], [43.26963725, 43.19427879], [43.26962259, 43.19428879], [43.26914004, 43.19435636], [43.26880282, 43.19444026], [43.26832461, 43.1945028], [43.267007, 43.19496678], [43.26643281, 43.19521791], [43.26409455, 43.19491806], [43.26353235, 43.19485618], [43.26320477, 43.19471627], [43.26242332, 43.19441148], [43.26219105, 43.19439451], [43.26217239, 43.19438818], [43.25807071, 43.19559871], [43.25809137, 43.19564769], [43.26834262, 43.20059697], [43.26835495, 43.20060497], [43.26850554, 43.20078223], [43.27022369, 43.2017073], [43.27036997, 43.20177358], [43.2712933, 43.20244924], [43.27135062, 43.20247787], [43.27135528, 43.20248687], [43.27135195, 43.20252352], [43.27491029, 43.2066613], [43.27489763, 43.20667363], [43.27488297, 43.20668429], [43.27486664, 43.20669262], [43.27483032, 43.20670361], [43.2746827, 43.2066743], [43.27466471, 43.20666731], [43.27450708, 43.20665168], [43.27448642, 43.20665467], [43.27446776, 43.20665933], [43.2749954, 43.20830671], [43.27504168, 43.208457], [43.28012191, 43.21089884], [43.2801339, 43.21089785], [43.28014689, 43.21090118], [43.28015955, 43.21090784], [43.28016921, 43.2109165], [43.28020184, 43.21104444], [43.28315221, 43.21340847], [43.28474204, 43.21360899], [43.2847767, 43.21361297], [43.28658433, 43.21439767], [43.29013344, 43.2169619], [43.29000592, 43.21706484], [43.29003025, 43.21700985], [43.29001209, 43.2170376], [43.28483272, 43.21360049], [43.28474641, 43.21360215], [43.28472242, 43.21361547], [43.28471676, 43.21362446], [43.28471676, 43.21363412], [43.28472176, 43.21364311], [43.28539576, 43.21789915], [43.28412305, 43.22015723], [43.28365958, 43.22140827], [43.28377015, 43.22184107], [43.28377072, 43.22281551], [43.27697423, 43.22631913], [43.25219402, 43.24349536], [43.24610868, 43.24582145], [43.24512467, 43.2467543], [43.24513599, 43.2467763], [43.23755962, 43.25249904], [43.23564744, 43.25210573], [43.23395487, 43.25319238], [43.23358502, 43.25344957], [43.2335417, 43.25350221], [43.23330173, 43.25349453], [43.23321881, 43.25320666], [43.23296659, 43.25292883], [43.23199166, 43.25363906], [43.23161245, 43.25376661], [43.23046756, 43.25445181], [43.22961482, 43.25471557], [43.22959916, 43.25471091], [43.2295855, 43.25470392], [43.22957417, 43.25469459], [43.22956684, 43.25468426], [43.22962481, 43.2540409], [43.22956551, 43.25397693], [43.22914099, 43.25402247], [43.22908934, 43.25405046], [43.22401972, 43.25493251], [43.22375705, 43.25495579], [43.22374406, 43.25494779], [43.22373473, 43.25493846], [43.22389888, 43.25451764], [43.22259069, 43.25484399], [43.22225317, 43.25515718], [43.22173569, 43.25540768], [43.22172504, 43.25545932], [43.22044672, 43.25665803], [43.21825957, 43.25631814], [43.21837812, 43.25658705], [43.21838478, 43.25659838], [43.21863066, 43.25684425], [43.218344, 43.25714613], [43.21831101, 43.25714148], [43.21829368, 43.25714247], [43.21352591, 43.25602066], [43.2134376, 43.25601102], [43.21342127, 43.25601335], [43.21340628, 43.25601801], [43.21339429, 43.25602534], [43.21377979, 43.25717857], [43.2137738, 43.25720756], [43.21362518, 43.25731418], [43.21358952, 43.25731252], [43.21355653, 43.25730387], [43.20875688, 43.25751105], [43.20843266, 43.25775126], [43.20726769, 43.25824458], [43.20569942, 43.25957299], [43.20433485, 43.25971683], [43.20257973, 43.25986482], [43.2016273, 43.25972199], [43.20082889, 43.25984489], [43.1960224, 43.26029434], [43.19593376, 43.26032631], [43.19583945, 43.26032996], [43.1902058, 43.25862082], [43.19011816, 43.25858851], [43.18910247, 43.25832614], [43.18816784, 43.25908679], [43.18787015, 43.2614196], [43.18613973, 43.26267365], [43.18611209, 43.26263135], [43.18557026, 43.262315], [43.18558745, 43.26230345], [43.18556071, 43.26229196], [43.18022756, 43.26820198], [43.18024832, 43.26903453], [43.18021009, 43.26962629], [43.18057562, 43.26998649], [43.18059792, 43.27004714], [43.18059892, 43.27008146], [43.18059559, 43.27009812], [43.18036106, 43.27049763], [43.18033607, 43.27052195], [43.18030475, 43.27054061], [43.17993719, 43.2706465], [43.18046894, 43.27528191], [43.18083386, 43.27633585], [43.18082492, 43.2770433], [43.18087948, 43.27744519], [43.18078197, 43.27821632], [43.18057883, 43.27882081], [43.18058449, 43.27883314], [43.18110807, 43.27913228], [43.18173386, 43.27908198], [43.18174386, 43.27908797], [43.18174985, 43.27909696], [43.18174819, 43.27911762], [43.18173053, 43.27913794], [43.18167088, 43.27918657], [43.18162795, 43.27942313], [43.18164028, 43.27942713], [43.18183688, 43.27935818], [43.18203183, 43.28043451], [43.18237791, 43.28095191], [43.18239156, 43.28100756], [43.1823879, 43.28102156], [43.18231693, 43.28108787], [43.1815354, 43.28196804], [43.18153973, 43.2819777], [43.1815394, 43.28198803], [43.18153474, 43.28199903], [43.17999383, 43.28286097], [43.17573566, 43.28753395], [43.17562136, 43.28759391], [43.17513856, 43.28870733], [43.17471031, 43.28969333], [43.1743431, 43.28988153], [43.17182464, 43.2909614], [43.17094762, 43.29126214], [43.16958015, 43.29229995], [43.16956549, 43.29230695], [43.16710568, 43.29432103], [43.16669482, 43.29455755], [43.16528131, 43.29528508], [43.16512609, 43.29520058], [43.16470193, 43.29513168], [43.163984341692185, 43.295783286888025], [43.16202253558694, 43.29687714119956], [43.16153208406063, 43.297150604777435], [43.15711802032383, 43.29961177697839], [43.15662756879752, 43.299885240556264], [43.15548696126464, 43.30052121495979], [43.15615457056291, 43.30363111431627], [43.1562499433198, 43.30407538565291], [43.1562947362661, 43.30555103200861], [43.15611511027863, 43.30598127606166], [43.15593548429116, 43.306411520114715], [43.15575585830369, 43.306841764167764], [43.15557623231623, 43.307272008220814], [43.15539660632876, 43.30770225227386], [43.155216980341294, 43.30813249632692], [43.15503735435382, 43.30856274037997], [43.15485772836636, 43.30899298443302], [43.15467810237889, 43.30942322848607], [43.154498476391424, 43.309853472539125], [43.15431885040395, 43.310283716592174], [43.15413922441649, 43.310713960645224], [43.15395959842902, 43.31114420469827], [43.15360034645409, 43.31200469280438], [43.15342072046662, 43.31243493685743], [43.15304363789548, 43.3133381331935], [43.15132827571705, 43.315002270360054], [43.15114492067619, 43.31589164096062], [43.15105324315575, 43.3163363262609], [43.15089943517245, 43.317082377734806], [43.1516530846087, 43.31779520062897], [43.152328903654876, 43.318434409344945], [43.15236138792643, 43.31888344801969], [43.15239387219798, 43.319332486694435], [43.152471850503474, 43.32041040142914], [43.15275774419948, 43.32249032367142], [43.153134124434125, 43.322847001593175], [43.153718247635254, 43.32340054779527], [43.153553469332486, 43.3238339352789], [43.153000801733214, 43.32528751998089], [43.152803834222105, 43.32571374032994], [43.15260686671099, 43.32613996067899], [43.152015964177664, 43.32741862172614], [43.15181899666655, 43.32784484207519], [43.15170877690801, 43.32808334792671], [43.15093614285962, 43.32871229668089], [43.1503722221385, 43.32889647317606], [43.15003473647033, 43.329006695987886], [43.149630023396526, 43.3296088719444], [43.15034371268274, 43.33086833806988], [43.150270128486795, 43.33165783224021], [43.15048985977535, 43.332078128322884], [43.15091233553218, 43.33288622855653], [43.151631909825795, 43.333617550875736], [43.15199169697261, 43.333983212035335], [43.15225524709325, 43.334251064968896], [43.154756556020175, 43.33682894992114], [43.15643059645785, 43.337698645692285], [43.15913481562839, 43.34020062406037], [43.16022018250624, 43.34081606818006], [43.16051902346851, 43.34202432296121], [43.16149401405377, 43.34272002104319], [43.16250337273669, 43.34436205535676], [43.16309981092775, 43.345332346683534], [43.16302311726742, 43.345778534534034], [43.162934246488845, 43.346295566339535], [43.16318097743481, 43.346707878204086], [43.16342770838077, 43.347120190068644], [43.163997299705926, 43.348072033625954], [43.16428392547098, 43.34985855716102], [43.164355581912254, 43.350305188044786], [43.16452772511036, 43.35137814767478], [43.16436060160106, 43.351811075277226], [43.164193478091754, 43.35224400287967], [43.163921524647236, 43.35294848876083], [43.16406516473847, 43.35338585084064], [43.164208804829705, 43.35382321292044], [43.16435244492094, 43.35426057500025], [43.16452772511036, 43.35479427633345], [43.162841449612586, 43.3562606190294], [43.162197361621395, 43.357417623310226], [43.16193995099344, 43.358297253890015], [43.16143961104214, 43.36000702914268], [43.16155327362884, 43.360916049663956], [43.162004, 43.36167366], [43.16262467, 43.36206512], [43.16263966, 43.36209044], [43.16261373, 43.3625263], [43.16261873, 43.3625403], [43.16264405, 43.36258029], [43.16425594, 43.36501796], [43.16842633, 43.36923324], [43.16843033, 43.36924124], [43.16839643, 43.36950583], [43.16837945, 43.36954415], [43.16836779, 43.36955514], [43.16835379, 43.36956314], [43.16830048, 43.3695748], [43.16828215, 43.3695748], [43.16791965, 43.36947626], [43.16823323, 43.36957083], [43.16833021, 43.36956751], [43.1683472, 43.36956185], [43.1683612, 43.36955385], [43.16837253, 43.36954285], [43.16837919, 43.36953119], [43.16841873, 43.36925994], [43.1684154, 43.36924728], [43.16840774, 43.36923829], [43.16841683, 43.36923632], [43.16843082, 43.36925298], [43.16836992, 43.36953254], [43.15958259, 43.37173656], [43.15506309, 43.37432889], [43.15487724, 43.37476308], [43.15493452, 43.37502035], [43.15492919, 43.37503168], [43.15492019, 43.37504367], [43.15490853, 43.37505467], [43.15489453, 43.375064], [43.15487787, 43.37507066], [43.15481956, 43.37508431], [43.15480023, 43.37508697], [43.15478057, 43.3750873], [43.14971388, 43.37457971], [43.14888716, 43.37435289], [43.14768716, 43.3742279], [43.14728634, 43.37388943], [43.14588274, 43.37384615], [43.14582842, 43.3738588], [43.14581076, 43.37385946], [43.14579377, 43.3738558], [43.14568548, 43.3737985], [43.14488747, 43.37342907], [43.14483315, 43.37344338], [43.14481649, 43.37345138], [43.1446732, 43.37359798], [43.14464587, 43.37361664], [43.14459989, 43.37363729], [43.14456524, 43.37364495], [43.14448826, 43.37364362], [43.14389711, 43.37351803], [43.14361086, 43.37364194], [43.14354589, 43.37371423], [43.14311884, 43.37434468], [43.14293856, 43.37439698], [43.14291957, 43.37439698], [43.14290191, 43.37439432], [43.14288558, 43.37438799], [43.14284692, 43.37435634], [43.14283626, 43.37434168], [43.1428286, 43.37432702], [43.14234291, 43.37355764], [43.14225894, 43.373525], [43.14151282, 43.37378345], [43.14120092, 43.37386468], [43.14114127, 43.37389399], [43.14112394, 43.37389765], [43.14110561, 43.37389864], [43.14108795, 43.37389731], [43.14107129, 43.37389165], [43.14104096, 43.37387433], [43.14074907, 43.37360078], [43.13986734, 43.3736553], [43.13982668, 43.37364899], [43.13885395, 43.37370054], [43.13874131, 43.37366458], [43.13836475, 43.37364329], [43.13800816, 43.37368454], [43.13741934, 43.37383237], [43.13740301, 43.37383138], [43.13680588, 43.37369489], [43.13654067, 43.37355457], [43.13657724, 43.37360219], [43.13213484, 43.37261724], [43.13200822, 43.37262189], [43.12979467, 43.37325217], [43.12644441, 43.37278226], [43.12315597, 43.37346417], [43.12317579, 43.37345888], [43.12345215, 43.3735334], [43.12278661, 43.37371011], [43.11933494, 43.37324671], [43.11920898, 43.37325137], [43.11910701, 43.37322374], [43.11909468, 43.37321574], [43.11902871, 43.37312211], [43.11894541, 43.37305081], [43.10437895, 43.36489901], [43.10430697, 43.36483004], [43.10165497, 43.36469463], [43.10171728, 43.3647276], [43.10203585, 43.36488685], [43.09906729, 43.36677756], [43.08984951, 43.36953512], [43.08230169, 43.37287974], [43.08206603, 43.37303134], [43.0820657, 43.37374412], [43.08051319, 43.37422561], [43.07989072, 43.37433107], [43.07952519, 43.37463954], [43.07958417, 43.37466385], [43.07963514, 43.37472981], [43.07963747, 43.37475847], [43.07953589, 43.3749594], [43.07948458, 43.37499671], [43.07931031, 43.37503065], [43.07772785, 43.37562686], [43.07644629, 43.37606589], [43.07640231, 43.3761062], [43.07554958, 43.37603593], [43.07553659, 43.3760276], [43.07552693, 43.37601794], [43.07556679, 43.3754842], [43.0755578, 43.37547554], [43.07551914, 43.37545289], [43.07551114, 43.37544289], [43.07550614, 43.37543056], [43.07550414, 43.37540524], [43.07550747, 43.37539191], [43.07574603, 43.37517031], [43.07614289, 43.37489248], [43.07615854, 43.37486816], [43.07614754, 43.37475752], [43.07610323, 43.37471821], [43.07543644, 43.37468582], [43.07328559, 43.37610142], [43.0732506, 43.3760921], [43.07304166, 43.37610976], [43.072964, 43.37614907], [43.07306952, 43.37700401], [43.07317009, 43.37716027], [43.07316509, 43.37719558], [43.07315843, 43.37720558], [43.07306413, 43.37723887], [43.07209123, 43.37688543], [43.0716437, 43.37703761], [43.0716277, 43.37703794], [43.07027249, 43.37682241], [43.0702298, 43.37645961], [43.07022481, 43.37643396], [43.07021781, 43.37642263], [43.06926787, 43.37637664], [43.06907258, 43.37647091], [43.06840679, 43.37674165], [43.06839446, 43.37673566], [43.06784827, 43.37621554], [43.06762035, 43.37636013], [43.06608066, 43.37845525], [43.06635879, 43.37904531], [43.06647109, 43.37909295], [43.06150653, 43.38016742], [43.06148954, 43.38017242], [43.06147454, 43.38018042], [43.06146155, 43.38019041], [43.06145122, 43.38020174], [43.06143291, 43.38025205], [43.06143457, 43.38026471], [43.06165499, 43.38110631], [43.06167363, 43.38114629], [43.06234942, 43.38165103], [43.06310807, 43.38223301], [43.06559869, 43.38434795], [43.06561401, 43.38438461], [43.06561533, 43.38442327], [43.06556567, 43.38537034], [43.06478176, 43.38791853], [43.06476876, 43.38792586], [43.06474277, 43.38793385], [43.06334698, 43.39000229], [43.06265628, 43.39063698], [43.06224605, 43.39057676], [43.06223372, 43.39057243], [43.06217075, 43.39054146], [43.06215509, 43.39054179], [43.06011005, 43.39101521], [43.05986014, 43.39108915], [43.05910702, 43.39134761], [43.05904771, 43.39137692], [43.05812934, 43.39154335], [43.05714558, 43.39171408], [43.05450039, 43.3918768], [43.05125674, 43.39292973], [43.04694295, 43.39572448], [43.04689263, 43.39574713], [43.04512336, 43.39694773], [43.04239674, 43.3992994], [43.04216085, 43.39956399], [43.04147393, 43.40140597], [43.04120741, 43.40178879], [43.04120075, 43.40180078], [43.04031027, 43.40415165], [43.04030094, 43.40416431], [43.03989547, 43.40454313], [43.03979324, 43.40477006], [43.03985007, 43.40644953], [43.03987102, 43.40659616], [43.04018201, 43.40780871], [43.04019025, 43.40778197], [43.04017801, 43.40778065], [43.0401945, 43.40776811], [43.04052766, 43.4087888], [43.04053265, 43.40887379], [43.04061723, 43.40980244], [43.03944682, 43.4153274], [43.03889709, 43.41696522], [43.03890674, 43.41700621], [43.03769267, 43.41989017], [43.03765309, 43.4201211], [43.03671688, 43.42126597], [43.03654059, 43.42137092], [43.03634372, 43.42410952], [43.03613881, 43.42430678], [43.03548896, 43.42547706], [43.03548363, 43.42549072], [43.03429603, 43.43078691], [43.03426112, 43.43113478], [43.03523444, 43.43492349], [43.03553625, 43.43541233], [43.0352202, 43.43733167], [43.03576703, 43.43953192], [43.03576037, 43.43954492], [43.03066859, 43.44744094], [43.02888587, 43.45150227], [43.02838957, 43.45246993], [43.02591006, 43.45610394], [43.02589473, 43.45610827], [43.02511334, 43.45663207], [43.02507433, 43.456673], [43.02514896, 43.45669396], [43.02612131, 43.45728774], [43.02568504, 43.4584087], [43.02562007, 43.45842201], [43.02598383, 43.45952027], [43.01917252, 43.4595393], [43.01915719, 43.45954396], [43.01910721, 43.45954961], [43.01509923, 43.45731407], [43.01510522, 43.45730741], [43.01511455, 43.45730241], [43.01512721, 43.45729942], [43.01537214, 43.4572801], [43.01537747, 43.45727244], [43.01537946, 43.45726378], [43.01511269, 43.45705061], [43.01537024, 43.45724309], [43.01537024, 43.45725842], [43.01439837, 43.45710063], [43.01386889, 43.45727776], [43.00914501, 43.45726728], [43.01027493, 43.46027599], [42.99358711, 43.46129262], [42.99324361, 43.4622556], [42.99322828, 43.46225427], [42.99321262, 43.46225593], [42.99319996, 43.46226159], [42.99268534, 43.46277279], [42.99257824, 43.46303104], [42.99256637, 43.46303106], [42.99253136, 43.46305297], [42.99225544, 43.46296174], [42.99228971, 43.46294543], [42.99227238, 43.46294743], [42.99225672, 43.46295176], [42.99213189, 43.46297003], [42.99213557, 43.46296475], [42.99215199, 43.46298606], [42.99216782, 43.4629778], [42.99280244, 43.46224844], [42.99280244, 43.46224111], [42.99277679, 43.46222812], [42.99414187, 43.45977138], [42.99435708, 43.45959885], [42.99486984, 43.45900045], [42.99490116, 43.45895912], [42.99492613, 43.45885715], [42.9947627, 43.4583097], [42.99476237, 43.45829637], [42.99488487, 43.45732844], [42.99477525, 43.45727883], [42.9934256, 43.45813653], [42.99341361, 43.45813886], [42.99340128, 43.45813786], [42.99338828, 43.45813387], [42.99337662, 43.45812754], [42.99336562, 43.45811821], [42.99354876, 43.4568498], [42.99353343, 43.45684781], [42.9927817, 43.45729848], [42.99276637, 43.45729715], [42.99273804, 43.45728816], [42.99272638, 43.45728083], [42.99266593, 43.45649492], [42.99256629, 43.45646528], [42.9925493, 43.45645795], [42.99253431, 43.45644896], [42.99252232, 43.4564383], [42.99241209, 43.4560904], [42.99241742, 43.45607574], [42.99242608, 43.45606241], [42.99243708, 43.45604975], [42.99252337, 43.45596945], [42.99106031, 43.45267216], [42.99101399, 43.45266451], [42.99096667, 43.45266983], [42.99095267, 43.45267516], [42.99094101, 43.45268316], [42.99093202, 43.45269349], [42.99092669, 43.45270482], [42.99092403, 43.45271681], [42.99092503, 43.45273014], [42.99104464, 43.45283807], [42.9911126, 43.45290037], [42.99109262, 43.45306762], [42.98981573, 43.45371579], [42.98976741, 43.45375344], [42.98849749, 43.45428663], [42.98706625, 43.45574308], [42.9871695, 43.45605731], [42.9870256, 43.45674996], [42.98701427, 43.45675696], [42.98636648, 43.45709371], [42.98404226, 43.45819031], [42.98368404, 43.45824221], [42.98367004, 43.4582482], [42.98358909, 43.45832917], [42.9835485, 43.45831555], [42.98354617, 43.45830522], [42.98354084, 43.45829589], [42.98353218, 43.45828889], [42.98352118, 43.4582839], [42.98091759, 43.45875256], [42.98072435, 43.45884249], [42.98071436, 43.45884882], [42.98065644, 43.45883526], [42.9806731, 43.45883859], [42.98069043, 43.45883793], [42.98070709, 43.45883494], [42.98072342, 43.45882928], [42.98089135, 43.45871534], [42.98090301, 43.45871068], [42.98091234, 43.45871101], [42.980918, 43.45871567], [42.980918, 43.45872166], [42.98072909, 43.45885223], [42.98071343, 43.45885157], [42.98049856, 43.45888729], [42.98047024, 43.45888895], [42.97579531, 43.45725606], [42.97573333, 43.45724442], [42.97572, 43.45723876], [42.97542349, 43.45701532], [42.97248727, 43.45578497], [42.97247428, 43.45578231], [42.97241198, 43.45580761], [42.97232633, 43.45579496], [42.97227201, 43.45577031], [42.97189547, 43.45586818], [42.97177218, 43.45593882], [42.9720071, 43.45559203], [42.97094801, 43.45498104], [42.94764133, 43.44662218], [42.94762667, 43.44662085], [42.94764567, 43.44658862], [42.94775431, 43.44655565], [42.9488877, 43.44612159], [42.94920629, 43.44600431], [42.95068332, 43.44534329], [42.95072129, 43.44529731], [42.95072595, 43.44528298], [42.95083051, 43.4449831], [42.95083251, 43.44497244], [42.95083051, 43.44496278], [42.95075323, 43.44478219], [42.9507469, 43.44477653], [42.9507359, 43.44477187], [42.95070457, 43.44476455], [42.95069057, 43.44475856], [42.95078861, 43.44461544], [42.95080442, 43.44462703], [42.94645577, 43.44675835], [42.94629882, 43.4467823], [42.94626983, 43.44679529], [42.94434947, 43.44739138], [42.94401925, 43.44745661], [42.94169335, 43.44810484], [42.94124047, 43.44808557], [42.94115084, 43.44806159], [42.94090491, 43.44804264], [42.94087359, 43.44802733], [42.93964333, 43.4479784], [42.93661129, 43.44783623], [42.93615735, 43.44776879], [42.9332122, 43.44643967], [42.93010454, 43.44487735], [42.9279723, 43.44417567], [42.92536988, 43.44295269], [42.92379835, 43.44263167], [42.92174358, 43.44216837], [42.92172494, 43.44214472], [42.92170646, 43.44213943], [42.92089771, 43.44222426], [42.92050917, 43.44230544], [42.9198644, 43.44224055], [42.9198484, 43.44223722], [42.91968679, 43.44223557], [42.91967013, 43.44223224], [42.91888272, 43.44211545], [42.9183179, 43.44185329], [42.90420318, 43.43487667], [42.90369409, 43.4342436], [42.90327757, 43.4340984], [42.89896811, 43.43334111], [42.89894846, 43.43330945], [42.89889614, 43.4332598], [42.89888314, 43.4332518], [42.89882349, 43.43323516], [42.89859662, 43.43316953], [42.89841634, 43.43308227], [42.89787726, 43.43291252], [42.89732817, 43.43257791], [42.89728019, 43.43257459], [42.89546405, 43.43229248], [42.89457826, 43.43218702], [42.89428965, 43.43214811], [42.89363821, 43.43199062], [42.89324001, 43.43194903], [42.89320602, 43.43194737], [42.89274882, 43.43185049], [42.89273116, 43.43184416], [42.89093107, 43.43083076], [42.89033591, 43.43069225], [42.88929992, 43.43048524], [42.88925193, 43.43047958], [42.88887903, 43.43025972], [42.88875908, 43.43016943], [42.88856247, 43.43006584], [42.88853681, 43.43005018], [42.88845485, 43.43003388], [42.8874189, 43.42964201], [42.88492751, 43.42933163], [42.88495283, 43.42932664], [42.88519025, 43.42911767], [42.88513969, 43.42909581], [42.88024507, 43.42683158], [42.88026205, 43.42680859], [42.8789961, 43.42639813], [42.87396871, 43.42533464], [42.87011571, 43.42568089], [42.86383098, 43.42397695], [42.863774, 43.42393], [42.86443789, 43.4244583], [42.86399674, 43.42489046], [42.86348024, 43.42546293], [42.86311273, 43.42586274], [42.86306675, 43.42587806], [42.86281953, 43.42604397], [42.86003924, 43.42659634], [42.85996472, 43.42656004], [42.85994706, 43.4265767], [42.8599334, 43.42658036], [42.85991641, 43.42658135], [42.85320662, 43.42509522], [42.85153613, 43.42476844], [42.85089933, 43.42452033], [42.85074404, 43.4244807], [42.85019088, 43.4242752], [42.84082319, 43.41990516], [42.84085303, 43.41985153], [42.8366305, 43.41760752], [42.83637395, 43.41733596], [42.83546965, 43.4163097], [42.83430034, 43.41649648], [42.83415907, 43.41661343], [42.83414607, 43.41661942], [42.83382916, 43.41663206], [42.83295404, 43.41649728], [42.8306944, 43.41613757], [42.83044323, 43.41618448], [42.82921707, 43.41735528], [42.8290056, 43.41788547], [42.82899727, 43.41789813], [42.82899227, 43.41791146], [42.82899128, 43.41792546], [42.82901024, 43.4180211], [42.82902523, 43.4180621], [42.82861607, 43.42065281], [42.82843995, 43.42120959], [42.82744935, 43.42192684], [42.82702779, 43.4219082], [42.82699747, 43.42189488], [42.82644096, 43.42179604], [42.8243855, 43.42122922], [42.82436584, 43.42122856], [42.82431085, 43.42123588], [42.82429386, 43.42124121], [42.82427787, 43.42124854], [42.82423355, 43.42129218], [42.82422922, 43.42130584], [42.82423022, 43.4213335], [42.82424054, 43.42136049], [42.82439814, 43.42148775], [42.82480999, 43.42164529], [42.82486829, 43.42172959], [42.82487428, 43.42174125], [42.82487627, 43.42175358], [42.82486795, 43.42177857], [42.82485896, 43.4217909], [42.82483363, 43.42181089], [42.82476599, 43.42183587], [42.82469135, 43.42183721], [42.82452206, 43.42183721], [42.82450573, 43.42183188], [42.82445774, 43.42180989], [42.82276015, 43.42148639], [42.82269517, 43.42151303], [42.82268117, 43.42152303], [42.82264085, 43.42157567], [42.82263219, 43.42160532], [42.82269882, 43.4217306], [42.82271248, 43.42173793], [42.82275881, 43.42175625], [42.82280313, 43.42179757], [42.82281578, 43.42184855], [42.82281279, 43.42186155], [42.82278814, 43.42189553], [42.82276348, 43.42190885], [42.82274615, 43.42191251], [42.82255853, 43.42188387], [42.82260261, 43.42020709], [42.82260561, 43.42013311], [42.82259562, 43.42010445], [42.82254598, 43.42004581], [42.82246734, 43.42000518], [42.82177952, 43.4199949], [42.82159521, 43.42001453], [42.82127565, 43.42004684], [42.82120667, 43.42002119], [42.82116702, 43.4199942], [42.82035597, 43.41968578], [42.8193096, 43.41916778], [42.81767387, 43.41754414], [42.81638813, 43.41647797], [42.81560276, 43.41588823], [42.81559277, 43.41587823], [42.81533319, 43.41575332], [42.81501665, 43.41592354], [42.8148484, 43.41598215], [42.81456585, 43.41622838], [42.81411905, 43.4166892], [42.81344425, 43.41693207], [42.81342459, 43.41693107], [42.81340526, 43.4169334], [42.81202493, 43.41725537], [42.81133852, 43.41758053], [42.81073637, 43.41777006], [42.81038051, 43.41745987], [42.80947618, 43.41673281], [42.80946085, 43.41672281], [42.80878538, 43.41639935], [42.80466813, 43.41378209], [42.80366578, 43.4134845], [42.80356386, 43.41328292], [42.80354953, 43.41327626], [42.8035332, 43.4132726], [42.80325665, 43.41345899], [42.80342725, 43.41328172], [42.80358954, 43.41329505], [42.80367547, 43.41349465], [42.80366419, 43.41350906], [42.80354926, 43.41326149], [42.8035336, 43.4132585], [42.80351661, 43.4132585], [42.80340532, 43.41329713], [42.80311503, 43.41508492], [42.80313101, 43.41554508], [42.80313867, 43.41557474], [42.80294889, 43.41732551], [42.80294889, 43.41734017], [42.80286991, 43.41827685], [42.80178159, 43.41850641], [42.80093994, 43.41772442], [42.79913621, 43.41666071], [42.7978537, 43.41573153], [42.79772174, 43.41562158], [42.79523041, 43.41323327], [42.79377025, 43.41286489], [42.79451209, 43.41443977], [42.79460904, 43.4145844], [42.79488951, 43.41514657], [42.79514899, 43.41560844], [42.7951583, 43.41567008], [42.79575941, 43.41733222], [42.79594555, 43.41783975], [42.79594821, 43.41785508], [42.79648137, 43.41930196], [42.79526372, 43.42023814], [42.79398814, 43.41969752], [42.79383384, 43.41966756], [42.79317768, 43.4195504], [42.79255854, 43.41934492], [42.79252522, 43.4193326], [42.79250689, 43.41932961], [42.79117692, 43.41921453], [42.79053878, 43.41916196], [42.78971568, 43.41910839], [42.78829182, 43.41871921], [42.78738409, 43.41853979], [42.78724581, 43.41854111], [42.78684492, 43.41856073], [42.78681131, 43.41860102], [42.78472866, 43.41909515], [42.7842688, 43.41905725], [42.78407451, 43.41910218], [42.78367397, 43.4193164], [42.78163188, 43.41953105], [42.77914989, 43.41978134], [42.77906058, 43.41976471], [42.77801191, 43.41959795], [42.77714851, 43.41933587], [42.77629673, 43.41923371], [42.77611979, 43.419258], [42.77223796, 43.4193601], [42.77234107, 43.41966844], [42.76469108, 43.41769747], [42.76441749, 43.41760356], [42.7637357, 43.4173911], [42.75956646, 43.41661241], [42.75918427, 43.41653451], [42.75889135, 43.4164426], [42.75886269, 43.41642861], [42.75881105, 43.41638963], [42.75695098, 43.41609208], [42.75582066, 43.41572269], [42.75487831, 43.41629534], [42.74792734, 43.41950501], [42.73328408, 43.41942604], [42.73120676, 43.41939599], [42.72234641, 43.41665043], [42.72081258, 43.41620017], [42.7162144, 43.41697669], [42.71620774, 43.41697003], [42.71520863, 43.41907223], [42.71516838, 43.41931183], [42.71515607, 43.41955977], [42.71439636, 43.42005019], [42.71435204, 43.42008117], [42.70947555, 43.42255134], [42.70912931, 43.42263661], [42.70690985, 43.42343734], [42.70480647, 43.42430874], [42.70381542, 43.42463449], [42.70377343, 43.42461917], [42.70364665, 43.42460992], [42.70073548, 43.42504074], [42.69899497, 43.4254306], [42.69866571, 43.42548386], [42.69697219, 43.42593077], [42.69688822, 43.42596608], [42.69669394, 43.42599069], [42.69618944, 43.42600203], [42.69496115, 43.42622869], [42.69368285, 43.42653665], [42.69315365, 43.4266655], [42.69207856, 43.42677826], [42.68959263, 43.42687889], [42.68913949, 43.42689423], [42.68776054, 43.4276668], [42.68741564, 43.42769474], [42.68736233, 43.42767909], [42.68703778, 43.42765149], [42.68702012, 43.42765515], [42.68700346, 43.42766081], [42.6869858, 43.42766447], [42.68549713, 43.42766249], [42.68255821, 43.42765192], [42.68232695, 43.42766852], [42.68221833, 43.42769948], [42.68183712, 43.42775205], [42.68039444, 43.42770223], [42.68037378, 43.42770289], [42.68035512, 43.42770056], [42.6803178, 43.42768991], [42.67980793, 43.42767892], [42.67948304, 43.427557], [42.67911447, 43.42743577], [42.67909914, 43.42742711], [42.67867561, 43.42728021], [42.67835868, 43.42715996], [42.67736095, 43.4270109], [42.67734162, 43.42701156], [42.67704237, 43.42700492], [42.67580409, 43.4270268], [42.67574744, 43.42704478], [42.67572911, 43.42704811], [42.67477436, 43.42705408], [42.67329214, 43.42710624], [42.67154826, 43.42720624], [42.67002768, 43.42726379], [42.66967477, 43.42727274], [42.66936986, 43.42730501], [42.66897063, 43.42736889], [42.66875102, 43.42740416], [42.66838111, 43.42743643], [42.66777295, 43.42751294], [42.66608012, 43.42773949], [42.66284265, 43.42819044], [42.66255874, 43.42821104], [42.66184592, 43.42831184], [42.65958251, 43.42877652], [42.6534026, 43.43117044], [42.65335861, 43.4311921], [42.65071667, 43.43101858], [42.65013016, 43.43107444], [42.64782945, 43.43169181], [42.64781779, 43.4316988], [42.64778648, 43.43173877], [42.64712271, 43.43209453], [42.64444373, 43.43368089], [42.64340202, 43.43377894], [42.64275489, 43.43386675], [42.64208675, 43.43388896], [42.64118505, 43.43396414], [42.64116639, 43.43396513], [42.64022761, 43.43402673], [42.64019029, 43.43403539], [42.63969449, 43.43410292], [42.63965475, 43.43412091], [42.63821021, 43.43430713], [42.6381589, 43.43431577], [42.63745012, 43.43433968], [42.63648475, 43.43440358], [42.63640478, 43.43439393], [42.63624349, 43.43442722], [42.6362285, 43.43442689], [42.63605921, 43.43441292], [42.62409709, 43.43519905], [42.62391649, 43.43517211], [42.62387816, 43.43517443], [42.6238605, 43.43517343], [42.62213962, 43.43497609], [42.6189938, 43.435306], [42.61890316, 43.43528968], [42.6188855, 43.43529034], [42.60838142, 43.43712283], [42.60726162, 43.43923741], [42.60707567, 43.43934635], [42.60544789, 43.44040418], [42.60531296, 43.44059678], [42.60464757, 43.44119486], [42.60433968, 43.44143308], [42.60380625, 43.44191586], [42.60369427, 43.44193449], [42.60351633, 43.44202676], [42.60350567, 43.44203809], [42.60154739, 43.44349239], [42.60125584, 43.44373458], [42.59886637, 43.44535669], [42.59796537, 43.44601535], [42.59117049, 43.44933358], [42.58972516, 43.45010466], [42.58600381, 43.45274937], [42.5857759, 43.45281597], [42.58575991, 43.45282463], [42.5838226, 43.45404192], [42.57265233, 43.45875537], [42.57236112, 43.45897426], [42.57235179, 43.45898692], [42.57032396, 43.460448], [42.57006378, 43.46019244], [42.57002149, 43.46010048], [42.56912632, 43.45836901], [42.56911599, 43.45836201], [42.56826627, 43.45718858], [42.56758665, 43.45646795], [42.56753633, 43.4564126], [42.56753234, 43.45640027], [42.56747702, 43.45632866], [42.56753165, 43.45641829], [42.56494829, 43.45388126], [42.560134, 43.44727284], [42.55706342, 43.44180598], [42.55706043, 43.44179498], [42.55706243, 43.44178599], [42.55731663, 43.44148381], [42.55731364, 43.44147148], [42.55692917, 43.4410017], [42.55691051, 43.44100503], [42.55650804, 43.44105406], [42.55646772, 43.44105938], [42.55645506, 43.44105505], [42.55644548, 43.44104336], [42.55646514, 43.44105069], [42.55648447, 43.44106067], [42.55647047, 43.441061], [42.55644099, 43.44105302], [42.55642318, 43.4410441], [42.55637388, 43.44106787], [42.55636454, 43.44093955], [42.55634357, 43.44060677], [42.55720887, 43.44051739], [42.55724766, 43.440583], [42.55724666, 43.44057601], [42.55720533, 43.44055068], [42.557176, 43.44054102], [42.5566825, 43.44061193], [42.5564096, 43.44062322], [42.55639294, 43.44062788], [42.55633629, 43.4406582], [42.55637101, 43.44067359], [42.55636402, 43.44066259], [42.55574754, 43.44038748], [42.55573388, 43.44038449], [42.55566824, 43.44039879], [42.55348889, 43.43897025], [42.5530858, 43.43840812], [42.55302248, 43.43839247], [42.54832448, 43.43921783], [42.54687927, 43.43751133], [42.54686527, 43.43750467], [42.54668873, 43.43732313], [42.54255709, 43.4356474], [42.54253976, 43.4356464], [42.54225785, 43.43580594], [42.54223286, 43.43586192], [42.54221885, 43.43596022], [42.54221885, 43.43594822], [42.53834192, 43.43437925], [42.53833826, 43.43436592], [42.53840989, 43.43389412], [42.5383989, 43.43388246], [42.5383849, 43.43387347], [42.53829725, 43.43384483], [42.53824627, 43.43383952], [42.53823194, 43.43384118], [42.53789538, 43.43404937], [42.53732636, 43.43469978], [42.53703833, 43.43495425], [42.53713814, 43.43488343], [42.53714913, 43.43488442], [42.53717979, 43.43494842], [42.53696492, 43.43495348], [42.53697158, 43.43492083], [42.53715817, 43.43494565], [42.53578993, 43.43365441], [42.53577928, 43.43361476], [42.53577128, 43.43360577], [42.53563033, 43.43358084], [42.5354574, 43.43359913], [42.53515219, 43.4338757], [42.5352941, 43.43391761], [42.53533509, 43.43392526], [42.53537241, 43.43393925], [42.53620648, 43.43744933], [42.53604561, 43.43717548], [42.53436983, 43.43579655], [42.53331791, 43.43515997], [42.53301546, 43.43506003], [42.53300546, 43.43506436], [42.53298414, 43.43504136], [42.53188272, 43.43447938], [42.53121671, 43.43374165], [42.5297166, 43.43280737], [42.52962397, 43.43277309], [42.52928612, 43.43267555], [42.52918083, 43.43263458], [42.52866514, 43.43269416], [42.52588283, 43.43206201], [42.5258665, 43.43205735], [42.52543132, 43.43211764], [42.51526618, 43.43053926], [42.51471543, 43.4298972], [42.51452882, 43.42986426], [42.51435353, 43.42981264], [42.51295864, 43.42984541], [42.51044846, 43.42924255], [42.51043113, 43.42923622], [42.50961876, 43.42867253], [42.50958711, 43.42862456], [42.50933193, 43.42841802], [42.50929096, 43.42833841], [42.50929829, 43.42832741], [42.50930262, 43.42831542], [42.50898714, 43.42809693], [42.50727503, 43.4279137], [42.50727037, 43.42792069], [42.50740528, 43.42802626], [42.50741194, 43.42803292], [42.50734349, 43.42885358], [42.50056469, 43.42866869], [42.48360183, 43.42873164], [42.48311032, 43.42872535], [42.48228552, 43.42874828], [42.48054843, 43.42855512], [42.47064672, 43.42898503], [42.46941441, 43.42863601], [42.46689823, 43.42776318], [42.46613914, 43.42735206], [42.46580254, 43.42713651], [42.46318344, 43.42595664], [42.46294284, 43.42579372], [42.46292385, 43.42578806], [42.46290419, 43.42578473], [42.46211346, 43.42583759], [42.455733, 43.42639539], [42.45405072, 43.42643471], [42.45399408, 43.42643305], [42.45390011, 43.42645236], [42.45388178, 43.42645535], [42.45320429, 43.4264929], [42.45255579, 43.42653585], [42.45253679, 43.42653751], [42.45251913, 43.42654184], [42.45234351, 43.42663811], [42.45156175, 43.42671689], [42.44895904, 43.42651008], [42.44653021, 43.42546786], [42.44642991, 43.42549415], [42.44638825, 43.4255218], [42.44621737, 43.42583468], [42.44388573, 43.42519275], [42.44251946, 43.42478753], [42.44123519, 43.42422094], [42.43902039, 43.42273857], [42.43900373, 43.4227409], [42.4386227, 43.42278675], [42.43839948, 43.42251056], [42.43834517, 43.42248391], [42.4376821, 43.42243035], [42.43765646, 43.422482], [42.43761781, 43.42252665], [42.43759316, 43.42253964], [42.43758117, 43.42254097], [42.43652889, 43.42237391], [42.43574086, 43.42207953], [42.43572387, 43.4220772], [42.43564891, 43.42203789], [42.4355273, 43.42191162], [42.4352214, 43.4219009], [42.43509533, 43.421936], [42.43189952, 43.41991384], [42.42978974, 43.41852361], [42.42984055, 43.41846966], [42.42851639, 43.41599352], [42.41212228, 43.39547957], [42.40314005, 43.39225457], [42.40319099, 43.39218459], [42.40319298, 43.39217393], [42.40316268, 43.39211294], [42.40023333, 43.39292972], [42.39813348, 43.39292107], [42.39737509, 43.39326646], [42.39735876, 43.39327479], [42.3971705, 43.39342139], [42.39640492, 43.3940576], [42.3960008, 43.39440127], [42.39399397, 43.3953674], [42.39377539, 43.39558124], [42.39376239, 43.39557624], [42.39375006, 43.39557524], [42.39230088, 43.39668537], [42.39206897, 43.39691694], [42.39186971, 43.39698788], [42.39153449, 43.39723108], [42.39151883, 43.39723441], [42.39150383, 43.39723375], [42.39146184, 43.39721443], [42.39144618, 43.39720977], [42.39142952, 43.39720777], [42.39125757, 43.39722242], [42.39124091, 43.39722808], [42.39122625, 43.39723641], [42.39114829, 43.39733336], [42.39103999, 43.39736867], [42.391027, 43.39737633], [42.39100034, 43.39740998], [42.39098868, 43.39741964], [42.39097402, 43.39742497], [42.39095836, 43.3974253], [42.39028236, 43.39737837], [42.3899728, 43.39742597], [42.38989017, 43.39744662], [42.38966389, 43.39743997], [42.38885983, 43.39762511], [42.38555707, 43.39825502], [42.38554241, 43.39825269], [42.38552908, 43.39825568], [42.38528959, 43.39827069], [42.38527593, 43.39827003], [42.38526327, 43.39827336], [42.38517168, 43.39842461], [42.38516469, 43.3984356], [42.38515303, 43.39844493], [42.38507305, 43.39847423], [42.38505539, 43.3984739], [42.3848871, 43.39842929], [42.3848681, 43.39842962], [42.38485111, 43.39843462], [42.38477448, 43.39846893], [42.38438801, 43.3986347], [42.3843649, 43.39863735], [42.38438809, 43.39863676], [42.38397809, 43.39868472], [42.38396476, 43.39869171], [42.38383547, 43.39874533], [42.38381714, 43.39875166], [42.3831187, 43.39900645], [42.38310271, 43.39900711], [42.38308638, 43.39900345], [42.38307138, 43.39899612], [42.38305939, 43.39898679], [42.38304374, 43.39896413], [42.38303174, 43.3989538], [42.38301641, 43.3989468], [42.38293743, 43.39893982], [42.3829171, 43.39894248], [42.38162919, 43.39944907], [42.37994265, 43.39968983], [42.37943347, 43.39990965], [42.37932853, 43.40005291], [42.37829417, 43.39998704], [42.37823653, 43.39996473], [42.3782212, 43.39996374], [42.37820521, 43.3999664], [42.37807692, 43.39996805], [42.37805759, 43.39996772], [42.37652106, 43.39988535], [42.37650673, 43.39988302], [42.37566902, 43.39980918], [42.37480129, 43.39987753], [42.37426117, 43.39987762], [42.37424851, 43.39987496], [42.37423752, 43.39987662], [42.37316517, 43.39974682], [42.37307691, 43.39985775], [42.3726299, 43.40010163], [42.37262057, 43.40010862], [42.37260857, 43.40011095], [42.37024098, 43.40064461], [42.36923331, 43.40119088], [42.36921598, 43.40119187], [42.36909835, 43.40117223], [42.36902037, 43.40119422], [42.36884878, 43.40120784], [42.36862222, 43.40131643], [42.36758099, 43.40077494], [42.36055518, 43.40134136], [42.35662499, 43.40228132], [42.35360271, 43.40382628], [42.35327821, 43.40410746], [42.35326988, 43.40411879], [42.35325457, 43.40418178], [42.35324624, 43.40419344], [42.34917676, 43.40709421], [42.34906347, 43.40714518], [42.34863958, 43.40723507], [42.34792681, 43.40756187], [42.34771956, 43.40773246], [42.34558696, 43.40839133], [42.34465458, 43.40820364], [42.34452795, 43.40824527], [42.34429702, 43.40833084], [42.34428236, 43.40833817], [42.34410642, 43.40846811], [42.34209333, 43.41051765], [42.3380966, 43.41322754], [42.33692862, 43.41354688], [42.3361592, 43.41371493], [42.33378792, 43.41404345], [42.33310212, 43.41415561], [42.330475, 43.41543004], [42.32280391, 43.41709536], [42.32156394, 43.41740668], [42.32154895, 43.41741267], [42.31746851, 43.41798242], [42.31571272, 43.41812353], [42.31414522, 43.41783131], [42.31026324, 43.41674804], [42.30941425, 43.4159954], [42.30841116, 43.41599501], [42.30103627, 43.41613033], [42.29988661, 43.41605045], [42.29808517, 43.41607714], [42.29780692, 43.41608611], [42.29187633, 43.41708006], [42.29108623, 43.41712564], [42.29094229, 43.41721991], [42.28341608, 43.41718295], [42.28292327, 43.41708668], [42.28154104, 43.41747444], [42.27790191, 43.41891899], [42.27723081, 43.41924546], [42.27280245, 43.41992492], [42.27278646, 43.41992026], [42.27277313, 43.41991193], [42.27276213, 43.41990093], [42.27274281, 43.41983395], [42.27187147, 43.41946171], [42.27153892, 43.41931781], [42.27035152, 43.41940962], [42.26923949, 43.41971267], [42.26673657, 43.42011037], [42.2662977, 43.4200957], [42.26622105, 43.42010768], [42.26527366, 43.42013139], [42.26516969, 43.42019801], [42.26515036, 43.420205], [42.2624348, 43.41994978], [42.26221253, 43.41998571], [42.26072994, 43.42023242], [42.26041436, 43.42024969], [42.26009182, 43.42014346], [42.26007483, 43.42014246], [42.25967863, 43.42004324], [42.25752259, 43.42066651], [42.2573963, 43.42077212], [42.25738997, 43.42078545], [42.2573077, 43.42092106], [42.25627602, 43.42137944], [42.25297782, 43.42209778], [42.25246263, 43.42215331], [42.25212808, 43.42219589], [42.25169851, 43.42230208], [42.25128966, 43.4224996], [42.25103713, 43.42275013], [42.25033798, 43.42278703], [42.24905633, 43.42295452], [42.24741784, 43.42303545], [42.24604829, 43.42336445], [42.24468399, 43.42340953], [42.24408318, 43.42331129], [42.24394989, 43.42333126], [42.2439139, 43.42334391], [42.24282986, 43.42343015], [42.24150827, 43.42295788], [42.24140564, 43.42294324], [42.2406689, 43.42265744], [42.24036032, 43.42262952], [42.23981113, 43.42261388], [42.23944224, 43.42245534], [42.2381263, 43.42247772], [42.23762512, 43.42254263], [42.23667814, 43.42223585], [42.23617894, 43.42187812], [42.23567009, 43.42187644], [42.23522619, 43.42185782], [42.23409222, 43.4209909], [42.23403824, 43.42097058], [42.23401891, 43.42096825], [42.23368568, 43.4209353], [42.23277295, 43.42068479], [42.23270164, 43.42066147], [42.23219979, 43.42075367], [42.23183923, 43.42077601], [42.23162897, 43.42086928], [42.23105882, 43.42119911], [42.23034003, 43.4211925], [42.22960562, 43.42114658], [42.22938004, 43.42103133], [42.22896686, 43.4208008], [42.22601144, 43.42085365], [42.225203, 43.42094852], [42.22505239, 43.42089924], [42.22456592, 43.42110244], [42.22450228, 43.42112609], [42.22439731, 43.42118106], [42.22392181, 43.42106618], [42.22374587, 43.42096756], [42.22342963, 43.42089897], [42.22118003, 43.42047362], [42.21801017, 43.41983258], [42.21654065, 43.41920667], [42.21613812, 43.41883321], [42.21594017, 43.41875162], [42.21592084, 43.41874429], [42.21487678, 43.41868074], [42.21465052, 43.41852816], [42.21406473, 43.41833835], [42.21399708, 43.41832405], [42.21356385, 43.41842029], [42.21346754, 43.41843859], [42.21144413, 43.41845892], [42.21099193, 43.4185262], [42.20847198, 43.41813388], [42.20825238, 43.41827447], [42.20796859, 43.41869496], [42.2078116, 43.41938763], [42.20546132, 43.42016702], [42.20520075, 43.42031795], [42.20503382, 43.4204299], [42.20457894, 43.42063308], [42.20353898, 43.42125369], [42.20352632, 43.42126502], [42.20317578, 43.42144156], [42.20308782, 43.42150653], [42.20215185, 43.42198752], [42.20187528, 43.4221441], [42.20186062, 43.42215443], [42.20112983, 43.42233755], [42.20109718, 43.42235154], [42.19994486, 43.42258163], [42.19991154, 43.42258695], [42.19965961, 43.42266587], [42.19962961, 43.42268353], [42.19961728, 43.42269619], [42.19945833, 43.42278179], [42.19903782, 43.42304862], [42.19876792, 43.42321185], [42.19860797, 43.42329544], [42.19775066, 43.42332076], [42.19768412, 43.42338473], [42.19732541, 43.4233751], [42.1968749, 43.42343566], [42.19679759, 43.4234623], [42.19631207, 43.42370111], [42.19630074, 43.4237121], [42.19626912, 43.4238114], [42.19596655, 43.42397325], [42.19595689, 43.42398591], [42.19594423, 43.42399557], [42.19483992, 43.42441657], [42.19476328, 43.4244772], [42.19403422, 43.4247497], [42.19330842, 43.42481057], [42.19305152, 43.42487015], [42.19303552, 43.42487848], [42.19277893, 43.42495208], [42.19269696, 43.42502806], [42.1926813, 43.42505571], [42.19254036, 43.42518464], [42.19251537, 43.4251973], [42.19198753, 43.42532022], [42.19181493, 43.42547081], [42.18977431, 43.42619905], [42.1896247, 43.42630665], [42.18959737, 43.42632964], [42.18956471, 43.4263483], [42.18882103, 43.42661624], [42.18824523, 43.42690105], [42.18684233, 43.42722663], [42.18508426, 43.42743605], [42.18277762, 43.42781736], [42.18275296, 43.42779504], [42.18274663, 43.42778438], [42.18274362, 43.42773741], [42.16782225, 43.42799411], [42.15573446, 43.4254638], [42.15704955, 43.42049867], [42.1605471, 43.41925049], [42.16051833, 43.41918333], [42.15948236, 43.41986626], [42.15941471, 43.41991524], [42.15940438, 43.4199269], [42.15939738, 43.41993923], [42.15939239, 43.41995989], [42.15935308, 43.41998754], [42.15866129, 43.42009501], [42.15861697, 43.42011966], [42.15541297, 43.42190352], [42.15540464, 43.42191385], [42.15539364, 43.42192351], [42.15532499, 43.42195482], [42.15510307, 43.42201306], [42.15508507, 43.4220104], [42.15286468, 43.42094391], [42.15126899, 43.42045998], [42.15126633, 43.42047231], [42.15126932, 43.4205143], [42.15112747, 43.42091716], [42.15111615, 43.42094248], [42.15078696, 43.42122735], [42.15075198, 43.42126067], [42.15010567, 43.42222565], [42.15011333, 43.42223231], [42.15009848, 43.4222879], [42.14817616, 43.42325454], [42.14611224, 43.42426809], [42.14591362, 43.42440769], [42.14584464, 43.424425], [42.14552307, 43.42445694], [42.14549975, 43.4244726], [42.14308794, 43.42681206], [42.14290521, 43.42711763], [42.14290357, 43.42709882], [42.14289465, 43.42711005], [42.1429035, 43.42713932], [42.1429821, 43.4272178], [42.14361367, 43.42930419], [42.14291139, 43.43033343], [42.14190216, 43.43169588], [42.14189917, 43.43170954], [42.14165531, 43.43223405], [42.14156537, 43.43217411], [42.14083697, 43.43251886], [42.14079465, 43.43254151], [42.14075999, 43.43254983], [42.14074199, 43.43255183], [42.13982932, 43.43215681], [42.1396967, 43.43217542], [42.13967937, 43.43217975], [42.13894563, 43.43248282], [42.13840213, 43.43267831], [42.13838813, 43.43268697], [42.13821453, 43.43289655], [42.13816955, 43.43293953], [42.13803659, 43.43301149], [42.13736017, 43.43343691], [42.1366151, 43.43382763], [42.13660177, 43.43383762], [42.13647182, 43.43395359], [42.1353894, 43.43408349], [42.13190966, 43.43613653], [42.13187801, 43.43616985], [42.12918724, 43.43773729], [42.12789036, 43.43857716], [42.12610706, 43.44035718], [42.12616104, 43.44039016], [42.12608541, 43.44046042], [42.12627902, 43.44034549], [42.1262111, 43.44040875], [42.12619644, 43.44041274], [42.12595126, 43.44051378], [42.12288868, 43.44211297], [42.11689529, 43.44340219], [42.11654907, 43.44353277], [42.11645444, 43.44361673], [42.11418772, 43.44625076], [42.11332047, 43.4469251], [42.11330414, 43.44693176], [42.11154703, 43.44748599], [42.11044403, 43.44754662], [42.11029573, 43.44755294], [42.10980991, 43.44766388], [42.10963966, 43.44761162], [42.10962133, 43.44760929], [42.10950869, 43.44760432], [42.10947137, 43.44760931], [42.10943638, 43.4476213], [42.10942139, 43.4476293], [42.10940773, 43.44763863], [42.10936075, 43.44769494], [42.10871274, 43.44845895], [42.1083782, 43.44863816], [42.10771208, 43.44885295], [42.10765576, 43.44888093], [42.10757212, 43.44890924], [42.10722292, 43.4490308], [42.10572312, 43.44985663], [42.105119, 43.45018675], [42.10419635, 43.4506971], [42.10392117, 43.45097729], [42.10392018, 43.45099062], [42.10399853, 43.4514151], [42.10467618, 43.45207445], [42.10219768, 43.45375955], [42.10202308, 43.45389482], [42.10197306, 43.45506111], [42.10196706, 43.4550841], [42.10195074, 43.4551061], [42.10193841, 43.45511509], [42.10190909, 43.45513008], [42.1018921, 43.45513408], [42.1002642, 43.45537667], [42.09827269, 43.45708346], [42.09824736, 43.45710278], [42.09822105, 43.45713509], [42.0981101, 43.45723437], [42.09718049, 43.45817796], [42.09718282, 43.45819029], [42.09718815, 43.45820295], [42.09719081, 43.45859004], [42.09689492, 43.45876293], [42.09686226, 43.45876359], [42.09674131, 43.45872796], [42.09672498, 43.4587253], [42.09632688, 43.45854131], [42.09440124, 43.45763641], [42.08259933, 43.46027587], [42.07304229, 43.4597015], [42.07309665, 43.45967408], [42.0721772, 43.45951441], [42.07055229, 43.46046827], [42.06994607, 43.46032005], [42.05727836, 43.46236291], [42.0571534, 43.4625177], [42.05717652, 43.46250978], [42.05718776, 43.46250978], [42.05718576, 43.46252431], [42.05531328, 43.4624797], [42.05417561, 43.4624495], [42.05385369, 43.46246776], [42.05268574, 43.46255545], [42.05084915, 43.46279805], [42.05038995, 43.46292056], [42.05032664, 43.46293787], [42.04950628, 43.4633852], [42.04762487, 43.46311982], [42.04746393, 43.46308022], [42.04624435, 43.46181006], [42.0449142, 43.46105491], [42.04489472, 43.46105822], [42.04098999, 43.46096464], [42.03085953, 43.46101608], [41.97213699, 43.46127366], [41.97025282, 43.46136926], [41.93841231, 43.47265317], [41.93401844, 43.47301893], [41.92610713, 43.47181883], [41.92612298, 43.47181421], [41.92602224, 43.47182149], [41.92583013, 43.47183718], [41.92436638, 43.47173966], [41.92385662, 43.47156313], [41.92339941, 43.47152685], [41.92330145, 43.47150022], [41.90252636, 43.47188366], [41.8973523, 43.47176313], [41.89721943, 43.47169288], [41.89192931, 43.47296427], [41.89156053, 43.47225791], [41.8915482, 43.47225225], [41.89153487, 43.47224992], [41.89150988, 43.47225491], [41.89113803, 43.47250743], [41.88956403, 43.47305224], [41.88593018, 43.47357815], [41.88559395, 43.47354788], [41.8855583, 43.47352789], [41.88552797, 43.47351757], [41.88550998, 43.47351591], [41.88549265, 43.47351657], [41.88544533, 43.47352989], [41.88539601, 43.47353055], [41.88523539, 43.4734403], [41.88326514, 43.47319276], [41.88232849, 43.47308633], [41.88231016, 43.47308866], [41.88166531, 43.47311765], [41.88162932, 43.47312331], [41.88142605, 43.47310366], [41.88126145, 43.47303639], [41.88016172, 43.47288992], [41.88000344, 43.47291688], [41.87998611, 43.47291821], [41.8796762, 43.47289926], [41.87758922, 43.47369534], [41.87729137, 43.47410373], [41.87497707, 43.47411131], [41.87496241, 43.47410998], [41.87494942, 43.47411331], [41.87372749, 43.47407858], [41.87302637, 43.47414946], [41.87277011, 43.47417103], [41.87259382, 43.47413575], [41.87257883, 43.47413542], [41.8721962, 43.47396859], [41.86945256, 43.47296193], [41.84797915, 43.46705465], [41.84266337, 43.46274704], [41.84192312, 43.46245332], [41.83970448, 43.46116154], [41.8353786, 43.45827328], [41.8354702, 43.45756194], [41.83501733, 43.45642411], [41.83381681, 43.45550262], [41.8334947, 43.45501989], [41.83283913, 43.45450451], [41.8308395, 43.45308864], [41.8291341, 43.45300371], [41.82695603, 43.45255055], [41.82697455, 43.452537], [41.82350889, 43.45270188], [41.82349656, 43.45270454], [41.82249027, 43.45324952], [41.82239862, 43.45332316], [41.82231567, 43.45344511], [41.82174129, 43.45405413], [41.82035015, 43.45488956], [41.81886827, 43.45542287], [41.81867099, 43.45549515], [41.81865866, 43.45550414], [41.81861436, 43.45555579], [41.81525406, 43.45594566], [41.81509111, 43.45598328], [41.81381611, 43.4563442], [41.81321494, 43.45632622], [41.81251446, 43.45634613], [41.81198561, 43.45636314], [41.80763586, 43.45604229], [41.80644333, 43.45497079], [41.80641001, 43.45496113], [41.80613941, 43.45496713], [41.80526536, 43.45476063], [41.80501178, 43.45476095], [41.80483715, 43.45477192], [41.80481749, 43.45477059], [41.80473185, 43.45474527], [41.80466087, 43.45470262], [41.80460089, 43.45469364], [41.80376379, 43.45466498], [41.80329258, 43.45460144], [41.80286401, 43.45457682], [41.80256776, 43.45461409], [41.80222251, 43.45471533], [41.80220751, 43.45471533], [41.80200288, 43.45469336], [41.80192823, 43.45467705], [41.80047969, 43.45483288], [41.79979255, 43.45502104], [41.79977655, 43.45503204], [41.79972691, 43.45508236], [41.79971058, 43.45509269], [41.79952362, 43.45519232], [41.79948997, 43.45520331], [41.79919472, 43.45524489], [41.79905209, 43.45533551], [41.79869054, 43.45551373], [41.79859191, 43.45554437], [41.79837498, 43.45565698], [41.79835932, 43.45566798], [41.798317, 43.45570229], [41.79830001, 43.45571128], [41.79824335, 43.45573027], [41.79765853, 43.45605709], [41.79764053, 43.45606475], [41.79746823, 43.45611869], [41.79722098, 43.45618493], [41.7970597, 43.45625889], [41.79702871, 43.45629855], [41.79702038, 43.45631421], [41.79700607, 43.45638285], [41.79702004, 43.45653479], [41.79686648, 43.45682902], [41.79648299, 43.45732216], [41.79643886, 43.45752104], [41.79644019, 43.4575327], [41.79652046, 43.45768493], [41.79657378, 43.45791148], [41.79657611, 43.45792381], [41.79657079, 43.45824869], [41.79651451, 43.45894278], [41.79630573, 43.45968351], [41.79650909, 43.46079934], [41.79651709, 43.46080967], [41.79652307, 43.4608983], [41.79684051, 43.46171993], [41.79683518, 43.46178758], [41.79568341, 43.46297339], [41.79401045, 43.46432148], [41.79380051, 43.46432546], [41.79329598, 43.4644913], [41.79295275, 43.46459952], [41.79279248, 43.46465415], [41.79108333, 43.46518764], [41.79100669, 43.46518199], [41.79058046, 43.46527356], [41.79053248, 43.46530987], [41.79045184, 43.46534317], [41.79043318, 43.46534783], [41.79039219, 43.46535282], [41.79034987, 43.46536148], [41.79021525, 43.46540378], [41.78998998, 43.4654454], [41.78997098, 43.46544706], [41.78982069, 43.46544939], [41.78980269, 43.46544806], [41.78978503, 43.4654434], [41.78975004, 43.46542975], [41.78973104, 43.46542642], [41.78969138, 43.46542609], [41.78967272, 43.46542409], [41.78844509, 43.46516367], [41.78843343, 43.465175], [41.78830785, 43.46541423], [41.78829785, 43.46542622], [41.78825687, 43.46545454], [41.78820556, 43.46546952], [41.78809726, 43.46546186], [41.78801862, 43.46546186], [41.78755406, 43.46543658], [41.7875374, 43.46544057], [41.78735912, 43.46553883], [41.78690861, 43.46584532], [41.7859219, 43.46631869], [41.78474056, 43.46654238], [41.78465625, 43.46653872], [41.78372618, 43.46647583], [41.78304273, 43.46675229], [41.78303173, 43.46676362], [41.78296677, 43.46686325], [41.78292545, 43.46689023], [41.78289246, 43.46689855], [41.78283748, 43.46690254], [41.78280482, 43.46691486], [41.78271119, 43.46699316], [41.7826309, 43.46710445], [41.78258258, 43.46712743], [41.7821917, 43.46723297], [41.78201542, 43.46730093], [41.78173517, 43.4672923], [41.78015266, 43.46667944], [41.77809133, 43.46711876], [41.77803388, 43.4670599], [41.77801589, 43.4670559], [41.77729409, 43.46711849], [41.7772371, 43.46711883], [41.77697418, 43.46715808], [41.7747052, 43.46738223], [41.77468721, 43.46738856], [41.77463556, 43.46741221], [41.77386011, 43.46739355], [41.77384078, 43.46739289], [41.77382245, 43.46739555], [41.77276509, 43.46759129], [41.77274909, 43.46760062], [41.77270777, 43.4676306], [41.77093259, 43.46813112], [41.77083796, 43.46817708], [41.7697279, 43.46846205], [41.76781609, 43.46869114], [41.7667081, 43.4690435], [41.76555241, 43.46933654], [41.76505224, 43.46947372], [41.76416782, 43.46949667], [41.76410784, 43.46950698], [41.76408784, 43.46950864], [41.76245557, 43.46954451], [41.76150886, 43.46958572], [41.76125529, 43.46962132], [41.76123596, 43.46962033], [41.761057, 43.46960472], [41.75960912, 43.46959496], [41.75913726, 43.46952343], [41.75911727, 43.46952177], [41.75780398, 43.46934178], [41.75766802, 43.46931881], [41.75639664, 43.46097026], [41.75335741, 43.45775347], [41.75335075, 43.45774281], [41.74839086, 43.45246406], [41.74703306, 43.44921255], [41.74615206, 43.44742955], [41.74287705, 43.44232504], [41.74273012, 43.44219076], [41.74271346, 43.44218443], [41.74269546, 43.44218044], [41.74265847, 43.44217745], [41.74131667, 43.44287477], [41.74131101, 43.4428951], [41.74129269, 43.44291509], [41.74126503, 43.44292775], [41.74122704, 43.44293108], [41.74118905, 43.44292609], [41.74114006, 43.44290511], [41.74194944, 43.44430459], [41.74196844, 43.44430959], [41.74200143, 43.44432391], [41.74017274, 43.44852086], [41.7392146, 43.45010454], [41.73919361, 43.45015419], [41.73901, 43.45034746], [41.7382966, 43.45110715], [41.73827661, 43.45112981], [41.73591264, 43.45461475], [41.7357831, 43.45484764], [41.73577473, 43.45503656], [41.73576874, 43.45504722], [41.73565438, 43.45553467], [41.73564772, 43.455544], [41.73615668, 43.46843234], [41.73630592, 43.46878689], [41.73645849, 43.46908245], [41.73647748, 43.46910277], [41.73663133, 43.46943164], [41.73792209, 43.47184156], [41.73798509, 43.4718309], [41.73806008, 43.47193556], [41.73803077, 43.47195853], [41.73788311, 43.47201552], [41.73785913, 43.47206213], [41.73800012, 43.47217379], [41.73797246, 43.47217446], [41.73794947, 43.47217912], [41.73793543, 43.47211961], [41.73809009, 43.47208762], [41.73808808, 43.47208497], [41.73787358, 43.47205007], [41.73760358, 43.47166607], [41.73760657, 43.4716754], [41.7376179, 43.47168706], [41.73763989, 43.47172004], [41.73767188, 43.47175336], [41.73775153, 43.47182134], [41.73784618, 43.47192032], [41.73800145, 43.47212027], [41.73959814, 43.47407507], [41.73961414, 43.47407607], [41.73963013, 43.47407441], [41.73967978, 43.47404477], [41.73968877, 43.47403411], [41.7423171, 43.47389492], [41.74251896, 43.47426942], [41.74250297, 43.47426576], [41.74231205, 43.47431736], [41.74230239, 43.47432569], [41.74229374, 43.47434701], [41.74230504, 43.47441699], [41.74306804, 43.47560839], [41.74295033, 43.475393], [41.74294067, 43.47541566], [41.74221783, 43.47436473], [41.74237045, 43.47425979], [41.74241374, 43.47417915], [41.74241374, 43.47416749], [41.74240975, 43.47415649], [41.74234077, 43.47408053], [41.73560305, 43.46732773], [41.7342679, 43.46700585], [41.73380224, 43.46667615], [41.7338099, 43.46668681], [41.73381156, 43.46669614], [41.73380623, 43.46670347], [41.72779255, 43.46711465], [41.72629331, 43.4670857], [41.72586676, 43.4670388], [41.72483811, 43.46710831], [41.72097923, 43.46790796], [41.7198616, 43.46825323], [41.71977929, 43.46829053], [41.71949662, 43.46839011], [41.71916806, 43.46852666], [41.71696078, 43.46910396], [41.71675716, 43.46909401], [41.71667253, 43.46909665], [41.71375889, 43.46908655], [41.71266823, 43.46920834], [41.71142326, 43.4693881], [41.71097142, 43.46963726], [41.71046327, 43.4699334], [41.71017569, 43.4700853], [41.70989016, 43.47033484], [41.70942737, 43.47067896], [41.70940604, 43.47070062], [41.70939238, 43.47070961], [41.70645899, 43.47118123], [41.7055623, 43.4712514], [41.70503616, 43.47121284], [41.70499117, 43.4712185], [41.70497951, 43.47122516], [41.70495352, 43.4712648], [41.70483884, 43.47177782], [41.70404948, 43.47168127], [41.7007368, 43.47235369], [41.69837068, 43.47357108], [41.69835468, 43.47357174], [41.69833835, 43.47356875], [41.69652999, 43.47300907], [41.69000508, 43.47361972], [41.6847546, 43.47433801], [41.68246971, 43.4749404], [41.67484291, 43.47664215], [41.67470894, 43.47665078], [41.67013792, 43.47595082], [41.66884097, 43.47602068], [41.65470764, 43.47701029], [41.64880055, 43.48106784], [41.64867559, 43.48111146], [41.64791845, 43.48129256], [41.63536324, 43.48120229], [41.63219239, 43.47981471], [41.63062938, 43.47875951], [41.63063301, 43.4787486], [41.6306601, 43.47875288], [41.62880513, 43.47839257], [41.62868283, 43.47835262], [41.62861089, 43.47830929], [41.61180307, 43.47750394], [41.61179134, 43.47753479], [41.61163574, 43.47745367], [41.61190456, 43.47760478], [41.61192255, 43.47762344], [41.61174147, 43.47747985], [41.61174214, 43.47751314], [41.61175214, 43.47751847], [41.61176547, 43.47752113], [41.61177275, 43.47751113], [41.61166201, 43.47729756], [41.61166001, 43.47730722], [41.61169031, 43.47736953], [41.61161299, 43.47740717], [41.61161695, 43.47740977], [41.60960926, 43.47769154], [41.60493414, 43.4790318], [41.60053083, 43.48001326], [41.60052617, 43.4800046], [41.60010866, 43.48003816], [41.6001053, 43.47988526], [41.60010097, 43.47987726], [41.60009231, 43.4798716], [41.59991697, 43.47976826], [41.59906794, 43.47989365], [41.5968304, 43.47988476], [41.59633297, 43.47969662], [41.59623833, 43.47974159], [41.5950494, 43.48001121], [41.59502741, 43.48001387], [41.59498842, 43.48002386], [41.59355683, 43.48046881], [41.59309098, 43.48051241], [41.59306832, 43.48051441], [41.59271274, 43.48058563], [41.59218522, 43.48055671], [41.59217056, 43.48055837], [41.59135814, 43.48074316], [41.59009249, 43.48094793], [41.59000717, 43.48096858], [41.58929768, 43.48098055], [41.58918271, 43.48098886], [41.58862185, 43.48093328], [41.58848591, 43.48100323], [41.58846991, 43.48100856], [41.58640414, 43.48102853], [41.58428345, 43.48098799], [41.58422547, 43.48098468], [41.58363064, 43.48093146], [41.58346608, 43.48111902], [41.58268, 43.48163525], [41.57869448, 43.48472181], [41.57869382, 43.48473814], [41.57875196, 43.4876866], [41.57922453, 43.48900572], [41.57912591, 43.48905635], [41.57910458, 43.48907368], [41.57909859, 43.48908401], [41.57968072, 43.49415994], [41.57988553, 43.49508925], [41.58126506, 43.49897563], [41.58224735, 43.50147286], [41.5823631, 43.50161577], [41.58242227, 43.50199391], [41.5837116, 43.50382923], [41.58372859, 43.50384821], [41.58380285, 43.5040308], [41.58428463, 43.5061414], [41.58349955, 43.50834025], [41.58201019, 43.51272677], [41.58203651, 43.51275409], [41.58202985, 43.51279374], [41.58052645, 43.51510964], [41.57979085, 43.51650774], [41.58011674, 43.51769375], [41.58011341, 43.51770408], [41.579781, 43.51824101], [41.57969504, 43.51831831], [41.57938585, 43.51859347], [41.57915767, 43.51905926], [41.57914634, 43.51906759], [41.57913268, 43.51907358], [41.57835164, 43.51918611], [41.57814072, 43.51926635], [41.57811375, 43.51931565], [41.57758672, 43.51982169], [41.57757206, 43.51982768], [41.57715321, 43.52007598], [41.57713988, 43.52008298], [41.57707258, 43.52014528], [41.57706525, 43.5201706], [41.57710324, 43.5202419], [41.57721354, 43.52011834], [41.57710554, 43.52017709], [41.57710354, 43.52019674], [41.57644151, 43.52263189], [41.5741506, 43.5243234], [41.57412561, 43.52433573], [41.57379209, 43.52447735], [41.57384269, 43.52463764], [41.57384435, 43.52465097], [41.57381873, 43.52476159], [41.57382139, 43.52477658], [41.57357735, 43.52615837], [41.57376226, 43.52633896], [41.57377325, 43.52638861], [41.57402078, 43.52676879], [41.57407839, 43.52692173], [41.57437415, 43.52751548], [41.57499408, 43.52967623], [41.57498746, 43.52968317], [41.57499935, 43.52967954], [41.57500991, 43.52966532], [41.57498646, 43.52965475], [41.57497919, 43.52963858], [41.57547925, 43.52978466], [41.57554915, 43.52997458], [41.57601904, 43.53141042], [41.5759964, 43.53146141], [41.57600772, 43.53153605], [41.57602671, 43.53155404], [41.57603237, 43.5315637], [41.57601839, 43.53162234], [41.57601673, 43.53163667], [41.57604603, 43.53172065], [41.57612099, 43.53180427], [41.57613297, 43.53184693], [41.57613031, 43.53187758], [41.57610434, 43.53195122], [41.57603205, 43.53204051], [41.57608801, 43.53229772], [41.57625955, 43.53273257], [41.57623424, 43.53278721], [41.57582132, 43.53347647], [41.57582297, 43.53359476], [41.57562574, 43.53382735], [41.57549519, 43.53408625], [41.57548886, 43.53409624], [41.57547853, 43.53410523], [41.57494705, 43.53437604], [41.57481886, 43.53470828], [41.57465492, 43.53498517], [41.57458495, 43.53503082], [41.5735216, 43.53525022], [41.57350427, 43.53525388], [41.57344362, 43.53527119], [41.57342629, 43.53527053], [41.57276887, 43.53476583], [41.57275954, 43.53475417], [41.57170685, 43.53424087], [41.5716882, 43.53420554], [41.57167987, 43.53419421], [41.57166821, 43.53418388], [41.5712657, 43.53407933], [41.57121371, 43.53399109], [41.56986539, 43.53294809], [41.56948232, 43.53228142], [41.56935905, 43.53210718], [41.56933307, 43.5320762], [41.56930477, 43.5320059], [41.56921981, 43.53190328], [41.56912756, 43.5317067], [41.56911925, 43.53163572], [41.56594566, 43.53006314], [41.56562847, 43.52967108], [41.56562114, 43.52966042], [41.56549452, 43.52956046], [41.56547852, 43.52955547], [41.56546252, 43.52955414], [41.56537656, 43.52956213], [41.56530558, 43.52953082], [41.55811401, 43.52358383], [41.55770225, 43.52290847], [41.55708789, 43.52223239], [41.55618735, 43.52027514], [41.55617669, 43.52026415], [41.55603314, 43.52000524], [41.55585601, 43.51940676], [41.55481973, 43.51863853], [41.55481274, 43.5186252], [41.55429738, 43.51791983], [41.55392197, 43.51705786], [41.55179918, 43.51512644], [41.55157797, 43.51478202], [41.55136087, 43.51469906], [41.55115298, 43.51447815], [41.54902506, 43.51291897], [41.54907528, 43.5122879], [41.54544204, 43.51011965], [41.54520413, 43.51003439], [41.54465197, 43.50980957], [41.54336973, 43.50892073], [41.54294085, 43.50871953], [41.54292352, 43.50871454], [41.54290653, 43.50870721], [41.54228373, 43.50832911], [41.54215445, 43.50823848], [41.54214579, 43.50822815], [41.54208816, 43.50813153], [41.5420745, 43.5081212], [41.54200219, 43.50808089], [41.54199386, 43.50806956], [41.54191963, 43.50782164], [41.54191163, 43.50780731], [41.54189964, 43.50779532], [41.54177801, 43.50771937], [41.54162983, 43.50726787], [41.5416245, 43.50725321], [41.54156021, 43.50716358], [41.54143834, 43.50682035], [41.54139236, 43.50677137], [41.54110022, 43.50627285], [41.5409756, 43.50613055], [41.54077669, 43.50597296], [41.54070744, 43.50579502], [41.5403456, 43.50541083], [41.53986282, 43.50494471], [41.53983717, 43.50490639], [41.53982484, 43.50489606], [41.53980985, 43.50488707], [41.53970689, 43.50482877], [41.53951199, 43.50460254], [41.53947234, 43.50457089], [41.53879834, 43.50362885], [41.53878368, 43.50361952], [41.53873337, 43.50360087], [41.53871704, 43.50359287], [41.53870304, 43.50358354], [41.53855211, 43.50340593], [41.53836988, 43.50313502], [41.53835722, 43.50312336], [41.53768994, 43.50212005], [41.53548776, 43.49957476], [41.52793696, 43.49403703], [41.52797428, 43.49400672], [41.52796696, 43.49395141], [41.52462974, 43.49208234], [41.52450046, 43.49198772], [41.52061764, 43.49127867], [41.51969058, 43.4911889], [41.51955397, 43.49114894], [41.51952432, 43.49113195], [41.51855095, 43.49098457], [41.5182787, 43.49091298], [41.51777953, 43.49072548], [41.51776487, 43.49071949], [41.51775254, 43.4907105], [41.51729368, 43.49038336], [41.51717939, 43.4903584], [41.51688617, 43.49015451], [41.5168109, 43.48999825], [41.51655404, 43.48966506], [41.51621064, 43.48908367], [41.51550199, 43.48881387], [41.51473164, 43.48847327], [41.51471665, 43.48847261], [41.5146131, 43.48848158], [41.51443866, 43.48847566], [41.51440665, 43.48844769], [41.51439332, 43.48844902], [41.51426435, 43.48846566], [41.5141614, 43.48846897], [41.51414674, 43.48846531], [41.51425533, 43.4884529], [41.51438396, 43.48850618], [41.51423268, 43.48846491], [41.5138599, 43.48827145], [41.51325483, 43.48799034], [41.51312956, 43.48788807], [41.51204411, 43.4868176], [41.5120118, 43.48674297], [41.51192084, 43.48661037], [41.5112469, 43.48588937], [41.51113029, 43.4857991], [41.51112263, 43.48578744], [41.50976627, 43.48462937], [41.50932104, 43.48460775], [41.50930871, 43.48460176], [41.50927107, 43.48453978], [41.50903082, 43.48446219], [41.50869432, 43.4846817], [41.50854074, 43.48480364], [41.50792597, 43.48515436], [41.50572114, 43.48507468], [41.50577742, 43.48493273], [41.50306609, 43.48666415], [41.49242728, 43.49311877], [41.48825729, 43.49517097], [41.47356604, 43.49642542], [41.46476258, 43.49882939], [41.46476093, 43.49884425], [41.46478077, 43.49885712], [41.46183336, 43.50168748], [41.4618237, 43.50169147], [41.4618127, 43.5016918], [41.46175506, 43.50167083], [41.46174273, 43.50167216], [41.46168407, 43.50169182], [41.46162445, 43.50161653], [41.46161712, 43.5016102], [41.46144522, 43.50167014], [41.46143489, 43.50166281], [41.46142389, 43.50166215], [41.46141456, 43.50166614], [41.46134995, 43.50174576], [41.46126834, 43.50166881], [41.46125868, 43.50166148], [41.46124768, 43.50165982], [41.46107613, 43.50171846], [41.46084062, 43.50167582], [41.46083096, 43.50168581], [41.46082463, 43.50169714], [41.46081132, 43.50174513], [41.46080533, 43.50175412], [41.460797, 43.50176078], [41.46069375, 43.50166553], [41.46068376, 43.5016602], [41.4606721, 43.50165987], [41.4606611, 43.50166386], [41.4605715, 43.50170383], [41.46055218, 43.50169784], [41.46038528, 43.50170615], [41.46037528, 43.50170082], [41.46036462, 43.50170016], [41.46035463, 43.50170315], [41.46009083, 43.50172482], [41.46008117, 43.50172149], [41.45996125, 43.50181975], [41.45989962, 43.50180543], [41.45989029, 43.50180842], [41.45974512, 43.50167846], [41.45938171, 43.50195174], [41.45937138, 43.50195074], [41.45936439, 43.5019554], [41.45936971, 43.5020277], [41.45936271, 43.50203336], [41.45920979, 43.50196274], [41.45910221, 43.50202472], [41.45909255, 43.50202372], [41.45854799, 43.50199603], [41.45820287, 43.50133645], [41.45819788, 43.50132979], [41.45818955, 43.50132613], [41.4578085, 43.50112949], [41.4578005, 43.50112416], [41.45591372, 43.50186925], [41.45583626, 43.50089038], [41.45583027, 43.50088272], [41.45577129, 43.50088271], [41.45320869, 43.50133611], [41.45295582, 43.50309488], [41.45307727, 43.50371698], [41.45193243, 43.50431405], [41.45075554, 43.50502305], [41.45063667, 43.50560108], [41.45063601, 43.50562441], [41.45058004, 43.50567538], [41.45056871, 43.50568371], [41.4504861, 43.50580466], [41.45029119, 43.50597557], [41.45028053, 43.50598723], [41.44888451, 43.50671397], [41.44885052, 43.5067233], [41.44862693, 43.50684421], [41.4470977, 43.50735306], [41.44636125, 43.50789959], [41.44620096, 43.50792887], [41.4446961, 43.5081784], [41.44148548, 43.50942864], [41.43889406, 43.51081745], [41.43716406, 43.51403411], [41.43748876, 43.51568179], [41.43750109, 43.51569345], [41.43751042, 43.51570711], [41.43784057, 43.51624793], [41.43804979, 43.51645915], [41.43811673, 43.51651475], [41.43811772, 43.51652574], [41.43816703, 43.51663371], [41.43866743, 43.51740609], [41.43863207, 43.5176173], [41.43861741, 43.51762496], [41.43860975, 43.51763496], [41.43860942, 43.51764562], [41.43861342, 43.51765695], [41.4387177, 43.51772924], [41.43873136, 43.51772825], [41.43874302, 43.51772226], [41.43876561, 43.5176582], [41.43876727, 43.51767153], [41.4389755, 43.51789177], [41.43898316, 43.5179011], [41.43899846, 43.5180124], [41.43900512, 43.5180254], [41.43932299, 43.51826328], [41.44061179, 43.51859379], [41.44082505, 43.51868772], [41.44089603, 43.51873836], [41.44131755, 43.51884125], [41.44137019, 43.51883261], [41.44146284, 43.51883426], [41.44253615, 43.51925159], [41.44264109, 43.51941523], [41.44323549, 43.52116916], [41.44323227, 43.52115759], [41.44287816, 43.52088124], [41.44231877, 43.5212096], [41.44185812, 43.52190493], [41.44279611, 43.52307867], [41.44273459, 43.52338754], [41.44264276, 43.52378674], [41.44260678, 43.52383605], [41.44260944, 43.52384471], [41.4426554, 43.52389335], [41.44245846, 43.52567209], [41.44075524, 43.53148302], [41.44073808, 43.53148301], [41.43705236, 43.53766944], [41.43706902, 43.53830032], [41.43706434, 43.5382724], [41.43711233, 43.5382724], [41.43697283, 43.53835094], [41.43686687, 43.53833664], [41.43679125, 43.53836225], [41.43672561, 43.5383406], [41.43663035, 43.53827769], [41.43656337, 43.53827902], [41.43656038, 43.53829868], [41.43664071, 43.53829668], [41.43671137, 43.53829435], [41.43690301, 43.53829336], [41.43706126, 43.53834086], [41.43053301, 43.53937294], [41.41853071, 43.54205982], [41.41661723, 43.54186251], [41.41552021, 43.54223716], [41.41579592, 43.5430695], [41.41808878, 43.54472767], [41.41860991, 43.54627089], [41.41800291, 43.54748106], [41.41815466, 43.54862842], [41.41815532, 43.54867772], [41.41541786, 43.55106222], [41.41611586, 43.55175123], [41.41612221, 43.5518885], [41.41619214, 43.55208411], [41.41651062, 43.55237294], [41.41655526, 43.55240792], [41.41746625, 43.5546078], [41.41743766, 43.55835743], [41.41747129, 43.55851036], [41.41742669, 43.559589], [41.41697595, 43.56011478], [41.41814805, 43.56164373], [41.41837826, 43.56201359], [41.4181974, 43.56215721], [41.41832869, 43.56215096], [41.41847825, 43.56235922], [41.41848258, 43.56237255], [41.4177561, 43.56309615], [41.41774811, 43.56310814], [41.41751067, 43.5637262], [41.41804252, 43.56465504], [41.41819566, 43.56523962], [41.41834999, 43.56541233], [41.41836699, 43.565997], [41.4184362, 43.56634452], [41.41853317, 43.56730218], [41.4185864, 43.56786066], [41.41756535, 43.56932297], [41.41660327, 43.57326475], [41.4166096, 43.57327475], [41.41487203, 43.57624543], [41.41486272, 43.57630674], [41.4141915, 43.57737437], [41.41422545, 43.57751529], [41.41464582, 43.57817701], [41.41489559, 43.57873516], [41.41488495, 43.57885845], [41.4124701, 43.58146848], [41.41310518, 43.58153438], [41.41321981, 43.58156635], [41.41323847, 43.58156901], [41.41345408, 43.58157964], [41.41378299, 43.58155304], [41.41390294, 43.58150077], [41.41407089, 43.58151441], [41.41443876, 43.58155798], [41.4145104, 43.58158062], [41.41458937, 43.58159093], [41.41504855, 43.58179847], [41.41529535, 43.5823429], [41.41539105, 43.58459683], [41.4154484, 43.58689132], [41.41601756, 43.58705648], [41.41606621, 43.58706946], [41.41609821, 43.58706846], [41.41634547, 43.58697187], [41.41661739, 43.58681862], [41.41684598, 43.58674037], [41.4193673, 43.58737481], [41.41939494, 43.58743078], [41.42492994, 43.59294971], [41.42590163, 43.59426602], [41.42632554, 43.5951169], [41.42626662, 43.59528815], [41.42626928, 43.59529881], [41.42627561, 43.59530814], [41.4315512, 43.6014197], [41.43150716, 43.60344131], [41.4314376, 43.60398678], [41.4314366, 43.60399911], [41.43143926, 43.60401144], [41.43144626, 43.60402144], [41.43145659, 43.60402743], [41.43149391, 43.60403408], [41.43199871, 43.6042942], [41.43343219, 43.60457445], [41.43477922, 43.60726272], [41.43480653, 43.60733902], [41.43507292, 43.6079371], [41.43567507, 43.60812358], [41.43673874, 43.60853559], [41.43684861, 43.60886784], [41.43694724, 43.60898311], [41.43694524, 43.60915735], [41.43694457, 43.609184], [41.43703215, 43.60963085], [41.4369662, 43.60975446], [41.43692856, 43.6098331], [41.43682499, 43.61005535], [41.43681433, 43.61008201], [41.43652218, 43.61432879], [41.43900891, 43.61606978], [41.44016825, 43.61896666], [41.44065597, 43.61954805], [41.4407409, 43.61969398], [41.44084318, 43.61974957], [41.44105209, 43.61985918], [41.44159154, 43.62026429], [41.44175716, 43.6203659], [41.4427566, 43.62098992], [41.44448988, 43.62209144], [41.44456586, 43.62210008], [41.44604698, 43.6230009], [41.44802333, 43.62390658], [41.44849245, 43.62433802], [41.45043087, 43.62630678], [41.45090652, 43.62726608], [41.45116721, 43.62811175], [41.45117487, 43.62812241], [41.45128278, 43.62831899], [41.44985989, 43.63044215], [41.4497466, 43.63046445], [41.44815077, 43.63074894], [41.44492324, 43.63152151], [41.44420581, 43.63179124], [41.44413548, 43.63182956], [41.44309329, 43.63285274], [41.44183836, 43.63349532], [41.44109571, 43.63461384], [41.4412386, 43.63478303], [41.4412353, 43.63477246], [41.44144341, 43.63485465], [41.44268942, 43.63575231], [41.44528965, 43.63957714], [41.44593075, 43.63987929], [41.44736195, 43.64073507], [41.44741724, 43.64088136], [41.44744052, 43.64102232], [41.44745982, 43.64121593], [41.44747714, 43.64125391], [41.44757537, 43.64149547], [41.44761859, 43.64233655], [41.44777008, 43.64278136], [41.44781043, 43.64289658], [41.44783172, 43.64308415], [41.44794023, 43.64359893], [41.44802847, 43.64384916], [41.44800152, 43.64428932], [41.44796188, 43.64434763], [41.44795955, 43.64435996], [41.44791596, 43.6446302], [41.44800384, 43.64486411], [41.4481304, 43.64505036], [41.44812107, 43.64505902], [41.44811641, 43.64506901], [41.44811741, 43.64507901], [41.4433934, 43.64562364], [41.44164825, 43.64566561], [41.44127803, 43.64570656], [41.44021235, 43.64598425], [41.43918479, 43.64698946], [41.43680407, 43.64870452], [41.43525322, 43.64934705], [41.43540413, 43.64971958], [41.43564941, 43.64984517], [41.43569038, 43.64989482], [41.43569637, 43.64990848], [41.43567607, 43.65011342], [41.43867205, 43.65073541], [41.4407112, 43.65069057], [41.44893682, 43.65147821], [41.44520916, 43.65463916], [41.44520982, 43.65465049], [41.44521515, 43.65466149], [41.44524313, 43.6546978], [41.44524845, 43.65473778], [41.4450946, 43.65508761], [41.44509793, 43.65509894], [41.44510526, 43.65510927], [41.44644087, 43.65958894], [41.44676065, 43.66047515], [41.4471095, 43.66050208], [41.44733434, 43.66096885], [41.447347, 43.66097351], [41.44741364, 43.66104147], [41.44743766, 43.6625499], [41.44781133, 43.66297938], [41.44782752, 43.66296914], [41.44766528, 43.66309515], [41.44767261, 43.66309714], [41.44765255, 43.6635332], [41.44722063, 43.66427177], [41.44722162, 43.66431375], [41.4472602, 43.66459428], [41.44896467, 43.66577914], [41.44897033, 43.66579214], [41.44901631, 43.66583445], [41.44946844, 43.66594625], [41.44995189, 43.66591596], [41.45188112, 43.66678199], [41.45267747, 43.6682058], [41.45377226, 43.66840652], [41.45523541, 43.66917772], [41.45559673, 43.66950908], [41.45560138, 43.66955573], [41.45737709, 43.67071611], [41.45725357, 43.6711509], [41.4572446, 43.67121155], [41.45734649, 43.67142979], [41.45757536, 43.67175064], [41.45810949, 43.67240305], [41.45812015, 43.67241671], [41.45813348, 43.67242704], [41.45827943, 43.67248398], [41.45844304, 43.67263958], [41.45788968, 43.67345687], [41.45787602, 43.6734642], [41.45694581, 43.67451663], [41.45692517, 43.67455228], [41.45679122, 43.67465757], [41.45650713, 43.67522228], [41.45593287, 43.6762535], [41.45589222, 43.67626948], [41.45583723, 43.67626615], [41.45564773, 43.6764234], [41.45563207, 43.67642473], [41.45558208, 43.67641808], [41.45553779, 43.67638184], [41.45537713, 43.67633918], [41.45539011, 43.67635815], [41.45528852, 43.67646569], [41.45540381, 43.67641905], [41.45543614, 43.67641306], [41.4554688, 43.6764094], [41.45550713, 43.67640307], [41.45551847, 43.6764297], [41.4554666, 43.67644586], [41.45548047, 43.6764244], [41.45550194, 43.67641285], [41.45543437, 43.67644602], [41.45546935, 43.67649225], [41.4554951, 43.67647972], [41.45550137, 43.67646913], [41.45549508, 43.67644337], [41.45550895, 43.67638556], [41.45549406, 43.67638622], [41.45550033, 43.67639481], [41.45549075, 43.67640175], [41.45557391, 43.67694256], [41.45550698, 43.67707051], [41.45511375, 43.67698124], [41.45433368, 43.67675182], [41.45430469, 43.6767485], [41.45426538, 43.67672885], [41.45422773, 43.67672487], [41.45367093, 43.67593809], [41.45363061, 43.67590377], [41.45342437, 43.67590912], [41.45315911, 43.67601436], [41.45309447, 43.67604767], [41.45286554, 43.67617058], [41.45127822, 43.67666137], [41.45126722, 43.67667003], [41.45125456, 43.67667602], [41.4510683, 43.67661907], [41.45103599, 43.67657376], [41.45100167, 43.67657375], [41.45093036, 43.6765541], [41.45090337, 43.67653811], [41.45067894, 43.67645425], [41.45055099, 43.67649353], [41.43980143, 43.67564852], [41.43968546, 43.67562489], [41.43906565, 43.6755344], [41.43713094, 43.67521335], [41.41889108, 43.67259282], [41.41887642, 43.67259348], [41.40689706, 43.67461246], [41.40451908, 43.67440866], [41.40440244, 43.67441163], [41.40438545, 43.67441663], [41.40432114, 43.67447494], [41.40430381, 43.67449127], [41.40428615, 43.67450393], [41.40426715, 43.67451326], [41.40424815, 43.67451925], [41.40422816, 43.67452125], [41.40420817, 43.67452125], [41.40399324, 43.6744793], [41.40397991, 43.67447996], [41.40397125, 43.67448362], [41.40395293, 43.67451461], [41.40396992, 43.67453393], [41.40398191, 43.67453593], [41.40502374, 43.67484054], [41.40630795, 43.67668157], [41.40461214, 43.6860194], [41.40445485, 43.68597746], [41.40429025, 43.68597015], [41.4037684, 43.68607668], [41.40357951, 43.68558333], [41.40361093, 43.68552484], [41.40293522, 43.68487961], [41.40239796, 43.68410599], [41.4021508, 43.68344092], [41.40129154, 43.68289831], [41.40083008, 43.68260884], [41.40079909, 43.68259952], [41.40067579, 43.68260983], [41.39828553, 43.68044768], [41.39799933, 43.68035946], [41.39708858, 43.67968135], [41.39707858, 43.67967436], [41.39704763, 43.67959447], [41.39622459, 43.67833977], [41.3955657, 43.67768157], [41.39485636, 43.67767027], [41.39484003, 43.67767093], [41.39350836, 43.67768591], [41.39255202, 43.67670053], [41.39162081, 43.67610336], [41.39073913, 43.67532838], [41.39060747, 43.67518602], [41.39061646, 43.67518835], [41.39051797, 43.67469102], [41.38931834, 43.67317858], [41.38930478, 43.67317956], [41.38949531, 43.67313377], [41.3888887, 43.67198653], [41.38710564, 43.67004833], [41.38592529, 43.66920338], [41.3824556, 43.66806726], [41.38084561, 43.66743904], [41.38025347, 43.6671486], [41.37931401, 43.6665464], [41.37473537, 43.66234365], [41.37032608, 43.66073896], [41.37078377, 43.66060311], [41.370178, 43.66068166], [41.37013498, 43.66062776], [41.37004165, 43.6606081], [41.36994501, 43.66051679], [41.36992302, 43.66051347], [41.36986636, 43.66048981], [41.36971778, 43.66048616], [41.36962845, 43.66042516], [41.36953718, 43.66041248], [41.36794018, 43.65986015], [41.36792587, 43.65984584], [41.36339467, 43.65840292], [41.35342678, 43.64501223], [41.35316838, 43.64474882], [41.35242096, 43.64387365], [41.35233733, 43.64381838], [41.35218977, 43.64363985], [41.35203289, 43.64342464], [41.35188398, 43.64324608], [41.35184899, 43.64322943], [41.35174931, 43.64309554], [41.3515287, 43.64228377], [41.35154969, 43.64227811], [41.35146277, 43.64232008], [41.35146244, 43.64232941], [41.35144478, 43.64232409], [41.35067333, 43.64201595], [41.35065133, 43.64201861], [41.35062834, 43.64201661], [41.35061734, 43.64202294], [41.35061334, 43.64203427], [41.35056767, 43.64208591], [41.35055135, 43.64206592], [41.35054935, 43.64203759], [41.35053403, 43.6419836], [41.35047077, 43.6418584], [41.35035551, 43.64180515], [41.35035418, 43.64173282], [41.35030952, 43.64169416], [41.35018855, 43.64167085], [41.35017356, 43.64165886], [41.35012191, 43.64162521], [41.35010425, 43.64160888], [41.35008759, 43.64159655], [41.35007093, 43.64158756], [41.34948678, 43.64132146], [41.34925253, 43.64119053], [41.34780112, 43.64045903], [41.34779213, 43.64044104], [41.34771015, 43.64042573], [41.34750192, 43.64028649], [41.34714308, 43.64006365], [41.34711343, 43.64001133], [41.34710444, 43.64000234], [41.34709678, 43.63999001], [41.34710077, 43.63989839], [41.34702982, 43.63978211], [41.34702217, 43.63971114], [41.34696587, 43.63964318], [41.34613302, 43.63879762], [41.34546598, 43.63826561], [41.34408127, 43.63721307], [41.34373545, 43.63696024], [41.33693287, 43.63252946], [41.33315193, 43.63363354], [41.33303929, 43.63366616], [41.33256515, 43.63393962], [41.33137084, 43.63439069], [41.33119396, 43.63413614], [41.33082407, 43.63413974], [41.32930499, 43.6341624], [41.31807594, 43.62601856], [41.3180293, 43.62598325], [41.3173838, 43.62434845], [41.31536794, 43.62275408], [41.31396703, 43.62220718], [41.31349227, 43.62166141], [41.31294241, 43.6215489], [41.31071313, 43.62072392], [41.31024705, 43.62064515], [41.30962291, 43.62064913], [41.30808492, 43.61911916], [41.30824357, 43.61779596], [41.30896871, 43.61702017], [41.30859568, 43.61674209], [41.30683232, 43.61319011], [41.30542875, 43.61108749], [41.30561901, 43.61103513], [41.30560968, 43.6110238], [41.30558069, 43.61100447], [41.30443626, 43.61000142], [41.29805713, 43.5998393], [41.29056887, 43.59761472], [41.29061165, 43.59762429], [41.28944617, 43.59794215], [41.28912992, 43.59790289], [41.28876938, 43.59796187], [41.28875505, 43.59795421], [41.28817445, 43.5970011], [41.28854071, 43.59594311], [41.28852805, 43.59594278], [41.28817331, 43.59559964], [41.28727583, 43.59537416], [41.28720552, 43.59531785], [41.28637779, 43.59512444], [41.2863578, 43.59510679], [41.28635247, 43.59509579], [41.28606747, 43.59393571], [41.28605614, 43.59392972], [41.2858685, 43.59328044], [41.28657485, 43.59174131], [41.28664849, 43.59166101], [41.28666013, 43.59148944], [41.28659619, 43.59103498], [41.28418978, 43.59179431], [41.28387288, 43.59186193], [41.28211405, 43.59218374], [41.28184214, 43.59208482], [41.28134361, 43.59213906], [41.28116066, 43.59225332], [41.2785229, 43.59387669], [41.27776661, 43.59430568], [41.27728617, 43.59414184], [41.27727718, 43.59413385], [41.27467476, 43.5898767], [41.27468375, 43.5898667], [41.27469574, 43.58985837], [41.27802317, 43.58831103], [41.27791122, 43.5883014], [41.27747866, 43.58403257], [41.27751432, 43.58399625], [41.27755263, 43.58392928], [41.27771641, 43.58344447], [41.2776455, 43.58322387], [41.27756663, 43.58273471], [41.27757229, 43.58270572], [41.27759028, 43.58267806], [41.27760294, 43.58266673], [41.27761927, 43.58264473], [41.27783081, 43.58232584], [41.27784347, 43.58231351], [41.2779917, 43.58205261], [41.27835768, 43.58122263], [41.27836865, 43.58114733], [41.2784506, 43.58097472], [41.27844927, 43.58096573], [41.27844294, 43.58096007], [41.27843228, 43.58095941], [41.27838329, 43.58097506], [41.27833164, 43.58099971], [41.27824299, 43.58105134], [41.27794174, 43.58125357], [41.27789009, 43.58126855], [41.27782444, 43.58127021], [41.27735585, 43.58135577], [41.27657647, 43.58176217], [41.27620109, 43.58255658], [41.27581012, 43.58257737], [41.27580479, 43.58256804], [41.27580346, 43.58253372], [41.2757998, 43.58252406], [41.27573982, 43.58249475], [41.27578065, 43.57962629], [41.27596308, 43.57881919], [41.27599703, 43.57864627], [41.27612772, 43.57777314], [41.27640341, 43.57558823], [41.27619542, 43.57367035], [41.27695678, 43.57230006], [41.27691579, 43.57225974], [41.2769118, 43.57224874], [41.27691979, 43.57218076], [41.27703211, 43.57187259], [41.27703743, 43.57175868], [41.27703277, 43.57174602], [41.27702311, 43.57173736], [41.27701112, 43.57173203], [41.276484, 43.57156587], [41.27646667, 43.57156587], [41.27616235, 43.56919681], [41.27616102, 43.56918481], [41.27564556, 43.56886202], [41.27565122, 43.56885102], [41.27707317, 43.5675127], [41.2771177, 43.5672738], [41.27710337, 43.56727946], [41.27708671, 43.56728212], [41.27703073, 43.56727713], [41.27431725, 43.5662961], [41.27431092, 43.56628444], [41.27430626, 43.56625745], [41.27430859, 43.56624345], [41.27431558, 43.56622946], [41.27458217, 43.56606288], [41.27484798, 43.56564646], [41.274791, 43.56569566], [41.2747471, 43.56576951], [41.27424236, 43.56616605], [41.27418904, 43.56617337], [41.27407109, 43.56616306], [41.27268079, 43.5648671], [41.27256382, 43.56484646], [41.27253983, 43.56485579], [41.27124698, 43.56575756], [41.26809774, 43.56609194], [41.26789916, 43.56597001], [41.2678725, 43.56595736], [41.26641655, 43.56485766], [41.2663649, 43.56482301], [41.26624296, 43.56471341], [41.2658568, 43.56441358], [41.26583318, 43.5643449], [41.26582185, 43.56434091], [41.26581452, 43.56434291], [41.2658106, 43.56436954], [41.26381841, 43.56313041], [41.2632636, 43.56330187], [41.26144361, 43.56409919], [41.26132435, 43.56423812], [41.26131669, 43.56424778], [41.26082014, 43.56455362], [41.2609854, 43.56446338], [41.26108669, 43.56436575], [41.26112734, 43.56432877], [41.26105438, 43.56426981], [41.26009155, 43.56371172], [41.26003723, 43.56368742], [41.25975234, 43.5634589], [41.25688612, 43.56098915], [41.24772012, 43.5589044], [41.24738976, 43.55889136], [41.2473716, 43.55889137], [41.24579455, 43.55778556], [41.24527259, 43.55745085], [41.24513644, 43.55726512], [41.24491054, 43.55718383], [41.24456901, 43.55552916], [41.24280411, 43.5541608], [41.24260543, 43.55359213], [41.24258482, 43.55334356], [41.24257583, 43.55332424], [41.24254352, 43.55330125], [41.24248586, 43.55328827], [41.24122051, 43.55306638], [41.24058354, 43.552789], [41.24036371, 43.55248083], [41.24035505, 43.5524695], [41.24034439, 43.55245951], [41.24033206, 43.55245151], [41.24022675, 43.55242022], [41.24042555, 43.55135108], [41.23949625, 43.55069079], [41.23943831, 43.55083808], [41.23931404, 43.55094202], [41.23920112, 43.55110327], [41.23823664, 43.55190285], [41.23823198, 43.55191251], [41.23760491, 43.55266397], [41.23585853, 43.55480726], [41.23526809, 43.55501705], [41.23378101, 43.55587335], [41.23189539, 43.55705192], [41.2319309, 43.55714106], [41.23195756, 43.55712341], [41.23196622, 43.55711408], [41.23196855, 43.55710608], [41.23186701, 43.5571224], [41.23182374, 43.5571306], [41.23185973, 43.55709506], [41.23190678, 43.5571479], [41.23188861, 43.55714757], [41.22457604, 43.56505881], [41.22163282, 43.56974181], [41.22013477, 43.5697824], [41.22006938, 43.56970013], [41.22007501, 43.56969551], [41.2200625, 43.56969917], [41.22006251, 43.56968366], [41.22007442, 43.56969194], [41.22010693, 43.56978461], [41.21965782, 43.57195012], [41.20730444, 43.57975892], [41.20739439, 43.57980191], [41.20684609, 43.5795597], [41.20689304, 43.57999332], [41.20690103, 43.58000065], [41.20690469, 43.58000831], [41.20689438, 43.58003297], [41.206989, 43.58002071], [41.20715626, 43.57996146], [41.207308, 43.57978561], [41.20734027, 43.57977968], [41.20730721, 43.57975919], [41.20737151, 43.57983335], [41.20728494, 43.57984169], [41.20726299, 43.57984669], [41.20733246, 43.5798893], [41.20739809, 43.57984332], [41.20731417, 43.57985579], [41.20732375, 43.57985314], [41.20727725, 43.57981016], [41.20729341, 43.5797963], [41.20728121, 43.57979829], [41.20725092, 43.57981019], [41.20729085, 43.57982549], [41.20708933, 43.57996033], [41.20361424, 43.58092388], [41.20360324, 43.58092888], [41.20355575, 43.58090458], [41.20333888, 43.58092984], [41.20332855, 43.58092718], [41.20330489, 43.5809305], [41.20289957, 43.58127178], [41.20288158, 43.58128743], [41.19614024, 43.58454426], [41.19606555, 43.58456653], [41.19605389, 43.5845482], [41.19594995, 43.5845459], [41.19606025, 43.58452361], [41.19608357, 43.58453359], [41.1960909, 43.58454192], [41.19607332, 43.58461419], [41.19606601, 43.58454916], [41.19351352, 43.58598755], [41.19337489, 43.58604349], [41.19227995, 43.58633717], [41.18640293, 43.58770672], [41.18638661, 43.58771771], [41.1863969, 43.58772967], [41.18639305, 43.58772027], [41.1856429, 43.58834107], [41.18297194, 43.59248246], [41.18291928, 43.59253143], [41.1826711, 43.59282726], [41.18170162, 43.5936544], [41.18068561, 43.59443343], [41.18060765, 43.5944944], [41.18018777, 43.59455603], [41.17912451, 43.5947511], [41.17819547, 43.59490794], [41.17808883, 43.59490329], [41.17807117, 43.59490595], [41.17805651, 43.59491261], [41.17790092, 43.59502021], [41.17789159, 43.59502854], [41.17750741, 43.59522872], [41.17698715, 43.59593529], [41.176624, 43.59617575], [41.17662334, 43.59618441], [41.17661701, 43.59619207], [41.17650672, 43.59623935], [41.17637743, 43.59622105], [41.17636044, 43.59621939], [41.17520115, 43.59724234], [41.17454868, 43.59778025], [41.1745007, 43.59782556], [41.17448571, 43.59782955], [41.17384868, 43.59789305], [41.17325429, 43.59785082], [41.17324396, 43.59784816], [41.173174, 43.5978122], [41.17316167, 43.59781319], [41.16857328, 43.59885985], [41.16853296, 43.5988462], [41.16704548, 43.59998479], [41.16695657, 43.60052383], [41.16703912, 43.60072609], [41.16729361, 43.60119454], [41.16739327, 43.60139042], [41.16779619, 43.60187932], [41.16783217, 43.60192463], [41.16783783, 43.60193362], [41.16768177, 43.60271292], [41.16768943, 43.60273424], [41.16755515, 43.6028379], [41.16381198, 43.60525999], [41.16305368, 43.60594365], [41.16297275, 43.60608056], [41.16276416, 43.60618779], [41.16275217, 43.60619078], [41.1624393, 43.60610222], [41.16242464, 43.60609989], [41.16241031, 43.60610122], [41.16209109, 43.6061658], [41.16162757, 43.60609196], [41.16130501, 43.60601276], [41.16129135, 43.60601043], [41.16127735, 43.60601076], [41.16126269, 43.60601375], [41.15915361, 43.60608776], [41.15907798, 43.60606712], [41.15906099, 43.60606579], [41.15902701, 43.60606778], [41.15905171, 43.60605519], [41.15850637, 43.60612851], [41.15849053, 43.6061249], [41.15848655, 43.60611663], [41.15833973, 43.60599382], [41.15760662, 43.6058464], [41.15694797, 43.60646405], [41.1569493, 43.60647538], [41.15697193, 43.60653869], [41.15729494, 43.60759283], [41.15683319, 43.60789327], [41.15556144, 43.60932724], [41.15492344, 43.609559], [41.15491278, 43.60956233], [41.15433758, 43.61007813], [41.1543206, 43.61028206], [41.15428799, 43.61036236], [41.15429032, 43.61037169], [41.15401086, 43.61155967], [41.15359673, 43.61295821], [41.15342554, 43.6132674], [41.15343981, 43.61359359], [41.15346839, 43.61382781], [41.15257611, 43.61587321], [41.15255014, 43.61594318], [41.15254881, 43.61595517], [41.15238696, 43.61643313], [41.15232364, 43.6164691], [41.15230465, 43.61648809], [41.15230099, 43.61649775], [41.15230365, 43.61654774], [41.15217576, 43.61681728], [41.15209975, 43.61746274], [41.15217866, 43.61760964], [41.15213036, 43.6176916], [41.15213803, 43.61783853], [41.15133677, 43.61914999], [41.1507027, 43.61954102], [41.14960236, 43.61994422], [41.14937379, 43.61996159], [41.14899392, 43.62003764], [41.14632863, 43.62429764], [41.14581997, 43.62491262], [41.14581766, 43.62500923], [41.14562457, 43.62568797], [41.14562091, 43.62569897], [41.14532118, 43.6263114], [41.14386117, 43.6282044], [41.14375657, 43.62831901], [41.14345349, 43.62884301], [41.14341517, 43.62885499], [41.14340184, 43.62886132], [41.14328158, 43.62899893], [41.14327225, 43.62900826], [41.14283164, 43.62981923], [41.14206947, 43.63119599], [41.14204517, 43.63137525], [41.14197359, 43.63156252], [41.13947453, 43.63298814], [41.13917343, 43.63370274], [41.13916344, 43.63370973], [41.13804772, 43.63462446], [41.13802572, 43.63462712], [41.13793076, 43.63459683], [41.13791943, 43.63459949], [41.13729436, 43.6344589], [41.1339428, 43.63343379], [41.13351237, 43.63323233], [41.13341611, 43.63322137], [41.13239626, 43.63279112], [41.1262994, 43.63075827], [41.12629307, 43.63074928], [41.12585994, 43.63053147], [41.11960138, 43.62589308], [41.11938307, 43.62420657], [41.11933976, 43.62416028], [41.11719023, 43.62281832], [41.11632724, 43.62286223], [41.11173291, 43.62280822], [41.11165463, 43.62274692], [41.11156632, 43.62272756], [41.11154266, 43.62273198], [41.11162729, 43.62277959], [41.11156001, 43.62272299], [41.10967249, 43.62328825], [41.10872016, 43.62492752], [41.10742683, 43.62767897], [41.09840788, 43.63221368], [41.09806077, 43.63237475], [41.09805378, 43.63238141], [41.08924658, 43.63128695], [41.08687711, 43.63250377], [41.08642249, 43.63289069], [41.08104397, 43.63544121], [41.08103903, 43.63573198], [41.08150266, 43.63691248], [41.08144933, 43.636928], [41.08045053, 43.63702154], [41.07400231, 43.63493808], [41.07364182, 43.63466227], [41.07388349, 43.63376696], [41.07387117, 43.63173803], [41.07376891, 43.63153213], [41.07347747, 43.63105336], [41.07346548, 43.6310437], [41.07321161, 43.63080651], [41.07036404, 43.62192968], [41.06979428, 43.62157506], [41.06979362, 43.6215664], [41.06323694, 43.62205481], [41.06300234, 43.62208174], [41.06295903, 43.62209705], [41.06294704, 43.62209705], [41.06288773, 43.62207341], [41.06225531, 43.6220365], [41.06060018, 43.62183732], [41.06051521, 43.62184596], [41.06254973, 43.62131145], [41.06673311, 43.61906504], [41.06729197, 43.61653248], [41.06728531, 43.61652482], [41.06727431, 43.61652049], [41.06710936, 43.61652316], [41.06708503, 43.6165185], [41.06680484, 43.61624435], [41.06645121, 43.61533108], [41.06582631, 43.61418888], [41.06579171, 43.61401796], [41.06584755, 43.61034848], [41.06542037, 43.61010966], [41.06339208, 43.61072826], [41.06333276, 43.61075124], [41.06273141, 43.61074298], [41.05405491, 43.61094805], [41.05308111, 43.61101987], [41.05202281, 43.61067828], [41.04274411, 43.61373628], [41.04273712, 43.61374694], [41.04230939, 43.61419337], [41.04228727, 43.61419007], [41.03931276, 43.61509306], [41.03728052, 43.61518213], [41.0358458, 43.61509292], [41.0337531, 43.61461877], [41.03198334, 43.61517082], [41.03098208, 43.61608512], [41.03096509, 43.61608878], [41.03093643, 43.61610044], [41.03011204, 43.61674109], [41.02772063, 43.61800398], [41.02416258, 43.61935327], [41.02369241, 43.61954512], [41.02296027, 43.61978188], [41.02294028, 43.61978454], [41.02290529, 43.61979387], [41.01338654, 43.62250093], [41.01334522, 43.62249561], [41.01322657, 43.62249727], [41.01321124, 43.62250026], [41.0125272, 43.62255432], [41.01225795, 43.62262789], [41.00942394, 43.6229036], [41.0083863, 43.62264758], [41.00814635, 43.62265157], [41.00643647, 43.62271105], [41.00372694, 43.62313763], [40.99886158, 43.62380662], [40.99797586, 43.62404136], [40.9979702, 43.62404835], [40.99673796, 43.62389239], [40.99670631, 43.62388007], [40.99288186, 43.62461732], [40.99220205, 43.62477839], [40.99135143, 43.62487402], [40.98433372, 43.62569612], [40.98393651, 43.62570977], [40.98039785, 43.62600078], [40.9793792, 43.62630854], [40.97916294, 43.62641276], [40.97914728, 43.62641742], [40.9790943, 43.62642375], [40.97796468, 43.62682542], [40.97792935, 43.62685506], [40.97792302, 43.62686639], [40.97792136, 43.62687805], [40.97812856, 43.62729455], [40.97812457, 43.62735586], [40.97816287, 43.62743382], [40.97712296, 43.62804872], [40.97630636, 43.62850838], [40.97627803, 43.6285207], [40.97626804, 43.62852903], [40.97626338, 43.62853903], [40.97626706, 43.62863966], [40.97574264, 43.62988796], [40.97567969, 43.6300299], [40.97555377, 43.63022545], [40.97565958, 43.63032248], [40.97636212, 43.6309449], [40.97738107, 43.63191554], [40.97776415, 43.63258772], [40.97777014, 43.63259972], [40.97800672, 43.63272729], [40.97801838, 43.63273395], [40.97813564, 43.63291719], [40.97830919, 43.63300048], [40.97858542, 43.63312802], [40.97874357, 43.63345922], [40.9787459, 43.63350719], [40.97875423, 43.63351619], [40.97876589, 43.63352318], [40.97877755, 43.63352584], [40.9794712, 43.63387996], [40.97914011, 43.63467598], [40.97852053, 43.63515642], [40.97851253, 43.63516475], [40.97850753, 43.63517474], [40.97850953, 43.63520839], [40.97846065, 43.63619478], [40.97854262, 43.63625874], [40.97870923, 43.63629968], [40.9783691, 43.63771566], [40.97852475, 43.63820917], [40.97853308, 43.63821783], [40.97796187, 43.63892625], [40.97784934, 43.63915513], [40.97783592, 43.6399796], [40.97788021, 43.63993994], [40.97789588, 43.639934], [40.97780099, 43.63997568], [40.97777375, 43.63998326], [40.97809094, 43.63993788], [40.97810927, 43.63993921], [40.97817724, 43.63995418], [40.97819257, 43.63995451], [40.97826721, 43.63993886], [40.97835418, 43.63993522], [40.9788254, 43.64002208], [40.97903901, 43.64007569], [40.9792333, 43.64009233], [40.97942192, 43.64014263], [40.97944058, 43.64014329], [40.97962546, 43.64037076], [40.9796248, 43.64038309], [40.97963878, 43.64041807], [40.97963645, 43.6404807], [40.97963978, 43.64049403], [40.9796571, 43.64061599], [40.97967974, 43.64068564], [40.97972167, 43.64077491], [40.97972333, 43.64081922], [40.97970301, 43.6408732], [40.97969171, 43.64096985], [40.97970336, 43.64100917], [40.97970536, 43.64102317], [40.97970336, 43.64103617], [40.9796967, 43.64104816], [40.97962172, 43.64111513], [40.97961106, 43.64112812], [40.97960273, 43.64114178], [40.97953343, 43.64126475], [40.97952943, 43.64127974], [40.97952844, 43.64129507], [40.97953543, 43.64137138], [40.97933755, 43.6416899], [40.97932823, 43.64171722], [40.97933653, 43.64188617], [40.97932718, 43.64210376], [40.97931588, 43.64217508], [40.97932353, 43.6422184], [40.97586562, 43.64422659], [40.97574699, 43.64420029], [40.97573566, 43.64419329], [40.97548779, 43.64407374], [40.97428333, 43.64371981], [40.97413737, 43.64375241], [40.9731951, 43.64362812], [40.9719322, 43.64410434], [40.97186622, 43.64408435], [40.97164969, 43.64415026], [40.96810603, 43.6452284], [40.96793709, 43.64517714], [40.96191722, 43.64763962], [40.96179, 43.64772233], [40.96173909, 43.6492788], [40.96173642, 43.64927613], [40.96177777, 43.64926686], [40.96145886, 43.64922264], [40.96047723, 43.64918499], [40.96046124, 43.64918499], [40.96116199, 43.65255195], [40.94991334, 43.65748981], [40.94252095, 43.66040892], [40.93278287, 43.65970883], [40.93321035, 43.65931519], [40.93321768, 43.65930719], [40.93321901, 43.65929919], [40.92956309, 43.65799765], [40.92614758, 43.6578885], [40.92194319, 43.65835366], [40.92191119, 43.65834834], [40.9072677, 43.65048925], [40.90677588, 43.6503856], [40.90483041, 43.64950117], [40.90480475, 43.64948252], [40.90465479, 43.64940057], [40.90334274, 43.64847184], [40.90026601, 43.64689692], [40.8996473, 43.64668782], [40.89871199, 43.64609679], [40.89829124, 43.64561038], [40.89813334, 43.64535417], [40.89784443, 43.64525227], [40.89752789, 43.64499974], [40.89732775, 43.64464659], [40.89732706, 43.64452628], [40.89679639, 43.64395726], [40.89647386, 43.64368975], [40.89604787, 43.64268103], [40.89561866, 43.64258848], [40.89536574, 43.64249888], [40.89502383, 43.64242199], [40.89390486, 43.64217064], [40.89383655, 43.64218295], [40.89335235, 43.64213268], [40.89333302, 43.64213035], [40.89244761, 43.6420006], [40.89205741, 43.6419214], [40.89194044, 43.6418841], [40.89184346, 43.64185113], [40.89032699, 43.64194536], [40.88822941, 43.64175643], [40.88808443, 43.64172346], [40.88764123, 43.64163491], [40.88567627, 43.64277434], [40.88433202, 43.64294504], [40.87968366, 43.64302791], [40.87763504, 43.6416225], [40.8758937, 43.64247505], [40.8754996, 43.6434477], [40.87552521, 43.64465524], [40.87549758, 43.64474985], [40.8739145, 43.6458182], [40.87371194, 43.64591677], [40.87308746, 43.64617189], [40.87273556, 43.64628043], [40.87271956, 43.64628743], [40.87246798, 43.64641835], [40.86966059, 43.64787697], [40.86853964, 43.64894237], [40.86852931, 43.64895337], [40.86829375, 43.64918658], [40.86828576, 43.64922857], [40.86806485, 43.64945781], [40.86803153, 43.64946946], [40.86789993, 43.64958973], [40.86584145, 43.65144818], [40.86530419, 43.65222208], [40.86519457, 43.65235403], [40.86518824, 43.65236902], [40.86491175, 43.65280783], [40.86403768, 43.65479074], [40.86408364, 43.65489969], [40.86376692, 43.65605095], [40.86281868, 43.6571495], [40.86277969, 43.65716416], [40.86180432, 43.65710494], [40.8615984, 43.65725819], [40.86139848, 43.65737178], [40.86113722, 43.65748871], [40.86060838, 43.65761894], [40.86056939, 43.65762227], [40.8595367, 43.65786299], [40.85863534, 43.65807345], [40.85818884, 43.65822399], [40.85621468, 43.66005019], [40.8562999, 43.66071354], [40.85629724, 43.66072387], [40.85598413, 43.6602024], [40.8559708, 43.66019807], [40.85476683, 43.66084965], [40.85288907, 43.66175602], [40.85081764, 43.66203315], [40.84976803, 43.66281677], [40.84961177, 43.66302001], [40.84950349, 43.66314894], [40.84946653, 43.66324491], [40.84945454, 43.66325657], [40.84937256, 43.66331621], [40.84920766, 43.66355911], [40.84859971, 43.66443311], [40.84675995, 43.66658953], [40.84581194, 43.66710117], [40.84530344, 43.66727136], [40.84502353, 43.66734661], [40.84371776, 43.66863273], [40.84350984, 43.66882064], [40.84323793, 43.6689139], [40.84233323, 43.66946052], [40.84232024, 43.66947085], [40.84231158, 43.66948185], [40.84122986, 43.66976755], [40.84123455, 43.6697759], [40.83923077, 43.67144333], [40.83872882, 43.67233229], [40.83331441, 43.67896339], [40.83154966, 43.68035235], [40.82850315, 43.68267184], [40.82784286, 43.68460454], [40.82748316, 43.68551251], [40.82747185, 43.68561913], [40.82736093, 43.68600799], [40.8272993, 43.68611592], [40.82678506, 43.68747902], [40.82662488, 43.68776558], [40.82693528, 43.68901212], [40.82783319, 43.69062071], [40.82780059, 43.69087764], [40.82780192, 43.69088997], [40.82792877, 43.69130784], [40.82781173, 43.69289057], [40.82772614, 43.6931215], [40.82769982, 43.69315616], [40.82750305, 43.6941122], [40.8261917, 43.69360111], [40.82533159, 43.69350933], [40.82505797, 43.69354699], [40.82647297, 43.69510132], [40.82732, 43.6958053], [40.82776443, 43.69636571], [40.82717604, 43.69828669], [40.8271604, 43.69853461], [40.8271614, 43.69855094], [40.82703565, 43.70022273], [40.82812126, 43.70229065], [40.82812959, 43.70230131], [40.82859229, 43.70302198], [40.82842712, 43.70392794], [40.82822631, 43.70460299], [40.82821667, 43.70470596], [40.82851492, 43.70542039], [40.82871615, 43.7057006], [40.82917861, 43.70621306], [40.82995036, 43.70665248], [40.83032392, 43.70681905], [40.83247817, 43.70801504], [40.83258615, 43.70807202], [40.83259814, 43.70808268], [40.8326138, 43.70809267], [40.83338213, 43.70883066], [40.83387229, 43.70923615], [40.83418709, 43.70969065], [40.83424973, 43.70974929], [40.83451349, 43.71054771], [40.83469497, 43.71129312], [40.83462207, 43.71189022], [40.83461541, 43.71190155], [40.83456914, 43.71204651], [40.83466169, 43.71244702], [40.83471394, 43.71270359], [40.83499835, 43.71332403], [40.83502268, 43.71334902], [40.83509264, 43.71348465], [40.83520757, 43.71360958], [40.83718368, 43.71537174], [40.83841019, 43.71619632], [40.83874536, 43.71654853], [40.83882799, 43.71661317], [40.83883599, 43.71662516], [40.83888762, 43.71676044], [40.83914812, 43.7170096], [40.83927734, 43.71750407], [40.83922237, 43.71763735], [40.83951031, 43.71823745], [40.83918379, 43.72016665], [40.83935004, 43.72038025], [40.83950631, 43.7204992], [40.83995901, 43.72182996], [40.84059338, 43.7230891], [40.84111097, 43.72507653], [40.84112263, 43.72509152], [40.84113096, 43.72510685], [40.84123554, 43.7253754], [40.84168658, 43.72601415], [40.84203311, 43.72640764], [40.84306904, 43.72692798], [40.8436938, 43.72835617], [40.84366281, 43.72837149], [40.84349522, 43.72853808], [40.84381069, 43.72921348], [40.84382635, 43.72924414], [40.84385566, 43.72928012], [40.8440102, 43.72959567], [40.84388674, 43.73030244], [40.84308837, 43.73219707], [40.84274587, 43.73260756], [40.84270425, 43.73271986], [40.84013211, 43.73686976], [40.84035993, 43.7375425], [40.84082202, 43.73832086], [40.8411088, 43.738861], [40.841222, 43.73912056], [40.8412683, 43.73923152], [40.8415387, 43.73991531], [40.84170238, 43.74027544], [40.84172036, 43.7403131], [40.84336635, 43.74174769], [40.84336411, 43.74368544], [40.84323233, 43.74441749], [40.84321635, 43.74447081], [40.84320673, 43.74486467], [40.84332465, 43.74520418], [40.84328203, 43.74603789], [40.8438217, 43.74709382], [40.84417445, 43.74756592], [40.84417279, 43.74761858], [40.8442674, 43.74773186], [40.84456143, 43.74840098], [40.84472472, 43.74872012], [40.84473004, 43.7488371], [40.8446162, 43.74991537], [40.84447105, 43.75036786], [40.8445899, 43.75100565], [40.84460556, 43.75102898], [40.84467652, 43.75109394], [40.84469612, 43.75126721], [40.84472411, 43.75129119], [40.8447414, 43.75145478], [40.84476905, 43.75150609], [40.84483436, 43.75206119], [40.84442783, 43.7525063], [40.84441217, 43.75251096], [40.84428856, 43.75253159], [40.84375407, 43.75288337], [40.84360081, 43.7530393], [40.84351956, 43.75321989], [40.84349426, 43.75358143], [40.84383795, 43.75427311], [40.84493921, 43.75530366], [40.84494487, 43.75531665], [40.8448972, 43.75648976], [40.84544787, 43.75821941], [40.84640675, 43.75909795], [40.84665167, 43.75927751], [40.84673198, 43.75932515], [40.84676097, 43.75935381], [40.8467813, 43.75937681], [40.84720001, 43.76003185], [40.84723165, 43.7600875], [40.84738521, 43.76126935], [40.84740054, 43.76129934], [40.84742885, 43.76165821], [40.84784234, 43.76236197], [40.84958248, 43.76285587], [40.8508651, 43.76332284], [40.85094208, 43.76334049], [40.85151396, 43.76338935], [40.85158095, 43.76359227], [40.85161458, 43.76367758], [40.85165452, 43.76384018], [40.85180469, 43.76424105], [40.85323705, 43.76590965], [40.85334234, 43.76599527], [40.85340966, 43.76602457], [40.85396511, 43.76641502], [40.85408408, 43.76649032], [40.85414234, 43.76669159], [40.8542453, 43.76676521], [40.85544913, 43.76810798], [40.85696526, 43.76877051], [40.85791531, 43.76898829], [40.86016495, 43.77148461], [40.86030811, 43.77255457], [40.86064128, 43.7730487], [40.86119244, 43.77323692], [40.86129441, 43.77321929], [40.86133707, 43.7732173], [40.86137739, 43.77322162], [40.86141638, 43.77323228], [40.86176261, 43.77336487], [40.862658, 43.77376362], [40.86377626, 43.7747162], [40.86415277, 43.77517304], [40.86474721, 43.77583509], [40.86483951, 43.77592806], [40.86556555, 43.77649642], [40.86561919, 43.77650807], [40.86739697, 43.77727218], [40.86803808, 43.77749131], [40.86890416, 43.77772374], [40.86953496, 43.77797985], [40.86980709, 43.77845367], [40.86992768, 43.7786819], [40.87036576, 43.77930234], [40.8704427, 43.77952726], [40.87045335, 43.77967953], [40.87058988, 43.77999407], [40.87072412, 43.7801863], [40.87245426, 43.78100181], [40.87263087, 43.78108009], [40.87266519, 43.78110242], [40.8727255, 43.7811284], [40.87285944, 43.78118836], [40.87363485, 43.78165043], [40.87458124, 43.78194316], [40.87464689, 43.78197415], [40.87526201, 43.78220205], [40.87639336, 43.78262543], [40.87691655, 43.78251191], [40.87918319, 43.78203404], [40.8827343, 43.78201206], [40.88348672, 43.78242119], [40.88350671, 43.78242585], [40.88362401, 43.78243449], [40.88423683, 43.78254037], [40.88514326, 43.78263953], [40.88529122, 43.78266082], [40.8869288, 43.78236171], [40.88722869, 43.78217981], [40.88776652, 43.78210787], [40.89052794, 43.78246253], [40.89072056, 43.78251448], [40.89134872, 43.78252213], [40.89177027, 43.78266535], [40.89236425, 43.78395409], [40.89235894, 43.7839924], [40.8924425, 43.78422629], [40.89319603, 43.78622981], [40.8933625, 43.78669193], [40.89341514, 43.78676256], [40.89868563, 43.79336386], [40.89872228, 43.79337085], [40.90033535, 43.79419931], [40.90590134, 43.79763563], [40.90609756, 43.79794417], [40.90610155, 43.79795883], [40.9060656, 43.79873556], [40.90682961, 43.79971821], [40.90663669, 43.80015603], [40.90681397, 43.80029329], [40.90737678, 43.80059343], [40.90762463, 43.80106859], [40.90756736, 43.80274529], [40.90756802, 43.80278194], [40.90757235, 43.80279493], [40.90781418, 43.80319511], [40.90818064, 43.80380289], [40.90908021, 43.80473879], [40.91043123, 43.80592435], [40.91036599, 43.806002], [40.91032298, 43.80600899], [40.91058448, 43.80625385], [40.91133785, 43.80662311], [40.9114777, 43.80690266], [40.91148703, 43.80691332], [40.91147466, 43.80691662], [40.911463, 43.80691629], [40.911456, 43.80692195], [40.91146465, 43.80700091], [40.91147398, 43.80700957], [40.91148664, 43.80701256], [40.91149997, 43.80701057], [40.91152897, 43.80718317], [40.91131471, 43.80894782], [40.91050298, 43.80926854], [40.91040204, 43.80940516], [40.91114681, 43.81315185], [40.91189713, 43.81581627], [40.91212673, 43.81586019], [40.91214039, 43.81586485], [40.91229164, 43.81600812], [40.91285872, 43.81822753], [40.91346354, 43.81835234], [40.91353018, 43.81838233], [40.90948411, 43.82104625], [40.9092042, 43.8209257], [40.90766171, 43.82016856], [40.90718189, 43.82008443], [40.90667971, 43.81999792], [40.90606391, 43.81996704], [40.90546448, 43.81990283], [40.9046607, 43.81965949], [40.90410486, 43.81959593], [40.90328663, 43.81945112], [40.90324931, 43.81946477], [40.90298174, 43.81938594], [40.90296308, 43.81938261], [40.9025229, 43.81934076], [40.90229331, 43.81925353], [40.90171948, 43.81912234], [40.89977431, 43.81914564], [40.89963502, 43.8191696], [40.89937044, 43.81923416], [40.89881794, 43.81922678], [40.8987293, 43.81921181], [40.89840005, 43.81917856], [40.89779996, 43.81885246], [40.89753438, 43.81874521], [40.89712751, 43.81860568], [40.89691624, 43.81855207], [40.89689991, 43.81854974], [40.89492184, 43.81680409], [40.89473062, 43.81662852], [40.89458871, 43.81648094], [40.89264668, 43.81508937], [40.89248248, 43.81494517], [40.89222301, 43.81468971], [40.89137987, 43.81418722], [40.89116567, 43.81427108], [40.89112703, 43.81429371], [40.89072439, 43.8144994], [40.89070941, 43.81451972], [40.89123954, 43.81453706], [40.89129851, 43.81456369], [40.89117223, 43.81492143], [40.89091968, 43.81493639], [40.88854964, 43.81540197], [40.88825018, 43.81510218], [40.88816289, 43.81504788], [40.88811124, 43.8150289], [40.88800761, 43.81496195], [40.88785767, 43.81487137], [40.88776971, 43.81482673], [40.88775571, 43.81482574], [40.88718762, 43.81474149], [40.88716163, 43.81473517], [40.88709498, 43.8147092], [40.88680442, 43.81462003], [40.88663184, 43.81455411], [40.8864779, 43.81456142], [40.88635495, 43.81453646], [40.8862823, 43.8145368], [40.88623831, 43.81454545], [40.88566786, 43.81460863], [40.88558256, 43.81461197], [40.88527237, 43.81458833], [40.88477895, 43.81440419], [40.88468099, 43.81434491], [40.88464768, 43.81431025], [40.88438713, 43.81421003], [40.8843808, 43.81420237], [40.88388403, 43.81405791], [40.88378712, 43.81398597], [40.88366481, 43.81397099], [40.88359783, 43.81395301], [40.88355385, 43.8139177], [40.88332559, 43.81380145], [40.88328761, 43.81376413], [40.88321365, 43.81373016], [40.88303971, 43.81360857], [40.88300539, 43.81360258], [40.88282678, 43.81356496], [40.88265117, 43.81352869], [40.88263884, 43.81352336], [40.88262851, 43.8135147], [40.88244056, 43.81345211], [40.88201274, 43.81317081], [40.88078942, 43.8136498], [40.87999722, 43.81380821], [40.88004133, 43.81507471], [40.88004898, 43.81511169], [40.88005664, 43.81512635], [40.87996491, 43.81482682], [40.87912226, 43.81496877], [40.87655419, 43.81386757], [40.87603413, 43.81350319], [40.87568892, 43.81341333], [40.87555999, 43.81335139], [40.8753224, 43.81325648], [40.87374926, 43.81155292], [40.87350009, 43.81125519], [40.87333858, 43.81102498], [40.87294914, 43.81072922], [40.86972362, 43.81107061], [40.86974193, 43.8110033], [40.86671414, 43.81004654], [40.8667268, 43.81004121], [40.86686399, 43.80990933], [40.86688931, 43.80987734], [40.86687468, 43.80977437], [40.86686335, 43.80976738], [40.86295018, 43.80916908], [40.85940457, 43.80634223], [40.85947726, 43.80552332], [40.85849255, 43.80633807], [40.85658995, 43.80702022], [40.85569441, 43.80753223], [40.85485402, 43.8085981], [40.85428474, 43.80851191], [40.85430882, 43.80824384], [40.8543208, 43.80818719], [40.85442879, 43.80758178], [40.85443979, 43.80756512], [40.85441015, 43.80755814], [40.8538962, 43.80693469], [40.85385366, 43.80664583], [40.85349787, 43.80636039], [40.85319864, 43.80631318], [40.85022991, 43.80586764], [40.84996133, 43.8058899], [40.84988468, 43.80587458], [40.84943513, 43.80593217], [40.84910894, 43.80612736], [40.84913157, 43.806188], [40.84921616, 43.80632292], [40.84931477, 43.80671239], [40.84870886, 43.80733303], [40.8476816, 43.8069668], [40.84767663, 43.80709342], [40.84767163, 43.80710508], [40.84273929, 43.80445341], [40.84296479, 43.80414193], [40.84309173, 43.80408799], [40.84349589, 43.80377253], [40.84129859, 43.80246092], [40.841825, 43.80055904], [40.84183061, 43.80054616], [40.84186639, 43.80053164], [40.8418432, 43.80052711], [40.84193065, 43.80051265], [40.84192931, 43.80051865], [40.84183886, 43.80053657], [40.84190177, 43.80049721], [40.84187376, 43.80051877], [40.84188565, 43.80051647], [40.84190618, 43.80051911], [40.8419204, 43.8005102], [40.84190652, 43.80050691], [40.84223057, 43.79997118], [40.84353884, 43.79891421], [40.84450588, 43.7987971], [40.8445512, 43.79878511], [40.84456619, 43.79877845], [40.84459318, 43.79876313], [40.8446235, 43.79875581], [40.84524177, 43.79649326], [40.84283408, 43.79524199], [40.83922725, 43.79354651], [40.83713478, 43.79285023], [40.83541494, 43.79205174], [40.8353518, 43.79103204], [40.83555746, 43.78813603], [40.83247611, 43.78810008], [40.83002599, 43.78772112], [40.82592488, 43.78552469], [40.82457723, 43.78479221], [40.82088914, 43.78438183], [40.81842959, 43.78587637], [40.81643441, 43.78653925], [40.80833179, 43.78710907], [40.78859176, 43.78449253], [40.78591428, 43.78565913], [40.78580099, 43.78571475], [40.78573536, 43.78576439], [40.78535815, 43.78588324], [40.78461243, 43.78609608], [40.78403797, 43.78635622], [40.78402897, 43.78636388], [40.78401764, 43.78636854], [40.78384836, 43.78636157], [40.78157684, 43.78701381], [40.78091675, 43.78695751], [40.78092475, 43.78694585], [40.78093871, 43.78686521], [40.77889899, 43.7859689], [40.77857108, 43.78607777], [40.77855708, 43.7860781], [40.77854209, 43.78607511], [40.77852843, 43.78606978], [40.77780951, 43.78521121], [40.77780118, 43.78520188], [40.77778985, 43.78519555], [40.77673359, 43.78407152], [40.77671893, 43.78407285], [40.77664663, 43.78409249], [40.77118727, 43.78786686], [40.76912076, 43.79467768], [40.76907045, 43.79473466], [40.76905979, 43.79474765], [40.76866228, 43.79496751], [40.76842276, 43.79506841], [40.76802294, 43.79532124], [40.76796497, 43.79536821], [40.7676904, 43.79554543], [40.76654928, 43.7964162], [40.76512496, 43.79767845], [40.76439682, 43.79890415], [40.76300243, 43.79955435], [40.75905767, 43.79883291], [40.75892378, 43.79903579], [40.75894975, 43.80062218], [40.75892215, 43.80128225], [40.75884959, 43.8015891], [40.7588396, 43.80161442], [40.75863904, 43.80183162], [40.75840581, 43.80199485], [40.7578742, 43.8023226], [40.75790771, 43.8039897], [40.75776685, 43.80432622], [40.75772233, 43.8052378], [40.75745257, 43.80573693], [40.75746454, 43.80589387], [40.75496391, 43.81132973], [40.75467218, 43.81353764], [40.75478167, 43.81375789], [40.75470166, 43.813789], [40.75478741, 43.8169958], [40.75495726, 43.81732634], [40.75495726, 43.81749863], [40.75497857, 43.81755894], [40.75473125, 43.81836124], [40.7522191, 43.81952117], [40.75170882, 43.82022673], [40.75110326, 43.82196579], [40.75149644, 43.822975], [40.75150506, 43.82440203], [40.75149643, 43.82631103], [40.75147611, 43.82637136], [40.75147045, 43.82639302], [40.75147943, 43.82687319], [40.75152772, 43.82745695], [40.75163198, 43.82759922], [40.75164731, 43.82763321], [40.75181286, 43.82784878], [40.75182952, 43.8278771], [40.75184018, 43.82789076], [40.75220532, 43.82836823], [40.75221232, 43.82838156], [40.75226954, 43.82856082], [40.75225755, 43.82858282], [40.75225255, 43.82860348], [40.75225155, 43.82862347], [40.75225288, 43.82864313], [40.75225621, 43.82866179], [40.75228418, 43.82873177], [40.75228751, 43.82875043], [40.75241341, 43.82911298], [40.75275287, 43.82956347], [40.75317545, 43.82999455], [40.75351233, 43.83018366], [40.75353432, 43.83020865], [40.75355997, 43.83025363], [40.75378344, 43.83087442], [40.75381143, 43.83089475], [40.75382909, 43.83090074], [40.75415365, 43.8310873], [40.75446306, 43.83172372], [40.7545003, 43.83195497], [40.75443341, 43.8321912], [40.75444604, 43.83224985], [40.75499016, 43.83259264], [40.75523771, 43.83279386], [40.75524602, 43.83283851], [40.75474627, 43.83349659], [40.75472765, 43.83364086], [40.75469342, 43.8338991], [40.75470341, 43.83393408], [40.75450258, 43.83436486], [40.75450357, 43.83437586], [40.75349312, 43.83572718], [40.75329132, 43.83612103], [40.75344183, 43.8364542], [40.75351073, 43.83669844], [40.75347545, 43.83682806], [40.75363801, 43.83706262], [40.75375589, 43.83743484], [40.75402236, 43.83780368], [40.75435292, 43.83810652], [40.75464381, 43.83841472], [40.7546558, 43.83842572], [40.75485338, 43.83849832], [40.75576442, 43.8388844], [40.75577708, 43.83889339], [40.75579741, 43.83891571], [40.75582206, 43.83897336], [40.75576312, 43.83920262], [40.75584342, 43.84023258], [40.7560702, 43.84206122], [40.75524287, 43.84287987], [40.75569306, 43.84409808], [40.755835, 43.84416269], [40.75580378, 43.84457919], [40.75581509, 43.84462384], [40.75582309, 43.8446365], [40.75585241, 43.84466782], [40.7558574, 43.84467981], [40.75601787, 43.84498675], [40.75702318, 43.8460274], [40.75757091, 43.84661175], [40.7578616, 43.84766671], [40.75832974, 43.8488528], [40.75847524, 43.84911535], [40.75859953, 43.8492876], [40.7590682, 43.85011019], [40.75931672, 43.85139894], [40.76369543, 43.85917533], [40.76373439, 43.85924429], [40.76816452, 43.86266798], [40.76819835, 43.8663603], [40.76870877, 43.86805396], [40.76870776, 43.86840275], [40.76888227, 43.86959796], [40.76695683, 43.87187316], [40.76695255, 43.87184841], [40.76694257, 43.87211585], [40.76913133, 43.87550646], [40.77414578, 43.87824752], [40.77524237, 43.87847116], [40.77867227, 43.87945004], [40.77880757, 43.87945501], [40.78060764, 43.87989173], [40.78067829, 43.87990237], [40.78081591, 43.87993202], [40.7809542, 43.87988273], [40.78226572, 43.87993594], [40.78256861, 43.88005049], [40.7902357, 43.89252683], [40.79108749, 43.8934599], [40.79130962, 43.8936707], [40.79152284, 43.89384858], [40.79157112, 43.89389887], [40.79160576, 43.89393585], [40.79185998, 43.89413435], [40.79246198, 43.89485504], [40.79012106, 43.89670916], [40.79009899, 43.89673236], [40.79073632, 43.89936792], [40.79079517, 43.89994968], [40.79082049, 43.90009963], [40.78938065, 43.9053999], [40.78936033, 43.90542322], [40.78924541, 43.90576005], [40.78954598, 43.90585726], [40.78961429, 43.90586124], [40.78966961, 43.90585092], [40.78979758, 43.90584559], [40.79007383, 43.90585157], [40.79026511, 43.90583562], [40.7902821, 43.90583762], [40.79041907, 43.90582267], [40.79045506, 43.90581201], [40.79084961, 43.9058093], [40.79103121, 43.90585989], [40.7908016, 43.90609069], [40.79055937, 43.9062309], [40.7904104, 43.90729988], [40.7904244, 43.90730688], [40.79050537, 43.90736585], [40.79069829, 43.90750209], [40.79074361, 43.90752174], [40.79082424, 43.90759504], [40.7908499, 43.9076107], [40.79064402, 43.90815734], [40.7869673, 43.91193107], [40.78759979, 43.91195371], [40.78492915, 43.91432614], [40.78240559, 43.91450944], [40.79025194, 43.91705773], [40.79227503, 43.91984924], [40.79236321, 43.92055987], [40.79034096, 43.92242781], [40.78837285, 43.92441562], [40.78819998, 43.92470386], [40.78772181, 43.92491405], [40.7868862, 43.92513906], [40.78677455, 43.92516903], [40.78599412, 43.92528644], [40.78520502, 43.92555023], [40.78430127, 43.92603431], [40.78367181, 43.92994585], [40.78365282, 43.93021842], [40.78358592, 43.93046469], [40.78357628, 43.93052067], [40.78355031, 43.93059963], [40.78354998, 43.93061596], [40.78357891, 43.93161528], [40.78353935, 43.93197978], [40.78355365, 43.93207909], [40.78351742, 43.93229767], [40.78347653, 43.93274117], [40.7831864, 43.93336558], [40.7815882, 43.93460436], [40.78143959, 43.93470532], [40.78121834, 43.93480359], [40.78120535, 43.93481159], [40.78021968, 43.93533497], [40.77960032, 43.93606032], [40.77946221, 43.93684208], [40.77936865, 43.93713296], [40.77918249, 43.93767944], [40.77914418, 43.93799235], [40.77899732, 43.9383519], [40.778968, 43.93838955], [40.77879979, 43.93871876], [40.77874948, 43.93878073], [40.77873648, 43.93879006], [40.77855124, 43.93894196], [40.77847763, 43.93906591], [40.7783331, 43.93943009], [40.77832012, 43.93945908], [40.77830781, 43.93952372], [40.77829549, 43.93955438], [40.77797936, 43.94005619], [40.77790079, 43.94034678], [40.77773524, 43.94069166], [40.77721085, 43.94145036], [40.77720319, 43.94151], [40.77719453, 43.94152233], [40.77716919, 43.94153599], [40.77718019, 43.94152866], [40.77719218, 43.94152433], [40.77720251, 43.94152433], [40.77721084, 43.94152966], [40.77732439, 43.94185023], [40.77741396, 43.9425473], [40.77738463, 43.94259627], [40.7761679, 43.94467338], [40.7761529, 43.94467471], [40.77514186, 43.94443265], [40.77431386, 43.94469695], [40.77379362, 43.94813123], [40.77333223, 43.94914381], [40.77330258, 43.94918212], [40.77308166, 43.94925472], [40.773067, 43.94925505], [40.77303735, 43.94924773], [40.77244423, 43.94904024], [40.7724219, 43.94902125], [40.77234608, 43.95038442], [40.77255719, 43.95087654], [40.77354722, 43.95224584], [40.77306679, 43.95473521], [40.7730608, 43.95474754], [40.77178093, 43.95514519], [40.77148867, 43.95526346], [40.76833958, 43.95765698], [40.76756086, 43.96046515], [40.76727146, 43.96102925], [40.76651029, 43.96191115], [40.76633404, 43.96202249], [40.76613517, 43.96221771], [40.76608886, 43.96225036], [40.76560007, 43.96266582], [40.7647907, 43.9633231], [40.76425716, 43.96431365], [40.76420452, 43.96439295], [40.76369461, 43.96526525], [40.76352907, 43.96552947], [40.76347378, 43.96564477], [40.76320408, 43.96600558], [40.76256681, 43.9667375], [40.76253782, 43.96679482], [40.76251783, 43.96681747], [40.76188144, 43.96728253], [40.76127669, 43.96768829], [40.7608662, 43.96804316], [40.76076257, 43.96811579], [40.76067128, 43.96819175], [40.76066328, 43.96820408], [40.76065328, 43.96821474], [40.76062829, 43.9682324], [40.76061429, 43.96823839], [40.76047967, 43.96832734], [40.75947752, 43.96930184], [40.75918835, 43.96974506], [40.7588088, 43.97148514], [40.75880313, 43.97155843], [40.75815781, 43.97109725], [40.75785795, 43.97088742], [40.75762207, 43.97065958], [40.75605649, 43.97014525], [40.75523344, 43.97002745], [40.75522045, 43.97002844], [40.75520845, 43.9700321], [40.75515881, 43.97006142], [40.75508619, 43.97011638], [40.75501356, 43.97011506], [40.75485363, 43.97008112], [40.75391035, 43.96972018], [40.75343425, 43.96952638], [40.75305843, 43.96942715], [40.7528772, 43.96936526], [40.75223015, 43.96914681], [40.75146377, 43.96837806], [40.75141912, 43.96835308], [40.75124923, 43.96824153], [40.75040045, 43.96762717], [40.74992971, 43.96740366], [40.74780257, 43.96694478], [40.74743904, 43.96692616], [40.74724513, 43.96691054], [40.74696857, 43.96694013], [40.74693025, 43.96695445], [40.7457878, 43.96814267], [40.74050313, 43.97015735], [40.73950026, 43.97026092], [40.73916539, 43.97019707], [40.7359031, 43.97036368], [40.73503514, 43.97048585], [40.73335019, 43.97076226], [40.73322655, 43.97077157], [40.72954562, 43.9703228], [40.72909443, 43.97024593], [40.72750238, 43.97039], [40.72664243, 43.97062926], [40.72399947, 43.9728908], [40.71863034, 43.97055167], [40.71564618, 43.97018626], [40.71562886, 43.97014961], [40.7155073, 43.96999734], [40.70842809, 43.96931814], [40.70850766, 43.969507], [40.7083238, 43.96944937], [40.70499126, 43.96818485], [40.70496894, 43.96816386], [40.69255105, 43.97011261], [40.69255172, 43.97010667], [40.68507769, 43.96807973], [40.68286558, 43.96661504], [40.68276962, 43.96658843], [40.67936389, 43.96635659], [40.6765208, 43.96610967], [40.67488866, 43.9657801], [40.67499193, 43.96568148], [40.67502825, 43.96566549], [40.66002023, 43.9624651], [40.66097669, 43.96109186], [40.66098535, 43.96107986], [40.66099668, 43.96106987], [40.66106333, 43.96104155], [40.66328341, 43.95850153], [40.66295313, 43.95851913], [40.66270953, 43.95851912], [40.66200515, 43.95842015], [40.66149366, 43.95863468], [40.66144034, 43.958651], [40.66133704, 43.95866664], [40.65868907, 43.95774217], [40.65867308, 43.95774316], [40.65827229, 43.95805433], [40.65805069, 43.95816091], [40.65500729, 43.95987205], [40.65480937, 43.96002927], [40.65309588, 43.96062777], [40.6530379, 43.96064341], [40.65259339, 43.96060015], [40.65258073, 43.96059182], [40.65253976, 43.96052251], [40.65251644, 43.96050685], [40.65199266, 43.96033434], [40.65181872, 43.96024673], [40.65179573, 43.96025639], [40.65176941, 43.96028538], [40.65175541, 43.96029271], [40.65167211, 43.96029936], [40.65139753, 43.96028171], [40.65123524, 43.96023209], [40.65122191, 43.9602231], [40.6511826, 43.96019178], [40.65031795, 43.95997698], [40.64919672, 43.95969801], [40.6491524, 43.95971398], [40.64804986, 43.95923555], [40.64729281, 43.95885044], [40.64680429, 43.95866296], [40.64666933, 43.958604], [40.64645806, 43.95854772], [40.64613148, 43.95853074], [40.64611449, 43.9585344], [40.6460022, 43.95855006], [40.64561335, 43.95860302], [40.64560102, 43.95860036], [40.64558969, 43.95859436], [40.64555473, 43.95850774], [40.64549576, 43.95853172], [40.6454871, 43.95854371], [40.64546847, 43.95860903], [40.64546147, 43.95862003], [40.64545114, 43.95862936], [40.64495261, 43.95864706], [40.64488333, 43.95857243], [40.6439197, 43.95806784], [40.64381674, 43.95803221], [40.64312933, 43.95749114], [40.64305469, 43.95745083], [40.64215804, 43.95713461], [40.64131434, 43.95708798], [40.64130768, 43.95707798], [40.6393384, 43.95592137], [40.63929376, 43.9558664], [40.63711164, 43.95445433], [40.63706632, 43.95442668], [40.63692341, 43.95419174], [40.63529483, 43.95269817], [40.63500267, 43.95232731], [40.63464391, 43.95093645], [40.63394221, 43.95036573], [40.63389323, 43.9503061], [40.63388757, 43.9502941], [40.63390855, 43.95020282], [40.63340942, 43.94953655], [40.63278552, 43.94916095], [40.6284171, 43.94627786], [40.62533577, 43.94648082], [40.6244651, 43.94614242], [40.62444644, 43.94613943], [40.62444268, 43.9461667], [40.62408055, 43.94612846], [40.62434555, 43.94617657], [40.62465278, 43.94622516], [40.62613306, 43.94724969], [40.62632729, 43.94831838], [40.62653107, 43.95225394], [40.62601559, 43.95273441], [40.62600459, 43.95274541], [40.62584901, 43.95297264], [40.62567808, 43.95310456], [40.62511035, 43.95364402], [40.62452788, 43.95403982], [40.62447824, 43.95400285], [40.62447758, 43.95399152], [40.62446293, 43.95397153], [40.6244516, 43.9539642], [40.6244376, 43.95396054], [40.6244226, 43.95395988], [40.6242517, 43.95418844], [40.62424237, 43.95420043], [40.62350931, 43.95476415], [40.62301744, 43.95499065], [40.62300644, 43.95500065], [40.62299878, 43.95501198], [40.62027633, 43.9562704], [40.61959425, 43.95682778], [40.61948596, 43.95694804], [40.61938968, 43.95710499], [40.61940235, 43.95718261], [40.61637262, 43.9603992], [40.61629467, 43.96056014], [40.61598148, 43.96085566], [40.61586384, 43.96092528], [40.61559593, 43.96105616], [40.61541132, 43.96119741], [40.61537334, 43.96125638], [40.61340195, 43.96203061], [40.61346423, 43.96215456], [40.60956694, 43.9640572], [40.60940832, 43.96415249], [40.6092144, 43.96427908], [40.60918174, 43.9643134], [40.60750638, 43.9662604], [40.6065978, 43.96702967], [40.60356244, 43.97014939], [40.60118085, 43.96902232], [40.6003048, 43.96896571], [40.60010064, 43.96897504], [40.59973873, 43.96903661], [40.5997224, 43.96903861], [40.5977547, 43.96915005], [40.59772171, 43.9691637], [40.59756777, 43.96926765], [40.59755477, 43.96927798], [40.59750678, 43.9693003], [40.59738081, 43.96933894], [40.59722518, 43.9693859], [40.59716921, 43.96941088], [40.59700328, 43.96956113], [40.5969743, 43.96959312], [40.59684169, 43.96968541], [40.59162844, 43.96895276], [40.59159345, 43.9689511], [40.59157479, 43.9689461], [40.59151613, 43.96891479], [40.59099996, 43.96878325], [40.5867905, 43.96850623], [40.58648228, 43.96862546], [40.58626305, 43.96871401], [40.58609909, 43.9687543], [40.58604577, 43.96875595], [40.58552966, 43.96886878], [40.58528641, 43.96896137], [40.5852101, 43.96897334], [40.58509546, 43.96896504], [40.58492483, 43.96889343], [40.5847256, 43.9688042], [40.584559, 43.96881453], [40.58446702, 43.96878222], [40.58445269, 43.96878222], [40.58409287, 43.96888407], [40.58032189, 43.96938339], [40.57838745, 43.96910751], [40.57706133, 43.96945055], [40.57655982, 43.9696427], [40.5764442, 43.96971366], [40.57011001, 43.97040739], [40.57006236, 43.97041304], [40.57002804, 43.9704227], [40.56992409, 43.97053832], [40.56944126, 43.97075315], [40.56943193, 43.97076481], [40.5694276, 43.97077814], [40.56943126, 43.97081513], [40.5694266, 43.97082446], [40.5693073, 43.97084775], [40.56904355, 43.97378458], [40.56863234, 43.97386145], [40.56149375, 43.97080836], [40.561444, 43.97084833], [40.55971953, 43.97117715], [40.55936299, 43.97129337], [40.55910252, 43.97149787], [40.55907553, 43.9715102], [40.55888702, 43.97180602], [40.55867611, 43.97195027], [40.55866478, 43.9719606], [40.55865878, 43.97197193], [40.55865845, 43.97198359], [40.55799924, 43.97297211], [40.55768861, 43.97333059], [40.55768195, 43.97335158], [40.55768659, 43.97336063], [40.55767859, 43.97336996], [40.5577272, 43.97358721], [40.55773853, 43.97359654], [40.5601492, 43.97535423], [40.56016685, 43.97539189], [40.56129973, 43.97620041], [40.56137835, 43.97626204], [40.56138268, 43.97627204], [40.56138367, 43.97628403], [40.56123409, 43.97647529], [40.56064693, 43.97674344], [40.55449917, 43.98079292], [40.5518965, 43.98409309], [40.55140101, 43.98401622], [40.5484637, 43.98505804], [40.54822578, 43.98508262], [40.54803586, 43.98509158], [40.54798387, 43.9851039], [40.54794755, 43.98510622], [40.54792822, 43.98510589], [40.54778126, 43.98511553], [40.54769496, 43.98511653], [40.54758699, 43.98513648], [40.54757366, 43.98514014], [40.54730739, 43.98517072], [40.54677324, 43.98516173], [40.54645823, 43.98523654], [40.54617998, 43.9852299], [40.54616365, 43.98523289], [40.54612966, 43.98524888], [40.54604769, 43.98524055], [40.54286671, 43.98550563], [40.54191634, 43.98545723], [40.54193867, 43.98544958], [40.54137819, 43.98566342], [40.54135153, 43.9856491], [40.53965867, 43.98470362], [40.5395057, 43.98473656], [40.53913014, 43.98480509], [40.53884159, 43.98472021], [40.53637374, 43.98400177], [40.53523019, 43.98335588], [40.53341362, 43.98240434], [40.53304511, 43.98223185], [40.53300812, 43.98220254], [40.53297913, 43.98218821], [40.53014242, 43.97967128], [40.52987307, 43.9787245], [40.5267608, 43.97772563], [40.52657417, 43.97777393], [40.52655818, 43.97777327], [40.52653519, 43.97777826], [40.52642323, 43.97776563], [40.52634526, 43.97777128], [40.52630961, 43.97776696], [40.52628962, 43.97776929], [40.52625263, 43.97777562], [40.5262403, 43.97778328], [40.52620631, 43.97779394], [40.52615533, 43.97780026], [40.52614267, 43.97780392], [40.52608935, 43.97781224], [40.52582478, 43.9778079], [40.52531701, 43.97778072], [40.52526035, 43.97778971], [40.52515405, 43.97779237], [40.52513472, 43.97778771], [40.52497344, 43.97775177], [40.52494945, 43.97774311], [40.52464589, 43.9777837], [40.52457026, 43.97775806], [40.52439197, 43.97777506], [40.52437364, 43.97777639], [40.52430332, 43.97777207], [40.52413673, 43.97780366], [40.52411341, 43.97782599], [40.52409975, 43.97783399], [40.5240471, 43.97785263], [40.52398945, 43.97786361], [40.52397145, 43.97786794], [40.52395879, 43.9778746], [40.52392281, 43.97792724], [40.52391215, 43.9779309], [40.52357875, 43.97819268], [40.52345847, 43.97823695], [40.5235183, 43.97821731], [40.52275965, 43.97824024], [40.52267934, 43.97826155], [40.52261004, 43.9782922], [40.52259405, 43.97829819], [40.52247576, 43.9783308], [40.5224421, 43.97833544], [40.52241177, 43.97833145], [40.51937524, 43.97777482], [40.51750528, 43.97781147], [40.51747295, 43.97781879], [40.51363272, 43.97765824], [40.51361439, 43.9776599], [40.5135974, 43.97766423], [40.51358307, 43.97767122], [40.5131036, 43.97812801], [40.51308894, 43.97813167], [40.51171473, 43.97775837], [40.51141216, 43.97773712], [40.50981006, 43.97652717], [40.5090693, 43.97643732], [40.50899833, 43.97644197], [40.50870874, 43.97651419], [40.50810059, 43.97658536], [40.50770135, 43.97650813], [40.50761771, 43.97650813], [40.5058247, 43.97433437], [40.50045026, 43.97565507], [40.49074935, 43.97789284], [40.47866952, 43.97960786], [40.47848062, 43.97943265], [40.47842565, 43.97936636], [40.47840001, 43.97929406], [40.47839468, 43.9792834], [40.47819017, 43.9791079], [40.47814152, 43.97907592], [40.47812619, 43.97906926], [40.47777006, 43.97797056], [40.47775477, 43.97780131], [40.47774111, 43.97752012], [40.47773645, 43.97748713], [40.47770081, 43.9774205], [40.47760959, 43.97710636], [40.4776026, 43.97707004], [40.47738183, 43.97653662], [40.4760059, 43.97372518], [40.47602478, 43.97372122], [40.47572695, 43.97332823], [40.47513627, 43.97147809], [40.47514393, 43.97146676], [40.47516956, 43.97133881], [40.47513147, 43.96933585], [40.47501251, 43.96927489], [40.47486247, 43.96921698], [40.47318163, 43.97008575], [40.47302539, 43.97020833], [40.4728411, 43.97029725], [40.47282644, 43.97030158], [40.47260651, 43.97039248], [40.47176501, 43.97147729], [40.47176102, 43.97148862], [40.47045961, 43.97429199], [40.47070442, 43.97552317], [40.46930992, 43.98238389], [40.46934614, 43.9824549], [40.4687568, 43.98446394], [40.46856101, 43.9850912], [40.46855268, 43.98510586], [40.46855102, 43.98513185], [40.46843327, 43.98560185], [40.46839602, 43.98579599], [40.46839602, 43.98580665], [40.46839069, 43.98581465], [40.46833104, 43.98584162], [40.46767405, 43.98630326], [40.46750784, 43.98647181], [40.46720921, 43.98711863], [40.4672405, 43.98730181], [40.46716233, 43.98756893], [40.4644189, 43.99142855], [40.46445483, 43.99143284], [40.46443651, 43.99138119], [40.46443618, 43.99137053], [40.46444084, 43.99135987], [40.46445017, 43.99135187], [40.46441356, 43.99143246], [40.45750487, 44.00421332], [40.45729996, 44.00429488], [40.45719399, 44.00432783], [40.4520947, 44.01056294], [40.45188588, 44.01110534], [40.44302389, 44.02098276], [40.44285666, 44.02116866], [40.44279336, 44.02120264], [40.44204502, 44.02145168], [40.44009828, 44.02202588], [40.44003184, 44.02272511], [40.4399373, 44.02312927], [40.43992898, 44.02315326], [40.43992865, 44.02318124], [40.43987269, 44.02325286], [40.43984672, 44.02331249], [40.43983639, 44.02332282], [40.43978608, 44.02336114], [40.43977043, 44.02337913], [40.43968581, 44.02346107], [40.43939163, 44.02366554], [40.43934538, 44.02377113], [40.43934837, 44.02381311], [40.43937002, 44.02383843], [40.43937268, 44.02385642], [40.43935569, 44.02389872], [40.43935702, 44.02392171], [40.43930785, 44.02423204], [40.43911665, 44.02455715], [40.43901266, 44.02472901], [40.43898334, 44.02475134], [40.43896335, 44.02476367], [40.43894869, 44.024777], [40.43893336, 44.02478833], [40.43860996, 44.0254496], [40.43859163, 44.02547126], [40.43849537, 44.02560083], [40.43834851, 44.02578731], [40.43752285, 44.0261326], [40.43719373, 44.02612827], [40.43716275, 44.02611529], [40.43708818, 44.02621515], [40.43706819, 44.02623247], [40.4354111, 44.02719859], [40.43389456, 44.02822705], [40.43358707, 44.0285242], [40.43308148, 44.02894579], [40.43155619, 44.0310066], [40.428963, 44.03611749], [40.42895735, 44.0360955], [40.42869484, 44.03879645], [40.42111745, 44.04033333], [40.4185999, 44.04148456], [40.41859695, 44.04151655], [40.41868319, 44.04160778], [40.41867676, 44.04159864], [40.41867116, 44.0415605], [40.41690798, 44.04337431], [40.41445818, 44.04593274], [40.41385443, 44.04626144], [40.41370589, 44.04648493], [40.41370656, 44.04654591], [40.41344972, 44.04735802], [40.41379664, 44.04805195], [40.41420185, 44.04875214], [40.41285695, 44.05105067], [40.41270836, 44.05146173], [40.41179079, 44.05220202], [40.41131311, 44.05265188], [40.4099349, 44.05318842], [40.40810896, 44.05436333], [40.40742195, 44.05454374], [40.40718707, 44.05463897], [40.40614794, 44.05547036], [40.40530828, 44.05673987], [40.40530162, 44.05674453], [40.40529929, 44.05675818], [40.40388779, 44.05735621], [40.40213854, 44.05822483], [40.40191933, 44.0582857], [40.4005608, 44.05916423], [40.40049086, 44.05923748], [40.39935645, 44.06194841], [40.39922399, 44.06197633], [40.39918951, 44.06202891], [40.39918027, 44.06202064], [40.39460796, 44.06172639], [40.39357579, 44.06223522], [40.39346756, 44.06235613], [40.3936951, 44.0633474], [40.3924586, 44.06391863], [40.39232536, 44.06404982], [40.39279976, 44.06508936], [40.39279976, 44.06509936], [40.39300525, 44.06537219], [40.39303791, 44.0653975], [40.39306852, 44.06554902], [40.39270706, 44.06554699], [40.39231839, 44.06599223], [40.39232271, 44.06601656], [40.39246845, 44.06706904], [40.39243098, 44.06734655], [40.39201401, 44.06772643], [40.39176251, 44.06794887], [40.39167121, 44.06801084], [40.39105404, 44.06845664], [40.39084731, 44.06969295], [40.39083837, 44.06988419], [40.391031, 44.07079089], [40.39086175, 44.07093381], [40.38639323, 44.07295051], [40.38638725, 44.07299216], [40.38602782, 44.07308934], [40.38429804, 44.07349809], [40.38231819, 44.07340417], [40.38096725, 44.07317685], [40.37966569, 44.07315887], [40.37958055, 44.07427094], [40.37956493, 44.07523565], [40.37888764, 44.07675086], [40.37928366, 44.07783795], [40.37871366, 44.07840432], [40.37867836, 44.07846596], [40.37868102, 44.07848162], [40.37867336, 44.07850761], [40.37862739, 44.07857559], [40.37859973, 44.07859591], [40.37853143, 44.07865487], [40.37804124, 44.0797213], [40.37803525, 44.07974763], [40.37745238, 44.08083654], [40.37713315, 44.0826468], [40.37712249, 44.08267179], [40.37718242, 44.08298567], [40.37717515, 44.08327189], [40.37708903, 44.08428603], [40.3769096, 44.08489946], [40.37759784, 44.08718008], [40.37746029, 44.08747462], [40.37767368, 44.08885209], [40.377701, 44.08887208], [40.37771233, 44.08888341], [40.37804751, 44.0910294], [40.37749911, 44.09180795], [40.37691867, 44.09222836], [40.3764624, 44.09328182], [40.37654032, 44.09363781], [40.37642874, 44.09448357], [40.37639553, 44.09506631], [40.37609449, 44.09580467], [40.37588688, 44.09723696], [40.37588294, 44.09811698], [40.37591259, 44.09828655], [40.37591259, 44.09832987], [40.37592624, 44.0983572], [40.37594023, 44.09839718], [40.37594956, 44.09840384], [40.37595422, 44.09841283], [40.37598454, 44.09852778], [40.37603445, 44.09874538], [40.37621406, 44.09974087], [40.37621336, 44.09949228], [40.37609876, 44.09931701], [40.37584965, 44.10061661], [40.37584765, 44.10063161], [40.37589857, 44.10089687], [40.37592592, 44.10129927], [40.36990122, 44.10199708], [40.36187714, 44.10364502], [40.36186248, 44.10364203], [40.3616146, 44.10362804], [40.35899588, 44.10355277], [40.35703454, 44.10423741], [40.3561275, 44.10441074], [40.35605087, 44.10444105], [40.35362541, 44.10401058], [40.35277901, 44.10398869], [40.35260473, 44.10404896], [40.35097702, 44.10483001], [40.34876066, 44.10562682], [40.34805257, 44.10595811], [40.34795294, 44.10603973], [40.34740088, 44.10651047], [40.34513871, 44.10909175], [40.34511974, 44.10920671], [40.34509311, 44.10988814], [40.34100259, 44.11374968], [40.34047994, 44.11489031], [40.34047831, 44.11489725], [40.34046082, 44.11489064], [40.34109749, 44.11541619], [40.33995143, 44.11647629], [40.33898322, 44.11744552], [40.33863341, 44.11782638], [40.33761291, 44.11889091], [40.33655095, 44.11956982], [40.33484731, 44.12038554], [40.32931895, 44.12279924], [40.32892241, 44.1227846], [40.32867416, 44.12284286], [40.32835826, 44.12296206], [40.32272755, 44.12527177], [40.32252898, 44.12553165], [40.32192741, 44.12636058], [40.32192907, 44.12637457], [40.32136157, 44.12742711], [40.32117233, 44.12760334], [40.32111606, 44.12776827], [40.31966489, 44.12897224], [40.31860522, 44.12891604], [40.31649138, 44.12979412], [40.31397394, 44.13160901], [40.31320718, 44.13185079], [40.3129616, 44.13189671], [40.31198228, 44.13242632], [40.31121089, 44.13287027], [40.31140227, 44.13306151], [40.31138446, 44.13307142], [40.3114009, 44.13309066], [40.31138804, 44.13308704], [40.31111311, 44.13293116], [40.31010165, 44.13305943], [40.30980013, 44.13316734], [40.30684613, 44.13349619], [40.30557982, 44.13403863], [40.30509554, 44.13464895], [40.30500326, 44.13474326], [40.3049956, 44.13475426], [40.30498861, 44.13479092], [40.30466541, 44.13517309], [40.30432526, 44.13568886], [40.30431593, 44.13570019], [40.30426764, 44.13578782], [40.30414335, 44.13596406], [40.30385051, 44.13636891], [40.30382887, 44.13643622], [40.30305527, 44.13753181], [40.30305229, 44.13760244], [40.30304796, 44.13761577], [40.30288801, 44.13780701], [40.30278406, 44.13791263], [40.30264119, 44.13813917], [40.30209646, 44.13872124], [40.30209513, 44.13873157], [40.30175667, 44.13955932], [40.30199967, 44.14019803], [40.30233689, 44.14042026], [40.30235555, 44.14042459], [40.30257848, 44.14049186], [40.30286773, 44.14058144], [40.30307, 44.14066371], [40.30322862, 44.14071301], [40.3032986, 44.14072798], [40.3033146, 44.14073431], [40.30334592, 44.14075163], [40.30374246, 44.14087421], [40.3039144, 44.1409935], [40.3039284, 44.14100183], [40.30426428, 44.14132037], [40.30426961, 44.1413337], [40.30427661, 44.14142767], [40.3043066, 44.14145632], [40.30442419, 44.14168354], [40.30443551, 44.14171053], [40.30453712, 44.14183782], [40.30460544, 44.14190844], [40.30506551, 44.14266015], [40.30508148, 44.14272913], [40.30516742, 44.14285475], [40.30517075, 44.14286941], [40.30516842, 44.1429244], [40.30517342, 44.14293673], [40.30531164, 44.14318631], [40.30538787, 44.14344755], [40.30496724, 44.14437553], [40.30487133, 44.14463043], [40.30453727, 44.14532716], [40.30422514, 44.14581962], [40.30417085, 44.14591792], [40.30418176, 44.14700121], [40.30353702, 44.14771193], [40.30279194, 44.14810575], [40.30195995, 44.14885046], [40.30150517, 44.14930559], [40.30125027, 44.14940982], [40.30076507, 44.14963099], [40.30071075, 44.14966796], [40.29954211, 44.14971192], [40.29801219, 44.14956117], [40.29777659, 44.14965311], [40.29676522, 44.15050912], [40.29652829, 44.15069903], [40.29613174, 44.15092758], [40.29599077, 44.15100154], [40.29601316, 44.15153862], [40.29692788, 44.15115258], [40.29820787, 44.15171063], [40.29812263, 44.15249141], [40.29965876, 44.15332162], [40.29968941, 44.15334227], [40.30012494, 44.15331729], [40.30074439, 44.15313682], [40.30086802, 44.1530862], [40.30088468, 44.15308487], [40.30238313, 44.15374], [40.30261537, 44.15389957], [40.30269263, 44.1543574], [40.30237715, 44.15548905], [40.30189343, 44.15611679], [40.30156448, 44.15731007], [40.30152582, 44.15734305], [40.30063714, 44.15794503], [40.29990537, 44.15803958], [40.29897661, 44.15839797], [40.29896128, 44.1584063], [40.29895362, 44.15841529], [40.29895296, 44.15842529], [40.29853877, 44.158799], [40.29853977, 44.15917421], [40.29872398, 44.1594741], [40.29875625, 44.15960541], [40.29875526, 44.15961974], [40.29801792, 44.16039244], [40.29797329, 44.16051873], [40.29799323, 44.16075432], [40.2979636, 44.16091393], [40.29792829, 44.16123049], [40.29790831, 44.16129147], [40.29791562, 44.16155373], [40.29797293, 44.16161637], [40.29818446, 44.16197587], [40.29822111, 44.16202418], [40.29854734, 44.16237687], [40.29865762, 44.16245914], [40.30015259, 44.16534041], [40.29906026, 44.1679602], [40.29838201, 44.17132907], [40.29892912, 44.17186021], [40.29958217, 44.17253063], [40.30020369, 44.17359413], [40.30011255, 44.17511667], [40.30002672, 44.17574747], [40.29987481, 44.17598569], [40.2974566, 44.17740315], [40.29736633, 44.17762674], [40.29634716, 44.17870158], [40.29594164, 44.1790204], [40.29342803, 44.18332124], [40.29160026, 44.18668501], [40.29163156, 44.18676065], [40.29293556, 44.19042384], [40.29586637, 44.19319222], [40.29689374, 44.19364492], [40.29796876, 44.19326649], [40.29910207, 44.19330853], [40.29936321, 44.19378898], [40.2995319, 44.19454302], [40.29957222, 44.19459401], [40.29957988, 44.19460734], [40.29958785, 44.19478829], [40.29967706, 44.19536113], [40.29967606, 44.19537412], [40.29967173, 44.19538678], [40.29927821, 44.19567196], [40.29573037, 44.19582261], [40.2776703, 44.20781237], [40.27767063, 44.20788434], [40.27767929, 44.207896], [40.28087252, 44.20871398], [40.28060516, 44.20916174], [40.28063661, 44.20917034], [40.28065242, 44.20916148], [40.2806415, 44.20914926], [40.25427138, 44.21166984], [40.25426005, 44.21167984], [40.25425539, 44.21169117], [40.25425838, 44.21170217], [40.25422003, 44.21171085], [40.25420503, 44.21171052], [40.25125658, 44.21236378], [40.25085633, 44.2123372], [40.25079435, 44.21229723], [40.25077902, 44.21229057], [40.25029914, 44.2122836], [40.25025682, 44.21230092], [40.24731657, 44.21231452], [40.24729826, 44.21236283], [40.24553508, 44.21457022], [40.24510159, 44.21487636], [40.24516987, 44.21501729], [40.24587658, 44.21580391], [40.24584625, 44.2158099], [40.2453741, 44.21581171], [40.24543565, 44.21589734], [40.24575213, 44.21996837], [40.24582241, 44.22006235], [40.24576544, 44.21999473], [40.24683406, 44.23052668], [40.24351117, 44.23747804], [40.2438663, 44.23782016], [40.24394726, 44.23789845], [40.24567661, 44.23882446], [40.23718255, 44.23989057], [40.23696975, 44.23991802], [40.23727358, 44.23979181], [40.23720646, 44.23928341], [40.23718561, 44.23929152], [40.2369333, 44.23989631], [40.23586218, 44.23935519], [40.23415238, 44.23954326], [40.23204281, 44.23937392], [40.23202881, 44.23937425], [40.23087236, 44.239587], [40.22854962, 44.23977423], [40.22842504, 44.2399218], [40.22824744, 44.23998075], [40.22823178, 44.23998208], [40.22809316, 44.24001538], [40.22807883, 44.24003571], [40.22794922, 44.24016331], [40.22794122, 44.24017497], [40.22780864, 44.24035891], [40.2270362, 44.24072262], [40.22699622, 44.24076793], [40.22698389, 44.24077493], [40.22653203, 44.24100009], [40.22653269, 44.24101409], [40.22662057, 44.24166452], [40.22540405, 44.24283327], [40.22486885, 44.24303345], [40.22487481, 44.24327272], [40.22482286, 44.24354159], [40.22478044, 44.24367379], [40.22463168, 44.24428288], [40.22451848, 44.24482769], [40.2241356, 44.24500855], [40.22412794, 44.24501788], [40.22412561, 44.24503854], [40.2241356, 44.24506154], [40.22413227, 44.24508552], [40.22391809, 44.24561996], [40.22393873, 44.2456686], [40.22399662, 44.2460075], [40.22401094, 44.24603149], [40.22407186, 44.24622775], [40.22410582, 44.24633839], [40.22375443, 44.24699052], [40.22374244, 44.24702117], [40.22374045, 44.24703717], [40.22368949, 44.24723309], [40.22368883, 44.24724808], [40.22370318, 44.24748731], [40.22369029, 44.24748105], [40.22356406, 44.24777293], [40.22334844, 44.24785957], [40.22263132, 44.24822228], [40.222609, 44.24824727], [40.22209855, 44.24871276], [40.22208589, 44.24872309], [40.2217378, 44.24935619], [40.2213966, 44.24970636], [40.22129102, 44.24999589], [40.2212214, 44.25015417], [40.22111144, 44.25021546], [40.21983487, 44.25063703], [40.2196853, 44.2508073], [40.2190222, 44.25124472], [40.21804804, 44.25177679], [40.21782654, 44.25216123], [40.21788014, 44.25231718], [40.21810671, 44.25302037], [40.2181217, 44.2530307], [40.21813236, 44.25304203], [40.21813835, 44.25305502], [40.21775048, 44.25324018], [40.2172963, 44.25319758], [40.21717267, 44.25323121], [40.21713934, 44.25325054], [40.21641143, 44.25383251], [40.21621769, 44.25453046], [40.2160805, 44.25482132], [40.21607817, 44.25483198], [40.2160815, 44.25484397], [40.21651358, 44.25581785], [40.21660009, 44.2560714], [40.21667868, 44.25661335], [40.21668701, 44.25662201], [40.21574113, 44.2582797], [40.21569083, 44.25834501], [40.21365575, 44.25956841], [40.21361813, 44.2597017], [40.21339088, 44.2599456], [40.21277682, 44.260658], [40.2119608, 44.26124501], [40.21084822, 44.26168168], [40.20968149, 44.2623926], [40.20728598, 44.26509045], [40.20715838, 44.26527638], [40.20109206, 44.26976889], [40.2010764, 44.26977522], [40.19929064, 44.27009006], [40.19677399, 44.27623235], [40.19676366, 44.27624601], [40.19671334, 44.276289], [40.19651043, 44.27628534], [40.19695953, 44.27841796], [40.19696519, 44.27842895], [40.19696619, 44.27844028], [40.19696286, 44.27845028], [40.19695553, 44.27845961], [40.19498456, 44.27886971], [40.1945139, 44.27831667], [40.19442993, 44.27826936], [40.19429135, 44.27808111], [40.19416038, 44.27809208], [40.19415305, 44.27809941], [40.19411308, 44.27821569], [40.1927945, 44.2785637], [40.19278417, 44.2785717], [40.19183042, 44.27867618], [40.19169846, 44.27871114], [40.19164814, 44.27876912], [40.19163548, 44.27877778], [40.1910371, 44.27939615], [40.19069504, 44.28010389], [40.19068771, 44.28011655], [40.19067738, 44.28012754], [40.18933743, 44.28048834], [40.18840139, 44.28065615], [40.18838906, 44.28066448], [40.18834574, 44.28070412], [40.18804151, 44.280788], [40.18354339, 44.29092299], [40.18354739, 44.29093465], [40.18400125, 44.29132706], [40.18361945, 44.2914916], [40.18360846, 44.29150326], [40.18360313, 44.29151592], [40.18360612, 44.29152758], [40.18361345, 44.29153924], [40.18212772, 44.29145657], [40.18231071, 44.29149455], [40.18220681, 44.29145021], [40.18220186, 44.29145715], [40.18218265, 44.2914489], [40.18209499, 44.29158466], [40.18219586, 44.29145868], [40.18221181, 44.29127507], [40.18219016, 44.29122542], [40.18159568, 44.29097865], [40.17951989, 44.29085852], [40.17945158, 44.29084288], [40.17919332, 44.2908625], [40.17916333, 44.29085218], [40.17914633, 44.29084885], [40.17478676, 44.28770372], [40.17422861, 44.28773995], [40.17419695, 44.28773961], [40.17372048, 44.28742116], [40.17369282, 44.28741017], [40.17348756, 44.28739621], [40.17226718, 44.28524304], [40.17097203, 44.28472593], [40.16891458, 44.28301909], [40.1688173, 44.28298516], [40.16880464, 44.28298582], [40.1625096, 44.2844437], [40.15708789, 44.28417332], [40.15707456, 44.28417898], [40.15673066, 44.28422887], [40.1562325, 44.28416865], [40.15544683, 44.28418762], [40.15535818, 44.28417931], [40.15012373, 44.28413564], [40.1500011, 44.28408701], [40.14901674, 44.28388399], [40.14897076, 44.28387367], [40.14895543, 44.28387467], [40.1488568, 44.28393829], [40.14884447, 44.28394562], [40.14765756, 44.28395224], [40.14590323, 44.28381399], [40.14557737, 44.28382234], [40.1455803, 44.283824], [40.14477792, 44.28380767], [40.14333574, 44.28362651], [40.14249243, 44.28330646], [40.13695001, 44.28129835], [40.13493444, 44.28030388], [40.13465705, 44.28002638], [40.13463206, 44.28001006], [40.13179169, 44.27959299], [40.13047853, 44.27915677], [40.12948391, 44.27906022], [40.12844724, 44.27849371], [40.12822702, 44.27843508], [40.12820337, 44.27842776], [40.12675729, 44.277908], [40.12669531, 44.27790833], [40.12665032, 44.27789002], [40.12646573, 44.27753355], [40.12588738, 44.27705822], [40.12554184, 44.27683007], [40.12525494, 44.2767345], [40.125128, 44.27663789], [40.12221599, 44.2762296], [40.12216885, 44.27623409], [40.12213559, 44.27628802], [40.12217189, 44.27631764], [40.12222882, 44.27623041], [40.12123542, 44.27611035], [40.11845486, 44.27578394], [40.11738597, 44.27570842], [40.11731999, 44.27573173], [40.11228393, 44.27510837], [40.11153553, 44.27407013], [40.11073332, 44.27214365], [40.11078401, 44.27088628], [40.11081963, 44.27066837], [40.1108769, 44.27054209], [40.1109384, 44.27018127], [40.11093208, 44.27011096], [40.11024393, 44.26852288], [40.11023463, 44.26840026], [40.10988854, 44.26786316], [40.1093379, 44.26650207], [40.1092823, 44.26599296], [40.10916514, 44.26554809], [40.10852454, 44.26483047], [40.10817021, 44.26410785], [40.10732756, 44.26206428], [40.10725398, 44.26195634], [40.10698117, 44.26165651], [40.1068779, 44.2615276], [40.10616907, 44.26056205], [40.10612342, 44.26054473], [40.10602478, 44.26048177], [40.10558537, 44.25998166], [40.1055857, 44.25992902], [40.10538293, 44.25948661], [40.10448025, 44.25719944], [40.10365068, 44.25661288], [40.10280131, 44.25560215], [40.10248875, 44.25497466], [40.10316684, 44.25393485], [40.10385772, 44.25170724], [40.10452846, 44.25117586], [40.10440622, 44.25078971], [40.10429363, 44.25062043], [40.1042117, 44.25049181], [40.10305063, 44.24945241], [40.10301232, 44.24943276], [40.10018974, 44.24518285], [40.1001475, 44.24520399], [40.10017527, 44.24519738], [40.10019344, 44.24520299], [40.10020005, 44.24519671], [40.10019013, 44.24517591], [40.10017394, 44.24518053], [40.08842493, 44.2408471], [40.08836799, 44.24095769], [40.08833833, 44.24096635], [40.08584611, 44.23950429], [40.08576615, 44.23941434], [40.08551027, 44.23926412], [40.08267087, 44.23669017], [40.077521, 44.22971783], [40.07752366, 44.22970784], [40.078109, 44.22853367], [40.0764532, 44.22766541], [40.07614849, 44.22776169], [40.07606552, 44.22774738], [40.07604886, 44.22775104], [40.07110242, 44.22764552], [40.07028433, 44.22767938], [40.06914027, 44.2277175], [40.06909861, 44.22774215], [40.06908428, 44.22774815], [40.06876304, 44.22776972], [40.06886733, 44.22774875], [40.06889599, 44.22773476], [40.06896396, 44.22766212], [40.06900862, 44.22769403], [40.06898498, 44.22774632], [40.06897199, 44.22775365], [40.068936, 44.22776463], [40.06846978, 44.2277856], [40.06831116, 44.22779057], [40.06780697, 44.22776767], [40.06754905, 44.22773807], [40.06753206, 44.22773774], [40.06737443, 44.22772776], [40.06310948, 44.22805564], [40.06300052, 44.22808961], [40.06289757, 44.22813323], [40.06288191, 44.22814156], [40.06286358, 44.22814822], [40.06269461, 44.22817751], [40.06265729, 44.22818084], [40.06116577, 44.22868064], [40.05754425, 44.22917569], [40.0574826, 44.22917337], [40.05720433, 44.2292073], [40.05715235, 44.22922528], [40.05599943, 44.22945353], [40.05553891, 44.22954339], [40.05487412, 44.22964653], [40.05195574, 44.23004445], [40.05081075, 44.23015148], [40.05079476, 44.23015648], [40.05075177, 44.2301758], [40.04871136, 44.23067324], [40.04864938, 44.23070755], [40.04861506, 44.2307242], [40.04850942, 44.23075116], [40.04790625, 44.23082299], [40.04548728, 44.23075924], [40.04401204, 44.23072926], [40.04259781, 44.23081234], [40.04110657, 44.23106129], [40.0339584, 44.23218207], [40.03344357, 44.23223234], [40.03337725, 44.2322453], [40.03169383, 44.2324266], [40.03075644, 44.23248744], [40.03074244, 44.23249077], [40.03065447, 44.23252374], [40.02958712, 44.23278144], [40.02695133, 44.23248849], [40.02474146, 44.23210679], [40.02466848, 44.23210745], [40.02447756, 44.23209583], [40.02295606, 44.23194853], [40.01723296, 44.23088888], [40.01287873, 44.22898316], [40.01283475, 44.22893586], [40.00798402, 44.22596899], [40.00796058, 44.22597329], [40.00793744, 44.22598979], [40.00795773, 44.22597876], [40.00484347, 44.223156], [40.004858, 44.22314841], [40.0043233, 44.22274128], [40.00197616, 44.22198987], [40.00715928, 44.22136311], [40.00741086, 44.22144634], [40.00760446, 44.22141603], [40.00761345, 44.2214047], [40.00772708, 44.22133841], [40.00739823, 44.220865], [40.00715347, 44.22037664], [40.00526226, 44.21949842], [40.0016537, 44.21926241], [39.99483399, 44.21802462], [39.99370606, 44.21801503], [39.99302431, 44.21772565], [39.99218345, 44.21674482], [39.99169797, 44.21644764], [39.99147937, 44.21643868], [39.99132008, 44.21647229], [39.99130608, 44.21647928], [39.99083563, 44.2167841], [39.9901412, 44.21685976], [39.98933318, 44.21679378], [39.98590542, 44.21616877], [39.98517365, 44.21594568], [39.98454551, 44.21592009], [39.98140154, 44.21563392], [39.98138655, 44.21562993], [39.98124293, 44.21562695], [39.98120794, 44.21562295], [39.9798874, 44.21551883], [39.9797741, 44.21552615], [39.97873044, 44.21583015], [39.97846487, 44.21594406], [39.97730662, 44.21622584], [39.97722997, 44.21620553], [39.97712968, 44.21620585], [39.97645089, 44.21602706], [39.97638724, 44.21601141], [39.97625561, 44.21600145], [39.97618697, 44.21598446], [39.97615631, 44.21597247], [39.97607633, 44.21595817], [39.9758364, 44.21596844], [39.97497501, 44.21575234], [39.97378443, 44.21530208], [39.9723055, 44.21511016], [39.97093558, 44.21471788], [39.97090159, 44.21470656], [39.97065798, 44.21474688], [39.97058933, 44.21475985], [39.96963364, 44.21433183], [39.96657653, 44.21094429], [39.96656287, 44.21093729], [39.9658864, 44.21080331], [39.96609668, 44.21086074], [39.96642219, 44.21084806], [39.96643417, 44.21082607], [39.96644116, 44.21079042], [39.96688272, 44.21019075], [39.96689471, 44.21018875], [39.96690503, 44.21017376], [39.96690237, 44.21015477], [39.9657473, 44.20846696], [39.9657363, 44.2084563], [39.96606708, 44.20735394], [39.96616791, 44.20726317], [39.96617424, 44.20722752], [39.96496436, 44.20574728], [39.9632365, 44.20560708], [39.96278832, 44.20549088], [39.96228284, 44.20556678], [39.96226685, 44.20555979], [39.96220687, 44.20548782], [39.96218561, 44.20510564], [39.96205743, 44.20480477], [39.96205809, 44.20471014], [39.96161137, 44.20268709], [39.96160838, 44.20267909], [39.96161071, 44.20267043], [39.96161704, 44.2026631], [39.96162704, 44.2026581], [39.96171569, 44.20265677], [39.96172902, 44.20265177], [39.96173435, 44.20264244], [39.96173136, 44.20263244], [39.96114312, 44.20143977], [39.96114478, 44.20143177], [39.96140183, 44.20130156], [39.96129433, 44.20124566], [39.9611168, 44.20127804], [39.961097, 44.20128962], [39.96108906, 44.20129127], [39.96109699, 44.20128269], [39.95986173, 44.2012245], [39.9598424, 44.20121984], [39.95982374, 44.20121851], [39.95980441, 44.20122017], [39.95847245, 44.20182905], [39.95843746, 44.20183704], [39.95841947, 44.20183737], [39.95840147, 44.20183471], [39.95838381, 44.20182971], [39.95885454, 44.19922468], [39.95884821, 44.19921068], [39.9582424, 44.19882522], [39.96236727, 44.1913655], [39.9602582, 44.19026848], [39.96076602, 44.18872789], [39.96026993, 44.18843654], [39.95973171, 44.18815792], [39.95970507, 44.18810362], [39.96026247, 44.1879042], [39.96134601, 44.18754678], [39.9613037, 44.18729322], [39.95966845, 44.18278124], [39.95939541, 44.18153742], [39.95940945, 44.1812932], [39.95947708, 44.18132284], [39.96034077, 44.18167121], [39.96088327, 44.1819847], [39.96091193, 44.18199736], [39.96112319, 44.18206596], [39.96116451, 44.18208862], [39.96194789, 44.18229901], [39.96310586, 44.17972061], [39.96351773, 44.17958538], [39.96423164, 44.17535381], [39.96445983, 44.17491577], [39.96447316, 44.17491477], [39.96457609, 44.17480382], [39.96477099, 44.17299556], [39.96402555, 44.17172992], [39.96406045, 44.17125692], [39.96438093, 44.1710321], [39.96460565, 44.16996289], [39.96341186, 44.1687344], [39.96338477, 44.1684149], [39.96354782, 44.16379232], [39.96343454, 44.16370204], [39.96322934, 44.16316762], [39.96322733, 44.1631173], [39.96298724, 44.16274882], [39.96289369, 44.16227207], [39.96279942, 44.16214681], [39.96275047, 44.16205918], [39.96233829, 44.16052845], [39.96267983, 44.16069132], [39.96282811, 44.16073393], [39.96295607, 44.16081721], [39.96433688, 44.16115412], [39.96439096, 44.159987], [39.96422083, 44.15949336], [39.96339689, 44.15916973], [39.96248452, 44.15676391], [39.96261968, 44.15610834], [39.96231236, 44.15551995], [39.96197465, 44.15522121], [39.96226666, 44.15478635], [39.96222234, 44.15469111], [39.96227898, 44.15472776], [39.96238523, 44.15485002], [39.96397355, 44.15439432], [39.96422648, 44.15440695], [39.9643441, 44.15443589], [39.96479029, 44.1544039], [39.96499837, 44.15380656], [39.96472733, 44.15304656], [39.96467212, 44.15195334], [39.96741917, 44.15191829], [39.96765672, 44.15171305], [39.96835174, 44.15107773], [39.96839706, 44.15106908], [39.96950195, 44.15029916], [39.96942438, 44.14995426], [39.96879103, 44.14921054], [39.96870741, 44.14910193], [39.96865443, 44.14906428], [39.96851614, 44.148985], [39.96825824, 44.14884574], [39.96821226, 44.14882776], [39.9681716, 44.14880311], [39.96800532, 44.14872715], [39.96777079, 44.14862297], [39.96762484, 44.14858135], [39.96760918, 44.14857369], [39.96710552, 44.14832063], [39.96712203, 44.1483137], [39.96714186, 44.1483203], [39.96714254, 44.14831799], [39.96487678, 44.14491289], [39.96482216, 44.14480293], [39.96451125, 44.14336858], [39.96659306, 44.14372303], [39.96725552, 44.14383422], [39.96779067, 44.14394364], [39.96813422, 44.14402985], [39.97124386, 44.14398075], [39.97143946, 44.14387781], [39.9716474, 44.14346832], [39.97209926, 44.13988428], [39.97213523, 44.13981831], [39.97211824, 44.13977167], [39.97160238, 44.13862325], [39.97158972, 44.13861859], [39.9715464, 44.13862125], [39.97153174, 44.13861892], [39.97151808, 44.13861226], [39.97140079, 44.1385243], [39.97111988, 44.13840404], [39.97109956, 44.13838272], [39.97085297, 44.13823113], [39.97052175, 44.13798257], [39.97019192, 44.13757239], [39.96999103, 44.13731883], [39.96998003, 44.13730583], [39.96979214, 44.13716496], [39.9697545, 44.13709964], [39.96963128, 44.13698939], [39.96963393, 44.13696473], [39.96948001, 44.13672879], [39.9693988, 44.13639156], [39.96943372, 44.13621462], [39.96950565, 44.13598703], [39.96982476, 44.13469723], [39.96990162, 44.13161602], [39.96940196, 44.13036987], [39.96991159, 44.12949959], [39.97051692, 44.12903821], [39.97052658, 44.12902688], [39.9705829, 44.12899457], [39.97064086, 44.12897728], [39.97115135, 44.12858483], [39.97155602, 44.12803709], [39.97157468, 44.1280161], [39.97162099, 44.12794013], [39.97449422, 44.12707653], [39.97844841, 44.11552844], [39.9802636, 44.11329096], [39.98027492, 44.11326698], [39.98058526, 44.1128286], [39.98305085, 44.10961394], [39.98307464, 44.10962753], [39.98147166, 44.10742526], [39.98075678, 44.1021848], [39.98229802, 44.09928098], [39.98330486, 44.09837915], [39.98448432, 44.09769233], [39.98460096, 44.09767003], [39.98659643, 44.09588089], [39.98771942, 44.09542256], [39.98790334, 44.09536094], [39.9883078, 44.09401441], [39.98812335, 44.0935536], [39.98709811, 44.09212392], [39.98708346, 44.09210459], [39.98707848, 44.09206695], [39.98704917, 44.09202198], [39.9869682, 44.09197467], [39.98649507, 44.09154355], [39.98641776, 44.09151891], [39.98635345, 44.09150894], [39.98685874, 44.09075992], [39.98924245, 44.08956667], [39.98944932, 44.08944277], [39.99027188, 44.08927431], [39.99032554, 44.08927431], [39.99054983, 44.08917806], [39.99070885, 44.08899755], [39.99093444, 44.08894829], [39.9909481, 44.08894229], [39.99102906, 44.08889332], [39.99129557, 44.08861616], [39.99168437, 44.0882877], [39.99162676, 44.08808478], [39.9916241, 44.08807212], [39.99162941, 44.0880368], [39.9916464, 44.08744206], [39.99180898, 44.08735012], [39.99181998, 44.08734213], [39.99188291, 44.08697864], [39.99159378, 44.08651151], [39.99158312, 44.08650351], [39.99154313, 44.08648785], [39.99150882, 44.08644554], [39.99154245, 44.08626298], [39.99144662, 44.08549775], [39.99144701, 44.08551922], [39.99140621, 44.08505729], [39.99137326, 44.08498902], [39.99232085, 44.08506408], [39.99318095, 44.08444303], [39.99342684, 44.08431346], [39.99541342, 44.08352886], [39.99543208, 44.08351653], [39.9977152, 44.08213743], [39.99920897, 44.08034056], [39.99924529, 44.0803329], [40.00145224, 44.08090964], [40.00186717, 44.08098973], [40.0028435, 44.08143927], [40.01018992, 44.0775398], [40.01017159, 44.07759779], [40.01016461, 44.07757181], [40.01016794, 44.07756048], [40.01017594, 44.07754815], [40.01123823, 44.07651412], [40.011466, 44.07636933], [40.01153561, 44.07617937], [40.01162327, 44.07632203], [40.01158096, 44.07631771], [40.01161127, 44.07620613], [40.01161193, 44.07619114], [40.01152824, 44.07619245], [40.01148291, 44.07625211], [40.01151292, 44.07637678], [40.01153825, 44.07629212], [40.01154327, 44.07633176], [40.01276607, 44.07523671], [40.01371468, 44.06925104], [40.01370835, 44.06923838], [40.01369869, 44.06922672], [40.01361491, 44.06918909], [40.01385513, 44.06896953], [40.01387479, 44.06894321], [40.01491185, 44.06722847], [40.01600843, 44.06613017], [40.01608706, 44.06603454], [40.0165972, 44.06554205], [40.01702502, 44.06510858], [40.01706034, 44.06506593], [40.01775172, 44.0643535], [40.01783176, 44.0642819], [40.01783275, 44.06426957], [40.0187099, 44.06338829], [40.01898694, 44.06250972], [40.01979955, 44.06161205], [40.01985715, 44.06144678], [40.01992317, 44.0611499], [40.02019323, 44.06042718], [40.02004505, 44.05986572], [40.02005139, 44.05968209], [40.02007542, 44.05939653], [40.02017538, 44.0593319], [40.02020303, 44.05931058], [40.02000587, 44.05861484], [40.01919723, 44.05569894], [40.01921087, 44.05560463], [40.01824563, 44.05315382], [40.01744759, 44.04991668], [40.0174286, 44.04989271], [40.01711641, 44.04918046], [40.01699483, 44.04907794], [40.01696718, 44.04902662], [40.01667282, 44.0483589], [40.01548221, 44.0436867], [40.01522269, 44.04212894], [40.01353625, 44.03926936], [40.01019773, 44.03663651], [40.00928467, 44.03624679], [40.00801279, 44.03504805], [40.00280699, 44.03094539], [40.00279433, 44.03093806], [40.00227483, 44.03075356], [40.00135191, 44.03040314], [40.00133591, 44.03040215], [40.00132058, 44.03040614], [40.00124328, 44.03044378], [40.00116751, 44.03018537], [40.00116285, 44.03017504], [39.99951848, 44.02924161], [39.99920557, 44.02907702], [39.99916558, 44.02903437], [39.99749977, 44.02791895], [39.99605433, 44.02725348], [39.99581972, 44.02716957], [39.99258206, 44.02620694], [39.99206322, 44.02598943], [39.9920439, 44.02595545], [39.99203391, 44.02594546], [39.99202058, 44.02594113], [39.98860564, 44.02449783], [39.98859564, 44.02448617], [39.98840337, 44.02437625], [39.98817546, 44.02415599], [39.98600849, 44.0233659], [39.98527375, 44.0230955], [39.98414217, 44.02270551], [39.98408519, 44.02268787], [39.98377563, 44.02254864], [39.98187603, 44.02170435], [39.97886668, 44.02117502], [39.97865909, 44.02118068], [39.97620419, 44.02056114], [39.97368048, 44.01993458], [39.97075715, 44.01914845], [39.97100074, 44.01691379], [39.97349157, 44.01545699], [39.97350356, 44.01545033], [39.97350955, 44.01544167], [39.97357973, 44.01003506], [39.97359039, 44.01002607], [39.97359705, 44.01001541], [39.97357114, 44.01002517], [39.97355681, 44.0100255], [39.96948458, 44.00985404], [39.96872704, 44.00882074], [39.96678982, 44.00541709], [39.96678449, 44.00540676], [39.96632289, 44.00354807], [39.9661713, 44.00340616], [39.96616564, 44.0033815], [39.96606139, 44.00186117], [39.96550414, 44.00031885], [39.96501603, 43.99994575], [39.96502501, 43.99990977], [39.96500238, 43.99982613], [39.9655459, 43.99948336], [39.96523544, 43.99794218], [39.96534467, 43.99740944], [39.96486314, 43.99685309], [39.96482981, 43.99684044], [39.96420836, 43.99656063], [39.96444211, 43.99542035], [39.9644461, 43.99540802], [39.96439688, 43.99460875], [39.96438922, 43.99459775], [39.96413005, 43.99438021], [39.96147696, 43.99005387], [39.96171209, 43.9896937], [39.96158022, 43.98913961], [39.95975939, 43.98428595], [39.95977671, 43.98422231], [39.95975608, 43.9840857], [39.95966482, 43.98383047], [39.95962454, 43.98360922], [39.95939301, 43.98336102], [39.95938601, 43.98335169], [39.95939166, 43.98328839], [39.96037368, 43.98085904], [39.96038234, 43.98084804], [39.96012387, 43.98022278], [39.95995869, 43.97993989], [39.95994936, 43.97992989], [39.95985514, 43.97967873], [39.95984515, 43.97967073], [39.95982949, 43.97966807], [39.95980983, 43.97966973], [39.95926304, 43.97934886], [39.95872238, 43.9785352], [39.95871072, 43.97852687], [39.95862745, 43.97843357], [39.95861745, 43.97842091], [39.95861079, 43.97840758], [39.95847755, 43.97819299], [39.95727343, 43.97731169], [39.95723611, 43.97730803], [39.95652445, 43.97683362], [39.95650979, 43.97682762], [39.9564948, 43.97682529], [39.95643849, 43.9768436], [39.95641283, 43.97684027], [39.95640284, 43.97683428], [39.95639651, 43.97682462], [39.95640017, 43.97673231], [39.95639484, 43.97671898], [39.95604662, 43.97654178], [39.95603562, 43.97653378], [39.95602829, 43.97652378], [39.95512467, 43.97610223], [39.95206155, 43.97564963], [39.95172073, 43.97520684], [39.95100999, 43.97513452], [39.950983, 43.97514918], [39.95001401, 43.97511351], [39.94955412, 43.97510917], [39.94876269, 43.97503196], [39.94831818, 43.97490578], [39.94824988, 43.97483582], [39.94822122, 43.97482116], [39.94820556, 43.9748175], [39.94810526, 43.97482547], [39.94762874, 43.97472488], [39.94647082, 43.9746087], [39.94621655, 43.97453474], [39.94594767, 43.97430116], [39.94562022, 43.97384703], [39.94554528, 43.97376473], [39.94534502, 43.97353881], [39.93850242, 43.97057949], [39.93767418, 43.97014083], [39.93689362, 43.96955723], [39.93688029, 43.9695519], [39.93568807, 43.96947612], [39.9338098, 43.96718301], [39.93209945, 43.96707282], [39.93181659, 43.96704315], [39.9321278, 43.96542906], [39.93234733, 43.96522521], [39.93233901, 43.96519989], [39.93408736, 43.96339544], [39.93327774, 43.96187182], [39.93326808, 43.96186149], [39.93299231, 43.96128838], [39.93300263, 43.96125173], [39.9316716, 43.96058901], [39.93154337, 43.96034245], [39.93153504, 43.96033145], [39.93123082, 43.9602532], [39.93121416, 43.96025453], [39.93119783, 43.96025953], [39.93019662, 43.95923273], [39.93025093, 43.95922641], [39.93026193, 43.95921808], [39.92995018, 43.95899104], [39.92992904, 43.95898247], [39.92994704, 43.95898263], [39.92992095, 43.95897435], [39.92841918, 43.95754518], [39.92545449, 43.94471905], [39.92447627, 43.94320542], [39.9235441, 43.94202778], [39.92447713, 43.93853293], [39.9218767, 43.93595909], [39.91805721, 43.9348303], [39.91534643, 43.93436846], [39.91533144, 43.93436813], [39.91526646, 43.93434981], [39.91462437, 43.93414331], [39.91372079, 43.93365177], [39.91222166, 43.93410469], [39.91220833, 43.93410469], [39.91160688, 43.93398187], [39.91159555, 43.93397721], [39.91153826, 43.93384494], [39.91152926, 43.93383761], [39.91151627, 43.93383261], [39.90989094, 43.93405477], [39.90926354, 43.93408508], [39.90869105, 43.93411437], [39.90848146, 43.93410671], [39.90769304, 43.93386431], [39.90664738, 43.93366812], [39.90636883, 43.93371574], [39.90577279, 43.93423611], [39.90538662, 43.93450595], [39.90527167, 43.93454658], [39.90328202, 43.93495302], [39.90316872, 43.93491474], [39.90247754, 43.9350209], [39.90194069, 43.93518339], [39.90150884, 43.93529995], [39.90148951, 43.93530461], [39.90128659, 43.93536356], [39.90113662, 43.93541819], [39.90007665, 43.93539585], [39.89940587, 43.93512574], [39.89926125, 43.93505879], [39.89924992, 43.93505079], [39.89915398, 43.93488551], [39.89901312, 43.9345513], [39.89859294, 43.93445346], [39.89849197, 43.93446409], [39.89794782, 43.93433693], [39.89793549, 43.9343266], [39.89788219, 43.9342303], [39.89754529, 43.93407408], [39.89710648, 43.9337949], [39.89624018, 43.93351296], [39.89556075, 43.93345402], [39.89525883, 43.93315519], [39.89514655, 43.93306424], [39.89360426, 43.93068339], [39.89352202, 43.93055148], [39.89350593, 43.93053723], [39.89347866, 43.93056933], [39.89301358, 43.93104271], [39.89110362, 43.93147288], [39.89038566, 43.93216005], [39.890372, 43.93216071], [39.89028269, 43.93213908], [39.89026669, 43.93214141], [39.88740498, 43.93373194], [39.88740097, 43.93379591], [39.88662018, 43.93367135], [39.88631525, 43.9342784], [39.88631326, 43.93428873], [39.88630526, 43.93429906], [39.88628194, 43.93431738], [39.88627394, 43.93432871], [39.88627161, 43.93434104], [39.88626828, 43.93441366], [39.88568855, 43.93442033], [39.88567055, 43.93442], [39.88562223, 43.93443066], [39.88503682, 43.9346302], [39.88503516, 43.93464253], [39.88505081, 43.93467485], [39.88505447, 43.93470051], [39.88504415, 43.93472583], [39.88503349, 43.93473383], [39.88430042, 43.93464695], [39.88386524, 43.93484087], [39.88348376, 43.93452234], [39.88301758, 43.9342455], [39.88196409, 43.93343042], [39.88087523, 43.93253433], [39.88086524, 43.93250834], [39.87914947, 43.93106459], [39.87913514, 43.93105993], [39.87787988, 43.93039175], [39.8778259, 43.93039907], [39.87773426, 43.93045271], [39.87771826, 43.93045771], [39.8777016, 43.93045937], [39.87768527, 43.93045671], [39.87757036, 43.93029782], [39.87710285, 43.93018227], [39.87676365, 43.92997873], [39.8765142, 43.92993251], [39.87637528, 43.92981219], [39.87644786, 43.92997094], [39.87637955, 43.9298407], [39.87553789, 43.92929997], [39.8731221, 43.92948329], [39.87262562, 43.92956924], [39.87167498, 43.92984332], [39.87165932, 43.92984732], [39.8712052, 43.93000651], [39.86916062, 43.92835461], [39.86896935, 43.92825969], [39.86651119, 43.92711082], [39.86575452, 43.92707084], [39.86490441, 43.92596292], [39.86228327, 43.9249301], [39.8606489, 43.9251134], [39.86062558, 43.92512172], [39.8605573, 43.92503143], [39.86029571, 43.92500113], [39.86028605, 43.92499547], [39.86028073, 43.92496515], [39.86028805, 43.92493816], [39.85983425, 43.92426989], [39.85982059, 43.92426356], [39.85980993, 43.92425457], [39.85937197, 43.92229527], [39.85855848, 43.92090022], [39.85829922, 43.92085296], [39.85828323, 43.92084696], [39.85822491, 43.92081165], [39.85740466, 43.92012043], [39.85740359, 43.91991192], [39.85743725, 43.919744], [39.85701692, 43.91908036], [39.85537891, 43.91734293], [39.85497276, 43.91716277], [39.85377716, 43.91702894], [39.85128474, 43.9170094], [39.85090358, 43.91730926], [39.85088958, 43.91731592], [39.85087492, 43.91731658], [39.85075598, 43.91729028], [39.84947643, 43.91678966], [39.84946577, 43.91678166], [39.84932983, 43.91664939], [39.84920687, 43.91662709], [39.84899096, 43.91648782], [39.84672612, 43.91361226], [39.84686102, 43.91345767], [39.8468883, 43.91305221], [39.84617199, 43.91216728], [39.84545475, 43.91159368], [39.84530684, 43.91140915], [39.84526652, 43.91138683], [39.84465751, 43.91110476], [39.84451195, 43.91096421], [39.84426241, 43.91082362], [39.84319999, 43.9103054], [39.84209179, 43.90884836], [39.84190964, 43.90864487], [39.84153728, 43.90807525], [39.84151163, 43.90806059], [39.84149664, 43.9080576], [39.84143299, 43.90806491], [39.84093993, 43.90788643], [39.84087724, 43.90723433], [39.840794, 43.90696481], [39.84119446, 43.9039724], [39.84064892, 43.90211222], [39.83883965, 43.90265094], [39.83800996, 43.90278346], [39.83706338, 43.9027443], [39.83223667, 43.90033108], [39.82884703, 43.9002918], [39.82866117, 43.89999878], [39.82387074, 43.89408444], [39.81982073, 43.89063501], [39.81956878, 43.89070192], [39.81983096, 43.89065233], [39.82073507, 43.88940971], [39.8209082, 43.88910723], [39.82488132, 43.88106114], [39.82498529, 43.88101586], [39.81561077, 43.87638758], [39.81559577, 43.87428272], [39.81536666, 43.87339068], [39.81084655, 43.87227032], [39.81096984, 43.87235624], [39.80774968, 43.87258357], [39.80773535, 43.87259256], [39.80770636, 43.87262355], [39.80641925, 43.87247265], [39.80475219, 43.87244776], [39.80341926, 43.87213791], [39.79568525, 43.87108427], [39.79204902, 43.87101374], [39.78970007, 43.87125316], [39.78955512, 43.87125948], [39.78326442, 43.87121964], [39.77950202, 43.87040437], [39.77918211, 43.87033479], [39.77826946, 43.86966313], [39.77570189, 43.86919962], [39.77523106, 43.86903776], [39.77484452, 43.86878757], [39.77446425, 43.86799764], [39.77449355, 43.86790468], [39.77440133, 43.86763612], [39.77435936, 43.86735754], [39.77302324, 43.86588685], [39.77301091, 43.86587886], [39.77261178, 43.86486855], [39.77165981, 43.86386239], [39.77159917, 43.86381207], [39.77158951, 43.86379774], [39.7715342, 43.86375709], [39.77148055, 43.86374344], [39.76918053, 43.86044283], [39.76781504, 43.85974518], [39.76767309, 43.85967555], [39.76709991, 43.85970984], [39.76704027, 43.85969986], [39.76594141, 43.8587177], [39.7657668, 43.85864642], [39.76575247, 43.85863676], [39.76544359, 43.85831329], [39.7654266, 43.85825964], [39.76536566, 43.85813738], [39.76526437, 43.85807576], [39.76489824, 43.85806773], [39.76482326, 43.85806041], [39.76470198, 43.85800477], [39.76562572, 43.85665139], [39.76569634, 43.85525159], [39.76567702, 43.85520694], [39.7656417, 43.85517495], [39.76493247, 43.85427068], [39.76472586, 43.8542201], [39.76461358, 43.85407252], [39.76449699, 43.85390426], [39.7644637, 43.85378331], [39.76445437, 43.85376898], [39.76427751, 43.85340011], [39.76441541, 43.85296593], [39.7647363, 43.85263639], [39.76476094, 43.85258109], [39.76463877, 43.85158743], [39.76471209, 43.85148281], [39.76572938, 43.85085284], [39.7659103, 43.85062529], [39.76603127, 43.85055966], [39.76682616, 43.84960971], [39.76683482, 43.84959638], [39.76696741, 43.84897628], [39.76696408, 43.84896028], [39.76695675, 43.84894795], [39.76685679, 43.84888533], [39.76660968, 43.84803071], [39.76661968, 43.84801905], [39.76675757, 43.84763887], [39.76671393, 43.8475329], [39.76676819, 43.84702107], [39.76615757, 43.84572025], [39.76613228, 43.84559661], [39.76578924, 43.84446802], [39.76575926, 43.84443138], [39.76556239, 43.8440025], [39.7654861, 43.84392485], [39.76594089, 43.84300941], [39.76542797, 43.84259576], [39.7647272, 43.84250323], [39.7643392, 43.84148768], [39.76408271, 43.84105053], [39.76387813, 43.84095158], [39.76356227, 43.84067039], [39.76307374, 43.84078298], [39.76305741, 43.84078464], [39.76303942, 43.84078064], [39.76282716, 43.84071404], [39.76150327, 43.84094809], [39.76067793, 43.84020411], [39.76042304, 43.8399569], [39.75977337, 43.83919653], [39.75964143, 43.83905659], [39.75918957, 43.83883139], [39.75792966, 43.83841536], [39.75744115, 43.83838136], [39.75544985, 43.83571619], [39.75543085, 43.83570153], [39.75539786, 43.8356712], [39.75538087, 43.83565954], [39.75536354, 43.83565088], [39.75476568, 43.83540775], [39.75269033, 43.83564619], [39.7512248, 43.83581612], [39.75116581, 43.83579847], [39.75114815, 43.83578848], [39.75113382, 43.83577582], [39.75112316, 43.83576316], [39.75111717, 43.8357515], [39.75111983, 43.83572651], [39.75139399, 43.83475559], [39.75137766, 43.83474026], [39.75134201, 43.83471593], [39.75132268, 43.83470594], [39.75130235, 43.83469794], [39.75115738, 43.83465598], [39.75035595, 43.83451876], [39.74967622, 43.83421096], [39.74967522, 43.83419563], [39.74967954, 43.83416464], [39.74916081, 43.83348861], [39.74913483, 43.83345129], [39.74846152, 43.83261964], [39.74818064, 43.83240176], [39.74598095, 43.83034589], [39.74520773, 43.8293586], [39.74481522, 43.82903276], [39.74469925, 43.82893114], [39.74292536, 43.82737493], [39.74280675, 43.82724331], [39.7424745, 43.82714274], [39.73952036, 43.82533917], [39.73814885, 43.82467593], [39.73712565, 43.82383535], [39.73557515, 43.82358052], [39.73523133, 43.82328237], [39.73514169, 43.82327273], [39.73494241, 43.8231938], [39.73490542, 43.82316448], [39.73411074, 43.82247283], [39.73369655, 43.82227295], [39.7337551, 43.82191673], [39.73373945, 43.82187241], [39.73372845, 43.82185908], [39.73369979, 43.82183809], [39.73368346, 43.8218321], [39.73359115, 43.82182545], [39.73286937, 43.82184481], [39.73264679, 43.82184773], [39.72717638, 43.82100919], [39.72689181, 43.8210421], [39.72538056, 43.82089159], [39.71908883, 43.81964374], [39.71907017, 43.81964607], [39.71882092, 43.81972665], [39.71530009, 43.8184992], [39.71233143, 43.81686059], [39.7123221, 43.8168516], [39.71238441, 43.81672799], [39.71400721, 43.8159862], [39.71408285, 43.81594055], [39.71417746, 43.81579827], [39.71420245, 43.81577762], [39.71468426, 43.81534247], [39.71515779, 43.81507927], [39.71228785, 43.81338167], [39.71060712, 43.81263084], [39.71057547, 43.81261351], [39.71055647, 43.81260818], [39.70876784, 43.81125183], [39.70867862, 43.81003848], [39.70785525, 43.80966776], [39.70739644, 43.80952723], [39.7039105, 43.8084184], [39.70379223, 43.8082861], [39.70194692, 43.80765845], [39.70112815, 43.80740892], [39.69899478, 43.8067679], [39.69874651, 43.8067649], [39.69826967, 43.80673861], [39.69555605, 43.80646817], [39.69478761, 43.8063057], [39.69358397, 43.8063454], [39.69346035, 43.80638603], [39.69017143, 43.80566086], [39.69021375, 43.80565121], [39.69023008, 43.80564388], [39.69033438, 43.80561257], [39.69041797, 43.80537401], [39.69004551, 43.80487834], [39.69004019, 43.80484668], [39.69004685, 43.80483535], [39.68797998, 43.80606125], [39.68216917, 43.801647], [39.68213385, 43.80160502], [39.68210386, 43.80159603], [39.67773039, 43.8008818], [39.67956139, 43.80449797], [39.67955406, 43.80448897], [39.6795494, 43.80447631], [39.6798875, 43.80441731], [39.679553, 43.804306], [39.67583215, 43.80098172], [39.67581915, 43.80098338], [39.67580716, 43.80098937], [39.67567265, 43.80109036], [39.67594098, 43.80130235], [39.67592899, 43.80128736], [39.675909, 43.8012677], [39.67588301, 43.80125804], [39.67580169, 43.80125139], [39.67577769, 43.8012444], [39.67590457, 43.80114618], [39.67591812, 43.80114552], [39.67579404, 43.80111461], [39.67640221, 43.79701114], [39.6764112, 43.79700348], [39.67211576, 43.79869707], [39.67006524, 43.7994732], [39.67429348, 43.79593574], [39.67427215, 43.79550629], [39.67030351, 43.79681143], [39.66875327, 43.79746129], [39.66875129, 43.79745303], [39.66636881, 43.79675131], [39.66584782, 43.7962299], [39.66395524, 43.79751746], [39.66378131, 43.7975554], [39.66237749, 43.79754871], [39.66204728, 43.79759998], [39.66202962, 43.79760131], [39.66039821, 43.79720802], [39.66026625, 43.79713341], [39.6592549, 43.79722321], [39.65886271, 43.79719191], [39.6632335, 43.79551062], [39.66162968, 43.79296995], [39.66164903, 43.79299428], [39.66167412, 43.79297479], [39.66144277, 43.7919214], [39.66267236, 43.79164037], [39.66271701, 43.79161405], [39.66301051, 43.79118721], [39.66405817, 43.79028236], [39.66405916, 43.79027036], [39.66516178, 43.79010515], [39.66550966, 43.79008551], [39.6658809, 43.78997429], [39.66589456, 43.78997695], [39.66693621, 43.79099727], [39.66688992, 43.79116385], [39.66662323, 43.79193584], [39.66816956, 43.7929422], [39.67046661, 43.79208784], [39.67062089, 43.79225576], [39.67178133, 43.7912635], [39.67198753, 43.79099128], [39.67214017, 43.79045249], [39.67261433, 43.79046612], [39.67271456, 43.79017025], [39.67273621, 43.79012993], [39.67301345, 43.79012992], [39.67303111, 43.79013025], [39.67371112, 43.78953695], [39.67438156, 43.78949101], [39.67444087, 43.78945636], [39.67454985, 43.78943007], [39.6746075, 43.78939209], [39.67461649, 43.78937843], [39.6746085, 43.78925647], [39.67461416, 43.78923081], [39.67462116, 43.78922015], [39.67573049, 43.78885746], [39.67598875, 43.78874489], [39.67618702, 43.78869129], [39.67649525, 43.78857306], [39.67753625, 43.78825544], [39.67793678, 43.78822018], [39.6780201, 43.78820054], [39.67810009, 43.78816024], [39.6792234, 43.78776164], [39.67923873, 43.78775398], [39.67940834, 43.78761771], [39.67971854, 43.78739153], [39.6797402, 43.78736854], [39.68048231, 43.78713904], [39.68069256, 43.78699444], [39.68070022, 43.78698178], [39.68070487, 43.78694079], [39.68083614, 43.78686356], [39.68129797, 43.78667142], [39.68152156, 43.78658913], [39.68167084, 43.78647319], [39.68169582, 43.78642688], [39.68170715, 43.78641755], [39.68172181, 43.78641056], [39.68208936, 43.78628736], [39.68210602, 43.7862787], [39.68574198, 43.78478357], [39.68943879, 43.78469251], [39.68948544, 43.7846482], [39.68953042, 43.78462455], [39.69062602, 43.7839865], [39.69074394, 43.78377159], [39.69136904, 43.78351648], [39.69137238, 43.78331357], [39.69156698, 43.78323701], [39.69171857, 43.78310673], [39.69315672, 43.78301919], [39.6936349, 43.78272802], [39.69365922, 43.78270636], [39.69470351, 43.78224538], [39.69500872, 43.78204318], [39.69502305, 43.78203318], [39.69505537, 43.7820032], [39.69591506, 43.7819612], [39.69605002, 43.78192357], [39.69610433, 43.78191959], [39.69654951, 43.7817054], [39.69719697, 43.78182295], [39.6976815, 43.78201681], [39.69769883, 43.78202081], [39.69806104, 43.78208105], [39.69899422, 43.78159249], [39.6992858, 43.7815109], [39.69931079, 43.78148158], [39.69934511, 43.78146526], [39.69976661, 43.78129273], [39.70045823, 43.78136215], [39.7007968, 43.78115526], [39.70122964, 43.78084146], [39.70179544, 43.78053467], [39.7019644, 43.78051637], [39.7025459, 43.78073018], [39.70288945, 43.78087806], [39.70313839, 43.78093198], [39.70324302, 43.78096495], [39.70336799, 43.78097227], [39.70350262, 43.78092999], [39.70365451, 43.78069046], [39.70440337, 43.77945222], [39.70472254, 43.77920871], [39.70640272, 43.77519296], [39.70469428, 43.77517553], [39.70452533, 43.77522048], [39.70392374, 43.77554414], [39.70394395, 43.77555494], [39.70380987, 43.774696], [39.70556464, 43.77406146], [39.70595616, 43.77418928], [39.70628204, 43.77424121], [39.70755832, 43.77418291], [39.70842631, 43.77456024], [39.70876818, 43.7745356], [39.70882751, 43.77451296], [39.70899881, 43.77451264], [39.70901414, 43.77451697], [39.70961452, 43.77497403], [39.70962752, 43.77497902], [39.70985356, 43.7735182], [39.70983638, 43.77353141], [39.70999304, 43.77351354], [39.70999804, 43.77349471], [39.71078262, 43.77247159], [39.71071967, 43.77240764], [39.71319138, 43.77188454], [39.71425497, 43.77167411], [39.71221575, 43.77082991], [39.71177991, 43.77016325], [39.71059161, 43.77003954], [39.70980987, 43.77004952], [39.71043435, 43.76962403], [39.71185589, 43.7693671], [39.71187588, 43.76936544], [39.71233642, 43.76918427], [39.71310787, 43.76917824], [39.71320285, 43.76914627], [39.71321451, 43.76913594], [39.7132245, 43.76912328], [39.71323016, 43.76910995], [39.71323249, 43.76909595], [39.71322983, 43.76908362], [39.71313521, 43.76901266], [39.71310321, 43.76900333], [39.71123917, 43.7684313], [39.71099293, 43.76845558], [39.71093961, 43.76844093], [39.71092695, 43.76843994], [39.7108703, 43.76845725], [39.71062237, 43.76844226], [39.71058838, 43.76844525], [39.71037345, 43.76853451], [39.71035612, 43.76853884], [39.7102385, 43.76851453], [39.71021551, 43.76849354], [39.71054807, 43.76820439], [39.70810591, 43.7656732], [39.70801899, 43.76552092], [39.70669542, 43.76481693], [39.70437363, 43.76382582], [39.70393346, 43.76371864], [39.70333828, 43.76377251], [39.70254657, 43.76267758], [39.70247825, 43.76263628], [39.70244393, 43.76262396], [39.70210071, 43.76240311], [39.70128064, 43.7619797], [39.70092053, 43.76145087], [39.7001138, 43.76160615], [39.70009847, 43.76161115], [39.70008414, 43.76161281], [39.70007014, 43.76161115], [39.69821262, 43.75968314], [39.69836557, 43.75955018], [39.69742885, 43.75803084], [39.6967479, 43.75727485], [39.69673491, 43.75726819], [39.69480331, 43.754817], [39.69349648, 43.75061965], [39.68874943, 43.74332249], [39.68829743, 43.74244929], [39.68829677, 43.74243996], [39.6883011, 43.74243097], [39.68830976, 43.74242397], [39.69059961, 43.7449662], [39.6994527, 43.74628539], [39.70301822, 43.74475492], [39.70546144, 43.743247], [39.70668325, 43.7432444], [39.7071751, 43.74313122], [39.70809354, 43.74229924], [39.70903365, 43.73946931], [39.7055447, 43.73454698], [39.70448136, 43.73625086], [39.70308274, 43.7347182], [39.70299189, 43.73228382], [39.70365295, 43.73177343], [39.70365561, 43.73176144], [39.70343745, 43.73122331], [39.70360101, 43.73103305], [39.70360838, 43.73008573], [39.70361704, 43.7300744], [39.70362537, 43.73004841], [39.70259411, 43.72959311], [39.70282001, 43.72939521], [39.70362235, 43.72873423], [39.70417313, 43.72833386], [39.70306239, 43.72708475], [39.70274753, 43.72682521], [39.70273762, 43.72642215], [39.70269832, 43.72633719], [39.70145587, 43.72551003], [39.70143023, 43.72537808], [39.70148585, 43.72522914], [39.70147852, 43.72521715], [39.70146752, 43.72520649], [39.70105068, 43.72491696], [39.70105801, 43.72464908], [39.70098438, 43.72460878], [39.70095306, 43.72461144], [39.70091974, 43.7246221], [39.70040989, 43.72451447], [39.69939988, 43.72484484], [39.69836181, 43.72484687], [39.69665539, 43.72504925], [39.69663573, 43.72504659], [39.69468974, 43.72497524], [39.69467542, 43.72494259], [39.6910801, 43.71657971], [39.69108143, 43.71657005], [39.69104313, 43.71650541], [39.69038861, 43.71546191], [39.69038295, 43.71538496], [39.68967158, 43.7135618], [39.68897273, 43.71232276], [39.68914528, 43.71219658], [39.68915791, 43.71220768], [39.68915587, 43.71220935], [39.68914859, 43.71228127], [39.6891426, 43.7123196], [39.68918354, 43.71236994], [39.68918019, 43.71238458], [39.68910086, 43.71231959], [39.68909388, 43.71229293], [39.68909787, 43.71228294], [39.68796934, 43.71154569], [39.6907069, 43.70929583], [39.69070225, 43.70926884], [39.69011921, 43.7087148], [39.69010422, 43.70869481], [39.69009322, 43.70868715], [39.68905665, 43.70840575], [39.68896799, 43.70843669], [39.68915466, 43.70847866], [39.67704163, 43.69914224], [39.67699498, 43.6990836], [39.67696299, 43.6990586], [39.67697465, 43.6989613], [39.67688869, 43.69878372], [39.67654462, 43.69441715], [39.67662695, 43.69421049], [39.67662828, 43.69422549], [39.67664661, 43.69414849], [39.67496235, 43.68917687], [39.67375511, 43.6886479], [39.66925542, 43.68441664], [39.66925575, 43.68437931], [39.66926741, 43.68435865], [39.66902735, 43.68402339], [39.6690197, 43.68399506], [39.66902402, 43.68390343], [39.66900869, 43.68389144], [39.66900003, 43.68387945], [39.66848548, 43.68260843], [39.66762383, 43.68250145], [39.66787149, 43.68243679], [39.66793082, 43.68242346], [39.66799415, 43.68240647], [39.66806414, 43.68238482], [39.66856647, 43.68148683], [39.66853281, 43.68148949], [39.66850382, 43.68148783], [39.66845183, 43.68148783], [39.66839817, 43.68148949], [39.66831619, 43.68147984], [39.6683122, 43.68146718], [39.66833385, 43.68141854], [39.66829487, 43.68137789], [39.66826821, 43.68136989], [39.66826222, 43.68137155], [39.66796224, 43.68109829], [39.66805855, 43.68106132], [39.66808288, 43.68104766], [39.66809821, 43.68103233], [39.66805987, 43.68087203], [39.66815883, 43.6807564], [39.66816914, 43.6806541], [39.6675867, 43.67979174], [39.66761202, 43.67975475], [39.66761568, 43.67973842], [39.66762834, 43.67972076], [39.66766299, 43.67968511], [39.66774598, 43.67963146], [39.66776631, 43.67961513], [39.66779264, 43.67959814], [39.66782397, 43.67956782], [39.66781599, 43.67948986], [39.66763147, 43.67913504], [39.66746815, 43.67904738], [39.66752447, 43.67896841], [39.66753313, 43.67894842], [39.66753745, 43.67890643], [39.66753179, 43.67888844], [39.66744983, 43.67878979], [39.6671713, 43.67859825], [39.66712031, 43.67854927], [39.66689513, 43.67841601], [39.6665969, 43.67873418], [39.66661523, 43.67874617], [39.66664255, 43.67877683], [39.66668517, 43.67915234], [39.66653084, 43.67916767], [39.66648685, 43.67920464], [39.66613755, 43.67958129], [39.66610124, 43.67959728], [39.66609424, 43.67960994], [39.66606491, 43.67963193], [39.66602427, 43.67970223], [39.66597528, 43.67972655], [39.66597594, 43.67973588], [39.6660216, 43.67984453], [39.66597594, 43.67982187], [39.66590263, 43.67979622], [39.65524243, 43.66627114], [39.654761, 43.66578371], [39.654759, 43.66570973], [39.65460451, 43.6652519], [39.65458482, 43.66502098], [39.65453422, 43.66472107], [39.65402671, 43.66449591], [39.65350494, 43.66399885], [39.65324234, 43.66378928], [39.65321702, 43.66376696], [39.65320036, 43.6637313], [39.65319737, 43.6637103], [39.6531997, 43.66368064], [39.65308978, 43.66347873], [39.65310044, 43.66343407], [39.65312876, 43.66334308], [39.65313709, 43.66327375], [39.65313742, 43.66324276], [39.65282928, 43.66274892], [39.65235884, 43.66102237], [39.6523735, 43.66100937], [39.65251113, 43.66092774], [39.65257546, 43.66087141], [39.65257947, 43.66081477], [39.65257514, 43.66079644], [39.65229433, 43.65990309], [39.65215747, 43.6595632], [39.65218247, 43.65943421], [39.65203618, 43.65940193], [39.65200523, 43.65928132], [39.65136923, 43.65863033], [39.65141056, 43.6586], [39.65147089, 43.65855367], [39.65153955, 43.65849867], [39.65160021, 43.65844801], [39.65164354, 43.65840768], [39.65167554, 43.65837602], [39.65233098, 43.65679413], [39.65143991, 43.65208733], [39.64913503, 43.65279861], [39.6490417, 43.65274528], [39.64901605, 43.65270496], [39.64899839, 43.65268596], [39.64263121, 43.65478004]]}, "properties": {"name": "Track"}}]}